_time,_field,key,objectType,P5,P8,Nivel,T_AMB,T3,T5,T8,RAD,EV FB,P4,CAUDAL VAP,T4,CAUDAL,T2
2026-04-22 11:01:00+00:00,presentValue,analogInput_103,analogInput,-0.0036885738,,,,,,,,,,,,,
2026-04-22 11:02:00+00:00,presentValue,analogInput_103,analogInput,-0.0036885738,,,,,,,,,,,,,
2026-04-22 11:03:00+00:00,presentValue,analogInput_103,analogInput,-0.0036885738,,,,,,,,,,,,,
2026-04-22 11:04:00+00:00,presentValue,analogInput_103,analogInput,-0.0036885738,,,,,,,,,,,,,
2026-04-22 11:05:00+00:00,presentValue,analogInput_103,analogInput,-0.0036885738,,,,,,,,,,,,,
2026-04-22 11:06:00+00:00,presentValue,analogInput_103,analogInput,-0.0038847923,,,,,,,,,,,,,
2026-04-22 11:07:00+00:00,presentValue,analogInput_103,analogInput,-0.0036885738,,,,,,,,,,,,,
2026-04-22 11:08:00+00:00,presentValue,analogInput_103,analogInput,-0.0038847923,,,,,,,,,,,,,
2026-04-22 11:09:00+00:00,presentValue,analogInput_103,analogInput,-0.0036885738,,,,,,,,,,,,,
2026-04-22 11:10:00+00:00,presentValue,analogInput_103,analogInput,-0.0036885738,,,,,,,,,,,,,
2026-04-22 11:11:00+00:00,presentValue,analogInput_103,analogInput,-0.0038847923,,,,,,,,,,,,,
2026-04-22 11:12:00+00:00,presentValue,analogInput_103,analogInput,-0.0036885738,,,,,,,,,,,,,
2026-04-22 11:13:00+00:00,presentValue,analogInput_103,analogInput,-0.0038847923,,,,,,,,,,,,,
2026-04-22 11:14:00+00:00,presentValue,analogInput_103,analogInput,-0.0036885738,,,,,,,,,,,,,
2026-04-22 11:15:00+00:00,presentValue,analogInput_103,analogInput,-0.0034925938,,,,,,,,,,,,,
2026-04-22 11:16:00+00:00,presentValue,analogInput_103,analogInput,-0.0036885738,,,,,,,,,,,,,
2026-04-22 11:17:00+00:00,presentValue,analogInput_103,analogInput,-0.0036885738,,,,,,,,,,,,,
2026-04-22 11:18:00+00:00,presentValue,analogInput_103,analogInput,-0.0038847923,,,,,,,,,,,,,
2026-04-22 11:19:00+00:00,presentValue,analogInput_103,analogInput,-0.0034925938,,,,,,,,,,,,,
2026-04-22 11:20:00+00:00,presentValue,analogInput_103,analogInput,-0.0036885738,,,,,,,,,,,,,
2026-04-22 11:21:00+00:00,presentValue,analogInput_103,analogInput,-0.0038847923,,,,,,,,,,,,,
2026-04-22 11:22:00+00:00,presentValue,analogInput_103,analogInput,-0.0036885738,,,,,,,,,,,,,
2026-04-22 11:23:00+00:00,presentValue,analogInput_103,analogInput,-0.0038847923,,,,,,,,,,,,,
2026-04-22 11:24:00+00:00,presentValue,analogInput_103,analogInput,-0.0040807724,,,,,,,,,,,,,
2026-04-22 11:25:00+00:00,presentValue,analogInput_103,analogInput,-0.0036885738,,,,,,,,,,,,,
2026-04-22 11:26:00+00:00,presentValue,analogInput_103,analogInput,-0.0036885738,,,,,,,,,,,,,
2026-04-22 11:27:00+00:00,presentValue,analogInput_103,analogInput,-0.0036885738,,,,,,,,,,,,,
2026-04-22 11:28:00+00:00,presentValue,analogInput_103,analogInput,-0.0036885738,,,,,,,,,,,,,
2026-04-22 11:29:00+00:00,presentValue,analogInput_103,analogInput,-0.0036885738,,,,,,,,,,,,,
2026-04-22 11:30:00+00:00,presentValue,analogInput_103,analogInput,-0.0038847923,,,,,,,,,,,,,
2026-04-22 11:31:00+00:00,presentValue,analogInput_103,analogInput,-0.0036885738,,,,,,,,,,,,,
2026-04-22 11:32:00+00:00,presentValue,analogInput_103,analogInput,-0.0038847923,,,,,,,,,,,,,
2026-04-22 11:33:00+00:00,presentValue,analogInput_103,analogInput,-0.0036885738,,,,,,,,,,,,,
2026-04-22 11:34:00+00:00,presentValue,analogInput_103,analogInput,-0.0038847923,,,,,,,,,,,,,
2026-04-22 11:35:00+00:00,presentValue,analogInput_103,analogInput,-0.0038847923,,,,,,,,,,,,,
2026-04-22 11:36:00+00:00,presentValue,analogInput_103,analogInput,-0.0036885738,,,,,,,,,,,,,
2026-04-22 11:37:00+00:00,presentValue,analogInput_103,analogInput,-0.0036885738,,,,,,,,,,,,,
2026-04-22 11:38:00+00:00,presentValue,analogInput_103,analogInput,-0.0036885738,,,,,,,,,,,,,
2026-04-22 11:39:00+00:00,presentValue,analogInput_103,analogInput,-0.0038847923,,,,,,,,,,,,,
2026-04-22 11:40:00+00:00,presentValue,analogInput_103,analogInput,-0.0036885738,,,,,,,,,,,,,
2026-04-22 11:41:00+00:00,presentValue,analogInput_103,analogInput,-0.0034925938,,,,,,,,,,,,,
2026-04-22 11:42:00+00:00,presentValue,analogInput_103,analogInput,-0.0036885738,,,,,,,,,,,,,
2026-04-22 11:43:00+00:00,presentValue,analogInput_103,analogInput,-0.0036885738,,,,,,,,,,,,,
2026-04-22 11:44:00+00:00,presentValue,analogInput_103,analogInput,-0.0036885738,,,,,,,,,,,,,
2026-04-22 11:45:00+00:00,presentValue,analogInput_103,analogInput,-0.0036885738,,,,,,,,,,,,,
2026-04-22 11:46:00+00:00,presentValue,analogInput_103,analogInput,-0.0036885738,,,,,,,,,,,,,
2026-04-22 11:47:00+00:00,presentValue,analogInput_103,analogInput,-0.0036885738,,,,,,,,,,,,,
2026-04-22 11:48:00+00:00,presentValue,analogInput_103,analogInput,-0.0036885738,,,,,,,,,,,,,
2026-04-22 11:49:00+00:00,presentValue,analogInput_103,analogInput,-0.0036885738,,,,,,,,,,,,,
2026-04-22 11:50:00+00:00,presentValue,analogInput_103,analogInput,-0.0036885738,,,,,,,,,,,,,
2026-04-22 11:51:00+00:00,presentValue,analogInput_103,analogInput,-0.0036885738,,,,,,,,,,,,,
2026-04-22 11:52:00+00:00,presentValue,analogInput_103,analogInput,-0.0034925938,,,,,,,,,,,,,
2026-04-22 11:53:00+00:00,presentValue,analogInput_103,analogInput,-0.0034925938,,,,,,,,,,,,,
2026-04-22 11:54:00+00:00,presentValue,analogInput_103,analogInput,-0.0038847923,,,,,,,,,,,,,
2026-04-22 11:55:00+00:00,presentValue,analogInput_103,analogInput,-0.0036885738,,,,,,,,,,,,,
2026-04-22 11:56:00+00:00,presentValue,analogInput_103,analogInput,-0.0034925938,,,,,,,,,,,,,
2026-04-22 11:57:00+00:00,presentValue,analogInput_103,analogInput,-0.0036885738,,,,,,,,,,,,,
2026-04-22 11:58:00+00:00,presentValue,analogInput_103,analogInput,-0.0038847923,,,,,,,,,,,,,
2026-04-22 11:59:00+00:00,presentValue,analogInput_103,analogInput,-0.0036885738,,,,,,,,,,,,,
2026-04-22 12:00:00+00:00,presentValue,analogInput_103,analogInput,-0.0036885738,,,,,,,,,,,,,
2026-04-22 12:01:00+00:00,presentValue,analogInput_103,analogInput,-0.0034925938,,,,,,,,,,,,,
2026-04-22 12:02:00+00:00,presentValue,analogInput_103,analogInput,-0.0036885738,,,,,,,,,,,,,
2026-04-22 12:03:00+00:00,presentValue,analogInput_103,analogInput,-0.0036885738,,,,,,,,,,,,,
2026-04-22 12:04:00+00:00,presentValue,analogInput_103,analogInput,-0.0036885738,,,,,,,,,,,,,
2026-04-22 12:05:00+00:00,presentValue,analogInput_103,analogInput,-0.0034925938,,,,,,,,,,,,,
2026-04-22 12:06:00+00:00,presentValue,analogInput_103,analogInput,-0.0034925938,,,,,,,,,,,,,
2026-04-22 12:07:00+00:00,presentValue,analogInput_103,analogInput,-0.0036885738,,,,,,,,,,,,,
2026-04-22 12:08:00+00:00,presentValue,analogInput_103,analogInput,-0.0036885738,,,,,,,,,,,,,
2026-04-22 12:09:00+00:00,presentValue,analogInput_103,analogInput,-0.0036885738,,,,,,,,,,,,,
2026-04-22 12:10:00+00:00,presentValue,analogInput_103,analogInput,-0.0034925938,,,,,,,,,,,,,
2026-04-22 12:11:00+00:00,presentValue,analogInput_103,analogInput,-0.0036885738,,,,,,,,,,,,,
2026-04-22 12:12:00+00:00,presentValue,analogInput_103,analogInput,-0.0034925938,,,,,,,,,,,,,
2026-04-22 12:13:00+00:00,presentValue,analogInput_103,analogInput,-0.0036885738,,,,,,,,,,,,,
2026-04-22 12:14:00+00:00,presentValue,analogInput_103,analogInput,-0.0036885738,,,,,,,,,,,,,
2026-04-22 12:15:00+00:00,presentValue,analogInput_103,analogInput,-0.0034925938,,,,,,,,,,,,,
2026-04-22 12:16:00+00:00,presentValue,analogInput_103,analogInput,-0.0034925938,,,,,,,,,,,,,
2026-04-22 12:17:00+00:00,presentValue,analogInput_103,analogInput,-0.0034925938,,,,,,,,,,,,,
2026-04-22 12:18:00+00:00,presentValue,analogInput_103,analogInput,-0.0034925938,,,,,,,,,,,,,
2026-04-22 12:19:00+00:00,presentValue,analogInput_103,analogInput,-0.0034925938,,,,,,,,,,,,,
2026-04-22 12:20:00+00:00,presentValue,analogInput_103,analogInput,-0.0034925938,,,,,,,,,,,,,
2026-04-22 12:21:00+00:00,presentValue,analogInput_103,analogInput,-0.0036885738,,,,,,,,,,,,,
2026-04-22 12:22:00+00:00,presentValue,analogInput_103,analogInput,-0.0032963753,,,,,,,,,,,,,
2026-04-22 12:23:00+00:00,presentValue,analogInput_103,analogInput,-0.0032963753,,,,,,,,,,,,,
2026-04-22 12:24:00+00:00,presentValue,analogInput_103,analogInput,-0.0032963753,,,,,,,,,,,,,
2026-04-22 12:25:00+00:00,presentValue,analogInput_103,analogInput,-0.0034925938,,,,,,,,,,,,,
2026-04-22 12:26:00+00:00,presentValue,analogInput_103,analogInput,-0.0032963753,,,,,,,,,,,,,
2026-04-22 12:27:00+00:00,presentValue,analogInput_103,analogInput,-0.0034925938,,,,,,,,,,,,,
2026-04-22 12:28:00+00:00,presentValue,analogInput_103,analogInput,-0.0032963753,,,,,,,,,,,,,
2026-04-22 12:29:00+00:00,presentValue,analogInput_103,analogInput,-0.0031003952,,,,,,,,,,,,,
2026-04-22 12:30:00+00:00,presentValue,analogInput_103,analogInput,-0.0031003952,,,,,,,,,,,,,
2026-04-22 12:31:00+00:00,presentValue,analogInput_103,analogInput,-0.0032963753,,,,,,,,,,,,,
2026-04-22 12:32:00+00:00,presentValue,analogInput_103,analogInput,-0.0032963753,,,,,,,,,,,,,
2026-04-22 12:33:00+00:00,presentValue,analogInput_103,analogInput,-0.0029044151,,,,,,,,,,,,,
2026-04-22 12:34:00+00:00,presentValue,analogInput_103,analogInput,-0.0029044151,,,,,,,,,,,,,
2026-04-22 12:35:00+00:00,presentValue,analogInput_103,analogInput,-0.0029044151,,,,,,,,,,,,,
2026-04-22 12:36:00+00:00,presentValue,analogInput_103,analogInput,-0.0027079582,,,,,,,,,,,,,
2026-04-22 12:37:00+00:00,presentValue,analogInput_103,analogInput,-0.0029044151,,,,,,,,,,,,,
2026-04-22 12:38:00+00:00,presentValue,analogInput_103,analogInput,-0.0031003952,,,,,,,,,,,,,
2026-04-22 12:39:00+00:00,presentValue,analogInput_103,analogInput,-0.0029044151,,,,,,,,,,,,,
2026-04-22 12:40:00+00:00,presentValue,analogInput_103,analogInput,-0.0027079582,,,,,,,,,,,,,
2026-04-22 12:41:00+00:00,presentValue,analogInput_103,analogInput,-0.0027079582,,,,,,,,,,,,,
2026-04-22 12:42:00+00:00,presentValue,analogInput_103,analogInput,-0.0027079582,,,,,,,,,,,,,
2026-04-22 12:43:00+00:00,presentValue,analogInput_103,analogInput,-0.0025119781,,,,,,,,,,,,,
2026-04-22 12:44:00+00:00,presentValue,analogInput_103,analogInput,-0.0025119781,,,,,,,,,,,,,
2026-04-22 12:45:00+00:00,presentValue,analogInput_103,analogInput,-0.0027079582,,,,,,,,,,,,,
2026-04-22 12:46:00+00:00,presentValue,analogInput_103,analogInput,-0.0025119781,,,,,,,,,,,,,
2026-04-22 12:47:00+00:00,presentValue,analogInput_103,analogInput,-0.0025119781,,,,,,,,,,,,,
2026-04-22 12:48:00+00:00,presentValue,analogInput_103,analogInput,-0.002315998,,,,,,,,,,,,,
2026-04-22 12:49:00+00:00,presentValue,analogInput_103,analogInput,-0.0025119781,,,,,,,,,,,,,
2026-04-22 12:50:00+00:00,presentValue,analogInput_103,analogInput,-0.0025119781,,,,,,,,,,,,,
2026-04-22 12:51:00+00:00,presentValue,analogInput_103,analogInput,-0.0021197796,,,,,,,,,,,,,
2026-04-22 12:52:00+00:00,presentValue,analogInput_103,analogInput,-0.002315998,,,,,,,,,,,,,
2026-04-22 12:53:00+00:00,presentValue,analogInput_103,analogInput,-0.0025119781,,,,,,,,,,,,,
2026-04-22 12:54:00+00:00,presentValue,analogInput_103,analogInput,-0.0025119781,,,,,,,,,,,,,
2026-04-22 12:55:00+00:00,presentValue,analogInput_103,analogInput,-0.0021197796,,,,,,,,,,,,,
2026-04-22 12:56:00+00:00,presentValue,analogInput_103,analogInput,-0.0025119781,,,,,,,,,,,,,
2026-04-22 12:57:00+00:00,presentValue,analogInput_103,analogInput,-0.0025119781,,,,,,,,,,,,,
2026-04-22 12:58:00+00:00,presentValue,analogInput_103,analogInput,-0.002315998,,,,,,,,,,,,,
2026-04-22 12:59:00+00:00,presentValue,analogInput_103,analogInput,-0.0021197796,,,,,,,,,,,,,
2026-04-22 13:00:00+00:00,presentValue,analogInput_103,analogInput,-0.002315998,,,,,,,,,,,,,
2026-04-22 13:01:00+00:00,presentValue,analogInput_103,analogInput,-0.002315998,,,,,,,,,,,,,
2026-04-22 13:02:00+00:00,presentValue,analogInput_103,analogInput,-0.0025119781,,,,,,,,,,,,,
2026-04-22 13:03:00+00:00,presentValue,analogInput_103,analogInput,-0.0021197796,,,,,,,,,,,,,
2026-04-22 13:04:00+00:00,presentValue,analogInput_103,analogInput,-0.002315998,,,,,,,,,,,,,
2026-04-22 13:05:00+00:00,presentValue,analogInput_103,analogInput,-0.002315998,,,,,,,,,,,,,
2026-04-22 13:06:00+00:00,presentValue,analogInput_103,analogInput,-0.002315998,,,,,,,,,,,,,
2026-04-22 13:07:00+00:00,presentValue,analogInput_103,analogInput,-0.002315998,,,,,,,,,,,,,
2026-04-22 13:08:00+00:00,presentValue,analogInput_103,analogInput,-0.002315998,,,,,,,,,,,,,
2026-04-22 13:09:00+00:00,presentValue,analogInput_103,analogInput,-0.002315998,,,,,,,,,,,,,
2026-04-22 13:10:00+00:00,presentValue,analogInput_103,analogInput,-0.002315998,,,,,,,,,,,,,
2026-04-22 13:11:00+00:00,presentValue,analogInput_103,analogInput,-0.0021197796,,,,,,,,,,,,,
2026-04-22 13:12:00+00:00,presentValue,analogInput_103,analogInput,-0.002315998,,,,,,,,,,,,,
2026-04-22 13:13:00+00:00,presentValue,analogInput_103,analogInput,-0.0019237995,,,,,,,,,,,,,
2026-04-22 13:14:00+00:00,presentValue,analogInput_103,analogInput,-0.0019237995,,,,,,,,,,,,,
2026-04-22 13:15:00+00:00,presentValue,analogInput_103,analogInput,-0.002315998,,,,,,,,,,,,,
2026-04-22 13:16:00+00:00,presentValue,analogInput_103,analogInput,-0.0021197796,,,,,,,,,,,,,
2026-04-22 13:17:00+00:00,presentValue,analogInput_103,analogInput,-0.004472971,,,,,,,,,,,,,
2026-04-22 13:18:00+00:00,presentValue,analogInput_103,analogInput,-0.0040807724,,,,,,,,,,,,,
2026-04-22 13:19:00+00:00,presentValue,analogInput_103,analogInput,-0.0042767525,,,,,,,,,,,,,
2026-04-22 13:20:00+00:00,presentValue,analogInput_103,analogInput,-0.0040807724,,,,,,,,,,,,,
2026-04-22 13:21:00+00:00,presentValue,analogInput_103,analogInput,-0.0040807724,,,,,,,,,,,,,
2026-04-22 13:22:00+00:00,presentValue,analogInput_103,analogInput,-0.0040807724,,,,,,,,,,,,,
2026-04-22 13:23:00+00:00,presentValue,analogInput_103,analogInput,-0.0040807724,,,,,,,,,,,,,
2026-04-22 13:24:00+00:00,presentValue,analogInput_103,analogInput,-0.0038847923,,,,,,,,,,,,,
2026-04-22 13:25:00+00:00,presentValue,analogInput_103,analogInput,-0.0038847923,,,,,,,,,,,,,
2026-04-22 13:26:00+00:00,presentValue,analogInput_103,analogInput,-0.0040807724,,,,,,,,,,,,,
2026-04-22 13:27:00+00:00,presentValue,analogInput_103,analogInput,-0.0038847923,,,,,,,,,,,,,
2026-04-22 13:28:00+00:00,presentValue,analogInput_103,analogInput,-0.0036885738,,,,,,,,,,,,,
2026-04-22 13:29:00+00:00,presentValue,analogInput_103,analogInput,-0.0040807724,,,,,,,,,,,,,
2026-04-22 13:30:00+00:00,presentValue,analogInput_103,analogInput,-0.0036885738,,,,,,,,,,,,,
2026-04-22 13:31:00+00:00,presentValue,analogInput_103,analogInput,-0.0036885738,,,,,,,,,,,,,
2026-04-22 13:32:00+00:00,presentValue,analogInput_103,analogInput,-0.0036885738,,,,,,,,,,,,,
2026-04-22 13:33:00+00:00,presentValue,analogInput_103,analogInput,-0.0040807724,,,,,,,,,,,,,
2026-04-22 13:34:00+00:00,presentValue,analogInput_103,analogInput,-0.0036885738,,,,,,,,,,,,,
2026-04-22 13:35:00+00:00,presentValue,analogInput_103,analogInput,-0.0036885738,,,,,,,,,,,,,
2026-04-22 13:36:00+00:00,presentValue,analogInput_103,analogInput,-0.0034925938,,,,,,,,,,,,,
2026-04-22 13:37:00+00:00,presentValue,analogInput_103,analogInput,-0.0034925938,,,,,,,,,,,,,
2026-04-22 13:38:00+00:00,presentValue,analogInput_103,analogInput,-0.001531601,,,,,,,,,,,,,
2026-04-22 13:39:00+00:00,presentValue,analogInput_103,analogInput,-0.0031003952,,,,,,,,,,,,,
2026-04-22 13:40:00+00:00,presentValue,analogInput_103,analogInput,-0.0032963753,,,,,,,,,,,,,
2026-04-22 13:41:00+00:00,presentValue,analogInput_103,analogInput,-0.0013356209,,,,,,,,,,,,,
2026-04-22 13:42:00+00:00,presentValue,analogInput_103,analogInput,-0.0013356209,,,,,,,,,,,,,
2026-04-22 13:43:00+00:00,presentValue,analogInput_103,analogInput,-0.001531601,,,,,,,,,,,,,
2026-04-22 13:44:00+00:00,presentValue,analogInput_103,analogInput,-0.0013356209,,,,,,,,,,,,,
2026-04-22 13:45:00+00:00,presentValue,analogInput_103,analogInput,-0.001531601,,,,,,,,,,,,,
2026-04-22 13:46:00+00:00,presentValue,analogInput_103,analogInput,-0.001727581,,,,,,,,,,,,,
2026-04-22 13:47:00+00:00,presentValue,analogInput_103,analogInput,-0.001531601,,,,,,,,,,,,,
2026-04-22 13:48:00+00:00,presentValue,analogInput_103,analogInput,-0.001531601,,,,,,,,,,,,,
2026-04-22 13:49:00+00:00,presentValue,analogInput_103,analogInput,-0.0034925938,,,,,,,,,,,,,
2026-04-22 13:50:00+00:00,presentValue,analogInput_103,analogInput,-0.0036885738,,,,,,,,,,,,,
2026-04-22 13:51:00+00:00,presentValue,analogInput_103,analogInput,-0.0036885738,,,,,,,,,,,,,
2026-04-22 13:52:00+00:00,presentValue,analogInput_103,analogInput,-0.0032963753,,,,,,,,,,,,,
2026-04-22 13:53:00+00:00,presentValue,analogInput_103,analogInput,-0.0034925938,,,,,,,,,,,,,
2026-04-22 13:54:00+00:00,presentValue,analogInput_103,analogInput,-0.0036885738,,,,,,,,,,,,,
2026-04-22 13:55:00+00:00,presentValue,analogInput_103,analogInput,-0.0032963753,,,,,,,,,,,,,
2026-04-22 13:56:00+00:00,presentValue,analogInput_103,analogInput,-0.0032963753,,,,,,,,,,,,,
2026-04-22 13:57:00+00:00,presentValue,analogInput_103,analogInput,-0.0034925938,,,,,,,,,,,,,
2026-04-22 13:58:00+00:00,presentValue,analogInput_103,analogInput,-0.0029044151,,,,,,,,,,,,,
2026-04-22 13:59:00+00:00,presentValue,analogInput_103,analogInput,-0.0027079582,,,,,,,,,,,,,
2026-04-22 14:00:00+00:00,presentValue,analogInput_103,analogInput,-0.0025119781,,,,,,,,,,,,,
2026-04-22 14:01:00+00:00,presentValue,analogInput_103,analogInput,-0.0025119781,,,,,,,,,,,,,
2026-04-22 14:02:00+00:00,presentValue,analogInput_103,analogInput,-0.0025119781,,,,,,,,,,,,,
2026-04-22 14:03:00+00:00,presentValue,analogInput_103,analogInput,-0.002315998,,,,,,,,,,,,,
2026-04-22 14:04:00+00:00,presentValue,analogInput_103,analogInput,-0.0021197796,,,,,,,,,,,,,
2026-04-22 14:05:00+00:00,presentValue,analogInput_103,analogInput,-0.0021197796,,,,,,,,,,,,,
2026-04-22 14:06:00+00:00,presentValue,analogInput_103,analogInput,-0.0021197796,,,,,,,,,,,,,
2026-04-22 14:07:00+00:00,presentValue,analogInput_103,analogInput,-0.0021197796,,,,,,,,,,,,,
2026-04-22 14:08:00+00:00,presentValue,analogInput_103,analogInput,-0.002315998,,,,,,,,,,,,,
2026-04-22 14:09:00+00:00,presentValue,analogInput_103,analogInput,-0.0021197796,,,,,,,,,,,,,
2026-04-22 14:10:00+00:00,presentValue,analogInput_103,analogInput,-0.0019237995,,,,,,,,,,,,,
2026-04-22 14:11:00+00:00,presentValue,analogInput_103,analogInput,-0.0021197796,,,,,,,,,,,,,
2026-04-22 14:12:00+00:00,presentValue,analogInput_103,analogInput,-0.0021197796,,,,,,,,,,,,,
2026-04-22 14:13:00+00:00,presentValue,analogInput_103,analogInput,-0.0021197796,,,,,,,,,,,,,
2026-04-22 14:14:00+00:00,presentValue,analogInput_103,analogInput,-0.0019237995,,,,,,,,,,,,,
2026-04-22 14:15:00+00:00,presentValue,analogInput_103,analogInput,-0.0019237995,,,,,,,,,,,,,
2026-04-22 14:16:00+00:00,presentValue,analogInput_103,analogInput,-0.0021197796,,,,,,,,,,,,,
2026-04-22 14:17:00+00:00,presentValue,analogInput_103,analogInput,-0.001727581,,,,,,,,,,,,,
2026-04-22 14:18:00+00:00,presentValue,analogInput_103,analogInput,-0.0021197796,,,,,,,,,,,,,
2026-04-22 14:19:00+00:00,presentValue,analogInput_103,analogInput,-0.001727581,,,,,,,,,,,,,
2026-04-22 14:20:00+00:00,presentValue,analogInput_103,analogInput,-0.0019237995,,,,,,,,,,,,,
2026-04-22 14:21:00+00:00,presentValue,analogInput_103,analogInput,-0.0019237995,,,,,,,,,,,,,
2026-04-22 14:22:00+00:00,presentValue,analogInput_103,analogInput,-0.0019237995,,,,,,,,,,,,,
2026-04-22 14:23:00+00:00,presentValue,analogInput_103,analogInput,-0.0019237995,,,,,,,,,,,,,
2026-04-22 14:24:00+00:00,presentValue,analogInput_103,analogInput,-0.0019237995,,,,,,,,,,,,,
2026-04-22 14:25:00+00:00,presentValue,analogInput_103,analogInput,-0.001727581,,,,,,,,,,,,,
2026-04-22 14:26:00+00:00,presentValue,analogInput_103,analogInput,-0.001531601,,,,,,,,,,,,,
2026-04-22 14:27:00+00:00,presentValue,analogInput_103,analogInput,-0.001531601,,,,,,,,,,,,,
2026-04-22 14:28:00+00:00,presentValue,analogInput_103,analogInput,-0.001531601,,,,,,,,,,,,,
2026-04-22 14:29:00+00:00,presentValue,analogInput_103,analogInput,-0.001531601,,,,,,,,,,,,,
2026-04-22 14:30:00+00:00,presentValue,analogInput_103,analogInput,-0.001531601,,,,,,,,,,,,,
2026-04-22 14:31:00+00:00,presentValue,analogInput_103,analogInput,-0.0019237995,,,,,,,,,,,,,
2026-04-22 14:32:00+00:00,presentValue,analogInput_103,analogInput,-0.001727581,,,,,,,,,,,,,
2026-04-22 14:33:00+00:00,presentValue,analogInput_103,analogInput,-0.001531601,,,,,,,,,,,,,
2026-04-22 14:34:00+00:00,presentValue,analogInput_103,analogInput,-0.001727581,,,,,,,,,,,,,
2026-04-22 14:35:00+00:00,presentValue,analogInput_103,analogInput,-0.001531601,,,,,,,,,,,,,
2026-04-22 14:36:00+00:00,presentValue,analogInput_103,analogInput,-0.00055098534,,,,,,,,,,,,,
2026-04-22 14:37:00+00:00,presentValue,analogInput_103,analogInput,-0.001727581,,,,,,,,,,,,,
2026-04-22 14:38:00+00:00,presentValue,analogInput_103,analogInput,-0.0013356209,,,,,,,,,,,,,
2026-04-22 14:39:00+00:00,presentValue,analogInput_103,analogInput,-0.001531601,,,,,,,,,,,,,
2026-04-22 14:40:00+00:00,presentValue,analogInput_103,analogInput,-0.001531601,,,,,,,,,,,,,
2026-04-22 14:41:00+00:00,presentValue,analogInput_103,analogInput,-0.0013356209,,,,,,,,,,,,,
2026-04-22 14:42:00+00:00,presentValue,analogInput_103,analogInput,-0.001531601,,,,,,,,,,,,,
2026-04-22 14:43:00+00:00,presentValue,analogInput_103,analogInput,-0.001531601,,,,,,,,,,,,,
2026-04-22 14:44:00+00:00,presentValue,analogInput_103,analogInput,-0.001531601,,,,,,,,,,,,,
2026-04-22 14:45:00+00:00,presentValue,analogInput_103,analogInput,-0.001531601,,,,,,,,,,,,,
2026-04-22 14:46:00+00:00,presentValue,analogInput_103,analogInput,-0.001531601,,,,,,,,,,,,,
2026-04-22 14:47:00+00:00,presentValue,analogInput_103,analogInput,-0.001531601,,,,,,,,,,,,,
2026-04-22 14:48:00+00:00,presentValue,analogInput_103,analogInput,-0.001531601,,,,,,,,,,,,,
2026-04-22 14:49:00+00:00,presentValue,analogInput_103,analogInput,-0.001531601,,,,,,,,,,,,,
2026-04-22 14:50:00+00:00,presentValue,analogInput_103,analogInput,-0.001531601,,,,,,,,,,,,,
2026-04-22 14:51:00+00:00,presentValue,analogInput_103,analogInput,-0.001531601,,,,,,,,,,,,,
2026-04-22 14:52:00+00:00,presentValue,analogInput_103,analogInput,-0.0013356209,,,,,,,,,,,,,
2026-04-22 14:53:00+00:00,presentValue,analogInput_103,analogInput,-0.0019237995,,,,,,,,,,,,,
2026-04-22 14:54:00+00:00,presentValue,analogInput_103,analogInput,-0.0013356209,,,,,,,,,,,,,
2026-04-22 14:55:00+00:00,presentValue,analogInput_103,analogInput,-0.001531601,,,,,,,,,,,,,
2026-04-22 14:56:00+00:00,presentValue,analogInput_103,analogInput,-0.001531601,,,,,,,,,,,,,
2026-04-22 14:57:00+00:00,presentValue,analogInput_103,analogInput,-0.001531601,,,,,,,,,,,,,
2026-04-22 14:58:00+00:00,presentValue,analogInput_103,analogInput,-0.001531601,,,,,,,,,,,,,
2026-04-22 14:59:00+00:00,presentValue,analogInput_103,analogInput,-0.0013356209,,,,,,,,,,,,,
2026-04-22 15:00:00+00:00,presentValue,analogInput_103,analogInput,-0.0013356209,,,,,,,,,,,,,
2026-04-22 15:01:00+00:00,presentValue,analogInput_103,analogInput,-0.001139164,,,,,,,,,,,,,
2026-04-22 15:02:00+00:00,presentValue,analogInput_103,analogInput,-0.001531601,,,,,,,,,,,,,
2026-04-22 15:03:00+00:00,presentValue,analogInput_103,analogInput,-0.0013356209,,,,,,,,,,,,,
2026-04-22 15:04:00+00:00,presentValue,analogInput_103,analogInput,-0.001531601,,,,,,,,,,,,,
2026-04-22 15:05:00+00:00,presentValue,analogInput_103,analogInput,-0.001139164,,,,,,,,,,,,,
2026-04-22 15:06:00+00:00,presentValue,analogInput_103,analogInput,-0.001139164,,,,,,,,,,,,,
2026-04-22 15:07:00+00:00,presentValue,analogInput_103,analogInput,-0.0013356209,,,,,,,,,,,,,
2026-04-22 15:08:00+00:00,presentValue,analogInput_103,analogInput,-0.001531601,,,,,,,,,,,,,
2026-04-22 15:09:00+00:00,presentValue,analogInput_103,analogInput,-0.0013356209,,,,,,,,,,,,,
2026-04-22 15:10:00+00:00,presentValue,analogInput_103,analogInput,-0.001531601,,,,,,,,,,,,,
2026-04-22 15:11:00+00:00,presentValue,analogInput_103,analogInput,-0.001531601,,,,,,,,,,,,,
2026-04-22 15:12:00+00:00,presentValue,analogInput_103,analogInput,-0.0013356209,,,,,,,,,,,,,
2026-04-22 15:13:00+00:00,presentValue,analogInput_103,analogInput,-0.001531601,,,,,,,,,,,,,
2026-04-22 15:14:00+00:00,presentValue,analogInput_103,analogInput,-0.0013356209,,,,,,,,,,,,,
2026-04-22 15:15:00+00:00,presentValue,analogInput_103,analogInput,-0.0013356209,,,,,,,,,,,,,
2026-04-22 15:16:00+00:00,presentValue,analogInput_103,analogInput,-0.001139164,,,,,,,,,,,,,
2026-04-22 15:17:00+00:00,presentValue,analogInput_103,analogInput,-0.0013356209,,,,,,,,,,,,,
2026-04-22 15:18:00+00:00,presentValue,analogInput_103,analogInput,-0.001139164,,,,,,,,,,,,,
2026-04-22 15:19:00+00:00,presentValue,analogInput_103,analogInput,-0.0013356209,,,,,,,,,,,,,
2026-04-22 15:20:00+00:00,presentValue,analogInput_103,analogInput,-0.0013356209,,,,,,,,,,,,,
2026-04-22 15:21:00+00:00,presentValue,analogInput_103,analogInput,-0.0013356209,,,,,,,,,,,,,
2026-04-22 15:22:00+00:00,presentValue,analogInput_103,analogInput,-0.0013356209,,,,,,,,,,,,,
2026-04-22 15:23:00+00:00,presentValue,analogInput_103,analogInput,-0.0013356209,,,,,,,,,,,,,
2026-04-22 15:24:00+00:00,presentValue,analogInput_103,analogInput,-0.0009431839,,,,,,,,,,,,,
2026-04-22 15:25:00+00:00,presentValue,analogInput_103,analogInput,-0.0013356209,,,,,,,,,,,,,
2026-04-22 15:26:00+00:00,presentValue,analogInput_103,analogInput,-0.0009431839,,,,,,,,,,,,,
2026-04-22 15:27:00+00:00,presentValue,analogInput_103,analogInput,0.00023317337,,,,,,,,,,,,,
2026-04-22 15:28:00+00:00,presentValue,analogInput_103,analogInput,0.014744282,,,,,,,,,,,,,
2026-04-22 15:29:00+00:00,presentValue,analogInput_103,analogInput,0.0651412,,,,,,,,,,,,,
2026-04-22 15:30:00+00:00,presentValue,analogInput_103,analogInput,0.066318035,,,,,,,,,,,,,
2026-04-22 15:31:00+00:00,presentValue,analogInput_103,analogInput,0.12965727,,,,,,,,,,,,,
2026-04-22 15:32:00+00:00,presentValue,analogInput_103,analogInput,0.1547575,,,,,,,,,,,,,
2026-04-22 15:33:00+00:00,presentValue,analogInput_103,analogInput,0.21123362,,,,,,,,,,,,,
2026-04-22 15:34:00+00:00,presentValue,analogInput_103,analogInput,0.24927616,,,,,,,,,,,,,
2026-04-22 15:35:00+00:00,presentValue,analogInput_103,analogInput,0.30339885,,,,,,,,,,,,,
2026-04-22 15:36:00+00:00,presentValue,analogInput_103,analogInput,0.34908938,,,,,,,,,,,,,
2026-04-22 15:37:00+00:00,presentValue,analogInput_103,analogInput,0.40399647,,,,,,,,,,,,,
2026-04-22 15:38:00+00:00,presentValue,analogInput_103,analogInput,0.45694256,,,,,,,,,,,,,
2026-04-22 15:39:00+00:00,presentValue,analogInput_103,analogInput,0.51439905,,,,,,,,,,,,,
2026-04-22 15:40:00+00:00,presentValue,analogInput_103,analogInput,0.57009053,,,,,,,,,,,,,
2026-04-22 15:41:00+00:00,presentValue,analogInput_103,analogInput,0.6289196,,,,,,,,,,,,,
2026-04-22 15:42:00+00:00,presentValue,analogInput_103,analogInput,0.6897094,,,,,,,,,,,,,
2026-04-22 15:43:00+00:00,presentValue,analogInput_103,analogInput,0.75402904,,,,,,,,,,,,,
2026-04-22 15:44:00+00:00,presentValue,analogInput_103,analogInput,0.8207021,,,,,,,,,,,,,
2026-04-22 15:45:00+00:00,presentValue,analogInput_103,analogInput,0.8860023,,,,,,,,,,,,,
2026-04-22 15:46:00+00:00,presentValue,analogInput_103,analogInput,0.96287227,,,,,,,,,,,,,
2026-04-22 15:47:00+00:00,presentValue,analogInput_103,analogInput,1.0291526,,,,,,,,,,,,,
2026-04-22 15:48:00+00:00,presentValue,analogInput_103,analogInput,1.1021008,,,,,,,,,,,,,
2026-04-22 15:49:00+00:00,presentValue,analogInput_103,analogInput,1.1768138,,,,,,,,,,,,,
2026-04-22 15:50:00+00:00,presentValue,analogInput_103,analogInput,1.2530951,,,,,,,,,,,,,
2026-04-22 15:51:00+00:00,presentValue,analogInput_103,analogInput,1.3301613,,,,,,,,,,,,,
2026-04-22 15:52:00+00:00,presentValue,analogInput_103,analogInput,1.4095807,,,,,,,,,,,,,
2026-04-22 15:53:00+00:00,presentValue,analogInput_103,analogInput,1.4899802,,,,,,,,,,,,,
2026-04-22 15:54:00+00:00,presentValue,analogInput_103,analogInput,1.5754786,,,,,,,,,,,,,
2026-04-22 15:55:00+00:00,presentValue,analogInput_103,analogInput,1.6594076,,,,,,,,,,,,,
2026-04-22 15:56:00+00:00,presentValue,analogInput_103,analogInput,1.7503967,,,,,,,,,,,,,
2026-04-22 15:57:00+00:00,presentValue,analogInput_103,analogInput,1.840013,,,,,,,,,,,,,
2026-04-22 15:58:00+00:00,presentValue,analogInput_103,analogInput,1.935708,,,,,,,,,,,,,
2026-04-22 15:59:00+00:00,presentValue,analogInput_103,analogInput,2.028266,,,,,,,,,,,,,
2026-04-22 16:00:00+00:00,presentValue,analogInput_103,analogInput,2.085526,,,,,,,,,,,,,
2026-04-22 16:01:00+00:00,presentValue,analogInput_103,analogInput,2.1567092,,,,,,,,,,,,,
2026-04-22 16:02:00+00:00,presentValue,analogInput_103,analogInput,2.1869078,,,,,,,,,,,,,
2026-04-22 16:03:00+00:00,presentValue,analogInput_103,analogInput,2.196517,,,,,,,,,,,,,
2026-04-22 16:04:00+00:00,presentValue,analogInput_103,analogInput,2.1861238,,,,,,,,,,,,,
2026-04-22 16:05:00+00:00,presentValue,analogInput_103,analogInput,2.1922026,,,,,,,,,,,,,
2026-04-22 16:06:00+00:00,presentValue,analogInput_103,analogInput,2.1918106,,,,,,,,,,,,,
2026-04-22 16:07:00+00:00,presentValue,analogInput_103,analogInput,2.1978893,,,,,,,,,,,,,
2026-04-22 16:08:00+00:00,presentValue,analogInput_103,analogInput,2.20338,,,,,,,,,,,,,
2026-04-22 16:09:00+00:00,presentValue,analogInput_103,analogInput,2.1874967,,,,,,,,,,,,,
2026-04-22 16:10:00+00:00,presentValue,analogInput_103,analogInput,2.182006,,,,,,,,,,,,,
2026-04-22 16:11:00+00:00,presentValue,analogInput_103,analogInput,2.1878886,,,,,,,,,,,,,
2026-04-22 16:12:00+00:00,presentValue,analogInput_103,analogInput,2.192791,,,,,,,,,,,,,
2026-04-22 16:13:00+00:00,presentValue,analogInput_103,analogInput,2.1906343,,,,,,,,,,,,,
2026-04-22 16:14:00+00:00,presentValue,analogInput_103,analogInput,2.1986737,,,,,,,,,,,,,
2026-04-22 16:15:00+00:00,presentValue,analogInput_103,analogInput,2.1959286,,,,,,,,,,,,,
2026-04-22 16:16:00+00:00,presentValue,analogInput_103,analogInput,2.1906343,,,,,,,,,,,,,
2026-04-22 16:17:00+00:00,presentValue,analogInput_103,analogInput,2.1998506,,,,,,,,,,,,,
2026-04-22 16:18:00+00:00,presentValue,analogInput_103,analogInput,2.1947517,,,,,,,,,,,,,
2026-04-22 16:19:00+00:00,presentValue,analogInput_103,analogInput,2.1955361,,,,,,,,,,,,,
2026-04-22 16:20:00+00:00,presentValue,analogInput_103,analogInput,2.2165184,,,,,,,,,,,,,
2026-04-22 16:21:00+00:00,presentValue,analogInput_103,analogInput,2.2161264,,,,,,,,,,,,,
2026-04-22 16:22:00+00:00,presentValue,analogInput_103,analogInput,2.2000465,,,,,,,,,,,,,
2026-04-22 16:23:00+00:00,presentValue,analogInput_103,analogInput,2.2129889,,,,,,,,,,,,,
2026-04-22 16:24:00+00:00,presentValue,analogInput_103,analogInput,2.1990662,,,,,,,,,,,,,
2026-04-22 16:25:00+00:00,presentValue,analogInput_103,analogInput,2.2027922,,,,,,,,,,,,,
2026-04-22 16:26:00+00:00,presentValue,analogInput_103,analogInput,2.20338,,,,,,,,,,,,,
2026-04-22 16:27:00+00:00,presentValue,analogInput_103,analogInput,2.1137638,,,,,,,,,,,,,
2026-04-22 16:28:00+00:00,presentValue,analogInput_103,analogInput,2.196517,,,,,,,,,,,,,
2026-04-22 16:29:00+00:00,presentValue,analogInput_103,analogInput,2.1827898,,,,,,,,,,,,,
2026-04-22 16:30:00+00:00,presentValue,analogInput_103,analogInput,2.192595,,,,,,,,,,,,,
2026-04-22 16:31:00+00:00,presentValue,analogInput_103,analogInput,2.1986737,,,,,,,,,,,,,
2026-04-22 16:32:00+00:00,presentValue,analogInput_103,analogInput,2.197105,,,,,,,,,,,,,
2026-04-22 16:33:00+00:00,presentValue,analogInput_103,analogInput,2.2063217,,,,,,,,,,,,,
2026-04-22 16:34:00+00:00,presentValue,analogInput_103,analogInput,2.1953402,,,,,,,,,,,,,
2026-04-22 16:35:00+00:00,presentValue,analogInput_103,analogInput,2.2182837,,,,,,,,,,,,,
2026-04-22 16:36:00+00:00,presentValue,analogInput_103,analogInput,2.2022038,,,,,,,,,,,,,
2026-04-22 16:37:00+00:00,presentValue,analogInput_103,analogInput,2.2300496,,,,,,,,,,,,,
2026-04-22 16:38:00+00:00,presentValue,analogInput_103,analogInput,2.2174993,,,,,,,,,,,,,
2026-04-22 16:39:00+00:00,presentValue,analogInput_103,analogInput,2.1314125,,,,,,,,,,,,,
2026-04-22 16:40:00+00:00,presentValue,analogInput_103,analogInput,2.195732,,,,,,,,,,,,,
2026-04-22 16:41:00+00:00,presentValue,analogInput_103,analogInput,2.2027922,,,,,,,,,,,,,
2026-04-22 16:42:00+00:00,presentValue,analogInput_103,analogInput,2.2002425,,,,,,,,,,,,,
2026-04-22 16:43:00+00:00,presentValue,analogInput_103,analogInput,2.208675,,,,,,,,,,,,,
2026-04-22 16:44:00+00:00,presentValue,analogInput_103,analogInput,2.2145576,,,,,,,,,,,,,
2026-04-22 16:45:00+00:00,presentValue,analogInput_103,analogInput,2.058072,,,,,,,,,,,,,
2026-04-22 16:46:00+00:00,presentValue,analogInput_103,analogInput,2.1976933,,,,,,,,,,,,,
2026-04-22 16:47:00+00:00,presentValue,analogInput_103,analogInput,2.1998506,,,,,,,,,,,,,
2026-04-22 16:48:00+00:00,presentValue,analogInput_103,analogInput,2.2098513,,,,,,,,,,,,,
2026-04-22 16:49:00+00:00,presentValue,analogInput_103,analogInput,2.2018113,,,,,,,,,,,,,
2026-04-22 16:50:00+00:00,presentValue,analogInput_103,analogInput,2.204949,,,,,,,,,,,,,
2026-04-22 16:51:00+00:00,presentValue,analogInput_103,analogInput,2.2163224,,,,,,,,,,,,,
2026-04-22 16:52:00+00:00,presentValue,analogInput_103,analogInput,2.2092633,,,,,,,,,,,,,
2026-04-22 16:53:00+00:00,presentValue,analogInput_103,analogInput,2.2251468,,,,,,,,,,,,,
2026-04-22 16:54:00+00:00,presentValue,analogInput_103,analogInput,2.1996546,,,,,,,,,,,,,
2026-04-22 16:55:00+00:00,presentValue,analogInput_103,analogInput,2.1220002,,,,,,,,,,,,,
2026-04-22 16:56:00+00:00,presentValue,analogInput_103,analogInput,2.176907,,,,,,,,,,,,,
2026-04-22 16:57:00+00:00,presentValue,analogInput_103,analogInput,2.1874967,,,,,,,,,,,,,
2026-04-22 16:58:00+00:00,presentValue,analogInput_103,analogInput,2.176711,,,,,,,,,,,,,
2026-04-22 16:59:00+00:00,presentValue,analogInput_103,analogInput,2.2063217,,,,,,,,,,,,,
2026-04-22 17:00:00+00:00,presentValue,analogInput_103,analogInput,2.207498,,,,,,,,,,,,,
2026-04-22 17:01:00+00:00,presentValue,analogInput_103,analogInput,2.205145,,,,,,,,,,,,,
2026-04-22 17:02:00+00:00,presentValue,analogInput_103,analogInput,2.2245588,,,,,,,,,,,,,
2026-04-22 17:03:00+00:00,presentValue,analogInput_103,analogInput,2.212401,,,,,,,,,,,,,
2026-04-22 17:04:00+00:00,presentValue,analogInput_103,analogInput,2.2031841,,,,,,,,,,,,,
2026-04-22 17:05:00+00:00,presentValue,analogInput_103,analogInput,2.212401,,,,,,,,,,,,,
2026-04-22 17:06:00+00:00,presentValue,analogInput_103,analogInput,2.2320104,,,,,,,,,,,,,
2026-04-22 17:07:00+00:00,presentValue,analogInput_103,analogInput,2.2161264,,,,,,,,,,,,,
2026-04-22 17:08:00+00:00,presentValue,analogInput_103,analogInput,2.212205,,,,,,,,,,,,,
2026-04-22 17:09:00+00:00,presentValue,analogInput_103,analogInput,2.2159305,,,,,,,,,,,,,
2026-04-22 17:10:00+00:00,presentValue,analogInput_103,analogInput,2.0921931,,,,,,,,,,,,,
2026-04-22 17:11:00+00:00,presentValue,analogInput_103,analogInput,2.1908302,,,,,,,,,,,,,
2026-04-22 17:12:00+00:00,presentValue,analogInput_103,analogInput,2.2059298,,,,,,,,,,,,,
2026-04-22 17:13:00+00:00,presentValue,analogInput_103,analogInput,2.1994581,,,,,,,,,,,,,
2026-04-22 17:14:00+00:00,presentValue,analogInput_103,analogInput,2.201027,,,,,,,,,,,,,
2026-04-22 17:15:00+00:00,presentValue,analogInput_103,analogInput,2.2208328,,,,,,,,,,,,,
2026-04-22 17:16:00+00:00,presentValue,analogInput_103,analogInput,2.1980853,,,,,,,,,,,,,
2026-04-22 17:17:00+00:00,presentValue,analogInput_103,analogInput,2.2031841,,,,,,,,,,,,,
2026-04-22 17:18:00+00:00,presentValue,analogInput_103,analogInput,2.2067137,,,,,,,,,,,,,
2026-04-22 17:19:00+00:00,presentValue,analogInput_103,analogInput,2.0612097,,,,,,,,,,,,,
2026-04-22 17:20:00+00:00,presentValue,analogInput_103,analogInput,2.192791,,,,,,,,,,,,,
2026-04-22 17:21:00+00:00,presentValue,analogInput_103,analogInput,2.1980853,,,,,,,,,,,,,
2026-04-22 17:22:00+00:00,presentValue,analogInput_103,analogInput,2.2023997,,,,,,,,,,,,,
2026-04-22 17:23:00+00:00,presentValue,analogInput_103,analogInput,2.1976933,,,,,,,,,,,,,
2026-04-22 17:24:00+00:00,presentValue,analogInput_103,analogInput,2.2029881,,,,,,,,,,,,,
2026-04-22 17:25:00+00:00,presentValue,analogInput_103,analogInput,2.2173033,,,,,,,,,,,,,
2026-04-22 17:26:00+00:00,presentValue,analogInput_103,analogInput,2.188673,,,,,,,,,,,,,
2026-04-22 17:27:00+00:00,presentValue,analogInput_103,analogInput,2.2041645,,,,,,,,,,,,,
2026-04-22 17:28:00+00:00,presentValue,analogInput_103,analogInput,2.0496402,,,,,,,,,,,,,
2026-04-22 17:29:00+00:00,presentValue,analogInput_103,analogInput,2.1712198,,,,,,,,,,,,,
2026-04-22 17:30:00+00:00,presentValue,analogInput_103,analogInput,2.116117,,,,,,,,,,,,,
2026-04-22 17:31:00+00:00,presentValue,analogInput_103,analogInput,2.200635,,,,,,,,,,,,,
2026-04-22 17:32:00+00:00,presentValue,analogInput_103,analogInput,2.1937714,,,,,,,,,,,,,
2026-04-22 17:33:00+00:00,presentValue,analogInput_103,analogInput,2.1859274,,,,,,,,,,,,,
2026-04-22 17:34:00+00:00,presentValue,analogInput_103,analogInput,2.1859274,,,,,,,,,,,,,
2026-04-22 17:35:00+00:00,presentValue,analogInput_103,analogInput,2.197301,,,,,,,,,,,,,
2026-04-22 17:36:00+00:00,presentValue,analogInput_103,analogInput,2.1955361,,,,,,,,,,,,,
2026-04-22 17:37:00+00:00,presentValue,analogInput_103,analogInput,2.2004385,,,,,,,,,,,,,
2026-04-22 17:38:00+00:00,presentValue,analogInput_103,analogInput,2.1894574,,,,,,,,,,,,,
2026-04-22 17:39:00+00:00,presentValue,analogInput_103,analogInput,2.2069101,,,,,,,,,,,,,
2026-04-22 17:40:00+00:00,presentValue,analogInput_103,analogInput,2.184163,,,,,,,,,,,,,
2026-04-22 17:41:00+00:00,presentValue,analogInput_103,analogInput,2.184947,,,,,,,,,,,,,
2026-04-22 17:42:00+00:00,presentValue,analogInput_103,analogInput,1.9751234,,,,,,,,,,,,,
2026-04-22 17:43:00+00:00,presentValue,analogInput_103,analogInput,2.1763186,,,,,,,,,,,,,
2026-04-22 17:44:00+00:00,presentValue,analogInput_103,analogInput,2.092389,,,,,,,,,,,,,
2026-04-22 17:45:00+00:00,presentValue,analogInput_103,analogInput,2.188281,,,,,,,,,,,,,
2026-04-22 17:46:00+00:00,presentValue,analogInput_103,analogInput,2.1869078,,,,,,,,,,,,,
2026-04-22 17:47:00+00:00,presentValue,analogInput_103,analogInput,2.2037725,,,,,,,,,,,,,
2026-04-22 17:48:00+00:00,presentValue,analogInput_103,analogInput,2.1994581,,,,,,,,,,,,,
2026-04-22 17:49:00+00:00,presentValue,analogInput_103,analogInput,2.1982813,,,,,,,,,,,,,
2026-04-22 17:50:00+00:00,presentValue,analogInput_103,analogInput,2.1871042,,,,,,,,,,,,,
2026-04-22 17:51:00+00:00,presentValue,analogInput_103,analogInput,2.188869,,,,,,,,,,,,,
2026-04-22 17:52:00+00:00,presentValue,analogInput_103,analogInput,2.2014189,,,,,,,,,,,,,
2026-04-22 17:53:00+00:00,presentValue,analogInput_103,analogInput,2.1810255,,,,,,,,,,,,,
2026-04-22 17:54:00+00:00,presentValue,analogInput_103,analogInput,2.2004385,,,,,,,,,,,,,
2026-04-22 17:55:00+00:00,presentValue,analogInput_103,analogInput,2.166122,,,,,,,,,,,,,
2026-04-22 17:56:00+00:00,presentValue,analogInput_103,analogInput,2.0376787,,,,,,,,,,,,,
2026-04-22 17:57:00+00:00,presentValue,analogInput_103,analogInput,1.9482584,,,,,,,,,,,,,
2026-04-22 17:58:00+00:00,presentValue,analogInput_103,analogInput,1.709805,,,,,,,,,,,,,
2026-04-22 17:59:00+00:00,presentValue,analogInput_103,analogInput,1.4980202,,,,,,,,,,,,,
2026-04-22 18:00:00+00:00,presentValue,analogInput_103,analogInput,1.6621532,,,,,,,,,,,,,
2026-04-22 18:01:00+00:00,presentValue,analogInput_103,analogInput,1.3080025,,,,,,,,,,,,,
2026-04-22 18:02:00+00:00,presentValue,analogInput_103,analogInput,1.6350918,,,,,,,,,,,,,
2026-04-22 18:03:00+00:00,presentValue,analogInput_103,analogInput,1.4803715,,,,,,,,,,,,,
2026-04-22 18:04:00+00:00,presentValue,analogInput_103,analogInput,1.6872535,,,,,,,,,,,,,
2026-04-22 18:05:00+00:00,presentValue,analogInput_103,analogInput,1.6476421,,,,,,,,,,,,,
2026-04-22 18:06:00+00:00,presentValue,analogInput_103,analogInput,1.7764778,,,,,,,,,,,,,
2026-04-22 18:07:00+00:00,presentValue,analogInput_103,analogInput,1.7974601,,,,,,,,,,,,,
2026-04-22 18:08:00+00:00,presentValue,analogInput_103,analogInput,1.8841348,,,,,,,,,,,,,
2026-04-22 18:09:00+00:00,presentValue,analogInput_103,analogInput,1.9374733,,,,,,,,,,,,,
2026-04-22 18:10:00+00:00,presentValue,analogInput_103,analogInput,2.0151272,,,,,,,,,,,,,
2026-04-22 18:11:00+00:00,presentValue,analogInput_103,analogInput,2.0486598,,,,,,,,,,,,,
2026-04-22 18:12:00+00:00,presentValue,analogInput_103,analogInput,2.1129794,,,,,,,,,,,,,
2026-04-22 18:13:00+00:00,presentValue,analogInput_103,analogInput,2.1441588,,,,,,,,,,,,,
2026-04-22 18:14:00+00:00,presentValue,analogInput_103,analogInput,2.1812215,,,,,,,,,,,,,
2026-04-22 18:15:00+00:00,presentValue,analogInput_103,analogInput,2.192987,,,,,,,,,,,,,
2026-04-22 18:16:00+00:00,presentValue,analogInput_103,analogInput,2.1857314,,,,,,,,,,,,,
2026-04-22 18:17:00+00:00,presentValue,analogInput_103,analogInput,2.1822019,,,,,,,,,,,,,
2026-04-22 18:18:00+00:00,presentValue,analogInput_103,analogInput,2.1818094,,,,,,,,,,,,,
2026-04-22 18:19:00+00:00,presentValue,analogInput_103,analogInput,2.1935754,,,,,,,,,,,,,
2026-04-22 18:20:00+00:00,presentValue,analogInput_103,analogInput,2.200831,,,,,,,,,,,,,
2026-04-22 18:21:00+00:00,presentValue,analogInput_103,analogInput,2.182006,,,,,,,,,,,,,
2026-04-22 18:22:00+00:00,presentValue,analogInput_103,analogInput,2.1851435,,,,,,,,,,,,,
2026-04-22 18:23:00+00:00,presentValue,analogInput_103,analogInput,2.2029881,,,,,,,,,,,,,
2026-04-22 18:24:00+00:00,presentValue,analogInput_103,analogInput,2.1980853,,,,,,,,,,,,,
2026-04-22 18:25:00+00:00,presentValue,analogInput_103,analogInput,2.200831,,,,,,,,,,,,,
2026-04-22 18:26:00+00:00,presentValue,analogInput_103,analogInput,2.2031841,,,,,,,,,,,,,
2026-04-22 18:27:00+00:00,presentValue,analogInput_103,analogInput,2.1878886,,,,,,,,,,,,,
2026-04-22 18:28:00+00:00,presentValue,analogInput_103,analogInput,2.1863198,,,,,,,,,,,,,
2026-04-22 18:29:00+00:00,presentValue,analogInput_103,analogInput,2.1982813,,,,,,,,,,,,,
2026-04-22 18:30:00+00:00,presentValue,analogInput_103,analogInput,2.195732,,,,,,,,,,,,,
2026-04-22 18:31:00+00:00,presentValue,analogInput_103,analogInput,2.1947517,,,,,,,,,,,,,
2026-04-22 18:32:00+00:00,presentValue,analogInput_103,analogInput,2.1818094,,,,,,,,,,,,,
2026-04-22 18:33:00+00:00,presentValue,analogInput_103,analogInput,2.1873007,,,,,,,,,,,,,
2026-04-22 18:34:00+00:00,presentValue,analogInput_103,analogInput,2.1939673,,,,,,,,,,,,,
2026-04-22 18:35:00+00:00,presentValue,analogInput_103,analogInput,2.196517,,,,,,,,,,,,,
2026-04-22 18:36:00+00:00,presentValue,analogInput_103,analogInput,1.966495,,,,,,,,,,,,,
2026-04-22 18:37:00+00:00,presentValue,analogInput_103,analogInput,2.170632,,,,,,,,,,,,,
2026-04-22 18:38:00+00:00,presentValue,analogInput_103,analogInput,2.077486,,,,,,,,,,,,,
2026-04-22 18:39:00+00:00,presentValue,analogInput_103,analogInput,2.1735735,,,,,,,,,,,,,
2026-04-22 18:40:00+00:00,presentValue,analogInput_103,analogInput,2.1404333,,,,,,,,,,,,,
2026-04-22 18:41:00+00:00,presentValue,analogInput_103,analogInput,2.1722007,,,,,,,,,,,,,
2026-04-22 18:42:00+00:00,presentValue,analogInput_103,analogInput,2.1639647,,,,,,,,,,,,,
2026-04-22 18:43:00+00:00,presentValue,analogInput_103,analogInput,2.1796522,,,,,,,,,,,,,
2026-04-22 18:44:00+00:00,presentValue,analogInput_103,analogInput,2.1818094,,,,,,,,,,,,,
2026-04-22 18:45:00+00:00,presentValue,analogInput_103,analogInput,2.1829863,,,,,,,,,,,,,
2026-04-22 18:46:00+00:00,presentValue,analogInput_103,analogInput,2.1806326,,,,,,,,,,,,,
2026-04-22 18:47:00+00:00,presentValue,analogInput_103,analogInput,2.1804366,,,,,,,,,,,,,
2026-04-22 18:48:00+00:00,presentValue,analogInput_103,analogInput,2.1786718,,,,,,,,,,,,,
2026-04-22 18:49:00+00:00,presentValue,analogInput_103,analogInput,2.1876926,,,,,,,,,,,,,
2026-04-22 18:50:00+00:00,presentValue,analogInput_103,analogInput,2.1816134,,,,,,,,,,,,,
2026-04-22 18:51:00+00:00,presentValue,analogInput_103,analogInput,2.1865158,,,,,,,,,,,,,
2026-04-22 18:52:00+00:00,presentValue,analogInput_103,analogInput,2.1763186,,,,,,,,,,,,,
2026-04-22 18:53:00+00:00,presentValue,analogInput_103,analogInput,2.1782799,,,,,,,,,,,,,
2026-04-22 18:54:00+00:00,presentValue,analogInput_103,analogInput,2.1682787,,,,,,,,,,,,,
2026-04-22 18:55:00+00:00,presentValue,analogInput_103,analogInput,1.9198241,,,,,,,,,,,,,
2026-04-22 18:56:00+00:00,presentValue,analogInput_103,analogInput,2.130628,,,,,,,,,,,,,
2026-04-22 18:57:00+00:00,presentValue,analogInput_103,analogInput,2.050621,,,,,,,,,,,,,
2026-04-22 18:58:00+00:00,presentValue,analogInput_103,analogInput,2.1065083,,,,,,,,,,,,,
2026-04-22 18:59:00+00:00,presentValue,analogInput_103,analogInput,2.0878792,,,,,,,,,,,,,
2026-04-22 19:00:00+00:00,presentValue,analogInput_103,analogInput,2.1061163,,,,,,,,,,,,,
2026-04-22 19:01:00+00:00,presentValue,analogInput_103,analogInput,2.107685,,,,,,,,,,,,,
2026-04-22 19:02:00+00:00,presentValue,analogInput_103,analogInput,2.1084695,,,,,,,,,,,,,
2026-04-22 19:03:00+00:00,presentValue,analogInput_103,analogInput,2.1096458,,,,,,,,,,,,,
2026-04-22 19:04:00+00:00,presentValue,analogInput_103,analogInput,2.1096458,,,,,,,,,,,,,
2026-04-22 19:05:00+00:00,presentValue,analogInput_103,analogInput,2.1129794,,,,,,,,,,,,,
2026-04-22 19:06:00+00:00,presentValue,analogInput_103,analogInput,2.1074886,,,,,,,,,,,,,
2026-04-22 19:07:00+00:00,presentValue,analogInput_103,analogInput,2.1098418,,,,,,,,,,,,,
2026-04-22 19:08:00+00:00,presentValue,analogInput_103,analogInput,2.1027822,,,,,,,,,,,,,
2026-04-22 19:09:00+00:00,presentValue,analogInput_103,analogInput,2.097096,,,,,,,,,,,,,
2026-04-22 19:10:00+00:00,presentValue,analogInput_103,analogInput,2.0941544,,,,,,,,,,,,,
2026-04-22 19:11:00+00:00,presentValue,analogInput_103,analogInput,2.085526,,,,,,,,,,,,,
2026-04-22 19:12:00+00:00,presentValue,analogInput_103,analogInput,2.0792508,,,,,,,,,,,,,
2026-04-22 19:13:00+00:00,presentValue,analogInput_103,analogInput,2.0759172,,,,,,,,,,,,,
2026-04-22 19:14:00+00:00,presentValue,analogInput_103,analogInput,2.0672889,,,,,,,,,,,,,
2026-04-22 19:15:00+00:00,presentValue,analogInput_103,analogInput,2.0614061,,,,,,,,,,,,,
2026-04-22 19:16:00+00:00,presentValue,analogInput_103,analogInput,2.0529737,,,,,,,,,,,,,
2026-04-22 19:17:00+00:00,presentValue,analogInput_103,analogInput,2.0455222,,,,,,,,,,,,,
2026-04-22 19:18:00+00:00,presentValue,analogInput_103,analogInput,2.0500326,,,,,,,,,,,,,
2026-04-22 19:19:00+00:00,presentValue,analogInput_103,analogInput,1.9290409,,,,,,,,,,,,,
2026-04-22 19:20:00+00:00,presentValue,analogInput_103,analogInput,1.9482584,,,,,,,,,,,,,
2026-04-22 19:21:00+00:00,presentValue,analogInput_103,analogInput,1.8594265,,,,,,,,,,,,,
2026-04-22 19:22:00+00:00,presentValue,analogInput_103,analogInput,1.9488463,,,,,,,,,,,,,
2026-04-22 19:23:00+00:00,presentValue,analogInput_103,analogInput,1.8890371,,,,,,,,,,,,,
2026-04-22 19:24:00+00:00,presentValue,analogInput_103,analogInput,1.9441404,,,,,,,,,,,,,
2026-04-22 19:25:00+00:00,presentValue,analogInput_103,analogInput,1.9153142,,,,,,,,,,,,,
2026-04-22 19:26:00+00:00,presentValue,analogInput_103,analogInput,1.9457088,,,,,,,,,,,,,
2026-04-22 19:27:00+00:00,presentValue,analogInput_103,analogInput,1.9308057,,,,,,,,,,,,,
2026-04-22 19:28:00+00:00,presentValue,analogInput_103,analogInput,1.9521799,,,,,,,,,,,,,
2026-04-22 19:29:00+00:00,presentValue,analogInput_103,analogInput,1.9459047,,,,,,,,,,,,,
2026-04-22 19:30:00+00:00,presentValue,analogInput_103,analogInput,1.9568868,,,,,,,,,,,,,
2026-04-22 19:31:00+00:00,presentValue,analogInput_103,analogInput,1.9535532,,,,,,,,,,,,,
2026-04-22 19:32:00+00:00,presentValue,analogInput_103,analogInput,1.9559064,,,,,,,,,,,,,
2026-04-22 19:33:00+00:00,presentValue,analogInput_103,analogInput,1.9529648,,,,,,,,,,,,,
2026-04-22 19:34:00+00:00,presentValue,analogInput_103,analogInput,1.9561024,,,,,,,,,,,,,
2026-04-22 19:35:00+00:00,presentValue,analogInput_103,analogInput,1.9541411,,,,,,,,,,,,,
2026-04-22 19:36:00+00:00,presentValue,analogInput_103,analogInput,1.9519839,,,,,,,,,,,,,
2026-04-22 19:37:00+00:00,presentValue,analogInput_103,analogInput,1.947278,,,,,,,,,,,,,
2026-04-22 19:38:00+00:00,presentValue,analogInput_103,analogInput,1.9429636,,,,,,,,,,,,,
2026-04-22 19:39:00+00:00,presentValue,analogInput_103,analogInput,1.9419832,,,,,,,,,,,,,
2026-04-22 19:40:00+00:00,presentValue,analogInput_103,analogInput,1.9361005,,,,,,,,,,,,,
2026-04-22 19:41:00+00:00,presentValue,analogInput_103,analogInput,1.9345317,,,,,,,,,,,,,
2026-04-22 19:42:00+00:00,presentValue,analogInput_103,analogInput,1.9262953,,,,,,,,,,,,,
2026-04-22 19:43:00+00:00,presentValue,analogInput_103,analogInput,1.9174714,,,,,,,,,,,,,
2026-04-22 19:44:00+00:00,presentValue,analogInput_103,analogInput,1.909235,,,,,,,,,,,,,
2026-04-22 19:45:00+00:00,presentValue,analogInput_103,analogInput,1.9009991,,,,,,,,,,,,,
2026-04-22 19:46:00+00:00,presentValue,analogInput_103,analogInput,1.8937435,,,,,,,,,,,,,
2026-04-22 19:47:00+00:00,presentValue,analogInput_103,analogInput,1.8809972,,,,,,,,,,,,,
2026-04-22 19:48:00+00:00,presentValue,analogInput_103,analogInput,1.8696237,,,,,,,,,,,,,
2026-04-22 19:49:00+00:00,presentValue,analogInput_103,analogInput,1.8557005,,,,,,,,,,,,,
2026-04-22 19:50:00+00:00,presentValue,analogInput_103,analogInput,1.8411894,,,,,,,,,,,,,
2026-04-22 19:51:00+00:00,presentValue,analogInput_103,analogInput,1.8255019,,,,,,,,,,,,,
2026-04-22 19:52:00+00:00,presentValue,analogInput_103,analogInput,1.813932,,,,,,,,,,,,,
2026-04-22 19:53:00+00:00,presentValue,analogInput_103,analogInput,1.8025584,,,,,,,,,,,,,
2026-04-22 19:54:00+00:00,presentValue,analogInput_103,analogInput,1.7900081,,,,,,,,,,,,,
2026-04-22 19:55:00+00:00,presentValue,analogInput_103,analogInput,1.7762818,,,,,,,,,,,,,
2026-04-22 19:56:00+00:00,presentValue,analogInput_103,analogInput,1.763339,,,,,,,,,,,,,
2026-04-22 19:57:00+00:00,presentValue,analogInput_103,analogInput,1.7474551,,,,,,,,,,,,,
2026-04-22 19:58:00+00:00,presentValue,analogInput_103,analogInput,1.732552,,,,,,,,,,,,,
2026-04-22 19:59:00+00:00,presentValue,analogInput_103,analogInput,1.717452,,,,,,,,,,,,,
2026-04-22 20:00:00+00:00,presentValue,analogInput_103,analogInput,1.7031374,,,,,,,,,,,,,
2026-04-22 20:01:00+00:00,presentValue,analogInput_103,analogInput,1.6864691,,,,,,,,,,,,,
2026-04-22 20:02:00+00:00,presentValue,analogInput_103,analogInput,1.6733308,,,,,,,,,,,,,
2026-04-22 20:03:00+00:00,presentValue,analogInput_103,analogInput,1.6590157,,,,,,,,,,,,,
2026-04-22 20:04:00+00:00,presentValue,analogInput_103,analogInput,1.6466613,,,,,,,,,,,,,
2026-04-22 20:05:00+00:00,presentValue,analogInput_103,analogInput,1.6327391,,,,,,,,,,,,,
2026-04-22 20:06:00+00:00,presentValue,analogInput_103,analogInput,1.6188159,,,,,,,,,,,,,
2026-04-22 20:07:00+00:00,presentValue,analogInput_103,analogInput,1.6023436,,,,,,,,,,,,,
2026-04-22 20:08:00+00:00,presentValue,analogInput_103,analogInput,1.5897932,,,,,,,,,,,,,
2026-04-22 20:09:00+00:00,presentValue,analogInput_103,analogInput,1.5711641,,,,,,,,,,,,,
2026-04-22 20:10:00+00:00,presentValue,analogInput_103,analogInput,1.5546923,,,,,,,,,,,,,
2026-04-22 20:11:00+00:00,presentValue,analogInput_103,analogInput,1.5356708,,,,,,,,,,,,,
2026-04-22 20:12:00+00:00,presentValue,analogInput_103,analogInput,1.5205717,,,,,,,,,,,,,
2026-04-22 20:13:00+00:00,presentValue,analogInput_103,analogInput,1.5056677,,,,,,,,,,,,,
2026-04-22 20:14:00+00:00,presentValue,analogInput_103,analogInput,1.4880192,,,,,,,,,,,,,
2026-04-22 20:15:00+00:00,presentValue,analogInput_103,analogInput,1.4703705,,,,,,,,,,,,,
2026-04-22 20:16:00+00:00,presentValue,analogInput_103,analogInput,1.4519374,,,,,,,,,,,,,
2026-04-22 20:17:00+00:00,presentValue,analogInput_103,analogInput,1.4352696,,,,,,,,,,,,,
2026-04-22 20:18:00+00:00,presentValue,analogInput_103,analogInput,1.4201698,,,,,,,,,,,,,
2026-04-22 20:19:00+00:00,presentValue,analogInput_103,analogInput,1.4029133,,,,,,,,,,,,,
2026-04-22 20:20:00+00:00,presentValue,analogInput_103,analogInput,1.3403587,,,,,,,,,,,,,
2026-04-22 20:21:00+00:00,presentValue,analogInput_103,analogInput,1.2495658,,,,,,,,,,,,,
2026-04-22 20:22:00+00:00,presentValue,analogInput_103,analogInput,1.2189746,,,,,,,,,,,,,
2026-04-22 20:23:00+00:00,presentValue,analogInput_103,analogInput,1.2113266,,,,,,,,,,,,,
2026-04-22 20:24:00+00:00,presentValue,analogInput_103,analogInput,1.1599495,,,,,,,,,,,,,
2026-04-22 20:25:00+00:00,presentValue,analogInput_103,analogInput,1.1736763,,,,,,,,,,,,,
2026-04-22 20:26:00+00:00,presentValue,analogInput_103,analogInput,1.1338687,,,,,,,,,,,,,
2026-04-22 20:27:00+00:00,presentValue,analogInput_103,analogInput,1.1344571,,,,,,,,,,,,,
2026-04-22 20:28:00+00:00,presentValue,analogInput_103,analogInput,1.10465,,,,,,,,,,,,,
2026-04-22 20:29:00+00:00,presentValue,analogInput_103,analogInput,1.1001401,,,,,,,,,,,,,
2026-04-22 20:30:00+00:00,presentValue,analogInput_103,analogInput,1.0764122,,,,,,,,,,,,,
2026-04-22 20:31:00+00:00,presentValue,analogInput_103,analogInput,1.0648427,,,,,,,,,,,,,
2026-04-22 20:32:00+00:00,presentValue,analogInput_103,analogInput,1.0426838,,,,,,,,,,,,,
2026-04-22 20:33:00+00:00,presentValue,analogInput_103,analogInput,1.0291526,,,,,,,,,,,,,
2026-04-22 20:34:00+00:00,presentValue,analogInput_103,analogInput,1.0107198,,,,,,,,,,,,,
2026-04-22 20:35:00+00:00,presentValue,analogInput_103,analogInput,0.9967971,,,,,,,,,,,,,
2026-04-22 20:36:00+00:00,presentValue,analogInput_103,analogInput,0.98169756,,,,,,,,,,,,,
2026-04-22 20:37:00+00:00,presentValue,analogInput_103,analogInput,0.96718645,,,,,,,,,,,,,
2026-04-22 20:38:00+00:00,presentValue,analogInput_103,analogInput,0.9485574,,,,,,,,,,,,,
2026-04-22 20:39:00+00:00,presentValue,analogInput_103,analogInput,0.9330654,,,,,,,,,,,,,
2026-04-22 20:40:00+00:00,presentValue,analogInput_103,analogInput,0.9162011,,,,,,,,,,,,,
2026-04-22 20:41:00+00:00,presentValue,analogInput_103,analogInput,0.89914083,,,,,,,,,,,,,
2026-04-22 20:42:00+00:00,presentValue,analogInput_103,analogInput,0.88364935,,,,,,,,,,,,,
2026-04-22 20:43:00+00:00,presentValue,analogInput_103,analogInput,0.8677654,,,,,,,,,,,,,
2026-04-22 20:44:00+00:00,presentValue,analogInput_103,analogInput,0.8520775,,,,,,,,,,,,,
2026-04-22 20:45:00+00:00,presentValue,analogInput_103,analogInput,0.8348212,,,,,,,,,,,,,
2026-04-22 20:46:00+00:00,presentValue,analogInput_103,analogInput,0.82011366,,,,,,,,,,,,,
2026-04-22 20:47:00+00:00,presentValue,analogInput_103,analogInput,0.80383754,,,,,,,,,,,,,
2026-04-22 20:48:00+00:00,presentValue,analogInput_103,analogInput,0.7871697,,,,,,,,,,,,,
2026-04-22 20:49:00+00:00,presentValue,analogInput_103,analogInput,0.7687366,,,,,,,,,,,,,
2026-04-22 20:50:00+00:00,presentValue,analogInput_103,analogInput,0.75167584,,,,,,,,,,,,,
2026-04-22 20:51:00+00:00,presentValue,analogInput_103,analogInput,0.7338314,,,,,,,,,,,,,
2026-04-22 20:52:00+00:00,presentValue,analogInput_103,analogInput,0.7159867,,,,,,,,,,,,,
2026-04-22 20:53:00+00:00,presentValue,analogInput_103,analogInput,0.6995144,,,,,,,,,,,,,
2026-04-22 20:54:00+00:00,presentValue,analogInput_103,analogInput,0.68186545,,,,,,,,,,,,,
2026-04-22 20:55:00+00:00,presentValue,analogInput_103,analogInput,0.6655896,,,,,,,,,,,,,
2026-04-22 20:56:00+00:00,presentValue,analogInput_103,analogInput,0.6455877,,,,,,,,,,,,,
2026-04-22 20:57:00+00:00,presentValue,analogInput_103,analogInput,0.6216638,,,,,,,,,,,,,
2026-04-22 20:58:00+00:00,presentValue,analogInput_103,analogInput,0.59891653,,,,,,,,,,,,,
2026-04-22 20:59:00+00:00,presentValue,analogInput_103,analogInput,0.5749929,,,,,,,,,,,,,
2026-04-22 21:00:00+00:00,presentValue,analogInput_103,analogInput,0.55303,,,,,,,,,,,,,
2026-04-22 21:01:00+00:00,presentValue,analogInput_103,analogInput,0.53087115,,,,,,,,,,,,,
2026-04-22 21:02:00+00:00,presentValue,analogInput_103,analogInput,0.5093007,,,,,,,,,,,,,
2026-04-22 21:03:00+00:00,presentValue,analogInput_103,analogInput,0.48812222,,,,,,,,,,,,,
2026-04-22 21:04:00+00:00,presentValue,analogInput_103,analogInput,0.46890473,,,,,,,,,,,,,
2026-04-22 21:05:00+00:00,presentValue,analogInput_103,analogInput,0.44772625,,,,,,,,,,,,,
2026-04-22 21:06:00+00:00,presentValue,analogInput_103,analogInput,0.4279201,,,,,,,,,,,,,
2026-04-22 21:07:00+00:00,presentValue,analogInput_103,analogInput,0.40791845,,,,,,,,,,,,,
2026-04-22 21:08:00+00:00,presentValue,analogInput_103,analogInput,0.38948536,,,,,,,,,,,,,
2026-04-22 21:09:00+00:00,presentValue,analogInput_103,analogInput,0.37046385,,,,,,,,,,,,,
2026-04-22 21:10:00+00:00,presentValue,analogInput_103,analogInput,0.3514428,,,,,,,,,,,,,
2026-04-22 21:11:00+00:00,presentValue,analogInput_103,analogInput,0.33183312,,,,,,,,,,,,,
2026-04-22 21:12:00+00:00,presentValue,analogInput_103,analogInput,0.3141842,,,,,,,,,,,,,
2026-04-22 21:13:00+00:00,presentValue,analogInput_103,analogInput,0.29712367,,,,,,,,,,,,,
2026-04-22 21:14:00+00:00,presentValue,analogInput_103,analogInput,0.2796712,,,,,,,,,,,,,
2026-04-22 21:15:00+00:00,presentValue,analogInput_103,analogInput,0.26319933,,,,,,,,,,,,,
2026-04-22 21:16:00+00:00,presentValue,analogInput_103,analogInput,0.24751139,,,,,,,,,,,,,
2026-04-22 21:17:00+00:00,presentValue,analogInput_103,analogInput,0.2304511,,,,,,,,,,,,,
2026-04-22 21:18:00+00:00,presentValue,analogInput_103,analogInput,0.21613598,,,,,,,,,,,,,
2026-04-22 21:19:00+00:00,presentValue,analogInput_103,analogInput,0.19927144,,,,,,,,,,,,,
2026-04-22 21:20:00+00:00,presentValue,analogInput_103,analogInput,0.18279934,,,,,,,,,,,,,
2026-04-22 21:21:00+00:00,presentValue,analogInput_103,analogInput,0.16613126,,,,,,,,,,,,,
2026-04-22 21:22:00+00:00,presentValue,analogInput_103,analogInput,0.15083551,,,,,,,,,,,,,
2026-04-22 21:23:00+00:00,presentValue,analogInput_103,analogInput,0.13534403,,,,,,,,,,,,,
2026-04-22 21:24:00+00:00,presentValue,analogInput_103,analogInput,0.119264126,,,,,,,,,,,,,
2026-04-22 21:25:00+00:00,presentValue,analogInput_103,analogInput,0.10357642,,,,,,,,,,,,,
2026-04-22 21:26:00+00:00,presentValue,analogInput_103,analogInput,0.09141827,,,,,,,,,,,,,
2026-04-22 21:27:00+00:00,presentValue,analogInput_103,analogInput,0.07631898,,,,,,,,,,,,,
2026-04-22 21:28:00+00:00,presentValue,analogInput_103,analogInput,0.041805744,,,,,,,,,,,,,
2026-04-22 21:29:00+00:00,presentValue,analogInput_103,analogInput,0.021215677,,,,,,,,,,,,,
2026-04-22 21:30:00+00:00,presentValue,analogInput_103,analogInput,0.030432224,,,,,,,,,,,,,
2026-04-22 21:31:00+00:00,presentValue,analogInput_103,analogInput,0.019646883,,,,,,,,,,,,,
2026-04-22 21:32:00+00:00,presentValue,analogInput_103,analogInput,0.011999369,,,,,,,,,,,,,
2026-04-22 21:33:00+00:00,presentValue,analogInput_103,analogInput,0.0033707619,,,,,,,,,,,,,
2026-04-22 21:34:00+00:00,presentValue,analogInput_103,analogInput,0.00023317337,,,,,,,,,,,,,
2026-04-22 21:35:00+00:00,presentValue,analogInput_103,analogInput,-0.0009431839,,,,,,,,,,,,,
2026-04-22 21:36:00+00:00,presentValue,analogInput_103,analogInput,-0.00015878677,,,,,,,,,,,,,
2026-04-22 21:37:00+00:00,presentValue,analogInput_103,analogInput,-0.00055098534,,,,,,,,,,,,,
2026-04-22 21:38:00+00:00,presentValue,analogInput_103,analogInput,-0.0007472038,,,,,,,,,,,,,
2026-04-22 21:39:00+00:00,presentValue,analogInput_103,analogInput,-0.0009431839,,,,,,,,,,,,,
2026-04-22 21:40:00+00:00,presentValue,analogInput_103,analogInput,-0.0007472038,,,,,,,,,,,,,
2026-04-22 21:41:00+00:00,presentValue,analogInput_103,analogInput,-0.00055098534,,,,,,,,,,,,,
2026-04-22 21:42:00+00:00,presentValue,analogInput_103,analogInput,3.71933e-05,,,,,,,,,,,,,
2026-04-22 21:43:00+00:00,presentValue,analogInput_103,analogInput,-0.00015878677,,,,,,,,,,,,,
2026-04-22 21:44:00+00:00,presentValue,analogInput_103,analogInput,-0.00055098534,,,,,,,,,,,,,
2026-04-22 21:45:00+00:00,presentValue,analogInput_103,analogInput,-0.00035500526,,,,,,,,,,,,,
2026-04-22 21:46:00+00:00,presentValue,analogInput_103,analogInput,-0.00055098534,,,,,,,,,,,,,
2026-04-22 21:47:00+00:00,presentValue,analogInput_103,analogInput,-0.00055098534,,,,,,,,,,,,,
2026-04-22 21:48:00+00:00,presentValue,analogInput_103,analogInput,-0.00035500526,,,,,,,,,,,,,
2026-04-22 21:49:00+00:00,presentValue,analogInput_103,analogInput,-0.00035500526,,,,,,,,,,,,,
2026-04-22 21:50:00+00:00,presentValue,analogInput_103,analogInput,-0.0007472038,,,,,,,,,,,,,
2026-04-22 21:51:00+00:00,presentValue,analogInput_103,analogInput,-0.0013356209,,,,,,,,,,,,,
2026-04-22 21:52:00+00:00,presentValue,analogInput_103,analogInput,-0.00055098534,,,,,,,,,,,,,
2026-04-22 21:53:00+00:00,presentValue,analogInput_103,analogInput,-0.00055098534,,,,,,,,,,,,,
2026-04-22 21:54:00+00:00,presentValue,analogInput_103,analogInput,-0.00035500526,,,,,,,,,,,,,
2026-04-22 21:55:00+00:00,presentValue,analogInput_103,analogInput,-0.0007472038,,,,,,,,,,,,,
2026-04-22 21:56:00+00:00,presentValue,analogInput_103,analogInput,-0.00055098534,,,,,,,,,,,,,
2026-04-22 21:57:00+00:00,presentValue,analogInput_103,analogInput,-0.0007472038,,,,,,,,,,,,,
2026-04-22 21:58:00+00:00,presentValue,analogInput_103,analogInput,-0.00055098534,,,,,,,,,,,,,
2026-04-22 21:59:00+00:00,presentValue,analogInput_103,analogInput,-0.00055098534,,,,,,,,,,,,,
2026-04-22 22:00:00+00:00,presentValue,analogInput_103,analogInput,-0.00055098534,,,,,,,,,,,,,
2026-04-22 22:01:00+00:00,presentValue,analogInput_103,analogInput,-0.00055098534,,,,,,,,,,,,,
2026-04-22 22:02:00+00:00,presentValue,analogInput_103,analogInput,-0.00055098534,,,,,,,,,,,,,
2026-04-22 22:03:00+00:00,presentValue,analogInput_103,analogInput,-0.00055098534,,,,,,,,,,,,,
2026-04-22 22:04:00+00:00,presentValue,analogInput_103,analogInput,-0.00055098534,,,,,,,,,,,,,
2026-04-22 22:05:00+00:00,presentValue,analogInput_103,analogInput,-0.00055098534,,,,,,,,,,,,,
2026-04-22 22:06:00+00:00,presentValue,analogInput_103,analogInput,-0.00055098534,,,,,,,,,,,,,
2026-04-22 22:07:00+00:00,presentValue,analogInput_103,analogInput,-0.00055098534,,,,,,,,,,,,,
2026-04-22 22:08:00+00:00,presentValue,analogInput_103,analogInput,-0.0009431839,,,,,,,,,,,,,
2026-04-22 22:09:00+00:00,presentValue,analogInput_103,analogInput,-0.00055098534,,,,,,,,,,,,,
2026-04-22 22:10:00+00:00,presentValue,analogInput_103,analogInput,-0.0007472038,,,,,,,,,,,,,
2026-04-22 22:11:00+00:00,presentValue,analogInput_103,analogInput,-0.0009431839,,,,,,,,,,,,,
2026-04-22 22:12:00+00:00,presentValue,analogInput_103,analogInput,-0.00055098534,,,,,,,,,,,,,
2026-04-22 22:13:00+00:00,presentValue,analogInput_103,analogInput,-0.0009431839,,,,,,,,,,,,,
2026-04-22 22:14:00+00:00,presentValue,analogInput_103,analogInput,-0.00055098534,,,,,,,,,,,,,
2026-04-22 22:15:00+00:00,presentValue,analogInput_103,analogInput,-0.0007472038,,,,,,,,,,,,,
2026-04-22 22:16:00+00:00,presentValue,analogInput_103,analogInput,-0.00055098534,,,,,,,,,,,,,
2026-04-22 22:17:00+00:00,presentValue,analogInput_103,analogInput,-0.0007472038,,,,,,,,,,,,,
2026-04-22 22:18:00+00:00,presentValue,analogInput_103,analogInput,-0.0007472038,,,,,,,,,,,,,
2026-04-22 22:19:00+00:00,presentValue,analogInput_103,analogInput,-0.0007472038,,,,,,,,,,,,,
2026-04-22 22:20:00+00:00,presentValue,analogInput_103,analogInput,-0.00055098534,,,,,,,,,,,,,
2026-04-22 22:21:00+00:00,presentValue,analogInput_103,analogInput,-0.0007472038,,,,,,,,,,,,,
2026-04-22 22:22:00+00:00,presentValue,analogInput_103,analogInput,-0.00055098534,,,,,,,,,,,,,
2026-04-22 22:23:00+00:00,presentValue,analogInput_103,analogInput,-0.00055098534,,,,,,,,,,,,,
2026-04-22 22:24:00+00:00,presentValue,analogInput_103,analogInput,-0.0009431839,,,,,,,,,,,,,
2026-04-22 22:25:00+00:00,presentValue,analogInput_103,analogInput,-0.0009431839,,,,,,,,,,,,,
2026-04-22 22:26:00+00:00,presentValue,analogInput_103,analogInput,-0.0007472038,,,,,,,,,,,,,
2026-04-22 22:27:00+00:00,presentValue,analogInput_103,analogInput,-0.0009431839,,,,,,,,,,,,,
2026-04-22 22:28:00+00:00,presentValue,analogInput_103,analogInput,-0.0007472038,,,,,,,,,,,,,
2026-04-22 22:29:00+00:00,presentValue,analogInput_103,analogInput,-0.00055098534,,,,,,,,,,,,,
2026-04-22 22:30:00+00:00,presentValue,analogInput_103,analogInput,-0.0007472038,,,,,,,,,,,,,
2026-04-22 22:31:00+00:00,presentValue,analogInput_103,analogInput,-0.0007472038,,,,,,,,,,,,,
2026-04-22 22:32:00+00:00,presentValue,analogInput_103,analogInput,-0.0009431839,,,,,,,,,,,,,
2026-04-22 22:33:00+00:00,presentValue,analogInput_103,analogInput,-0.0007472038,,,,,,,,,,,,,
2026-04-22 22:34:00+00:00,presentValue,analogInput_103,analogInput,-0.0009431839,,,,,,,,,,,,,
2026-04-22 22:35:00+00:00,presentValue,analogInput_103,analogInput,-0.0007472038,,,,,,,,,,,,,
2026-04-22 22:36:00+00:00,presentValue,analogInput_103,analogInput,-0.0009431839,,,,,,,,,,,,,
2026-04-22 22:37:00+00:00,presentValue,analogInput_103,analogInput,-0.001139164,,,,,,,,,,,,,
2026-04-22 22:38:00+00:00,presentValue,analogInput_103,analogInput,-0.0009431839,,,,,,,,,,,,,
2026-04-22 22:39:00+00:00,presentValue,analogInput_103,analogInput,-0.001139164,,,,,,,,,,,,,
2026-04-22 22:40:00+00:00,presentValue,analogInput_103,analogInput,-0.0007472038,,,,,,,,,,,,,
2026-04-22 22:41:00+00:00,presentValue,analogInput_103,analogInput,-0.0007472038,,,,,,,,,,,,,
2026-04-22 22:42:00+00:00,presentValue,analogInput_103,analogInput,-0.0009431839,,,,,,,,,,,,,
2026-04-22 22:43:00+00:00,presentValue,analogInput_103,analogInput,-0.0009431839,,,,,,,,,,,,,
2026-04-22 22:44:00+00:00,presentValue,analogInput_103,analogInput,-0.001139164,,,,,,,,,,,,,
2026-04-22 22:45:00+00:00,presentValue,analogInput_103,analogInput,-0.001139164,,,,,,,,,,,,,
2026-04-22 22:46:00+00:00,presentValue,analogInput_103,analogInput,-0.0009431839,,,,,,,,,,,,,
2026-04-22 22:47:00+00:00,presentValue,analogInput_103,analogInput,-0.0009431839,,,,,,,,,,,,,
2026-04-22 22:48:00+00:00,presentValue,analogInput_103,analogInput,-0.0009431839,,,,,,,,,,,,,
2026-04-22 22:49:00+00:00,presentValue,analogInput_103,analogInput,-0.0009431839,,,,,,,,,,,,,
2026-04-22 22:50:00+00:00,presentValue,analogInput_103,analogInput,-0.001139164,,,,,,,,,,,,,
2026-04-22 22:51:00+00:00,presentValue,analogInput_103,analogInput,-0.0009431839,,,,,,,,,,,,,
2026-04-22 22:52:00+00:00,presentValue,analogInput_103,analogInput,-0.0007472038,,,,,,,,,,,,,
2026-04-22 22:53:00+00:00,presentValue,analogInput_103,analogInput,-0.0009431839,,,,,,,,,,,,,
2026-04-22 22:54:00+00:00,presentValue,analogInput_103,analogInput,-0.0007472038,,,,,,,,,,,,,
2026-04-22 22:55:00+00:00,presentValue,analogInput_103,analogInput,-0.0013356209,,,,,,,,,,,,,
2026-04-22 22:56:00+00:00,presentValue,analogInput_103,analogInput,-0.001139164,,,,,,,,,,,,,
2026-04-22 22:57:00+00:00,presentValue,analogInput_103,analogInput,-0.0009431839,,,,,,,,,,,,,
2026-04-22 22:58:00+00:00,presentValue,analogInput_103,analogInput,-0.0009431839,,,,,,,,,,,,,
2026-04-22 22:59:00+00:00,presentValue,analogInput_103,analogInput,-0.0009431839,,,,,,,,,,,,,
2026-04-22 23:00:00+00:00,presentValue,analogInput_103,analogInput,-0.0009431839,,,,,,,,,,,,,
2026-04-22 11:01:00+00:00,presentValue,analogInput_105,analogInput,,-0.011924744,,,,,,,,,,,,
2026-04-22 11:02:00+00:00,presentValue,analogInput_105,analogInput,,-0.011532307,,,,,,,,,,,,
2026-04-22 11:03:00+00:00,presentValue,analogInput_105,analogInput,,-0.011728525,,,,,,,,,,,,
2026-04-22 11:04:00+00:00,presentValue,analogInput_105,analogInput,,-0.011728525,,,,,,,,,,,,
2026-04-22 11:05:00+00:00,presentValue,analogInput_105,analogInput,,-0.011728525,,,,,,,,,,,,
2026-04-22 11:06:00+00:00,presentValue,analogInput_105,analogInput,,-0.012120724,,,,,,,,,,,,
2026-04-22 11:07:00+00:00,presentValue,analogInput_105,analogInput,,-0.012120724,,,,,,,,,,,,
2026-04-22 11:08:00+00:00,presentValue,analogInput_105,analogInput,,-0.012120724,,,,,,,,,,,,
2026-04-22 11:09:00+00:00,presentValue,analogInput_105,analogInput,,-0.011924744,,,,,,,,,,,,
2026-04-22 11:10:00+00:00,presentValue,analogInput_105,analogInput,,-0.011728525,,,,,,,,,,,,
2026-04-22 11:11:00+00:00,presentValue,analogInput_105,analogInput,,-0.011728525,,,,,,,,,,,,
2026-04-22 11:12:00+00:00,presentValue,analogInput_105,analogInput,,-0.011728525,,,,,,,,,,,,
2026-04-22 11:13:00+00:00,presentValue,analogInput_105,analogInput,,-0.011532307,,,,,,,,,,,,
2026-04-22 11:14:00+00:00,presentValue,analogInput_105,analogInput,,-0.011924744,,,,,,,,,,,,
2026-04-22 11:15:00+00:00,presentValue,analogInput_105,analogInput,,-0.011924744,,,,,,,,,,,,
2026-04-22 11:16:00+00:00,presentValue,analogInput_105,analogInput,,-0.011532307,,,,,,,,,,,,
2026-04-22 11:17:00+00:00,presentValue,analogInput_105,analogInput,,-0.011728525,,,,,,,,,,,,
2026-04-22 11:18:00+00:00,presentValue,analogInput_105,analogInput,,-0.011924744,,,,,,,,,,,,
2026-04-22 11:19:00+00:00,presentValue,analogInput_105,analogInput,,-0.011532307,,,,,,,,,,,,
2026-04-22 11:20:00+00:00,presentValue,analogInput_105,analogInput,,-0.011728525,,,,,,,,,,,,
2026-04-22 11:21:00+00:00,presentValue,analogInput_105,analogInput,,-0.011728525,,,,,,,,,,,,
2026-04-22 11:22:00+00:00,presentValue,analogInput_105,analogInput,,-0.011532307,,,,,,,,,,,,
2026-04-22 11:23:00+00:00,presentValue,analogInput_105,analogInput,,-0.011728525,,,,,,,,,,,,
2026-04-22 11:24:00+00:00,presentValue,analogInput_105,analogInput,,-0.011924744,,,,,,,,,,,,
2026-04-22 11:25:00+00:00,presentValue,analogInput_105,analogInput,,-0.011728525,,,,,,,,,,,,
2026-04-22 11:26:00+00:00,presentValue,analogInput_105,analogInput,,-0.011532307,,,,,,,,,,,,
2026-04-22 11:27:00+00:00,presentValue,analogInput_105,analogInput,,-0.012120724,,,,,,,,,,,,
2026-04-22 11:28:00+00:00,presentValue,analogInput_105,analogInput,,-0.011728525,,,,,,,,,,,,
2026-04-22 11:29:00+00:00,presentValue,analogInput_105,analogInput,,-0.012120724,,,,,,,,,,,,
2026-04-22 11:30:00+00:00,presentValue,analogInput_105,analogInput,,-0.012120724,,,,,,,,,,,,
2026-04-22 11:31:00+00:00,presentValue,analogInput_105,analogInput,,-0.011728525,,,,,,,,,,,,
2026-04-22 11:32:00+00:00,presentValue,analogInput_105,analogInput,,-0.011924744,,,,,,,,,,,,
2026-04-22 11:33:00+00:00,presentValue,analogInput_105,analogInput,,-0.011532307,,,,,,,,,,,,
2026-04-22 11:34:00+00:00,presentValue,analogInput_105,analogInput,,-0.011728525,,,,,,,,,,,,
2026-04-22 11:35:00+00:00,presentValue,analogInput_105,analogInput,,-0.011924744,,,,,,,,,,,,
2026-04-22 11:36:00+00:00,presentValue,analogInput_105,analogInput,,-0.011924744,,,,,,,,,,,,
2026-04-22 11:37:00+00:00,presentValue,analogInput_105,analogInput,,-0.011728525,,,,,,,,,,,,
2026-04-22 11:38:00+00:00,presentValue,analogInput_105,analogInput,,-0.012120724,,,,,,,,,,,,
2026-04-22 11:39:00+00:00,presentValue,analogInput_105,analogInput,,-0.011924744,,,,,,,,,,,,
2026-04-22 11:40:00+00:00,presentValue,analogInput_105,analogInput,,-0.012120724,,,,,,,,,,,,
2026-04-22 11:41:00+00:00,presentValue,analogInput_105,analogInput,,-0.011532307,,,,,,,,,,,,
2026-04-22 11:42:00+00:00,presentValue,analogInput_105,analogInput,,-0.011532307,,,,,,,,,,,,
2026-04-22 11:43:00+00:00,presentValue,analogInput_105,analogInput,,-0.011728525,,,,,,,,,,,,
2026-04-22 11:44:00+00:00,presentValue,analogInput_105,analogInput,,-0.011728525,,,,,,,,,,,,
2026-04-22 11:45:00+00:00,presentValue,analogInput_105,analogInput,,-0.012120724,,,,,,,,,,,,
2026-04-22 11:46:00+00:00,presentValue,analogInput_105,analogInput,,-0.011728525,,,,,,,,,,,,
2026-04-22 11:47:00+00:00,presentValue,analogInput_105,analogInput,,-0.011924744,,,,,,,,,,,,
2026-04-22 11:48:00+00:00,presentValue,analogInput_105,analogInput,,-0.011924744,,,,,,,,,,,,
2026-04-22 11:49:00+00:00,presentValue,analogInput_105,analogInput,,-0.011728525,,,,,,,,,,,,
2026-04-22 11:50:00+00:00,presentValue,analogInput_105,analogInput,,-0.012316942,,,,,,,,,,,,
2026-04-22 11:51:00+00:00,presentValue,analogInput_105,analogInput,,-0.011924744,,,,,,,,,,,,
2026-04-22 11:52:00+00:00,presentValue,analogInput_105,analogInput,,-0.012120724,,,,,,,,,,,,
2026-04-22 11:53:00+00:00,presentValue,analogInput_105,analogInput,,-0.012120724,,,,,,,,,,,,
2026-04-22 11:54:00+00:00,presentValue,analogInput_105,analogInput,,-0.012120724,,,,,,,,,,,,
2026-04-22 11:55:00+00:00,presentValue,analogInput_105,analogInput,,-0.011924744,,,,,,,,,,,,
2026-04-22 11:56:00+00:00,presentValue,analogInput_105,analogInput,,-0.012120724,,,,,,,,,,,,
2026-04-22 11:57:00+00:00,presentValue,analogInput_105,analogInput,,-0.011924744,,,,,,,,,,,,
2026-04-22 11:58:00+00:00,presentValue,analogInput_105,analogInput,,-0.012120724,,,,,,,,,,,,
2026-04-22 11:59:00+00:00,presentValue,analogInput_105,analogInput,,-0.011728525,,,,,,,,,,,,
2026-04-22 12:00:00+00:00,presentValue,analogInput_105,analogInput,,-0.011728525,,,,,,,,,,,,
2026-04-22 12:01:00+00:00,presentValue,analogInput_105,analogInput,,-0.012120724,,,,,,,,,,,,
2026-04-22 12:02:00+00:00,presentValue,analogInput_105,analogInput,,-0.011728525,,,,,,,,,,,,
2026-04-22 12:03:00+00:00,presentValue,analogInput_105,analogInput,,-0.012120724,,,,,,,,,,,,
2026-04-22 12:04:00+00:00,presentValue,analogInput_105,analogInput,,-0.011924744,,,,,,,,,,,,
2026-04-22 12:05:00+00:00,presentValue,analogInput_105,analogInput,,-0.011924744,,,,,,,,,,,,
2026-04-22 12:06:00+00:00,presentValue,analogInput_105,analogInput,,-0.011924744,,,,,,,,,,,,
2026-04-22 12:07:00+00:00,presentValue,analogInput_105,analogInput,,-0.012120724,,,,,,,,,,,,
2026-04-22 12:08:00+00:00,presentValue,analogInput_105,analogInput,,-0.012120724,,,,,,,,,,,,
2026-04-22 12:09:00+00:00,presentValue,analogInput_105,analogInput,,-0.012120724,,,,,,,,,,,,
2026-04-22 12:10:00+00:00,presentValue,analogInput_105,analogInput,,-0.012120724,,,,,,,,,,,,
2026-04-22 12:11:00+00:00,presentValue,analogInput_105,analogInput,,-0.012120724,,,,,,,,,,,,
2026-04-22 12:12:00+00:00,presentValue,analogInput_105,analogInput,,-0.012120724,,,,,,,,,,,,
2026-04-22 12:13:00+00:00,presentValue,analogInput_105,analogInput,,-0.012120724,,,,,,,,,,,,
2026-04-22 12:14:00+00:00,presentValue,analogInput_105,analogInput,,-0.012120724,,,,,,,,,,,,
2026-04-22 12:15:00+00:00,presentValue,analogInput_105,analogInput,,-0.011728525,,,,,,,,,,,,
2026-04-22 12:16:00+00:00,presentValue,analogInput_105,analogInput,,-0.011924744,,,,,,,,,,,,
2026-04-22 12:17:00+00:00,presentValue,analogInput_105,analogInput,,-0.012120724,,,,,,,,,,,,
2026-04-22 12:18:00+00:00,presentValue,analogInput_105,analogInput,,-0.012120724,,,,,,,,,,,,
2026-04-22 12:19:00+00:00,presentValue,analogInput_105,analogInput,,-0.012120724,,,,,,,,,,,,
2026-04-22 12:20:00+00:00,presentValue,analogInput_105,analogInput,,-0.011924744,,,,,,,,,,,,
2026-04-22 12:21:00+00:00,presentValue,analogInput_105,analogInput,,-0.012120724,,,,,,,,,,,,
2026-04-22 12:22:00+00:00,presentValue,analogInput_105,analogInput,,-0.011924744,,,,,,,,,,,,
2026-04-22 12:23:00+00:00,presentValue,analogInput_105,analogInput,,-0.011728525,,,,,,,,,,,,
2026-04-22 12:24:00+00:00,presentValue,analogInput_105,analogInput,,-0.011728525,,,,,,,,,,,,
2026-04-22 12:25:00+00:00,presentValue,analogInput_105,analogInput,,-0.011924744,,,,,,,,,,,,
2026-04-22 12:26:00+00:00,presentValue,analogInput_105,analogInput,,-0.011924744,,,,,,,,,,,,
2026-04-22 12:27:00+00:00,presentValue,analogInput_105,analogInput,,-0.011532307,,,,,,,,,,,,
2026-04-22 12:28:00+00:00,presentValue,analogInput_105,analogInput,,-0.011924744,,,,,,,,,,,,
2026-04-22 12:29:00+00:00,presentValue,analogInput_105,analogInput,,-0.011728525,,,,,,,,,,,,
2026-04-22 12:30:00+00:00,presentValue,analogInput_105,analogInput,,-0.011924744,,,,,,,,,,,,
2026-04-22 12:31:00+00:00,presentValue,analogInput_105,analogInput,,-0.011924744,,,,,,,,,,,,
2026-04-22 12:32:00+00:00,presentValue,analogInput_105,analogInput,,-0.011532307,,,,,,,,,,,,
2026-04-22 12:33:00+00:00,presentValue,analogInput_105,analogInput,,-0.011728525,,,,,,,,,,,,
2026-04-22 12:34:00+00:00,presentValue,analogInput_105,analogInput,,-0.011532307,,,,,,,,,,,,
2026-04-22 12:35:00+00:00,presentValue,analogInput_105,analogInput,,-0.011728525,,,,,,,,,,,,
2026-04-22 12:36:00+00:00,presentValue,analogInput_105,analogInput,,-0.011532307,,,,,,,,,,,,
2026-04-22 12:37:00+00:00,presentValue,analogInput_105,analogInput,,-0.012120724,,,,,,,,,,,,
2026-04-22 12:38:00+00:00,presentValue,analogInput_105,analogInput,,-0.011924744,,,,,,,,,,,,
2026-04-22 12:39:00+00:00,presentValue,analogInput_105,analogInput,,-0.011532307,,,,,,,,,,,,
2026-04-22 12:40:00+00:00,presentValue,analogInput_105,analogInput,,-0.011924744,,,,,,,,,,,,
2026-04-22 12:41:00+00:00,presentValue,analogInput_105,analogInput,,-0.011728525,,,,,,,,,,,,
2026-04-22 12:42:00+00:00,presentValue,analogInput_105,analogInput,,-0.011532307,,,,,,,,,,,,
2026-04-22 12:43:00+00:00,presentValue,analogInput_105,analogInput,,-0.011532307,,,,,,,,,,,,
2026-04-22 12:44:00+00:00,presentValue,analogInput_105,analogInput,,-0.011924744,,,,,,,,,,,,
2026-04-22 12:45:00+00:00,presentValue,analogInput_105,analogInput,,-0.011728525,,,,,,,,,,,,
2026-04-22 12:46:00+00:00,presentValue,analogInput_105,analogInput,,-0.011728525,,,,,,,,,,,,
2026-04-22 12:47:00+00:00,presentValue,analogInput_105,analogInput,,-0.011532307,,,,,,,,,,,,
2026-04-22 12:48:00+00:00,presentValue,analogInput_105,analogInput,,-0.011336327,,,,,,,,,,,,
2026-04-22 12:49:00+00:00,presentValue,analogInput_105,analogInput,,-0.011924744,,,,,,,,,,,,
2026-04-22 12:50:00+00:00,presentValue,analogInput_105,analogInput,,-0.011532307,,,,,,,,,,,,
2026-04-22 12:51:00+00:00,presentValue,analogInput_105,analogInput,,-0.011532307,,,,,,,,,,,,
2026-04-22 12:52:00+00:00,presentValue,analogInput_105,analogInput,,-0.011532307,,,,,,,,,,,,
2026-04-22 12:53:00+00:00,presentValue,analogInput_105,analogInput,,-0.011728525,,,,,,,,,,,,
2026-04-22 12:54:00+00:00,presentValue,analogInput_105,analogInput,,-0.011728525,,,,,,,,,,,,
2026-04-22 12:55:00+00:00,presentValue,analogInput_105,analogInput,,-0.011532307,,,,,,,,,,,,
2026-04-22 12:56:00+00:00,presentValue,analogInput_105,analogInput,,-0.011728525,,,,,,,,,,,,
2026-04-22 12:57:00+00:00,presentValue,analogInput_105,analogInput,,-0.011728525,,,,,,,,,,,,
2026-04-22 12:58:00+00:00,presentValue,analogInput_105,analogInput,,-0.011336327,,,,,,,,,,,,
2026-04-22 12:59:00+00:00,presentValue,analogInput_105,analogInput,,-0.011336327,,,,,,,,,,,,
2026-04-22 13:00:00+00:00,presentValue,analogInput_105,analogInput,,-0.011532307,,,,,,,,,,,,
2026-04-22 13:01:00+00:00,presentValue,analogInput_105,analogInput,,-0.011532307,,,,,,,,,,,,
2026-04-22 13:02:00+00:00,presentValue,analogInput_105,analogInput,,-0.011728525,,,,,,,,,,,,
2026-04-22 13:03:00+00:00,presentValue,analogInput_105,analogInput,,-0.011728525,,,,,,,,,,,,
2026-04-22 13:04:00+00:00,presentValue,analogInput_105,analogInput,,-0.011336327,,,,,,,,,,,,
2026-04-22 13:05:00+00:00,presentValue,analogInput_105,analogInput,,-0.011924744,,,,,,,,,,,,
2026-04-22 13:06:00+00:00,presentValue,analogInput_105,analogInput,,-0.011532307,,,,,,,,,,,,
2026-04-22 13:07:00+00:00,presentValue,analogInput_105,analogInput,,-0.011336327,,,,,,,,,,,,
2026-04-22 13:08:00+00:00,presentValue,analogInput_105,analogInput,,-0.011532307,,,,,,,,,,,,
2026-04-22 13:09:00+00:00,presentValue,analogInput_105,analogInput,,-0.011532307,,,,,,,,,,,,
2026-04-22 13:10:00+00:00,presentValue,analogInput_105,analogInput,,-0.011532307,,,,,,,,,,,,
2026-04-22 13:11:00+00:00,presentValue,analogInput_105,analogInput,,-0.011728525,,,,,,,,,,,,
2026-04-22 13:12:00+00:00,presentValue,analogInput_105,analogInput,,-0.011532307,,,,,,,,,,,,
2026-04-22 13:13:00+00:00,presentValue,analogInput_105,analogInput,,-0.011728525,,,,,,,,,,,,
2026-04-22 13:14:00+00:00,presentValue,analogInput_105,analogInput,,-0.011532307,,,,,,,,,,,,
2026-04-22 13:15:00+00:00,presentValue,analogInput_105,analogInput,,-0.011336327,,,,,,,,,,,,
2026-04-22 13:16:00+00:00,presentValue,analogInput_105,analogInput,,-0.011532307,,,,,,,,,,,,
2026-04-22 13:17:00+00:00,presentValue,analogInput_105,analogInput,,0.14181519,,,,,,,,,,,,
2026-04-22 13:18:00+00:00,presentValue,analogInput_105,analogInput,,0.14946318,,,,,,,,,,,,
2026-04-22 13:19:00+00:00,presentValue,analogInput_105,analogInput,,0.14220762,,,,,,,,,,,,
2026-04-22 13:20:00+00:00,presentValue,analogInput_105,analogInput,,0.1443646,,,,,,,,,,,,
2026-04-22 13:21:00+00:00,presentValue,analogInput_105,analogInput,,0.1439724,,,,,,,,,,,,
2026-04-22 13:22:00+00:00,presentValue,analogInput_105,analogInput,,0.14593339,,,,,,,,,,,,
2026-04-22 13:23:00+00:00,presentValue,analogInput_105,analogInput,,0.14357996,,,,,,,,,,,,
2026-04-22 13:24:00+00:00,presentValue,analogInput_105,analogInput,,0.14181519,,,,,,,,,,,,
2026-04-22 13:25:00+00:00,presentValue,analogInput_105,analogInput,,0.14357996,,,,,,,,,,,,
2026-04-22 13:26:00+00:00,presentValue,analogInput_105,analogInput,,0.14416838,,,,,,,,,,,,
2026-04-22 13:27:00+00:00,presentValue,analogInput_105,analogInput,,0.14416838,,,,,,,,,,,,
2026-04-22 13:28:00+00:00,presentValue,analogInput_105,analogInput,,0.1439724,,,,,,,,,,,,
2026-04-22 13:29:00+00:00,presentValue,analogInput_105,analogInput,,0.14456058,,,,,,,,,,,,
2026-04-22 13:30:00+00:00,presentValue,analogInput_105,analogInput,,0.14357996,,,,,,,,,,,,
2026-04-22 13:31:00+00:00,presentValue,analogInput_105,analogInput,,0.1443646,,,,,,,,,,,,
2026-04-22 13:32:00+00:00,presentValue,analogInput_105,analogInput,,0.143188,,,,,,,,,,,,
2026-04-22 13:33:00+00:00,presentValue,analogInput_105,analogInput,,0.1443646,,,,,,,,,,,,
2026-04-22 13:34:00+00:00,presentValue,analogInput_105,analogInput,,0.1439724,,,,,,,,,,,,
2026-04-22 13:35:00+00:00,presentValue,analogInput_105,analogInput,,0.14416838,,,,,,,,,,,,
2026-04-22 13:36:00+00:00,presentValue,analogInput_105,analogInput,,0.1424036,,,,,,,,,,,,
2026-04-22 13:37:00+00:00,presentValue,analogInput_105,analogInput,,0.143188,,,,,,,,,,,,
2026-04-22 13:38:00+00:00,presentValue,analogInput_105,analogInput,,-0.011336327,,,,,,,,,,,,
2026-04-22 13:39:00+00:00,presentValue,analogInput_105,analogInput,,0.14357996,,,,,,,,,,,,
2026-04-22 13:40:00+00:00,presentValue,analogInput_105,analogInput,,0.1424036,,,,,,,,,,,,
2026-04-22 13:41:00+00:00,presentValue,analogInput_105,analogInput,,-0.0111403465,,,,,,,,,,,,
2026-04-22 13:42:00+00:00,presentValue,analogInput_105,analogInput,,-0.011336327,,,,,,,,,,,,
2026-04-22 13:43:00+00:00,presentValue,analogInput_105,analogInput,,-0.011728525,,,,,,,,,,,,
2026-04-22 13:44:00+00:00,presentValue,analogInput_105,analogInput,,-0.011336327,,,,,,,,,,,,
2026-04-22 13:45:00+00:00,presentValue,analogInput_105,analogInput,,-0.011532307,,,,,,,,,,,,
2026-04-22 13:46:00+00:00,presentValue,analogInput_105,analogInput,,-0.011532307,,,,,,,,,,,,
2026-04-22 13:47:00+00:00,presentValue,analogInput_105,analogInput,,-0.011532307,,,,,,,,,,,,
2026-04-22 13:48:00+00:00,presentValue,analogInput_105,analogInput,,-0.011728525,,,,,,,,,,,,
2026-04-22 13:49:00+00:00,presentValue,analogInput_105,analogInput,,0.14338398,,,,,,,,,,,,
2026-04-22 13:50:00+00:00,presentValue,analogInput_105,analogInput,,0.1424036,,,,,,,,,,,,
2026-04-22 13:51:00+00:00,presentValue,analogInput_105,analogInput,,0.14357996,,,,,,,,,,,,
2026-04-22 13:52:00+00:00,presentValue,analogInput_105,analogInput,,0.14338398,,,,,,,,,,,,
2026-04-22 13:53:00+00:00,presentValue,analogInput_105,analogInput,,0.14456058,,,,,,,,,,,,
2026-04-22 13:54:00+00:00,presentValue,analogInput_105,analogInput,,0.1443646,,,,,,,,,,,,
2026-04-22 13:55:00+00:00,presentValue,analogInput_105,analogInput,,0.14299178,,,,,,,,,,,,
2026-04-22 13:56:00+00:00,presentValue,analogInput_105,analogInput,,0.14201117,,,,,,,,,,,,
2026-04-22 13:57:00+00:00,presentValue,analogInput_105,analogInput,,0.143188,,,,,,,,,,,,
2026-04-22 13:58:00+00:00,presentValue,analogInput_105,analogInput,,0.14338398,,,,,,,,,,,,
2026-04-22 13:59:00+00:00,presentValue,analogInput_105,analogInput,,0.143188,,,,,,,,,,,,
2026-04-22 14:00:00+00:00,presentValue,analogInput_105,analogInput,,0.14338398,,,,,,,,,,,,
2026-04-22 14:01:00+00:00,presentValue,analogInput_105,analogInput,,0.1439724,,,,,,,,,,,,
2026-04-22 14:02:00+00:00,presentValue,analogInput_105,analogInput,,0.1424036,,,,,,,,,,,,
2026-04-22 14:03:00+00:00,presentValue,analogInput_105,analogInput,,0.14299178,,,,,,,,,,,,
2026-04-22 14:04:00+00:00,presentValue,analogInput_105,analogInput,,0.14377642,,,,,,,,,,,,
2026-04-22 14:05:00+00:00,presentValue,analogInput_105,analogInput,,0.1424036,,,,,,,,,,,,
2026-04-22 14:06:00+00:00,presentValue,analogInput_105,analogInput,,0.14259958,,,,,,,,,,,,
2026-04-22 14:07:00+00:00,presentValue,analogInput_105,analogInput,,0.14338398,,,,,,,,,,,,
2026-04-22 14:08:00+00:00,presentValue,analogInput_105,analogInput,,0.14338398,,,,,,,,,,,,
2026-04-22 14:09:00+00:00,presentValue,analogInput_105,analogInput,,0.1427958,,,,,,,,,,,,
2026-04-22 14:10:00+00:00,presentValue,analogInput_105,analogInput,,0.14220762,,,,,,,,,,,,
2026-04-22 14:11:00+00:00,presentValue,analogInput_105,analogInput,,0.14416838,,,,,,,,,,,,
2026-04-22 14:12:00+00:00,presentValue,analogInput_105,analogInput,,0.1424036,,,,,,,,,,,,
2026-04-22 14:13:00+00:00,presentValue,analogInput_105,analogInput,,0.14416838,,,,,,,,,,,,
2026-04-22 14:14:00+00:00,presentValue,analogInput_105,analogInput,,0.14416838,,,,,,,,,,,,
2026-04-22 14:15:00+00:00,presentValue,analogInput_105,analogInput,,0.1447568,,,,,,,,,,,,
2026-04-22 14:16:00+00:00,presentValue,analogInput_105,analogInput,,0.14377642,,,,,,,,,,,,
2026-04-22 14:17:00+00:00,presentValue,analogInput_105,analogInput,,0.14338398,,,,,,,,,,,,
2026-04-22 14:18:00+00:00,presentValue,analogInput_105,analogInput,,0.14357996,,,,,,,,,,,,
2026-04-22 14:19:00+00:00,presentValue,analogInput_105,analogInput,,0.14456058,,,,,,,,,,,,
2026-04-22 14:20:00+00:00,presentValue,analogInput_105,analogInput,,0.1447568,,,,,,,,,,,,
2026-04-22 14:21:00+00:00,presentValue,analogInput_105,analogInput,,0.1443646,,,,,,,,,,,,
2026-04-22 14:22:00+00:00,presentValue,analogInput_105,analogInput,,0.14416838,,,,,,,,,,,,
2026-04-22 14:23:00+00:00,presentValue,analogInput_105,analogInput,,0.14416838,,,,,,,,,,,,
2026-04-22 14:24:00+00:00,presentValue,analogInput_105,analogInput,,0.1447568,,,,,,,,,,,,
2026-04-22 14:25:00+00:00,presentValue,analogInput_105,analogInput,,0.1439724,,,,,,,,,,,,
2026-04-22 14:26:00+00:00,presentValue,analogInput_105,analogInput,,0.1443646,,,,,,,,,,,,
2026-04-22 14:27:00+00:00,presentValue,analogInput_105,analogInput,,0.14357996,,,,,,,,,,,,
2026-04-22 14:28:00+00:00,presentValue,analogInput_105,analogInput,,0.14495277,,,,,,,,,,,,
2026-04-22 14:29:00+00:00,presentValue,analogInput_105,analogInput,,0.14534521,,,,,,,,,,,,
2026-04-22 14:30:00+00:00,presentValue,analogInput_105,analogInput,,0.14495277,,,,,,,,,,,,
2026-04-22 14:31:00+00:00,presentValue,analogInput_105,analogInput,,0.14377642,,,,,,,,,,,,
2026-04-22 14:32:00+00:00,presentValue,analogInput_105,analogInput,,0.1443646,,,,,,,,,,,,
2026-04-22 14:33:00+00:00,presentValue,analogInput_105,analogInput,,0.1443646,,,,,,,,,,,,
2026-04-22 14:34:00+00:00,presentValue,analogInput_105,analogInput,,0.1447568,,,,,,,,,,,,
2026-04-22 14:35:00+00:00,presentValue,analogInput_105,analogInput,,0.1447568,,,,,,,,,,,,
2026-04-22 14:36:00+00:00,presentValue,analogInput_105,analogInput,,-0.009375334,,,,,,,,,,,,
2026-04-22 14:37:00+00:00,presentValue,analogInput_105,analogInput,,0.1447568,,,,,,,,,,,,
2026-04-22 14:38:00+00:00,presentValue,analogInput_105,analogInput,,0.1424036,,,,,,,,,,,,
2026-04-22 14:39:00+00:00,presentValue,analogInput_105,analogInput,,0.14514875,,,,,,,,,,,,
2026-04-22 14:40:00+00:00,presentValue,analogInput_105,analogInput,,0.1443646,,,,,,,,,,,,
2026-04-22 14:41:00+00:00,presentValue,analogInput_105,analogInput,,0.14534521,,,,,,,,,,,,
2026-04-22 14:42:00+00:00,presentValue,analogInput_105,analogInput,,0.1443646,,,,,,,,,,,,
2026-04-22 14:43:00+00:00,presentValue,analogInput_105,analogInput,,0.14514875,,,,,,,,,,,,
2026-04-22 14:44:00+00:00,presentValue,analogInput_105,analogInput,,0.14495277,,,,,,,,,,,,
2026-04-22 14:45:00+00:00,presentValue,analogInput_105,analogInput,,0.1439724,,,,,,,,,,,,
2026-04-22 14:46:00+00:00,presentValue,analogInput_105,analogInput,,0.1439724,,,,,,,,,,,,
2026-04-22 14:47:00+00:00,presentValue,analogInput_105,analogInput,,0.14612937,,,,,,,,,,,,
2026-04-22 14:48:00+00:00,presentValue,analogInput_105,analogInput,,0.14573717,,,,,,,,,,,,
2026-04-22 14:49:00+00:00,presentValue,analogInput_105,analogInput,,0.14514875,,,,,,,,,,,,
2026-04-22 14:50:00+00:00,presentValue,analogInput_105,analogInput,,0.14652157,,,,,,,,,,,,
2026-04-22 14:51:00+00:00,presentValue,analogInput_105,analogInput,,0.14612937,,,,,,,,,,,,
2026-04-22 14:52:00+00:00,presentValue,analogInput_105,analogInput,,0.14632559,,,,,,,,,,,,
2026-04-22 14:53:00+00:00,presentValue,analogInput_105,analogInput,,0.14671755,,,,,,,,,,,,
2026-04-22 14:54:00+00:00,presentValue,analogInput_105,analogInput,,0.146914,,,,,,,,,,,,
2026-04-22 14:55:00+00:00,presentValue,analogInput_105,analogInput,,0.14789438,,,,,,,,,,,,
2026-04-22 14:56:00+00:00,presentValue,analogInput_105,analogInput,,0.14789438,,,,,,,,,,,,
2026-04-22 14:57:00+00:00,presentValue,analogInput_105,analogInput,,0.14730597,,,,,,,,,,,,
2026-04-22 14:58:00+00:00,presentValue,analogInput_105,analogInput,,0.14828634,,,,,,,,,,,,
2026-04-22 14:59:00+00:00,presentValue,analogInput_105,analogInput,,0.14809036,,,,,,,,,,,,
2026-04-22 15:00:00+00:00,presentValue,analogInput_105,analogInput,,0.14730597,,,,,,,,,,,,
2026-04-22 15:01:00+00:00,presentValue,analogInput_105,analogInput,,0.14887476,,,,,,,,,,,,
2026-04-22 15:02:00+00:00,presentValue,analogInput_105,analogInput,,0.14652157,,,,,,,,,,,,
2026-04-22 15:03:00+00:00,presentValue,analogInput_105,analogInput,,0.14887476,,,,,,,,,,,,
2026-04-22 15:04:00+00:00,presentValue,analogInput_105,analogInput,,0.1484828,,,,,,,,,,,,
2026-04-22 15:05:00+00:00,presentValue,analogInput_105,analogInput,,0.14887476,,,,,,,,,,,,
2026-04-22 15:06:00+00:00,presentValue,analogInput_105,analogInput,,0.14946318,,,,,,,,,,,,
2026-04-22 15:07:00+00:00,presentValue,analogInput_105,analogInput,,0.14946318,,,,,,,,,,,,
2026-04-22 15:08:00+00:00,presentValue,analogInput_105,analogInput,,0.14907098,,,,,,,,,,,,
2026-04-22 15:09:00+00:00,presentValue,analogInput_105,analogInput,,0.1500516,,,,,,,,,,,,
2026-04-22 15:10:00+00:00,presentValue,analogInput_105,analogInput,,0.1484828,,,,,,,,,,,,
2026-04-22 15:11:00+00:00,presentValue,analogInput_105,analogInput,,0.14789438,,,,,,,,,,,,
2026-04-22 15:12:00+00:00,presentValue,analogInput_105,analogInput,,0.14867878,,,,,,,,,,,,
2026-04-22 15:13:00+00:00,presentValue,analogInput_105,analogInput,,0.14926696,,,,,,,,,,,,
2026-04-22 15:14:00+00:00,presentValue,analogInput_105,analogInput,,0.14946318,,,,,,,,,,,,
2026-04-22 15:15:00+00:00,presentValue,analogInput_105,analogInput,,0.14946318,,,,,,,,,,,,
2026-04-22 15:16:00+00:00,presentValue,analogInput_105,analogInput,,0.14730597,,,,,,,,,,,,
2026-04-22 15:17:00+00:00,presentValue,analogInput_105,analogInput,,0.14710999,,,,,,,,,,,,
2026-04-22 15:18:00+00:00,presentValue,analogInput_105,analogInput,,0.14887476,,,,,,,,,,,,
2026-04-22 15:19:00+00:00,presentValue,analogInput_105,analogInput,,0.14769816,,,,,,,,,,,,
2026-04-22 15:20:00+00:00,presentValue,analogInput_105,analogInput,,0.1484828,,,,,,,,,,,,
2026-04-22 15:21:00+00:00,presentValue,analogInput_105,analogInput,,0.1484828,,,,,,,,,,,,
2026-04-22 15:22:00+00:00,presentValue,analogInput_105,analogInput,,0.14671755,,,,,,,,,,,,
2026-04-22 15:23:00+00:00,presentValue,analogInput_105,analogInput,,0.14828634,,,,,,,,,,,,
2026-04-22 15:24:00+00:00,presentValue,analogInput_105,analogInput,,0.14946318,,,,,,,,,,,,
2026-04-22 15:25:00+00:00,presentValue,analogInput_105,analogInput,,0.15534568,,,,,,,,,,,,
2026-04-22 15:26:00+00:00,presentValue,analogInput_105,analogInput,,0.16652346,,,,,,,,,,,,
2026-04-22 15:27:00+00:00,presentValue,analogInput_105,analogInput,,0.17044544,,,,,,,,,,,,
2026-04-22 15:28:00+00:00,presentValue,analogInput_105,analogInput,,0.1933887,,,,,,,,,,,,
2026-04-22 15:29:00+00:00,presentValue,analogInput_105,analogInput,,0.24260879,,,,,,,,,,,,
2026-04-22 15:30:00+00:00,presentValue,analogInput_105,analogInput,,0.23868704,,,,,,,,,,,,
2026-04-22 15:31:00+00:00,presentValue,analogInput_105,analogInput,,0.30888987,,,,,,,,,,,,
2026-04-22 15:32:00+00:00,presentValue,analogInput_105,analogInput,,0.32575393,,,,,,,,,,,,
2026-04-22 15:33:00+00:00,presentValue,analogInput_105,analogInput,,0.38811255,,,,,,,,,,,,
2026-04-22 15:34:00+00:00,presentValue,analogInput_105,analogInput,,0.42242956,,,,,,,,,,,,
2026-04-22 15:35:00+00:00,presentValue,analogInput_105,analogInput,,0.47949362,,,,,,,,,,,,
2026-04-22 15:36:00+00:00,presentValue,analogInput_105,analogInput,,0.52518415,,,,,,,,,,,,
2026-04-22 15:37:00+00:00,presentValue,analogInput_105,analogInput,,0.5810721,,,,,,,,,,,,
2026-04-22 15:38:00+00:00,presentValue,analogInput_105,analogInput,,0.6330373,,,,,,,,,,,,
2026-04-22 15:39:00+00:00,presentValue,analogInput_105,analogInput,,0.6918664,,,,,,,,,,,,
2026-04-22 15:40:00+00:00,presentValue,analogInput_105,analogInput,,0.7459893,,,,,,,,,,,,
2026-04-22 15:41:00+00:00,presentValue,analogInput_105,analogInput,,0.8048184,,,,,,,,,,,,
2026-04-22 15:42:00+00:00,presentValue,analogInput_105,analogInput,,0.8667846,,,,,,,,,,,,
2026-04-22 15:43:00+00:00,presentValue,analogInput_105,analogInput,,0.9305165,,,,,,,,,,,,
2026-04-22 15:44:00+00:00,presentValue,analogInput_105,analogInput,,0.9971893,,,,,,,,,,,,
2026-04-22 15:45:00+00:00,presentValue,analogInput_105,analogInput,,1.0620971,,,,,,,,,,,,
2026-04-22 15:46:00+00:00,presentValue,analogInput_105,analogInput,,1.1403396,,,,,,,,,,,,
2026-04-22 15:47:00+00:00,presentValue,analogInput_105,analogInput,,1.2048557,,,,,,,,,,,,
2026-04-22 15:48:00+00:00,presentValue,analogInput_105,analogInput,,1.2785878,,,,,,,,,,,,
2026-04-22 15:49:00+00:00,presentValue,analogInput_105,analogInput,,1.3527126,,,,,,,,,,,,
2026-04-22 15:50:00+00:00,presentValue,analogInput_105,analogInput,,1.4293866,,,,,,,,,,,,
2026-04-22 15:51:00+00:00,presentValue,analogInput_105,analogInput,,1.5060601,,,,,,,,,,,,
2026-04-22 15:52:00+00:00,presentValue,analogInput_105,analogInput,,1.5858717,,,,,,,,,,,,
2026-04-22 15:53:00+00:00,presentValue,analogInput_105,analogInput,,1.6647024,,,,,,,,,,,,
2026-04-22 15:54:00+00:00,presentValue,analogInput_105,analogInput,,1.7509851,,,,,,,,,,,,
2026-04-22 15:55:00+00:00,presentValue,analogInput_105,analogInput,,1.8345222,,,,,,,,,,,,
2026-04-22 15:56:00+00:00,presentValue,analogInput_105,analogInput,,1.9257073,,,,,,,,,,,,
2026-04-22 15:57:00+00:00,presentValue,analogInput_105,analogInput,,2.0153232,,,,,,,,,,,,
2026-04-22 15:58:00+00:00,presentValue,analogInput_105,analogInput,,2.1123915,,,,,,,,,,,,
2026-04-22 15:59:00+00:00,presentValue,analogInput_105,analogInput,,2.2039685,,,,,,,,,,,,
2026-04-22 16:00:00+00:00,presentValue,analogInput_105,analogInput,,2.2606406,,,,,,,,,,,,
2026-04-22 16:01:00+00:00,presentValue,analogInput_105,analogInput,,2.3333921,,,,,,,,,,,,
2026-04-22 16:02:00+00:00,presentValue,analogInput_105,analogInput,,2.3622184,,,,,,,,,,,,
2026-04-22 16:03:00+00:00,presentValue,analogInput_105,analogInput,,2.3016248,,,,,,,,,,,,
2026-04-22 16:04:00+00:00,presentValue,analogInput_105,analogInput,,2.3902602,,,,,,,,,,,,
2026-04-22 16:05:00+00:00,presentValue,analogInput_105,analogInput,,2.3663363,,,,,,,,,,,,
2026-04-22 16:06:00+00:00,presentValue,analogInput_105,analogInput,,2.2888784,,,,,,,,,,,,
2026-04-22 16:07:00+00:00,presentValue,analogInput_105,analogInput,,2.3379025,,,,,,,,,,,,
2026-04-22 16:08:00+00:00,presentValue,analogInput_105,analogInput,,2.3920255,,,,,,,,,,,,
2026-04-22 16:09:00+00:00,presentValue,analogInput_105,analogInput,,2.3261366,,,,,,,,,,,,
2026-04-22 16:10:00+00:00,presentValue,analogInput_105,analogInput,,2.377514,,,,,,,,,,,,
2026-04-22 16:11:00+00:00,presentValue,analogInput_105,analogInput,,2.379475,,,,,,,,,,,,
2026-04-22 16:12:00+00:00,presentValue,analogInput_105,analogInput,,2.3928099,,,,,,,,,,,,
2026-04-22 16:13:00+00:00,presentValue,analogInput_105,analogInput,,2.4006534,,,,,,,,,,,,
2026-04-22 16:14:00+00:00,presentValue,analogInput_105,analogInput,,2.3857503,,,,,,,,,,,,
2026-04-22 16:15:00+00:00,presentValue,analogInput_105,analogInput,,2.3786907,,,,,,,,,,,,
2026-04-22 16:16:00+00:00,presentValue,analogInput_105,analogInput,,2.3869267,,,,,,,,,,,,
2026-04-22 16:17:00+00:00,presentValue,analogInput_105,analogInput,,2.4020262,,,,,,,,,,,,
2026-04-22 16:18:00+00:00,presentValue,analogInput_105,analogInput,,2.3851619,,,,,,,,,,,,
2026-04-22 16:19:00+00:00,presentValue,analogInput_105,analogInput,,2.4167337,,,,,,,,,,,,
2026-04-22 16:20:00+00:00,presentValue,analogInput_105,analogInput,,2.4151645,,,,,,,,,,,,
2026-04-22 16:21:00+00:00,presentValue,analogInput_105,analogInput,,2.387711,,,,,,,,,,,,
2026-04-22 16:22:00+00:00,presentValue,analogInput_105,analogInput,,2.3884954,,,,,,,,,,,,
2026-04-22 16:23:00+00:00,presentValue,analogInput_105,analogInput,,2.3935938,,,,,,,,,,,,
2026-04-22 16:24:00+00:00,presentValue,analogInput_105,analogInput,,2.369082,,,,,,,,,,,,
2026-04-22 16:25:00+00:00,presentValue,analogInput_105,analogInput,,2.3479033,,,,,,,,,,,,
2026-04-22 16:26:00+00:00,presentValue,analogInput_105,analogInput,,2.407713,,,,,,,,,,,,
2026-04-22 16:27:00+00:00,presentValue,analogInput_105,analogInput,,2.2427955,,,,,,,,,,,,
2026-04-22 16:28:00+00:00,presentValue,analogInput_105,analogInput,,2.311429,,,,,,,,,,,,
2026-04-22 16:29:00+00:00,presentValue,analogInput_105,analogInput,,2.3408442,,,,,,,,,,,,
2026-04-22 16:30:00+00:00,presentValue,analogInput_105,analogInput,,2.4057517,,,,,,,,,,,,
2026-04-22 16:31:00+00:00,presentValue,analogInput_105,analogInput,,2.3814359,,,,,,,,,,,,
2026-04-22 16:32:00+00:00,presentValue,analogInput_105,analogInput,,2.4224205,,,,,,,,,,,,
2026-04-22 16:33:00+00:00,presentValue,analogInput_105,analogInput,,2.3988886,,,,,,,,,,,,
2026-04-22 16:34:00+00:00,presentValue,analogInput_105,analogInput,,2.3908486,,,,,,,,,,,,
2026-04-22 16:35:00+00:00,presentValue,analogInput_105,analogInput,,2.4002614,,,,,,,,,,,,
2026-04-22 16:36:00+00:00,presentValue,analogInput_105,analogInput,,2.3029976,,,,,,,,,,,,
2026-04-22 16:37:00+00:00,presentValue,analogInput_105,analogInput,,2.407517,,,,,,,,,,,,
2026-04-22 16:38:00+00:00,presentValue,analogInput_105,analogInput,,2.335353,,,,,,,,,,,,
2026-04-22 16:39:00+00:00,presentValue,analogInput_105,analogInput,,2.2743673,,,,,,,,,,,,
2026-04-22 16:40:00+00:00,presentValue,analogInput_105,analogInput,,2.3700628,,,,,,,,,,,,
2026-04-22 16:41:00+00:00,presentValue,analogInput_105,analogInput,,2.4173217,,,,,,,,,,,,
2026-04-22 16:42:00+00:00,presentValue,analogInput_105,analogInput,,2.4173217,,,,,,,,,,,,
2026-04-22 16:43:00+00:00,presentValue,analogInput_105,analogInput,,2.4051638,,,,,,,,,,,,
2026-04-22 16:44:00+00:00,presentValue,analogInput_105,analogInput,,2.4277148,,,,,,,,,,,,
2026-04-22 16:45:00+00:00,presentValue,analogInput_105,analogInput,,2.2784853,,,,,,,,,,,,
2026-04-22 16:46:00+00:00,presentValue,analogInput_105,analogInput,,2.335157,,,,,,,,,,,,
2026-04-22 16:47:00+00:00,presentValue,analogInput_105,analogInput,,2.4069285,,,,,,,,,,,,
2026-04-22 16:48:00+00:00,presentValue,analogInput_105,analogInput,,2.4290876,,,,,,,,,,,,
2026-04-22 16:49:00+00:00,presentValue,analogInput_105,analogInput,,2.419283,,,,,,,,,,,,
2026-04-22 16:50:00+00:00,presentValue,analogInput_105,analogInput,,2.418891,,,,,,,,,,,,
2026-04-22 16:51:00+00:00,presentValue,analogInput_105,analogInput,,2.4439912,,,,,,,,,,,,
2026-04-22 16:52:00+00:00,presentValue,analogInput_105,analogInput,,2.4245772,,,,,,,,,,,,
2026-04-22 16:53:00+00:00,presentValue,analogInput_105,analogInput,,2.4396768,,,,,,,,,,,,
2026-04-22 16:54:00+00:00,presentValue,analogInput_105,analogInput,,2.2906432,,,,,,,,,,,,
2026-04-22 16:55:00+00:00,presentValue,analogInput_105,analogInput,,2.3508449,,,,,,,,,,,,
2026-04-22 16:56:00+00:00,presentValue,analogInput_105,analogInput,,2.3284903,,,,,,,,,,,,
2026-04-22 16:57:00+00:00,presentValue,analogInput_105,analogInput,,2.4084973,,,,,,,,,,,,
2026-04-22 16:58:00+00:00,presentValue,analogInput_105,analogInput,,2.346727,,,,,,,,,,,,
2026-04-22 16:59:00+00:00,presentValue,analogInput_105,analogInput,,2.4290876,,,,,,,,,,,,
2026-04-22 17:00:00+00:00,presentValue,analogInput_105,analogInput,,2.4124193,,,,,,,,,,,,
2026-04-22 17:01:00+00:00,presentValue,analogInput_105,analogInput,,2.2992716,,,,,,,,,,,,
2026-04-22 17:02:00+00:00,presentValue,analogInput_105,analogInput,,2.4334016,,,,,,,,,,,,
2026-04-22 17:03:00+00:00,presentValue,analogInput_105,analogInput,,2.312214,,,,,,,,,,,,
2026-04-22 17:04:00+00:00,presentValue,analogInput_105,analogInput,,2.318881,,,,,,,,,,,,
2026-04-22 17:05:00+00:00,presentValue,analogInput_105,analogInput,,2.411831,,,,,,,,,,,,
2026-04-22 17:06:00+00:00,presentValue,analogInput_105,analogInput,,2.4330091,,,,,,,,,,,,
2026-04-22 17:07:00+00:00,presentValue,analogInput_105,analogInput,,2.4279108,,,,,,,,,,,,
2026-04-22 17:08:00+00:00,presentValue,analogInput_105,analogInput,,2.3847694,,,,,,,,,,,,
2026-04-22 17:09:00+00:00,presentValue,analogInput_105,analogInput,,2.3469229,,,,,,,,,,,,
2026-04-22 17:10:00+00:00,presentValue,analogInput_105,analogInput,,2.3357453,,,,,,,,,,,,
2026-04-22 17:11:00+00:00,presentValue,analogInput_105,analogInput,,2.3604536,,,,,,,,,,,,
2026-04-22 17:12:00+00:00,presentValue,analogInput_105,analogInput,,2.4153605,,,,,,,,,,,,
2026-04-22 17:13:00+00:00,presentValue,analogInput_105,analogInput,,2.2751513,,,,,,,,,,,,
2026-04-22 17:14:00+00:00,presentValue,analogInput_105,analogInput,,2.3104486,,,,,,,,,,,,
2026-04-22 17:15:00+00:00,presentValue,analogInput_105,analogInput,,2.3449621,,,,,,,,,,,,
2026-04-22 17:16:00+00:00,presentValue,analogInput_105,analogInput,,2.3673172,,,,,,,,,,,,
2026-04-22 17:17:00+00:00,presentValue,analogInput_105,analogInput,,2.345158,,,,,,,,,,,,
2026-04-22 17:18:00+00:00,presentValue,analogInput_105,analogInput,,2.3633947,,,,,,,,,,,,
2026-04-22 17:19:00+00:00,presentValue,analogInput_105,analogInput,,2.2877016,,,,,,,,,,,,
2026-04-22 17:20:00+00:00,presentValue,analogInput_105,analogInput,,2.341628,,,,,,,,,,,,
2026-04-22 17:21:00+00:00,presentValue,analogInput_105,analogInput,,2.3832006,,,,,,,,,,,,
2026-04-22 17:22:00+00:00,presentValue,analogInput_105,analogInput,,2.395163,,,,,,,,,,,,
2026-04-22 17:23:00+00:00,presentValue,analogInput_105,analogInput,,2.3808475,,,,,,,,,,,,
2026-04-22 17:24:00+00:00,presentValue,analogInput_105,analogInput,,2.4057517,,,,,,,,,,,,
2026-04-22 17:25:00+00:00,presentValue,analogInput_105,analogInput,,2.4045753,,,,,,,,,,,,
2026-04-22 17:26:00+00:00,presentValue,analogInput_105,analogInput,,2.3818283,,,,,,,,,,,,
2026-04-22 17:27:00+00:00,presentValue,analogInput_105,analogInput,,2.3286862,,,,,,,,,,,,
2026-04-22 17:28:00+00:00,presentValue,analogInput_105,analogInput,,2.180829,,,,,,,,,,,,
2026-04-22 17:29:00+00:00,presentValue,analogInput_105,analogInput,,2.3445697,,,,,,,,,,,,
2026-04-22 17:30:00+00:00,presentValue,analogInput_105,analogInput,,2.2780929,,,,,,,,,,,,
2026-04-22 17:31:00+00:00,presentValue,analogInput_105,analogInput,,2.3792791,,,,,,,,,,,,
2026-04-22 17:32:00+00:00,presentValue,analogInput_105,analogInput,,2.369474,,,,,,,,,,,,
2026-04-22 17:33:00+00:00,presentValue,analogInput_105,analogInput,,2.3484917,,,,,,,,,,,,
2026-04-22 17:34:00+00:00,presentValue,analogInput_105,analogInput,,2.3516293,,,,,,,,,,,,
2026-04-22 17:35:00+00:00,presentValue,analogInput_105,analogInput,,2.3563356,,,,,,,,,,,,
2026-04-22 17:36:00+00:00,presentValue,analogInput_105,analogInput,,2.3631988,,,,,,,,,,,,
2026-04-22 17:37:00+00:00,presentValue,analogInput_105,analogInput,,2.3749647,,,,,,,,,,,,
2026-04-22 17:38:00+00:00,presentValue,analogInput_105,analogInput,,2.3708467,,,,,,,,,,,,
2026-04-22 17:39:00+00:00,presentValue,analogInput_105,analogInput,,2.377514,,,,,,,,,,,,
2026-04-22 17:40:00+00:00,presentValue,analogInput_105,analogInput,,2.2680922,,,,,,,,,,,,
2026-04-22 17:41:00+00:00,presentValue,analogInput_105,analogInput,,2.364768,,,,,,,,,,,,
2026-04-22 17:42:00+00:00,presentValue,analogInput_105,analogInput,,2.1561208,,,,,,,,,,,,
2026-04-22 17:43:00+00:00,presentValue,analogInput_105,analogInput,,2.2633858,,,,,,,,,,,,
2026-04-22 17:44:00+00:00,presentValue,analogInput_105,analogInput,,2.262013,,,,,,,,,,,,
2026-04-22 17:45:00+00:00,presentValue,analogInput_105,analogInput,,2.353786,,,,,,,,,,,,
2026-04-22 17:46:00+00:00,presentValue,analogInput_105,analogInput,,2.3514333,,,,,,,,,,,,
2026-04-22 17:47:00+00:00,presentValue,analogInput_105,analogInput,,2.379475,,,,,,,,,,,,
2026-04-22 17:48:00+00:00,presentValue,analogInput_105,analogInput,,2.3686895,,,,,,,,,,,,
2026-04-22 17:49:00+00:00,presentValue,analogInput_105,analogInput,,2.3737884,,,,,,,,,,,,
2026-04-22 17:50:00+00:00,presentValue,analogInput_105,analogInput,,2.3398638,,,,,,,,,,,,
2026-04-22 17:51:00+00:00,presentValue,analogInput_105,analogInput,,2.3645716,,,,,,,,,,,,
2026-04-22 17:52:00+00:00,presentValue,analogInput_105,analogInput,,2.3659444,,,,,,,,,,,,
2026-04-22 17:53:00+00:00,presentValue,analogInput_105,analogInput,,2.3516293,,,,,,,,,,,,
2026-04-22 17:54:00+00:00,presentValue,analogInput_105,analogInput,,2.3686895,,,,,,,,,,,,
2026-04-22 17:55:00+00:00,presentValue,analogInput_105,analogInput,,2.326333,,,,,,,,,,,,
2026-04-22 17:56:00+00:00,presentValue,analogInput_105,analogInput,,2.0417967,,,,,,,,,,,,
2026-04-22 17:57:00+00:00,presentValue,analogInput_105,analogInput,,2.081212,,,,,,,,,,,,
2026-04-22 17:58:00+00:00,presentValue,analogInput_105,analogInput,,1.8625641,,,,,,,,,,,,
2026-04-22 17:59:00+00:00,presentValue,analogInput_105,analogInput,,1.6443081,,,,,,,,,,,,
2026-04-22 18:00:00+00:00,presentValue,analogInput_105,analogInput,,1.7688298,,,,,,,,,,,,
2026-04-22 18:01:00+00:00,presentValue,analogInput_105,analogInput,,1.5925388,,,,,,,,,,,,
2026-04-22 18:02:00+00:00,presentValue,analogInput_105,analogInput,,1.7813797,,,,,,,,,,,,
2026-04-22 18:03:00+00:00,presentValue,analogInput_105,analogInput,,1.6598,,,,,,,,,,,,
2026-04-22 18:04:00+00:00,presentValue,analogInput_105,analogInput,,1.852171,,,,,,,,,,,,
2026-04-22 18:05:00+00:00,presentValue,analogInput_105,analogInput,,1.8192267,,,,,,,,,,,,
2026-04-22 18:06:00+00:00,presentValue,analogInput_105,analogInput,,1.9443364,,,,,,,,,,,,
2026-04-22 18:07:00+00:00,presentValue,analogInput_105,analogInput,,1.9670835,,,,,,,,,,,,
2026-04-22 18:08:00+00:00,presentValue,analogInput_105,analogInput,,2.054543,,,,,,,,,,,,
2026-04-22 18:09:00+00:00,presentValue,analogInput_105,analogInput,,2.109254,,,,,,,,,,,,
2026-04-22 18:10:00+00:00,presentValue,analogInput_105,analogInput,,2.184751,,,,,,,,,,,,
2026-04-22 18:11:00+00:00,presentValue,analogInput_105,analogInput,,2.2182837,,,,,,,,,,,,
2026-04-22 18:12:00+00:00,presentValue,analogInput_105,analogInput,,2.284172,,,,,,,,,,,,
2026-04-22 18:13:00+00:00,presentValue,analogInput_105,analogInput,,2.3141747,,,,,,,,,,,,
2026-04-22 18:14:00+00:00,presentValue,analogInput_105,analogInput,,2.3508449,,,,,,,,,,,,
2026-04-22 18:15:00+00:00,presentValue,analogInput_105,analogInput,,2.3631988,,,,,,,,,,,,
2026-04-22 18:16:00+00:00,presentValue,analogInput_105,analogInput,,2.3547668,,,,,,,,,,,,
2026-04-22 18:17:00+00:00,presentValue,analogInput_105,analogInput,,2.353002,,,,,,,,,,,,
2026-04-22 18:18:00+00:00,presentValue,analogInput_105,analogInput,,2.3506489,,,,,,,,,,,,
2026-04-22 18:19:00+00:00,presentValue,analogInput_105,analogInput,,2.3639836,,,,,,,,,,,,
2026-04-22 18:20:00+00:00,presentValue,analogInput_105,analogInput,,2.3702588,,,,,,,,,,,,
2026-04-22 18:21:00+00:00,presentValue,analogInput_105,analogInput,,2.3494725,,,,,,,,,,,,
2026-04-22 18:22:00+00:00,presentValue,analogInput_105,analogInput,,2.353198,,,,,,,,,,,,
2026-04-22 18:23:00+00:00,presentValue,analogInput_105,analogInput,,2.3716311,,,,,,,,,,,,
2026-04-22 18:24:00+00:00,presentValue,analogInput_105,analogInput,,2.3659444,,,,,,,,,,,,
2026-04-22 18:25:00+00:00,presentValue,analogInput_105,analogInput,,2.364768,,,,,,,,,,,,
2026-04-22 18:26:00+00:00,presentValue,analogInput_105,analogInput,,2.3737884,,,,,,,,,,,,
2026-04-22 18:27:00+00:00,presentValue,analogInput_105,analogInput,,2.3579044,,,,,,,,,,,,
2026-04-22 18:28:00+00:00,presentValue,analogInput_105,analogInput,,2.360846,,,,,,,,,,,,
2026-04-22 18:29:00+00:00,presentValue,analogInput_105,analogInput,,2.361042,,,,,,,,,,,,
2026-04-22 18:30:00+00:00,presentValue,analogInput_105,analogInput,,2.3582964,,,,,,,,,,,,
2026-04-22 18:31:00+00:00,presentValue,analogInput_105,analogInput,,2.3624144,,,,,,,,,,,,
2026-04-22 18:32:00+00:00,presentValue,analogInput_105,analogInput,,2.3457465,,,,,,,,,,,,
2026-04-22 18:33:00+00:00,presentValue,analogInput_105,analogInput,,2.3508449,,,,,,,,,,,,
2026-04-22 18:34:00+00:00,presentValue,analogInput_105,analogInput,,2.3571196,,,,,,,,,,,,
2026-04-22 18:35:00+00:00,presentValue,analogInput_105,analogInput,,2.3630028,,,,,,,,,,,,
2026-04-22 18:36:00+00:00,presentValue,analogInput_105,analogInput,,2.1408253,,,,,,,,,,,,
2026-04-22 18:37:00+00:00,presentValue,analogInput_105,analogInput,,2.3302546,,,,,,,,,,,,
2026-04-22 18:38:00+00:00,presentValue,analogInput_105,analogInput,,2.2443643,,,,,,,,,,,,
2026-04-22 18:39:00+00:00,presentValue,analogInput_105,analogInput,,2.338883,,,,,,,,,,,,
2026-04-22 18:40:00+00:00,presentValue,analogInput_105,analogInput,,2.3055468,,,,,,,,,,,,
2026-04-22 18:41:00+00:00,presentValue,analogInput_105,analogInput,,2.3382945,,,,,,,,,,,,
2026-04-22 18:42:00+00:00,presentValue,analogInput_105,analogInput,,2.3300586,,,,,,,,,,,,
2026-04-22 18:43:00+00:00,presentValue,analogInput_105,analogInput,,2.3449621,,,,,,,,,,,,
2026-04-22 18:44:00+00:00,presentValue,analogInput_105,analogInput,,2.3480997,,,,,,,,,,,,
2026-04-22 18:45:00+00:00,presentValue,analogInput_105,analogInput,,2.346335,,,,,,,,,,,,
2026-04-22 18:46:00+00:00,presentValue,analogInput_105,analogInput,,2.3447657,,,,,,,,,,,,
2026-04-22 18:47:00+00:00,presentValue,analogInput_105,analogInput,,2.3443737,,,,,,,,,,,,
2026-04-22 18:48:00+00:00,presentValue,analogInput_105,analogInput,,2.342609,,,,,,,,,,,,
2026-04-22 18:49:00+00:00,presentValue,analogInput_105,analogInput,,2.350453,,,,,,,,,,,,
2026-04-22 18:50:00+00:00,presentValue,analogInput_105,analogInput,,2.3441777,,,,,,,,,,,,
2026-04-22 18:51:00+00:00,presentValue,analogInput_105,analogInput,,2.3486881,,,,,,,,,,,,
2026-04-22 18:52:00+00:00,presentValue,analogInput_105,analogInput,,2.3377066,,,,,,,,,,,,
2026-04-22 18:53:00+00:00,presentValue,analogInput_105,analogInput,,2.3471193,,,,,,,,,,,,
2026-04-22 18:54:00+00:00,presentValue,analogInput_105,analogInput,,2.3328037,,,,,,,,,,,,
2026-04-22 18:55:00+00:00,presentValue,analogInput_105,analogInput,,2.1500416,,,,,,,,,,,,
2026-04-22 18:56:00+00:00,presentValue,analogInput_105,analogInput,,2.2916236,,,,,,,,,,,,
2026-04-22 18:57:00+00:00,presentValue,analogInput_105,analogInput,,2.2174993,,,,,,,,,,,,
2026-04-22 18:58:00+00:00,presentValue,analogInput_105,analogInput,,2.269661,,,,,,,,,,,,
2026-04-22 18:59:00+00:00,presentValue,analogInput_105,analogInput,,2.253777,,,,,,,,,,,,
2026-04-22 19:00:00+00:00,presentValue,analogInput_105,analogInput,,2.269857,,,,,,,,,,,,
2026-04-22 19:01:00+00:00,presentValue,analogInput_105,analogInput,,2.2727985,,,,,,,,,,,,
2026-04-22 19:02:00+00:00,presentValue,analogInput_105,analogInput,,2.2718177,,,,,,,,,,,,
2026-04-22 19:03:00+00:00,presentValue,analogInput_105,analogInput,,2.2749553,,,,,,,,,,,,
2026-04-22 19:04:00+00:00,presentValue,analogInput_105,analogInput,,2.2741709,,,,,,,,,,,,
2026-04-22 19:05:00+00:00,presentValue,analogInput_105,analogInput,,2.277897,,,,,,,,,,,,
2026-04-22 19:06:00+00:00,presentValue,analogInput_105,analogInput,,2.269465,,,,,,,,,,,,
2026-04-22 19:07:00+00:00,presentValue,analogInput_105,analogInput,,2.2731905,,,,,,,,,,,,
2026-04-22 19:08:00+00:00,presentValue,analogInput_105,analogInput,,2.2665234,,,,,,,,,,,,
2026-04-22 19:09:00+00:00,presentValue,analogInput_105,analogInput,,2.2602482,,,,,,,,,,,,
2026-04-22 19:10:00+00:00,presentValue,analogInput_105,analogInput,,2.2559342,,,,,,,,,,,,
2026-04-22 19:11:00+00:00,presentValue,analogInput_105,analogInput,,2.2480903,,,,,,,,,,,,
2026-04-22 19:12:00+00:00,presentValue,analogInput_105,analogInput,,2.2422075,,,,,,,,,,,,
2026-04-22 19:13:00+00:00,presentValue,analogInput_105,analogInput,,2.2386775,,,,,,,,,,,,
2026-04-22 19:14:00+00:00,presentValue,analogInput_105,analogInput,,2.23103,,,,,,,,,,,,
2026-04-22 19:15:00+00:00,presentValue,analogInput_105,analogInput,,2.2249508,,,,,,,,,,,,
2026-04-22 19:16:00+00:00,presentValue,analogInput_105,analogInput,,2.215146,,,,,,,,,,,,
2026-04-22 19:17:00+00:00,presentValue,analogInput_105,analogInput,,2.207302,,,,,,,,,,,,
2026-04-22 19:18:00+00:00,presentValue,analogInput_105,analogInput,,2.2218132,,,,,,,,,,,,
2026-04-22 19:19:00+00:00,presentValue,analogInput_105,analogInput,,2.0676813,,,,,,,,,,,,
2026-04-22 19:20:00+00:00,presentValue,analogInput_105,analogInput,,2.1019983,,,,,,,,,,,,
2026-04-22 19:21:00+00:00,presentValue,analogInput_105,analogInput,,2.0023813,,,,,,,,,,,,
2026-04-22 19:22:00+00:00,presentValue,analogInput_105,analogInput,,2.1149406,,,,,,,,,,,,
2026-04-22 19:23:00+00:00,presentValue,analogInput_105,analogInput,,2.0525818,,,,,,,,,,,,
2026-04-22 19:24:00+00:00,presentValue,analogInput_105,analogInput,,2.1110187,,,,,,,,,,,,
2026-04-22 19:25:00+00:00,presentValue,analogInput_105,analogInput,,2.0796428,,,,,,,,,,,,
2026-04-22 19:26:00+00:00,presentValue,analogInput_105,analogInput,,2.111803,,,,,,,,,,,,
2026-04-22 19:27:00+00:00,presentValue,analogInput_105,analogInput,,2.0969,,,,,,,,,,,,
2026-04-22 19:28:00+00:00,presentValue,analogInput_105,analogInput,,2.1186666,,,,,,,,,,,,
2026-04-22 19:29:00+00:00,presentValue,analogInput_105,analogInput,,2.1129794,,,,,,,,,,,,
2026-04-22 19:30:00+00:00,presentValue,analogInput_105,analogInput,,2.1227846,,,,,,,,,,,,
2026-04-22 19:31:00+00:00,presentValue,analogInput_105,analogInput,,2.1206274,,,,,,,,,,,,
2026-04-22 19:32:00+00:00,presentValue,analogInput_105,analogInput,,2.123373,,,,,,,,,,,,
2026-04-22 19:33:00+00:00,presentValue,analogInput_105,analogInput,,2.1188626,,,,,,,,,,,,
2026-04-22 19:34:00+00:00,presentValue,analogInput_105,analogInput,,2.1225882,,,,,,,,,,,,
2026-04-22 19:35:00+00:00,presentValue,analogInput_105,analogInput,,2.1206274,,,,,,,,,,,,
2026-04-22 19:36:00+00:00,presentValue,analogInput_105,analogInput,,2.1174898,,,,,,,,,,,,
2026-04-22 19:37:00+00:00,presentValue,analogInput_105,analogInput,,2.1141562,,,,,,,,,,,,
2026-04-22 19:38:00+00:00,presentValue,analogInput_105,analogInput,,2.1094499,,,,,,,,,,,,
2026-04-22 19:39:00+00:00,presentValue,analogInput_105,analogInput,,2.1072927,,,,,,,,,,,,
2026-04-22 19:40:00+00:00,presentValue,analogInput_105,analogInput,,2.101018,,,,,,,,,,,,
2026-04-22 19:41:00+00:00,presentValue,analogInput_105,analogInput,,2.0992532,,,,,,,,,,,,
2026-04-22 19:42:00+00:00,presentValue,analogInput_105,analogInput,,2.092782,,,,,,,,,,,,
2026-04-22 19:43:00+00:00,presentValue,analogInput_105,analogInput,,2.0839572,,,,,,,,,,,,
2026-04-22 19:44:00+00:00,presentValue,analogInput_105,analogInput,,2.0763097,,,,,,,,,,,,
2026-04-22 19:45:00+00:00,presentValue,analogInput_105,analogInput,,2.0674849,,,,,,,,,,,,
2026-04-22 19:46:00+00:00,presentValue,analogInput_105,analogInput,,2.059249,,,,,,,,,,,,
2026-04-22 19:47:00+00:00,presentValue,analogInput_105,analogInput,,2.0478754,,,,,,,,,,,,
2026-04-22 19:48:00+00:00,presentValue,analogInput_105,analogInput,,2.0339522,,,,,,,,,,,,
2026-04-22 19:49:00+00:00,presentValue,analogInput_105,analogInput,,2.0225792,,,,,,,,,,,,
2026-04-22 19:50:00+00:00,presentValue,analogInput_105,analogInput,,2.0074797,,,,,,,,,,,,
2026-04-22 19:51:00+00:00,presentValue,analogInput_105,analogInput,,1.9929686,,,,,,,,,,,,
2026-04-22 19:52:00+00:00,presentValue,analogInput_105,analogInput,,1.9806147,,,,,,,,,,,,
2026-04-22 19:53:00+00:00,presentValue,analogInput_105,analogInput,,1.9674759,,,,,,,,,,,,
2026-04-22 19:54:00+00:00,presentValue,analogInput_105,analogInput,,1.9551215,,,,,,,,,,,,
2026-04-22 19:55:00+00:00,presentValue,analogInput_105,analogInput,,1.9406109,,,,,,,,,,,,
2026-04-22 19:56:00+00:00,presentValue,analogInput_105,analogInput,,1.9288449,,,,,,,,,,,,
2026-04-22 19:57:00+00:00,presentValue,analogInput_105,analogInput,,1.9125686,,,,,,,,,,,,
2026-04-22 19:58:00+00:00,presentValue,analogInput_105,analogInput,,1.8994303,,,,,,,,,,,,
2026-04-22 19:59:00+00:00,presentValue,analogInput_105,analogInput,,1.8811932,,,,,,,,,,,,
2026-04-22 20:00:00+00:00,presentValue,analogInput_105,analogInput,,1.8690352,,,,,,,,,,,,
2026-04-22 20:01:00+00:00,presentValue,analogInput_105,analogInput,,1.8506021,,,,,,,,,,,,
2026-04-22 20:02:00+00:00,presentValue,analogInput_105,analogInput,,1.8382483,,,,,,,,,,,,
2026-04-22 20:03:00+00:00,presentValue,analogInput_105,analogInput,,1.8223643,,,,,,,,,,,,
2026-04-22 20:04:00+00:00,presentValue,analogInput_105,analogInput,,1.8113828,,,,,,,,,,,,
2026-04-22 20:05:00+00:00,presentValue,analogInput_105,analogInput,,1.7982445,,,,,,,,,,,,
2026-04-22 20:06:00+00:00,presentValue,analogInput_105,analogInput,,1.7815762,,,,,,,,,,,,
2026-04-22 20:07:00+00:00,presentValue,analogInput_105,analogInput,,1.7656922,,,,,,,,,,,,
2026-04-22 20:08:00+00:00,presentValue,analogInput_105,analogInput,,1.7537303,,,,,,,,,,,,
2026-04-22 20:09:00+00:00,presentValue,analogInput_105,analogInput,,1.73667,,,,,,,,,,,,
2026-04-22 20:10:00+00:00,presentValue,analogInput_105,analogInput,,1.7200017,,,,,,,,,,,,
2026-04-22 20:11:00+00:00,presentValue,analogInput_105,analogInput,,1.702157,,,,,,,,,,,,
2026-04-22 20:12:00+00:00,presentValue,analogInput_105,analogInput,,1.6860771,,,,,,,,,,,,
2026-04-22 20:13:00+00:00,presentValue,analogInput_105,analogInput,,1.6729383,,,,,,,,,,,,
2026-04-22 20:14:00+00:00,presentValue,analogInput_105,analogInput,,1.6529365,,,,,,,,,,,,
2026-04-22 20:15:00+00:00,presentValue,analogInput_105,analogInput,,1.6358767,,,,,,,,,,,,
2026-04-22 20:16:00+00:00,presentValue,analogInput_105,analogInput,,1.6156783,,,,,,,,,,,,
2026-04-22 20:17:00+00:00,presentValue,analogInput_105,analogInput,,1.6003828,,,,,,,,,,,,
2026-04-22 20:18:00+00:00,presentValue,analogInput_105,analogInput,,1.5843029,,,,,,,,,,,,
2026-04-22 20:19:00+00:00,presentValue,analogInput_105,analogInput,,1.5754786,,,,,,,,,,,,
2026-04-22 20:20:00+00:00,presentValue,analogInput_105,analogInput,,1.4846854,,,,,,,,,,,,
2026-04-22 20:21:00+00:00,presentValue,analogInput_105,analogInput,,1.4178166,,,,,,,,,,,,
2026-04-22 20:22:00+00:00,presentValue,analogInput_105,analogInput,,1.3623214,,,,,,,,,,,,
2026-04-22 20:23:00+00:00,presentValue,analogInput_105,analogInput,,1.3819308,,,,,,,,,,,,
2026-04-22 20:24:00+00:00,presentValue,analogInput_105,analogInput,,1.3201606,,,,,,,,,,,,
2026-04-22 20:25:00+00:00,presentValue,analogInput_105,analogInput,,1.3429077,,,,,,,,,,,,
2026-04-22 20:26:00+00:00,presentValue,analogInput_105,analogInput,,1.3015313,,,,,,,,,,,,
2026-04-22 20:27:00+00:00,presentValue,analogInput_105,analogInput,,1.3040805,,,,,,,,,,,,
2026-04-22 20:28:00+00:00,presentValue,analogInput_105,analogInput,,1.2736859,,,,,,,,,,,,
2026-04-22 20:29:00+00:00,presentValue,analogInput_105,analogInput,,1.2678027,,,,,,,,,,,,
2026-04-22 20:30:00+00:00,presentValue,analogInput_105,analogInput,,1.2452514,,,,,,,,,,,,
2026-04-22 20:31:00+00:00,presentValue,analogInput_105,analogInput,,1.2301521,,,,,,,,,,,,
2026-04-22 20:32:00+00:00,presentValue,analogInput_105,analogInput,,1.208385,,,,,,,,,,,,
2026-04-22 20:33:00+00:00,presentValue,analogInput_105,analogInput,,1.1952469,,,,,,,,,,,,
2026-04-22 20:34:00+00:00,presentValue,analogInput_105,analogInput,,1.1766179,,,,,,,,,,,,
2026-04-22 20:35:00+00:00,presentValue,analogInput_105,analogInput,,1.1646557,,,,,,,,,,,,
2026-04-22 20:36:00+00:00,presentValue,analogInput_105,analogInput,,1.1507328,,,,,,,,,,,,
2026-04-22 20:37:00+00:00,presentValue,analogInput_105,analogInput,,1.1321037,,,,,,,,,,,,
2026-04-22 20:38:00+00:00,presentValue,analogInput_105,analogInput,,1.1152394,,,,,,,,,,,,
2026-04-22 20:39:00+00:00,presentValue,analogInput_105,analogInput,,1.098767,,,,,,,,,,,,
2026-04-22 20:40:00+00:00,presentValue,analogInput_105,analogInput,,1.081903,,,,,,,,,,,,
2026-04-22 20:41:00+00:00,presentValue,analogInput_105,analogInput,,1.0646465,,,,,,,,,,,,
2026-04-22 20:42:00+00:00,presentValue,analogInput_105,analogInput,,1.0495467,,,,,,,,,,,,
2026-04-22 20:43:00+00:00,presentValue,analogInput_105,analogInput,,1.0340552,,,,,,,,,,,,
2026-04-22 20:44:00+00:00,presentValue,analogInput_105,analogInput,,1.0167987,,,,,,,,,,,,
2026-04-22 20:45:00+00:00,presentValue,analogInput_105,analogInput,,0.9997382,,,,,,,,,,,,
2026-04-22 20:46:00+00:00,presentValue,analogInput_105,analogInput,,0.9856193,,,,,,,,,,,,
2026-04-22 20:47:00+00:00,presentValue,analogInput_105,analogInput,,0.96718645,,,,,,,,,,,,
2026-04-22 20:48:00+00:00,presentValue,analogInput_105,analogInput,,0.95267534,,,,,,,,,,,,
2026-04-22 20:49:00+00:00,presentValue,analogInput_105,analogInput,,0.9265945,,,,,,,,,,,,
2026-04-22 20:50:00+00:00,presentValue,analogInput_105,analogInput,,0.91169095,,,,,,,,,,,,
2026-04-22 20:51:00+00:00,presentValue,analogInput_105,analogInput,,0.897964,,,,,,,,,,,,
2026-04-22 20:52:00+00:00,presentValue,analogInput_105,analogInput,,0.8716874,,,,,,,,,,,,
2026-04-22 20:53:00+00:00,presentValue,analogInput_105,analogInput,,0.8616862,,,,,,,,,,,,
2026-04-22 20:54:00+00:00,presentValue,analogInput_105,analogInput,,0.84482193,,,,,,,,,,,,
2026-04-22 20:55:00+00:00,presentValue,analogInput_105,analogInput,,0.8259969,,,,,,,,,,,,
2026-04-22 20:56:00+00:00,presentValue,analogInput_105,analogInput,,0.8046222,,,,,,,,,,,,
2026-04-22 20:57:00+00:00,presentValue,analogInput_105,analogInput,,0.7805023,,,,,,,,,,,,
2026-04-22 20:58:00+00:00,presentValue,analogInput_105,analogInput,,0.7608924,,,,,,,,,,,,
2026-04-22 20:59:00+00:00,presentValue,analogInput_105,analogInput,,0.73500776,,,,,,,,,,,,
2026-04-22 21:00:00+00:00,presentValue,analogInput_105,analogInput,,0.70402455,,,,,,,,,,,,
2026-04-22 21:01:00+00:00,presentValue,analogInput_105,analogInput,,0.6789241,,,,,,,,,,,,
2026-04-22 21:02:00+00:00,presentValue,analogInput_105,analogInput,,0.6655896,,,,,,,,,,,,
2026-04-22 21:03:00+00:00,presentValue,analogInput_105,analogInput,,0.6389203,,,,,,,,,,,,
2026-04-22 21:04:00+00:00,presentValue,analogInput_105,analogInput,,0.62362504,,,,,,,,,,,,
2026-04-22 21:05:00+00:00,presentValue,analogInput_105,analogInput,,0.60872173,,,,,,,,,,,,
2026-04-22 21:06:00+00:00,presentValue,analogInput_105,analogInput,,0.5826409,,,,,,,,,,,,
2026-04-22 21:07:00+00:00,presentValue,analogInput_105,analogInput,,0.55361843,,,,,,,,,,,,
2026-04-22 21:08:00+00:00,presentValue,analogInput_105,analogInput,,0.54734325,,,,,,,,,,,,
2026-04-22 21:09:00+00:00,presentValue,analogInput_105,analogInput,,0.520674,,,,,,,,,,,,
2026-04-22 21:10:00+00:00,presentValue,analogInput_105,analogInput,,0.5077319,,,,,,,,,,,,
2026-04-22 21:11:00+00:00,presentValue,analogInput_105,analogInput,,0.47498345,,,,,,,,,,,,
2026-04-22 21:12:00+00:00,presentValue,analogInput_105,analogInput,,0.46184492,,,,,,,,,,,,
2026-04-22 21:13:00+00:00,presentValue,analogInput_105,analogInput,,0.44870687,,,,,,,,,,,,
2026-04-22 21:14:00+00:00,presentValue,analogInput_105,analogInput,,0.4306655,,,,,,,,,,,,
2026-04-22 21:15:00+00:00,presentValue,analogInput_105,analogInput,,0.38536716,,,,,,,,,,,,
2026-04-22 21:16:00+00:00,presentValue,analogInput_105,analogInput,,0.39438772,,,,,,,,,,,,
2026-04-22 21:17:00+00:00,presentValue,analogInput_105,analogInput,,0.37752366,,,,,,,,,,,,
2026-04-22 21:18:00+00:00,presentValue,analogInput_105,analogInput,,0.3620317,,,,,,,,,,,,
2026-04-22 21:19:00+00:00,presentValue,analogInput_105,analogInput,,0.33634305,,,,,,,,,,,,
2026-04-22 21:20:00+00:00,presentValue,analogInput_105,analogInput,,0.32202816,,,,,,,,,,,,
2026-04-22 21:21:00+00:00,presentValue,analogInput_105,analogInput,,0.31594896,,,,,,,,,,,,
2026-04-22 21:22:00+00:00,presentValue,analogInput_105,analogInput,,0.2845738,,,,,,,,,,,,
2026-04-22 21:23:00+00:00,presentValue,analogInput_105,analogInput,,0.27555323,,,,,,,,,,,,
2026-04-22 21:24:00+00:00,presentValue,analogInput_105,analogInput,,0.23437285,,,,,,,,,,,,
2026-04-22 21:25:00+00:00,presentValue,analogInput_105,analogInput,,0.24025583,,,,,,,,,,,,
2026-04-22 21:26:00+00:00,presentValue,analogInput_105,analogInput,,0.22868586,,,,,,,,,,,,
2026-04-22 21:27:00+00:00,presentValue,analogInput_105,analogInput,,0.20515442,,,,,,,,,,,,
2026-04-22 21:28:00+00:00,presentValue,analogInput_105,analogInput,,0.02847147,,,,,,,,,,,,
2026-04-22 21:29:00+00:00,presentValue,analogInput_105,analogInput,,0.023372889,,,,,,,,,,,,
2026-04-22 21:30:00+00:00,presentValue,analogInput_105,analogInput,,0.030236244,,,,,,,,,,,,
2026-04-22 21:31:00+00:00,presentValue,analogInput_105,analogInput,,0.022392273,,,,,,,,,,,,
2026-04-22 21:32:00+00:00,presentValue,analogInput_105,analogInput,,0.013763905,,,,,,,,,,,,
2026-04-22 21:33:00+00:00,presentValue,analogInput_105,analogInput,,0.008469582,,,,,,,,,,,,
2026-04-22 21:34:00+00:00,presentValue,analogInput_105,analogInput,,0.0041553974,,,,,,,,,,,,
2026-04-22 21:35:00+00:00,presentValue,analogInput_105,analogInput,,3.71933e-05,,,,,,,,,,,,
2026-04-22 21:36:00+00:00,presentValue,analogInput_105,analogInput,,0.0008215904,,,,,,,,,,,,
2026-04-22 21:37:00+00:00,presentValue,analogInput_105,analogInput,,-0.00055098534,,,,,,,,,,,,
2026-04-22 21:38:00+00:00,presentValue,analogInput_105,analogInput,,-0.001531601,,,,,,,,,,,,
2026-04-22 21:39:00+00:00,presentValue,analogInput_105,analogInput,,-0.0025119781,,,,,,,,,,,,
2026-04-22 21:40:00+00:00,presentValue,analogInput_105,analogInput,,-0.0042767525,,,,,,,,,,,,
2026-04-22 21:41:00+00:00,presentValue,analogInput_105,analogInput,,-0.006041765,,,,,,,,,,,,
2026-04-22 21:42:00+00:00,presentValue,analogInput_105,analogInput,,-0.006825924,,,,,,,,,,,,
2026-04-22 21:43:00+00:00,presentValue,analogInput_105,analogInput,,-0.008983135,,,,,,,,,,,,
2026-04-22 21:44:00+00:00,presentValue,analogInput_105,analogInput,,-0.010355949,,,,,,,,,,,,
2026-04-22 21:45:00+00:00,presentValue,analogInput_105,analogInput,,-0.011532307,,,,,,,,,,,,
2026-04-22 21:46:00+00:00,presentValue,analogInput_105,analogInput,,-0.012709141,,,,,,,,,,,,
2026-04-22 21:47:00+00:00,presentValue,analogInput_105,analogInput,,-0.013297319,,,,,,,,,,,,
2026-04-22 21:48:00+00:00,presentValue,analogInput_105,analogInput,,-0.014277935,,,,,,,,,,,,
2026-04-22 21:49:00+00:00,presentValue,analogInput_105,analogInput,,-0.014277935,,,,,,,,,,,,
2026-04-22 21:50:00+00:00,presentValue,analogInput_105,analogInput,,-0.014277935,,,,,,,,,,,,
2026-04-22 21:51:00+00:00,presentValue,analogInput_105,analogInput,,-0.009571552,,,,,,,,,,,,
2026-04-22 21:52:00+00:00,presentValue,analogInput_105,analogInput,,-0.0078065395,,,,,,,,,,,,
2026-04-22 21:53:00+00:00,presentValue,analogInput_105,analogInput,,-0.008394718,,,,,,,,,,,,
2026-04-22 21:54:00+00:00,presentValue,analogInput_105,analogInput,,-0.008002758,,,,,,,,,,,,
2026-04-22 21:55:00+00:00,presentValue,analogInput_105,analogInput,,-0.008002758,,,,,,,,,,,,
2026-04-22 21:56:00+00:00,presentValue,analogInput_105,analogInput,,-0.008002758,,,,,,,,,,,,
2026-04-22 21:57:00+00:00,presentValue,analogInput_105,analogInput,,-0.008002758,,,,,,,,,,,,
2026-04-22 21:58:00+00:00,presentValue,analogInput_105,analogInput,,-0.008198738,,,,,,,,,,,,
2026-04-22 21:59:00+00:00,presentValue,analogInput_105,analogInput,,-0.008198738,,,,,,,,,,,,
2026-04-22 22:00:00+00:00,presentValue,analogInput_105,analogInput,,-0.008590937,,,,,,,,,,,,
2026-04-22 22:01:00+00:00,presentValue,analogInput_105,analogInput,,-0.008590937,,,,,,,,,,,,
2026-04-22 22:02:00+00:00,presentValue,analogInput_105,analogInput,,-0.008590937,,,,,,,,,,,,
2026-04-22 22:03:00+00:00,presentValue,analogInput_105,analogInput,,-0.008394718,,,,,,,,,,,,
2026-04-22 22:04:00+00:00,presentValue,analogInput_105,analogInput,,-0.008590937,,,,,,,,,,,,
2026-04-22 22:05:00+00:00,presentValue,analogInput_105,analogInput,,-0.008394718,,,,,,,,,,,,
2026-04-22 22:06:00+00:00,presentValue,analogInput_105,analogInput,,-0.008394718,,,,,,,,,,,,
2026-04-22 22:07:00+00:00,presentValue,analogInput_105,analogInput,,-0.008590937,,,,,,,,,,,,
2026-04-22 22:08:00+00:00,presentValue,analogInput_105,analogInput,,-0.008590937,,,,,,,,,,,,
2026-04-22 22:09:00+00:00,presentValue,analogInput_105,analogInput,,-0.008590937,,,,,,,,,,,,
2026-04-22 22:10:00+00:00,presentValue,analogInput_105,analogInput,,-0.008590937,,,,,,,,,,,,
2026-04-22 22:11:00+00:00,presentValue,analogInput_105,analogInput,,-0.008590937,,,,,,,,,,,,
2026-04-22 22:12:00+00:00,presentValue,analogInput_105,analogInput,,-0.008590937,,,,,,,,,,,,
2026-04-22 22:13:00+00:00,presentValue,analogInput_105,analogInput,,-0.008787155,,,,,,,,,,,,
2026-04-22 22:14:00+00:00,presentValue,analogInput_105,analogInput,,-0.008590937,,,,,,,,,,,,
2026-04-22 22:15:00+00:00,presentValue,analogInput_105,analogInput,,-0.008590937,,,,,,,,,,,,
2026-04-22 22:16:00+00:00,presentValue,analogInput_105,analogInput,,-0.008787155,,,,,,,,,,,,
2026-04-22 22:17:00+00:00,presentValue,analogInput_105,analogInput,,-0.008590937,,,,,,,,,,,,
2026-04-22 22:18:00+00:00,presentValue,analogInput_105,analogInput,,-0.008590937,,,,,,,,,,,,
2026-04-22 22:19:00+00:00,presentValue,analogInput_105,analogInput,,-0.008787155,,,,,,,,,,,,
2026-04-22 22:20:00+00:00,presentValue,analogInput_105,analogInput,,-0.008590937,,,,,,,,,,,,
2026-04-22 22:21:00+00:00,presentValue,analogInput_105,analogInput,,-0.008787155,,,,,,,,,,,,
2026-04-22 22:22:00+00:00,presentValue,analogInput_105,analogInput,,-0.008590937,,,,,,,,,,,,
2026-04-22 22:23:00+00:00,presentValue,analogInput_105,analogInput,,-0.008590937,,,,,,,,,,,,
2026-04-22 22:24:00+00:00,presentValue,analogInput_105,analogInput,,-0.008787155,,,,,,,,,,,,
2026-04-22 22:25:00+00:00,presentValue,analogInput_105,analogInput,,-0.008983135,,,,,,,,,,,,
2026-04-22 22:26:00+00:00,presentValue,analogInput_105,analogInput,,-0.008787155,,,,,,,,,,,,
2026-04-22 22:27:00+00:00,presentValue,analogInput_105,analogInput,,-0.008590937,,,,,,,,,,,,
2026-04-22 22:28:00+00:00,presentValue,analogInput_105,analogInput,,-0.008983135,,,,,,,,,,,,
2026-04-22 22:29:00+00:00,presentValue,analogInput_105,analogInput,,-0.008983135,,,,,,,,,,,,
2026-04-22 22:30:00+00:00,presentValue,analogInput_105,analogInput,,-0.008787155,,,,,,,,,,,,
2026-04-22 22:31:00+00:00,presentValue,analogInput_105,analogInput,,-0.008590937,,,,,,,,,,,,
2026-04-22 22:32:00+00:00,presentValue,analogInput_105,analogInput,,-0.008787155,,,,,,,,,,,,
2026-04-22 22:33:00+00:00,presentValue,analogInput_105,analogInput,,-0.008787155,,,,,,,,,,,,
2026-04-22 22:34:00+00:00,presentValue,analogInput_105,analogInput,,-0.008983135,,,,,,,,,,,,
2026-04-22 22:35:00+00:00,presentValue,analogInput_105,analogInput,,-0.008787155,,,,,,,,,,,,
2026-04-22 22:36:00+00:00,presentValue,analogInput_105,analogInput,,-0.009179354,,,,,,,,,,,,
2026-04-22 22:37:00+00:00,presentValue,analogInput_105,analogInput,,-0.008983135,,,,,,,,,,,,
2026-04-22 22:38:00+00:00,presentValue,analogInput_105,analogInput,,-0.008983135,,,,,,,,,,,,
2026-04-22 22:39:00+00:00,presentValue,analogInput_105,analogInput,,-0.008983135,,,,,,,,,,,,
2026-04-22 22:40:00+00:00,presentValue,analogInput_105,analogInput,,-0.008983135,,,,,,,,,,,,
2026-04-22 22:41:00+00:00,presentValue,analogInput_105,analogInput,,-0.008787155,,,,,,,,,,,,
2026-04-22 22:42:00+00:00,presentValue,analogInput_105,analogInput,,-0.008983135,,,,,,,,,,,,
2026-04-22 22:43:00+00:00,presentValue,analogInput_105,analogInput,,-0.008983135,,,,,,,,,,,,
2026-04-22 22:44:00+00:00,presentValue,analogInput_105,analogInput,,-0.008983135,,,,,,,,,,,,
2026-04-22 22:45:00+00:00,presentValue,analogInput_105,analogInput,,-0.008983135,,,,,,,,,,,,
2026-04-22 22:46:00+00:00,presentValue,analogInput_105,analogInput,,-0.008983135,,,,,,,,,,,,
2026-04-22 22:47:00+00:00,presentValue,analogInput_105,analogInput,,-0.008590937,,,,,,,,,,,,
2026-04-22 22:48:00+00:00,presentValue,analogInput_105,analogInput,,-0.009179354,,,,,,,,,,,,
2026-04-22 22:49:00+00:00,presentValue,analogInput_105,analogInput,,-0.008983135,,,,,,,,,,,,
2026-04-22 22:50:00+00:00,presentValue,analogInput_105,analogInput,,-0.009179354,,,,,,,,,,,,
2026-04-22 22:51:00+00:00,presentValue,analogInput_105,analogInput,,-0.009179354,,,,,,,,,,,,
2026-04-22 22:52:00+00:00,presentValue,analogInput_105,analogInput,,-0.008983135,,,,,,,,,,,,
2026-04-22 22:53:00+00:00,presentValue,analogInput_105,analogInput,,-0.008983135,,,,,,,,,,,,
2026-04-22 22:54:00+00:00,presentValue,analogInput_105,analogInput,,-0.009179354,,,,,,,,,,,,
2026-04-22 22:55:00+00:00,presentValue,analogInput_105,analogInput,,-0.008983135,,,,,,,,,,,,
2026-04-22 22:56:00+00:00,presentValue,analogInput_105,analogInput,,-0.009179354,,,,,,,,,,,,
2026-04-22 22:57:00+00:00,presentValue,analogInput_105,analogInput,,-0.009179354,,,,,,,,,,,,
2026-04-22 22:58:00+00:00,presentValue,analogInput_105,analogInput,,-0.009179354,,,,,,,,,,,,
2026-04-22 22:59:00+00:00,presentValue,analogInput_105,analogInput,,-0.008983135,,,,,,,,,,,,
2026-04-22 23:00:00+00:00,presentValue,analogInput_105,analogInput,,-0.009179354,,,,,,,,,,,,
2026-04-22 11:01:00+00:00,presentValue,analogInput_106,analogInput,,,233.98634,,,,,,,,,,,
2026-04-22 11:02:00+00:00,presentValue,analogInput_106,analogInput,,,233.94713,,,,,,,,,,,
2026-04-22 11:03:00+00:00,presentValue,analogInput_106,analogInput,,,233.96674,,,,,,,,,,,
2026-04-22 11:04:00+00:00,presentValue,analogInput_106,analogInput,,,234.00595,,,,,,,,,,,
2026-04-22 11:05:00+00:00,presentValue,analogInput_106,analogInput,,,234.02557,,,,,,,,,,,
2026-04-22 11:06:00+00:00,presentValue,analogInput_106,analogInput,,,233.98634,,,,,,,,,,,
2026-04-22 11:07:00+00:00,presentValue,analogInput_106,analogInput,,,233.94713,,,,,,,,,,,
2026-04-22 11:08:00+00:00,presentValue,analogInput_106,analogInput,,,233.98634,,,,,,,,,,,
2026-04-22 11:09:00+00:00,presentValue,analogInput_106,analogInput,,,234.00595,,,,,,,,,,,
2026-04-22 11:10:00+00:00,presentValue,analogInput_106,analogInput,,,233.98634,,,,,,,,,,,
2026-04-22 11:11:00+00:00,presentValue,analogInput_106,analogInput,,,233.96674,,,,,,,,,,,
2026-04-22 11:12:00+00:00,presentValue,analogInput_106,analogInput,,,233.94713,,,,,,,,,,,
2026-04-22 11:13:00+00:00,presentValue,analogInput_106,analogInput,,,233.94713,,,,,,,,,,,
2026-04-22 11:14:00+00:00,presentValue,analogInput_106,analogInput,,,233.90791,,,,,,,,,,,
2026-04-22 11:15:00+00:00,presentValue,analogInput_106,analogInput,,,233.94713,,,,,,,,,,,
2026-04-22 11:16:00+00:00,presentValue,analogInput_106,analogInput,,,233.94713,,,,,,,,,,,
2026-04-22 11:17:00+00:00,presentValue,analogInput_106,analogInput,,,233.94713,,,,,,,,,,,
2026-04-22 11:18:00+00:00,presentValue,analogInput_106,analogInput,,,233.94713,,,,,,,,,,,
2026-04-22 11:19:00+00:00,presentValue,analogInput_106,analogInput,,,233.92752,,,,,,,,,,,
2026-04-22 11:20:00+00:00,presentValue,analogInput_106,analogInput,,,233.94713,,,,,,,,,,,
2026-04-22 11:21:00+00:00,presentValue,analogInput_106,analogInput,,,233.94713,,,,,,,,,,,
2026-04-22 11:22:00+00:00,presentValue,analogInput_106,analogInput,,,233.96674,,,,,,,,,,,
2026-04-22 11:23:00+00:00,presentValue,analogInput_106,analogInput,,,233.57454,,,,,,,,,,,
2026-04-22 11:24:00+00:00,presentValue,analogInput_106,analogInput,,,233.55493,,,,,,,,,,,
2026-04-22 11:25:00+00:00,presentValue,analogInput_106,analogInput,,,233.57454,,,,,,,,,,,
2026-04-22 11:26:00+00:00,presentValue,analogInput_106,analogInput,,,233.55493,,,,,,,,,,,
2026-04-22 11:27:00+00:00,presentValue,analogInput_106,analogInput,,,233.57454,,,,,,,,,,,
2026-04-22 11:28:00+00:00,presentValue,analogInput_106,analogInput,,,233.59415,,,,,,,,,,,
2026-04-22 11:29:00+00:00,presentValue,analogInput_106,analogInput,,,233.55493,,,,,,,,,,,
2026-04-22 11:30:00+00:00,presentValue,analogInput_106,analogInput,,,233.59415,,,,,,,,,,,
2026-04-22 11:31:00+00:00,presentValue,analogInput_106,analogInput,,,233.57454,,,,,,,,,,,
2026-04-22 11:32:00+00:00,presentValue,analogInput_106,analogInput,,,233.55493,,,,,,,,,,,
2026-04-22 11:33:00+00:00,presentValue,analogInput_106,analogInput,,,233.57454,,,,,,,,,,,
2026-04-22 11:34:00+00:00,presentValue,analogInput_106,analogInput,,,233.61375,,,,,,,,,,,
2026-04-22 11:35:00+00:00,presentValue,analogInput_106,analogInput,,,233.55493,,,,,,,,,,,
2026-04-22 11:36:00+00:00,presentValue,analogInput_106,analogInput,,,233.57454,,,,,,,,,,,
2026-04-22 11:37:00+00:00,presentValue,analogInput_106,analogInput,,,233.57454,,,,,,,,,,,
2026-04-22 11:38:00+00:00,presentValue,analogInput_106,analogInput,,,233.57454,,,,,,,,,,,
2026-04-22 11:39:00+00:00,presentValue,analogInput_106,analogInput,,,233.55493,,,,,,,,,,,
2026-04-22 11:40:00+00:00,presentValue,analogInput_106,analogInput,,,233.55493,,,,,,,,,,,
2026-04-22 11:41:00+00:00,presentValue,analogInput_106,analogInput,,,233.57454,,,,,,,,,,,
2026-04-22 11:42:00+00:00,presentValue,analogInput_106,analogInput,,,233.55493,,,,,,,,,,,
2026-04-22 11:43:00+00:00,presentValue,analogInput_106,analogInput,,,233.57454,,,,,,,,,,,
2026-04-22 11:44:00+00:00,presentValue,analogInput_106,analogInput,,,233.59415,,,,,,,,,,,
2026-04-22 11:45:00+00:00,presentValue,analogInput_106,analogInput,,,233.57454,,,,,,,,,,,
2026-04-22 11:46:00+00:00,presentValue,analogInput_106,analogInput,,,233.59415,,,,,,,,,,,
2026-04-22 11:47:00+00:00,presentValue,analogInput_106,analogInput,,,233.59415,,,,,,,,,,,
2026-04-22 11:48:00+00:00,presentValue,analogInput_106,analogInput,,,233.59415,,,,,,,,,,,
2026-04-22 11:49:00+00:00,presentValue,analogInput_106,analogInput,,,233.1039,,,,,,,,,,,
2026-04-22 11:50:00+00:00,presentValue,analogInput_106,analogInput,,,233.1235,,,,,,,,,,,
2026-04-22 11:51:00+00:00,presentValue,analogInput_106,analogInput,,,233.1039,,,,,,,,,,,
2026-04-22 11:52:00+00:00,presentValue,analogInput_106,analogInput,,,233.1235,,,,,,,,,,,
2026-04-22 11:53:00+00:00,presentValue,analogInput_106,analogInput,,,233.1039,,,,,,,,,,,
2026-04-22 11:54:00+00:00,presentValue,analogInput_106,analogInput,,,233.08429,,,,,,,,,,,
2026-04-22 11:55:00+00:00,presentValue,analogInput_106,analogInput,,,233.08429,,,,,,,,,,,
2026-04-22 11:56:00+00:00,presentValue,analogInput_106,analogInput,,,233.1039,,,,,,,,,,,
2026-04-22 11:57:00+00:00,presentValue,analogInput_106,analogInput,,,233.08429,,,,,,,,,,,
2026-04-22 11:58:00+00:00,presentValue,analogInput_106,analogInput,,,233.1039,,,,,,,,,,,
2026-04-22 11:59:00+00:00,presentValue,analogInput_106,analogInput,,,233.1039,,,,,,,,,,,
2026-04-22 12:00:00+00:00,presentValue,analogInput_106,analogInput,,,233.08429,,,,,,,,,,,
2026-04-22 12:01:00+00:00,presentValue,analogInput_106,analogInput,,,233.08429,,,,,,,,,,,
2026-04-22 12:02:00+00:00,presentValue,analogInput_106,analogInput,,,233.0451,,,,,,,,,,,
2026-04-22 12:03:00+00:00,presentValue,analogInput_106,analogInput,,,233.1039,,,,,,,,,,,
2026-04-22 12:04:00+00:00,presentValue,analogInput_106,analogInput,,,233.08429,,,,,,,,,,,
2026-04-22 12:05:00+00:00,presentValue,analogInput_106,analogInput,,,233.1039,,,,,,,,,,,
2026-04-22 12:06:00+00:00,presentValue,analogInput_106,analogInput,,,233.08429,,,,,,,,,,,
2026-04-22 12:07:00+00:00,presentValue,analogInput_106,analogInput,,,233.1039,,,,,,,,,,,
2026-04-22 12:08:00+00:00,presentValue,analogInput_106,analogInput,,,233.1039,,,,,,,,,,,
2026-04-22 12:09:00+00:00,presentValue,analogInput_106,analogInput,,,233.1039,,,,,,,,,,,
2026-04-22 12:10:00+00:00,presentValue,analogInput_106,analogInput,,,233.1235,,,,,,,,,,,
2026-04-22 12:11:00+00:00,presentValue,analogInput_106,analogInput,,,233.1235,,,,,,,,,,,
2026-04-22 12:12:00+00:00,presentValue,analogInput_106,analogInput,,,233.14313,,,,,,,,,,,
2026-04-22 12:13:00+00:00,presentValue,analogInput_106,analogInput,,,233.08429,,,,,,,,,,,
2026-04-22 12:14:00+00:00,presentValue,analogInput_106,analogInput,,,233.1235,,,,,,,,,,,
2026-04-22 12:15:00+00:00,presentValue,analogInput_106,analogInput,,,233.1039,,,,,,,,,,,
2026-04-22 12:16:00+00:00,presentValue,analogInput_106,analogInput,,,233.14313,,,,,,,,,,,
2026-04-22 12:17:00+00:00,presentValue,analogInput_106,analogInput,,,232.90784,,,,,,,,,,,
2026-04-22 12:18:00+00:00,presentValue,analogInput_106,analogInput,,,232.88821,,,,,,,,,,,
2026-04-22 12:19:00+00:00,presentValue,analogInput_106,analogInput,,,232.90784,,,,,,,,,,,
2026-04-22 12:20:00+00:00,presentValue,analogInput_106,analogInput,,,232.90784,,,,,,,,,,,
2026-04-22 12:21:00+00:00,presentValue,analogInput_106,analogInput,,,232.88821,,,,,,,,,,,
2026-04-22 12:22:00+00:00,presentValue,analogInput_106,analogInput,,,232.90784,,,,,,,,,,,
2026-04-22 12:23:00+00:00,presentValue,analogInput_106,analogInput,,,232.88821,,,,,,,,,,,
2026-04-22 12:24:00+00:00,presentValue,analogInput_106,analogInput,,,232.90784,,,,,,,,,,,
2026-04-22 12:25:00+00:00,presentValue,analogInput_106,analogInput,,,232.88821,,,,,,,,,,,
2026-04-22 12:26:00+00:00,presentValue,analogInput_106,analogInput,,,232.90784,,,,,,,,,,,
2026-04-22 12:27:00+00:00,presentValue,analogInput_106,analogInput,,,232.90784,,,,,,,,,,,
2026-04-22 12:28:00+00:00,presentValue,analogInput_106,analogInput,,,232.90784,,,,,,,,,,,
2026-04-22 12:29:00+00:00,presentValue,analogInput_106,analogInput,,,232.90784,,,,,,,,,,,
2026-04-22 12:30:00+00:00,presentValue,analogInput_106,analogInput,,,232.92744,,,,,,,,,,,
2026-04-22 12:31:00+00:00,presentValue,analogInput_106,analogInput,,,232.90784,,,,,,,,,,,
2026-04-22 12:32:00+00:00,presentValue,analogInput_106,analogInput,,,232.90784,,,,,,,,,,,
2026-04-22 12:33:00+00:00,presentValue,analogInput_106,analogInput,,,232.90784,,,,,,,,,,,
2026-04-22 12:34:00+00:00,presentValue,analogInput_106,analogInput,,,232.88821,,,,,,,,,,,
2026-04-22 12:35:00+00:00,presentValue,analogInput_106,analogInput,,,232.94705,,,,,,,,,,,
2026-04-22 12:36:00+00:00,presentValue,analogInput_106,analogInput,,,232.88821,,,,,,,,,,,
2026-04-22 12:37:00+00:00,presentValue,analogInput_106,analogInput,,,232.90784,,,,,,,,,,,
2026-04-22 12:38:00+00:00,presentValue,analogInput_106,analogInput,,,232.90784,,,,,,,,,,,
2026-04-22 12:39:00+00:00,presentValue,analogInput_106,analogInput,,,232.90784,,,,,,,,,,,
2026-04-22 12:40:00+00:00,presentValue,analogInput_106,analogInput,,,232.90784,,,,,,,,,,,
2026-04-22 12:41:00+00:00,presentValue,analogInput_106,analogInput,,,232.88821,,,,,,,,,,,
2026-04-22 12:42:00+00:00,presentValue,analogInput_106,analogInput,,,232.90784,,,,,,,,,,,
2026-04-22 12:43:00+00:00,presentValue,analogInput_106,analogInput,,,232.88821,,,,,,,,,,,
2026-04-22 12:44:00+00:00,presentValue,analogInput_106,analogInput,,,232.92744,,,,,,,,,,,
2026-04-22 12:45:00+00:00,presentValue,analogInput_106,analogInput,,,232.88821,,,,,,,,,,,
2026-04-22 12:46:00+00:00,presentValue,analogInput_106,analogInput,,,232.88821,,,,,,,,,,,
2026-04-22 12:47:00+00:00,presentValue,analogInput_106,analogInput,,,232.92744,,,,,,,,,,,
2026-04-22 12:48:00+00:00,presentValue,analogInput_106,analogInput,,,232.88821,,,,,,,,,,,
2026-04-22 12:49:00+00:00,presentValue,analogInput_106,analogInput,,,232.90784,,,,,,,,,,,
2026-04-22 12:50:00+00:00,presentValue,analogInput_106,analogInput,,,232.90784,,,,,,,,,,,
2026-04-22 12:51:00+00:00,presentValue,analogInput_106,analogInput,,,232.90784,,,,,,,,,,,
2026-04-22 12:52:00+00:00,presentValue,analogInput_106,analogInput,,,232.90784,,,,,,,,,,,
2026-04-22 12:53:00+00:00,presentValue,analogInput_106,analogInput,,,232.88821,,,,,,,,,,,
2026-04-22 12:54:00+00:00,presentValue,analogInput_106,analogInput,,,232.88821,,,,,,,,,,,
2026-04-22 12:55:00+00:00,presentValue,analogInput_106,analogInput,,,232.90784,,,,,,,,,,,
2026-04-22 12:56:00+00:00,presentValue,analogInput_106,analogInput,,,232.90784,,,,,,,,,,,
2026-04-22 12:57:00+00:00,presentValue,analogInput_106,analogInput,,,232.90784,,,,,,,,,,,
2026-04-22 12:58:00+00:00,presentValue,analogInput_106,analogInput,,,232.90784,,,,,,,,,,,
2026-04-22 12:59:00+00:00,presentValue,analogInput_106,analogInput,,,232.90784,,,,,,,,,,,
2026-04-22 13:00:00+00:00,presentValue,analogInput_106,analogInput,,,232.88821,,,,,,,,,,,
2026-04-22 13:01:00+00:00,presentValue,analogInput_106,analogInput,,,232.39798,,,,,,,,,,,
2026-04-22 13:02:00+00:00,presentValue,analogInput_106,analogInput,,,232.41759,,,,,,,,,,,
2026-04-22 13:03:00+00:00,presentValue,analogInput_106,analogInput,,,232.39798,,,,,,,,,,,
2026-04-22 13:04:00+00:00,presentValue,analogInput_106,analogInput,,,232.41759,,,,,,,,,,,
2026-04-22 13:05:00+00:00,presentValue,analogInput_106,analogInput,,,232.39798,,,,,,,,,,,
2026-04-22 13:06:00+00:00,presentValue,analogInput_106,analogInput,,,232.39798,,,,,,,,,,,
2026-04-22 13:07:00+00:00,presentValue,analogInput_106,analogInput,,,232.39798,,,,,,,,,,,
2026-04-22 13:08:00+00:00,presentValue,analogInput_106,analogInput,,,232.37836,,,,,,,,,,,
2026-04-22 13:09:00+00:00,presentValue,analogInput_106,analogInput,,,232.41759,,,,,,,,,,,
2026-04-22 13:10:00+00:00,presentValue,analogInput_106,analogInput,,,232.39798,,,,,,,,,,,
2026-04-22 13:11:00+00:00,presentValue,analogInput_106,analogInput,,,232.39798,,,,,,,,,,,
2026-04-22 13:12:00+00:00,presentValue,analogInput_106,analogInput,,,232.41759,,,,,,,,,,,
2026-04-22 13:13:00+00:00,presentValue,analogInput_106,analogInput,,,232.39798,,,,,,,,,,,
2026-04-22 13:14:00+00:00,presentValue,analogInput_106,analogInput,,,232.39798,,,,,,,,,,,
2026-04-22 13:15:00+00:00,presentValue,analogInput_106,analogInput,,,232.39798,,,,,,,,,,,
2026-04-22 13:16:00+00:00,presentValue,analogInput_106,analogInput,,,232.41759,,,,,,,,,,,
2026-04-22 13:17:00+00:00,presentValue,analogInput_106,analogInput,,,222.29898,,,,,,,,,,,
2026-04-22 13:18:00+00:00,presentValue,analogInput_106,analogInput,,,217.0828,,,,,,,,,,,
2026-04-22 13:19:00+00:00,presentValue,analogInput_106,analogInput,,,219.00458,,,,,,,,,,,
2026-04-22 13:20:00+00:00,presentValue,analogInput_106,analogInput,,,218.84769,,,,,,,,,,,
2026-04-22 13:21:00+00:00,presentValue,analogInput_106,analogInput,,,216.14156,,,,,,,,,,,
2026-04-22 13:22:00+00:00,presentValue,analogInput_106,analogInput,,,218.43588,,,,,,,,,,,
2026-04-22 13:23:00+00:00,presentValue,analogInput_106,analogInput,,,218.39667,,,,,,,,,,,
2026-04-22 13:24:00+00:00,presentValue,analogInput_106,analogInput,,,217.0828,,,,,,,,,,,
2026-04-22 13:25:00+00:00,presentValue,analogInput_106,analogInput,,,221.1028,,,,,,,,,,,
2026-04-22 13:26:00+00:00,presentValue,analogInput_106,analogInput,,,216.72984,,,,,,,,,,,
2026-04-22 13:27:00+00:00,presentValue,analogInput_106,analogInput,,,219.23988,,,,,,,,,,,
2026-04-22 13:28:00+00:00,presentValue,analogInput_106,analogInput,,,218.6712,,,,,,,,,,,
2026-04-22 13:29:00+00:00,presentValue,analogInput_106,analogInput,,,217.78876,,,,,,,,,,,
2026-04-22 13:30:00+00:00,presentValue,analogInput_106,analogInput,,,215.78857,,,,,,,,,,,
2026-04-22 13:31:00+00:00,presentValue,analogInput_106,analogInput,,,217.8672,,,,,,,,,,,
2026-04-22 13:32:00+00:00,presentValue,analogInput_106,analogInput,,,218.22017,,,,,,,,,,,
2026-04-22 13:33:00+00:00,presentValue,analogInput_106,analogInput,,,218.57315,,,,,,,,,,,
2026-04-22 13:34:00+00:00,presentValue,analogInput_106,analogInput,,,219.0634,,,,,,,,,,,
2026-04-22 13:35:00+00:00,presentValue,analogInput_106,analogInput,,,216.94556,,,,,,,,,,,
2026-04-22 13:36:00+00:00,presentValue,analogInput_106,analogInput,,,218.90652,,,,,,,,,,,
2026-04-22 13:37:00+00:00,presentValue,analogInput_106,analogInput,,,220.92632,,,,,,,,,,,
2026-04-22 13:38:00+00:00,presentValue,analogInput_106,analogInput,,,228.45644,,,,,,,,,,,
2026-04-22 13:39:00+00:00,presentValue,analogInput_106,analogInput,,,218.61237,,,,,,,,,,,
2026-04-22 13:40:00+00:00,presentValue,analogInput_106,analogInput,,,218.4751,,,,,,,,,,,
2026-04-22 13:41:00+00:00,presentValue,analogInput_106,analogInput,,,228.47604,,,,,,,,,,,
2026-04-22 13:42:00+00:00,presentValue,analogInput_106,analogInput,,,228.47604,,,,,,,,,,,
2026-04-22 13:43:00+00:00,presentValue,analogInput_106,analogInput,,,228.47604,,,,,,,,,,,
2026-04-22 13:44:00+00:00,presentValue,analogInput_106,analogInput,,,228.47604,,,,,,,,,,,
2026-04-22 13:45:00+00:00,presentValue,analogInput_106,analogInput,,,228.47604,,,,,,,,,,,
2026-04-22 13:46:00+00:00,presentValue,analogInput_106,analogInput,,,228.49562,,,,,,,,,,,
2026-04-22 13:47:00+00:00,presentValue,analogInput_106,analogInput,,,228.47604,,,,,,,,,,,
2026-04-22 13:48:00+00:00,presentValue,analogInput_106,analogInput,,,228.47604,,,,,,,,,,,
2026-04-22 13:49:00+00:00,presentValue,analogInput_106,analogInput,,,218.57315,,,,,,,,,,,
2026-04-22 13:50:00+00:00,presentValue,analogInput_106,analogInput,,,217.55344,,,,,,,,,,,
2026-04-22 13:51:00+00:00,presentValue,analogInput_106,analogInput,,,220.08308,,,,,,,,,,,
2026-04-22 13:52:00+00:00,presentValue,analogInput_106,analogInput,,,217.80836,,,,,,,,,,,
2026-04-22 13:53:00+00:00,presentValue,analogInput_106,analogInput,,,216.88673,,,,,,,,,,,
2026-04-22 13:54:00+00:00,presentValue,analogInput_106,analogInput,,,217.61227,,,,,,,,,,,
2026-04-22 13:55:00+00:00,presentValue,analogInput_106,analogInput,,,219.59283,,,,,,,,,,,
2026-04-22 13:56:00+00:00,presentValue,analogInput_106,analogInput,,,218.55354,,,,,,,,,,,
2026-04-22 13:57:00+00:00,presentValue,analogInput_106,analogInput,,,218.39667,,,,,,,,,,,
2026-04-22 13:58:00+00:00,presentValue,analogInput_106,analogInput,,,218.84769,,,,,,,,,,,
2026-04-22 13:59:00+00:00,presentValue,analogInput_106,analogInput,,,219.0438,,,,,,,,,,,
2026-04-22 14:00:00+00:00,presentValue,analogInput_106,analogInput,,,217.57304,,,,,,,,,,,
2026-04-22 14:01:00+00:00,presentValue,analogInput_106,analogInput,,,217.98485,,,,,,,,,,,
2026-04-22 14:02:00+00:00,presentValue,analogInput_106,analogInput,,,220.14192,,,,,,,,,,,
2026-04-22 14:03:00+00:00,presentValue,analogInput_106,analogInput,,,219.47517,,,,,,,,,,,
2026-04-22 14:04:00+00:00,presentValue,analogInput_106,analogInput,,,218.14174,,,,,,,,,,,
2026-04-22 14:05:00+00:00,presentValue,analogInput_106,analogInput,,,219.0634,,,,,,,,,,,
2026-04-22 14:06:00+00:00,presentValue,analogInput_106,analogInput,,,219.59283,,,,,,,,,,,
2026-04-22 14:07:00+00:00,presentValue,analogInput_106,analogInput,,,219.96542,,,,,,,,,,,
2026-04-22 14:08:00+00:00,presentValue,analogInput_106,analogInput,,,219.35751,,,,,,,,,,,
2026-04-22 14:09:00+00:00,presentValue,analogInput_106,analogInput,,,218.53394,,,,,,,,,,,
2026-04-22 14:10:00+00:00,presentValue,analogInput_106,analogInput,,,220.00465,,,,,,,,,,,
2026-04-22 14:11:00+00:00,presentValue,analogInput_106,analogInput,,,220.47528,,,,,,,,,,,
2026-04-22 14:12:00+00:00,presentValue,analogInput_106,analogInput,,,219.4948,,,,,,,,,,,
2026-04-22 14:13:00+00:00,presentValue,analogInput_106,analogInput,,,220.80865,,,,,,,,,,,
2026-04-22 14:14:00+00:00,presentValue,analogInput_106,analogInput,,,220.37724,,,,,,,,,,,
2026-04-22 14:15:00+00:00,presentValue,analogInput_106,analogInput,,,221.02437,,,,,,,,,,,
2026-04-22 14:16:00+00:00,presentValue,analogInput_106,analogInput,,,221.65186,,,,,,,,,,,
2026-04-22 14:17:00+00:00,presentValue,analogInput_106,analogInput,,,220.65178,,,,,,,,,,,
2026-04-22 14:18:00+00:00,presentValue,analogInput_106,analogInput,,,220.53412,,,,,,,,,,,
2026-04-22 14:19:00+00:00,presentValue,analogInput_106,analogInput,,,221.37735,,,,,,,,,,,
2026-04-22 14:20:00+00:00,presentValue,analogInput_106,analogInput,,,221.2793,,,,,,,,,,,
2026-04-22 14:21:00+00:00,presentValue,analogInput_106,analogInput,,,221.76952,,,,,,,,,,,
2026-04-22 14:22:00+00:00,presentValue,analogInput_106,analogInput,,,222.63235,,,,,,,,,,,
2026-04-22 14:23:00+00:00,presentValue,analogInput_106,analogInput,,,223.53441,,,,,,,,,,,
2026-04-22 14:24:00+00:00,presentValue,analogInput_106,analogInput,,,222.88728,,,,,,,,,,,
2026-04-22 14:25:00+00:00,presentValue,analogInput_106,analogInput,,,225.29927,,,,,,,,,,,
2026-04-22 14:26:00+00:00,presentValue,analogInput_106,analogInput,,,224.78941,,,,,,,,,,,
2026-04-22 14:27:00+00:00,presentValue,analogInput_106,analogInput,,,226.08366,,,,,,,,,,,
2026-04-22 14:28:00+00:00,presentValue,analogInput_106,analogInput,,,225.27966,,,,,,,,,,,
2026-04-22 14:29:00+00:00,presentValue,analogInput_106,analogInput,,,226.59349,,,,,,,,,,,
2026-04-22 14:30:00+00:00,presentValue,analogInput_106,analogInput,,,225.84834,,,,,,,,,,,
2026-04-22 14:31:00+00:00,presentValue,analogInput_106,analogInput,,,228.55446,,,,,,,,,,,
2026-04-22 14:32:00+00:00,presentValue,analogInput_106,analogInput,,,227.1818,,,,,,,,,,,
2026-04-22 14:33:00+00:00,presentValue,analogInput_106,analogInput,,,229.47612,,,,,,,,,,,
2026-04-22 14:34:00+00:00,presentValue,analogInput_106,analogInput,,,229.47612,,,,,,,,,,,
2026-04-22 14:35:00+00:00,presentValue,analogInput_106,analogInput,,,229.22119,,,,,,,,,,,
2026-04-22 14:36:00+00:00,presentValue,analogInput_106,analogInput,,,238.20242,,,,,,,,,,,
2026-04-22 14:37:00+00:00,presentValue,analogInput_106,analogInput,,,228.86821,,,,,,,,,,,
2026-04-22 14:38:00+00:00,presentValue,analogInput_106,analogInput,,,228.2015,,,,,,,,,,,
2026-04-22 14:39:00+00:00,presentValue,analogInput_106,analogInput,,,229.4369,,,,,,,,,,,
2026-04-22 14:40:00+00:00,presentValue,analogInput_106,analogInput,,,229.29964,,,,,,,,,,,
2026-04-22 14:41:00+00:00,presentValue,analogInput_106,analogInput,,,230.45662,,,,,,,,,,,
2026-04-22 14:42:00+00:00,presentValue,analogInput_106,analogInput,,,229.69183,,,,,,,,,,,
2026-04-22 14:43:00+00:00,presentValue,analogInput_106,analogInput,,,229.96637,,,,,,,,,,,
2026-04-22 14:44:00+00:00,presentValue,analogInput_106,analogInput,,,229.45651,,,,,,,,,,,
2026-04-22 14:45:00+00:00,presentValue,analogInput_106,analogInput,,,230.33896,,,,,,,,,,,
2026-04-22 14:46:00+00:00,presentValue,analogInput_106,analogInput,,,232.47641,,,,,,,,,,,
2026-04-22 14:47:00+00:00,presentValue,analogInput_106,analogInput,,,232.16266,,,,,,,,,,,
2026-04-22 14:48:00+00:00,presentValue,analogInput_106,analogInput,,,233.20195,,,,,,,,,,,
2026-04-22 14:49:00+00:00,presentValue,analogInput_106,analogInput,,,233.39806,,,,,,,,,,,
2026-04-22 14:50:00+00:00,presentValue,analogInput_106,analogInput,,,237.67296,,,,,,,,,,,
2026-04-22 14:51:00+00:00,presentValue,analogInput_106,analogInput,,,236.47678,,,,,,,,,,,
2026-04-22 14:52:00+00:00,presentValue,analogInput_106,analogInput,,,237.98671,,,,,,,,,,,
2026-04-22 14:53:00+00:00,presentValue,analogInput_106,analogInput,,,238.98682,,,,,,,,,,,
2026-04-22 14:54:00+00:00,presentValue,analogInput_106,analogInput,,,239.65356,,,,,,,,,,,
2026-04-22 14:55:00+00:00,presentValue,analogInput_106,analogInput,,,239.86926,,,,,,,,,,,
2026-04-22 14:56:00+00:00,presentValue,analogInput_106,analogInput,,,241.35959,,,,,,,,,,,
2026-04-22 14:57:00+00:00,presentValue,analogInput_106,analogInput,,,241.41843,,,,,,,,,,,
2026-04-22 14:58:00+00:00,presentValue,analogInput_106,analogInput,,,242.98718,,,,,,,,,,,
2026-04-22 14:59:00+00:00,presentValue,analogInput_106,analogInput,,,246.59538,,,,,,,,,,,
2026-04-22 15:00:00+00:00,presentValue,analogInput_106,analogInput,,,245.16386,,,,,,,,,,,
2026-04-22 15:01:00+00:00,presentValue,analogInput_106,analogInput,,,245.37956,,,,,,,,,,,
2026-04-22 15:02:00+00:00,presentValue,analogInput_106,analogInput,,,245.51683,,,,,,,,,,,
2026-04-22 15:03:00+00:00,presentValue,analogInput_106,analogInput,,,247.79156,,,,,,,,,,,
2026-04-22 15:04:00+00:00,presentValue,analogInput_106,analogInput,,,251.30171,,,,,,,,,,,
2026-04-22 15:05:00+00:00,presentValue,analogInput_106,analogInput,,,251.39975,,,,,,,,,,,
2026-04-22 15:06:00+00:00,presentValue,analogInput_106,analogInput,,,252.73317,,,,,,,,,,,
2026-04-22 15:07:00+00:00,presentValue,analogInput_106,analogInput,,,254.28235,,,,,,,,,,,
2026-04-22 15:08:00+00:00,presentValue,analogInput_106,analogInput,,,254.92949,,,,,,,,,,,
2026-04-22 15:09:00+00:00,presentValue,analogInput_106,analogInput,,,255.557,,,,,,,,,,,
2026-04-22 15:10:00+00:00,presentValue,analogInput_106,analogInput,,,256.22372,,,,,,,,,,,
2026-04-22 15:11:00+00:00,presentValue,analogInput_106,analogInput,,,258.69452,,,,,,,,,,,
2026-04-22 15:12:00+00:00,presentValue,analogInput_106,analogInput,,,257.89053,,,,,,,,,,,
2026-04-22 15:13:00+00:00,presentValue,analogInput_106,analogInput,,,259.36127,,,,,,,,,,,
2026-04-22 15:14:00+00:00,presentValue,analogInput_106,analogInput,,,262.3615,,,,,,,,,,,
2026-04-22 15:15:00+00:00,presentValue,analogInput_106,analogInput,,,263.44006,,,,,,,,,,,
2026-04-22 15:16:00+00:00,presentValue,analogInput_106,analogInput,,,264.24408,,,,,,,,,,,
2026-04-22 15:17:00+00:00,presentValue,analogInput_106,analogInput,,,267.46005,,,,,,,,,,,
2026-04-22 15:18:00+00:00,presentValue,analogInput_106,analogInput,,,265.69522,,,,,,,,,,,
2026-04-22 15:19:00+00:00,presentValue,analogInput_106,analogInput,,,270.59763,,,,,,,,,,,
2026-04-22 15:20:00+00:00,presentValue,analogInput_106,analogInput,,,270.3231,,,,,,,,,,,
2026-04-22 15:21:00+00:00,presentValue,analogInput_106,analogInput,,,271.73495,,,,,,,,,,,
2026-04-22 15:22:00+00:00,presentValue,analogInput_106,analogInput,,,274.34308,,,,,,,,,,,
2026-04-22 15:23:00+00:00,presentValue,analogInput_106,analogInput,,,281.24564,,,,,,,,,,,
2026-04-22 15:24:00+00:00,presentValue,analogInput_106,analogInput,,,275.61765,,,,,,,,,,,
2026-04-22 15:25:00+00:00,presentValue,analogInput_106,analogInput,,,280.9711,,,,,,,,,,,
2026-04-22 15:26:00+00:00,presentValue,analogInput_106,analogInput,,,280.3436,,,,,,,,,,,
2026-04-22 15:27:00+00:00,presentValue,analogInput_106,analogInput,,,293.9919,,,,,,,,,,,
2026-04-22 15:28:00+00:00,presentValue,analogInput_106,analogInput,,,291.32504,,,,,,,,,,,
2026-04-22 15:29:00+00:00,presentValue,analogInput_106,analogInput,,,282.83405,,,,,,,,,,,
2026-04-22 15:30:00+00:00,presentValue,analogInput_106,analogInput,,,295.56073,,,,,,,,,,,
2026-04-22 15:31:00+00:00,presentValue,analogInput_106,analogInput,,,281.7359,,,,,,,,,,,
2026-04-22 15:32:00+00:00,presentValue,analogInput_106,analogInput,,,285.36368,,,,,,,,,,,
2026-04-22 15:33:00+00:00,presentValue,analogInput_106,analogInput,,,281.9516,,,,,,,,,,,
2026-04-22 15:34:00+00:00,presentValue,analogInput_106,analogInput,,,284.2852,,,,,,,,,,,
2026-04-22 15:35:00+00:00,presentValue,analogInput_106,analogInput,,,283.26547,,,,,,,,,,,
2026-04-22 15:36:00+00:00,presentValue,analogInput_106,analogInput,,,284.44208,,,,,,,,,,,
2026-04-22 15:37:00+00:00,presentValue,analogInput_106,analogInput,,,285.73627,,,,,,,,,,,
2026-04-22 15:38:00+00:00,presentValue,analogInput_106,analogInput,,,287.207,,,,,,,,,,,
2026-04-22 15:39:00+00:00,presentValue,analogInput_106,analogInput,,,285.75586,,,,,,,,,,,
2026-04-22 15:40:00+00:00,presentValue,analogInput_106,analogInput,,,287.91296,,,,,,,,,,,
2026-04-22 15:41:00+00:00,presentValue,analogInput_106,analogInput,,,289.22684,,,,,,,,,,,
2026-04-22 15:42:00+00:00,presentValue,analogInput_106,analogInput,,,290.8544,,,,,,,,,,,
2026-04-22 15:43:00+00:00,presentValue,analogInput_106,analogInput,,,293.54095,,,,,,,,,,,
2026-04-22 15:44:00+00:00,presentValue,analogInput_106,analogInput,,,293.7959,,,,,,,,,,,
2026-04-22 15:45:00+00:00,presentValue,analogInput_106,analogInput,,,297.03146,,,,,,,,,,,
2026-04-22 15:46:00+00:00,presentValue,analogInput_106,analogInput,,,299.4042,,,,,,,,,,,
2026-04-22 15:47:00+00:00,presentValue,analogInput_106,analogInput,,,295.61954,,,,,,,,,,,
2026-04-22 15:48:00+00:00,presentValue,analogInput_106,analogInput,,,299.75717,,,,,,,,,,,
2026-04-22 15:49:00+00:00,presentValue,analogInput_106,analogInput,,,299.816,,,,,,,,,,,
2026-04-22 15:50:00+00:00,presentValue,analogInput_106,analogInput,,,304.01248,,,,,,,,,,,
2026-04-22 15:51:00+00:00,presentValue,analogInput_106,analogInput,,,301.71817,,,,,,,,,,,
2026-04-22 15:52:00+00:00,presentValue,analogInput_106,analogInput,,,305.95386,,,,,,,,,,,
2026-04-22 15:53:00+00:00,presentValue,analogInput_106,analogInput,,,309.03256,,,,,,,,,,,
2026-04-22 15:54:00+00:00,presentValue,analogInput_106,analogInput,,,305.79697,,,,,,,,,,,
2026-04-22 15:55:00+00:00,presentValue,analogInput_106,analogInput,,,307.16968,,,,,,,,,,,
2026-04-22 15:56:00+00:00,presentValue,analogInput_106,analogInput,,,306.77747,,,,,,,,,,,
2026-04-22 15:57:00+00:00,presentValue,analogInput_106,analogInput,,,309.64047,,,,,,,,,,,
2026-04-22 15:58:00+00:00,presentValue,analogInput_106,analogInput,,,310.42487,,,,,,,,,,,
2026-04-22 15:59:00+00:00,presentValue,analogInput_106,analogInput,,,314.38602,,,,,,,,,,,
2026-04-22 16:00:00+00:00,presentValue,analogInput_106,analogInput,,,312.64072,,,,,,,,,,,
2026-04-22 16:01:00+00:00,presentValue,analogInput_106,analogInput,,,313.05252,,,,,,,,,,,
2026-04-22 16:02:00+00:00,presentValue,analogInput_106,analogInput,,,313.3663,,,,,,,,,,,
2026-04-22 16:03:00+00:00,presentValue,analogInput_106,analogInput,,,322.05338,,,,,,,,,,,
2026-04-22 16:04:00+00:00,presentValue,analogInput_106,analogInput,,,318.38638,,,,,,,,,,,
2026-04-22 16:05:00+00:00,presentValue,analogInput_106,analogInput,,,313.7781,,,,,,,,,,,
2026-04-22 16:06:00+00:00,presentValue,analogInput_106,analogInput,,,309.24826,,,,,,,,,,,
2026-04-22 16:07:00+00:00,presentValue,analogInput_106,analogInput,,,303.73795,,,,,,,,,,,
2026-04-22 16:08:00+00:00,presentValue,analogInput_106,analogInput,,,299.2473,,,,,,,,,,,
2026-04-22 16:09:00+00:00,presentValue,analogInput_106,analogInput,,,299.9729,,,,,,,,,,,
2026-04-22 16:10:00+00:00,presentValue,analogInput_106,analogInput,,,295.46268,,,,,,,,,,,
2026-04-22 16:11:00+00:00,presentValue,analogInput_106,analogInput,,,283.77533,,,,,,,,,,,
2026-04-22 16:12:00+00:00,presentValue,analogInput_106,analogInput,,,277.99045,,,,,,,,,,,
2026-04-22 16:13:00+00:00,presentValue,analogInput_106,analogInput,,,266.5384,,,,,,,,,,,
2026-04-22 16:14:00+00:00,presentValue,analogInput_106,analogInput,,,264.45978,,,,,,,,,,,
2026-04-22 16:15:00+00:00,presentValue,analogInput_106,analogInput,,,254.04704,,,,,,,,,,,
2026-04-22 16:16:00+00:00,presentValue,analogInput_106,analogInput,,,251.16443,,,,,,,,,,,
2026-04-22 16:17:00+00:00,presentValue,analogInput_106,analogInput,,,247.24248,,,,,,,,,,,
2026-04-22 16:18:00+00:00,presentValue,analogInput_106,analogInput,,,242.67343,,,,,,,,,,,
2026-04-22 16:19:00+00:00,presentValue,analogInput_106,analogInput,,,229.0251,,,,,,,,,,,
2026-04-22 16:20:00+00:00,presentValue,analogInput_106,analogInput,,,234.59425,,,,,,,,,,,
2026-04-22 16:21:00+00:00,presentValue,analogInput_106,analogInput,,,223.69128,,,,,,,,,,,
2026-04-22 16:22:00+00:00,presentValue,analogInput_106,analogInput,,,208.70947,,,,,,,,,,,
2026-04-22 16:23:00+00:00,presentValue,analogInput_106,analogInput,,,205.29741,,,,,,,,,,,
2026-04-22 16:24:00+00:00,presentValue,analogInput_106,analogInput,,,201.72844,,,,,,,,,,,
2026-04-22 16:25:00+00:00,presentValue,analogInput_106,analogInput,,,184.11896,,,,,,,,,,,
2026-04-22 16:26:00+00:00,presentValue,analogInput_106,analogInput,,,226.2013,,,,,,,,,,,
2026-04-22 16:27:00+00:00,presentValue,analogInput_106,analogInput,,,221.08319,,,,,,,,,,,
2026-04-22 16:28:00+00:00,presentValue,analogInput_106,analogInput,,,260.89084,,,,,,,,,,,
2026-04-22 16:29:00+00:00,presentValue,analogInput_106,analogInput,,,218.02408,,,,,,,,,,,
2026-04-22 16:30:00+00:00,presentValue,analogInput_106,analogInput,,,229.8291,,,,,,,,,,,
2026-04-22 16:31:00+00:00,presentValue,analogInput_106,analogInput,,,222.18132,,,,,,,,,,,
2026-04-22 16:32:00+00:00,presentValue,analogInput_106,analogInput,,,224.88747,,,,,,,,,,,
2026-04-22 16:33:00+00:00,presentValue,analogInput_106,analogInput,,,227.3779,,,,,,,,,,,
2026-04-22 16:34:00+00:00,presentValue,analogInput_106,analogInput,,,211.88626,,,,,,,,,,,
2026-04-22 16:35:00+00:00,presentValue,analogInput_106,analogInput,,,209.9253,,,,,,,,,,,
2026-04-22 16:36:00+00:00,presentValue,analogInput_106,analogInput,,,201.2578,,,,,,,,,,,
2026-04-22 16:37:00+00:00,presentValue,analogInput_106,analogInput,,,214.88652,,,,,,,,,,,
2026-04-22 16:38:00+00:00,presentValue,analogInput_106,analogInput,,,222.3578,,,,,,,,,,,
2026-04-22 16:39:00+00:00,presentValue,analogInput_106,analogInput,,,273.12726,,,,,,,,,,,
2026-04-22 16:40:00+00:00,presentValue,analogInput_106,analogInput,,,212.63141,,,,,,,,,,,
2026-04-22 16:41:00+00:00,presentValue,analogInput_106,analogInput,,,220.691,,,,,,,,,,,
2026-04-22 16:42:00+00:00,presentValue,analogInput_106,analogInput,,,216.98477,,,,,,,,,,,
2026-04-22 16:43:00+00:00,presentValue,analogInput_106,analogInput,,,220.14192,,,,,,,,,,,
2026-04-22 16:44:00+00:00,presentValue,analogInput_106,analogInput,,,246.59538,,,,,,,,,,,
2026-04-22 16:45:00+00:00,presentValue,analogInput_106,analogInput,,,203.35603,,,,,,,,,,,
2026-04-22 16:46:00+00:00,presentValue,analogInput_106,analogInput,,,234.92763,,,,,,,,,,,
2026-04-22 16:47:00+00:00,presentValue,analogInput_106,analogInput,,,226.63272,,,,,,,,,,,
2026-04-22 16:48:00+00:00,presentValue,analogInput_106,analogInput,,,219.7301,,,,,,,,,,,
2026-04-22 16:49:00+00:00,presentValue,analogInput_106,analogInput,,,215.4552,,,,,,,,,,,
2026-04-22 16:50:00+00:00,presentValue,analogInput_106,analogInput,,,203.59134,,,,,,,,,,,
2026-04-22 16:51:00+00:00,presentValue,analogInput_106,analogInput,,,201.23819,,,,,,,,,,,
2026-04-22 16:52:00+00:00,presentValue,analogInput_106,analogInput,,,189.5116,,,,,,,,,,,
2026-04-22 16:53:00+00:00,presentValue,analogInput_106,analogInput,,,197.47314,,,,,,,,,,,
2026-04-22 16:54:00+00:00,presentValue,analogInput_106,analogInput,,,221.84795,,,,,,,,,,,
2026-04-22 16:55:00+00:00,presentValue,analogInput_106,analogInput,,,293.71744,,,,,,,,,,,
2026-04-22 16:56:00+00:00,presentValue,analogInput_106,analogInput,,,231.61357,,,,,,,,,,,
2026-04-22 16:57:00+00:00,presentValue,analogInput_106,analogInput,,,316.93524,,,,,,,,,,,
2026-04-22 16:58:00+00:00,presentValue,analogInput_106,analogInput,,,238.28087,,,,,,,,,,,
2026-04-22 16:59:00+00:00,presentValue,analogInput_106,analogInput,,,262.5184,,,,,,,,,,,
2026-04-22 17:00:00+00:00,presentValue,analogInput_106,analogInput,,,254.43924,,,,,,,,,,,
2026-04-22 17:01:00+00:00,presentValue,analogInput_106,analogInput,,,248.63478,,,,,,,,,,,
2026-04-22 17:02:00+00:00,presentValue,analogInput_106,analogInput,,,247.45819,,,,,,,,,,,
2026-04-22 17:03:00+00:00,presentValue,analogInput_106,analogInput,,,238.63383,,,,,,,,,,,
2026-04-22 17:04:00+00:00,presentValue,analogInput_106,analogInput,,,234.75113,,,,,,,,,,,
2026-04-22 17:05:00+00:00,presentValue,analogInput_106,analogInput,,,219.57323,,,,,,,,,,,
2026-04-22 17:06:00+00:00,presentValue,analogInput_106,analogInput,,,217.0828,,,,,,,,,,,
2026-04-22 17:07:00+00:00,presentValue,analogInput_106,analogInput,,,203.33641,,,,,,,,,,,
2026-04-22 17:08:00+00:00,presentValue,analogInput_106,analogInput,,,198.00261,,,,,,,,,,,
2026-04-22 17:09:00+00:00,presentValue,analogInput_106,analogInput,,,231.75084,,,,,,,,,,,
2026-04-22 17:10:00+00:00,presentValue,analogInput_106,analogInput,,,284.03027,,,,,,,,,,,
2026-04-22 17:11:00+00:00,presentValue,analogInput_106,analogInput,,,221.98521,,,,,,,,,,,
2026-04-22 17:12:00+00:00,presentValue,analogInput_106,analogInput,,,218.4751,,,,,,,,,,,
2026-04-22 17:13:00+00:00,presentValue,analogInput_106,analogInput,,,219.5144,,,,,,,,,,,
2026-04-22 17:14:00+00:00,presentValue,analogInput_106,analogInput,,,211.55289,,,,,,,,,,,
2026-04-22 17:15:00+00:00,presentValue,analogInput_106,analogInput,,,205.04248,,,,,,,,,,,
2026-04-22 17:16:00+00:00,presentValue,analogInput_106,analogInput,,,192.25696,,,,,,,,,,,
2026-04-22 17:17:00+00:00,presentValue,analogInput_106,analogInput,,,194.767,,,,,,,,,,,
2026-04-22 17:18:00+00:00,presentValue,analogInput_106,analogInput,,,226.00523,,,,,,,,,,,
2026-04-22 17:19:00+00:00,presentValue,analogInput_106,analogInput,,,288.10907,,,,,,,,,,,
2026-04-22 17:20:00+00:00,presentValue,analogInput_106,analogInput,,,221.67146,,,,,,,,,,,
2026-04-22 17:21:00+00:00,presentValue,analogInput_106,analogInput,,,223.08337,,,,,,,,,,,
2026-04-22 17:22:00+00:00,presentValue,analogInput_106,analogInput,,,224.63254,,,,,,,,,,,
2026-04-22 17:23:00+00:00,presentValue,analogInput_106,analogInput,,,213.51385,,,,,,,,,,,
2026-04-22 17:24:00+00:00,presentValue,analogInput_106,analogInput,,,212.86673,,,,,,,,,,,
2026-04-22 17:25:00+00:00,presentValue,analogInput_106,analogInput,,,205.51312,,,,,,,,,,,
2026-04-22 17:26:00+00:00,presentValue,analogInput_106,analogInput,,,192.64915,,,,,,,,,,,
2026-04-22 17:27:00+00:00,presentValue,analogInput_106,analogInput,,,230.96645,,,,,,,,,,,
2026-04-22 17:28:00+00:00,presentValue,analogInput_106,analogInput,,,217.88681,,,,,,,,,,,
2026-04-22 17:29:00+00:00,presentValue,analogInput_106,analogInput,,,278.77487,,,,,,,,,,,
2026-04-22 17:30:00+00:00,presentValue,analogInput_106,analogInput,,,225.88757,,,,,,,,,,,
2026-04-22 17:31:00+00:00,presentValue,analogInput_106,analogInput,,,230.57428,,,,,,,,,,,
2026-04-22 17:32:00+00:00,presentValue,analogInput_106,analogInput,,,226.04445,,,,,,,,,,,
2026-04-22 17:33:00+00:00,presentValue,analogInput_106,analogInput,,,215.4356,,,,,,,,,,,
2026-04-22 17:34:00+00:00,presentValue,analogInput_106,analogInput,,,209.1605,,,,,,,,,,,
2026-04-22 17:35:00+00:00,presentValue,analogInput_106,analogInput,,,227.08374,,,,,,,,,,,
2026-04-22 17:36:00+00:00,presentValue,analogInput_106,analogInput,,,214.35707,,,,,,,,,,,
2026-04-22 17:37:00+00:00,presentValue,analogInput_106,analogInput,,,212.94516,,,,,,,,,,,
2026-04-22 17:38:00+00:00,presentValue,analogInput_106,analogInput,,,207.53291,,,,,,,,,,,
2026-04-22 17:39:00+00:00,presentValue,analogInput_106,analogInput,,,200.72836,,,,,,,,,,,
2026-04-22 17:40:00+00:00,presentValue,analogInput_106,analogInput,,,190.00185,,,,,,,,,,,
2026-04-22 17:41:00+00:00,presentValue,analogInput_106,analogInput,,,238.06516,,,,,,,,,,,
2026-04-22 17:42:00+00:00,presentValue,analogInput_106,analogInput,,,230.78996,,,,,,,,,,,
2026-04-22 17:43:00+00:00,presentValue,analogInput_106,analogInput,,,252.65472,,,,,,,,,,,
2026-04-22 17:44:00+00:00,presentValue,analogInput_106,analogInput,,,226.6131,,,,,,,,,,,
2026-04-22 17:45:00+00:00,presentValue,analogInput_106,analogInput,,,232.26071,,,,,,,,,,,
2026-04-22 17:46:00+00:00,presentValue,analogInput_106,analogInput,,,223.16182,,,,,,,,,,,
2026-04-22 17:47:00+00:00,presentValue,analogInput_106,analogInput,,,228.57407,,,,,,,,,,,
2026-04-22 17:48:00+00:00,presentValue,analogInput_106,analogInput,,,224.65215,,,,,,,,,,,
2026-04-22 17:49:00+00:00,presentValue,analogInput_106,analogInput,,,217.14163,,,,,,,,,,,
2026-04-22 17:50:00+00:00,presentValue,analogInput_106,analogInput,,,212.76868,,,,,,,,,,,
2026-04-22 17:51:00+00:00,presentValue,analogInput_106,analogInput,,,210.23903,,,,,,,,,,,
2026-04-22 17:52:00+00:00,presentValue,analogInput_106,analogInput,,,203.74823,,,,,,,,,,,
2026-04-22 17:53:00+00:00,presentValue,analogInput_106,analogInput,,,201.55194,,,,,,,,,,,
2026-04-22 17:54:00+00:00,presentValue,analogInput_106,analogInput,,,121.66214,,,,,,,,,,,
2026-04-22 17:55:00+00:00,presentValue,analogInput_106,analogInput,,,186.45251,,,,,,,,,,,
2026-04-22 17:56:00+00:00,presentValue,analogInput_106,analogInput,,,378.15668,,,,,,,,,,,
2026-04-22 17:57:00+00:00,presentValue,analogInput_106,analogInput,,,172.33354,,,,,,,,,,,
2026-04-22 17:58:00+00:00,presentValue,analogInput_106,analogInput,,,324.01437,,,,,,,,,,,
2026-04-22 17:59:00+00:00,presentValue,analogInput_106,analogInput,,,194.68855,,,,,,,,,,,
2026-04-22 18:00:00+00:00,presentValue,analogInput_106,analogInput,,,319.6218,,,,,,,,,,,
2026-04-22 18:01:00+00:00,presentValue,analogInput_106,analogInput,,,301.424,,,,,,,,,,,
2026-04-22 18:02:00+00:00,presentValue,analogInput_106,analogInput,,,265.8325,,,,,,,,,,,
2026-04-22 18:03:00+00:00,presentValue,analogInput_106,analogInput,,,263.36163,,,,,,,,,,,
2026-04-22 18:04:00+00:00,presentValue,analogInput_106,analogInput,,,255.81194,,,,,,,,,,,
2026-04-22 18:05:00+00:00,presentValue,analogInput_106,analogInput,,,260.30255,,,,,,,,,,,
2026-04-22 18:06:00+00:00,presentValue,analogInput_106,analogInput,,,256.43945,,,,,,,,,,,
2026-04-22 18:07:00+00:00,presentValue,analogInput_106,analogInput,,,261.06732,,,,,,,,,,,
2026-04-22 18:08:00+00:00,presentValue,analogInput_106,analogInput,,,259.45932,,,,,,,,,,,
2026-04-22 18:09:00+00:00,presentValue,analogInput_106,analogInput,,,261.9105,,,,,,,,,,,
2026-04-22 18:10:00+00:00,presentValue,analogInput_106,analogInput,,,262.20465,,,,,,,,,,,
2026-04-22 18:11:00+00:00,presentValue,analogInput_106,analogInput,,,268.77393,,,,,,,,,,,
2026-04-22 18:12:00+00:00,presentValue,analogInput_106,analogInput,,,267.22473,,,,,,,,,,,
2026-04-22 18:13:00+00:00,presentValue,analogInput_106,analogInput,,,266.9894,,,,,,,,,,,
2026-04-22 18:14:00+00:00,presentValue,analogInput_106,analogInput,,,266.0874,,,,,,,,,,,
2026-04-22 18:15:00+00:00,presentValue,analogInput_106,analogInput,,,264.16565,,,,,,,,,,,
2026-04-22 18:16:00+00:00,presentValue,analogInput_106,analogInput,,,261.8909,,,,,,,,,,,
2026-04-22 18:17:00+00:00,presentValue,analogInput_106,analogInput,,,255.49817,,,,,,,,,,,
2026-04-22 18:18:00+00:00,presentValue,analogInput_106,analogInput,,,254.30197,,,,,,,,,,,
2026-04-22 18:19:00+00:00,presentValue,analogInput_106,analogInput,,,249.87018,,,,,,,,,,,
2026-04-22 18:20:00+00:00,presentValue,analogInput_106,analogInput,,,246.06592,,,,,,,,,,,
2026-04-22 18:21:00+00:00,presentValue,analogInput_106,analogInput,,,244.90894,,,,,,,,,,,
2026-04-22 18:22:00+00:00,presentValue,analogInput_106,analogInput,,,239.96729,,,,,,,,,,,
2026-04-22 18:23:00+00:00,presentValue,analogInput_106,analogInput,,,236.79054,,,,,,,,,,,
2026-04-22 18:24:00+00:00,presentValue,analogInput_106,analogInput,,,233.22156,,,,,,,,,,,
2026-04-22 18:25:00+00:00,presentValue,analogInput_106,analogInput,,,228.98587,,,,,,,,,,,
2026-04-22 18:26:00+00:00,presentValue,analogInput_106,analogInput,,,231.10371,,,,,,,,,,,
2026-04-22 18:27:00+00:00,presentValue,analogInput_106,analogInput,,,226.63272,,,,,,,,,,,
2026-04-22 18:28:00+00:00,presentValue,analogInput_106,analogInput,,,220.67139,,,,,,,,,,,
2026-04-22 18:29:00+00:00,presentValue,analogInput_106,analogInput,,,214.98457,,,,,,,,,,,
2026-04-22 18:30:00+00:00,presentValue,analogInput_106,analogInput,,,210.70966,,,,,,,,,,,
2026-04-22 18:31:00+00:00,presentValue,analogInput_106,analogInput,,,210.27824,,,,,,,,,,,
2026-04-22 18:32:00+00:00,presentValue,analogInput_106,analogInput,,,203.92471,,,,,,,,,,,
2026-04-22 18:33:00+00:00,presentValue,analogInput_106,analogInput,,,201.21858,,,,,,,,,,,
2026-04-22 18:34:00+00:00,presentValue,analogInput_106,analogInput,,,197.31625,,,,,,,,,,,
2026-04-22 18:35:00+00:00,presentValue,analogInput_106,analogInput,,,235.88849,,,,,,,,,,,
2026-04-22 18:36:00+00:00,presentValue,analogInput_106,analogInput,,,223.76973,,,,,,,,,,,
2026-04-22 18:37:00+00:00,presentValue,analogInput_106,analogInput,,,240.83012,,,,,,,,,,,
2026-04-22 18:38:00+00:00,presentValue,analogInput_106,analogInput,,,229.67223,,,,,,,,,,,
2026-04-22 18:39:00+00:00,presentValue,analogInput_106,analogInput,,,228.77017,,,,,,,,,,,
2026-04-22 18:40:00+00:00,presentValue,analogInput_106,analogInput,,,227.26024,,,,,,,,,,,
2026-04-22 18:41:00+00:00,presentValue,analogInput_106,analogInput,,,225.20122,,,,,,,,,,,
2026-04-22 18:42:00+00:00,presentValue,analogInput_106,analogInput,,,223.47557,,,,,,,,,,,
2026-04-22 18:43:00+00:00,presentValue,analogInput_106,analogInput,,,224.02463,,,,,,,,,,,
2026-04-22 18:44:00+00:00,presentValue,analogInput_106,analogInput,,,219.61244,,,,,,,,,,,
2026-04-22 18:45:00+00:00,presentValue,analogInput_106,analogInput,,,216.39648,,,,,,,,,,,
2026-04-22 18:46:00+00:00,presentValue,analogInput_106,analogInput,,,215.18066,,,,,,,,,,,
2026-04-22 18:47:00+00:00,presentValue,analogInput_106,analogInput,,,211.61172,,,,,,,,,,,
2026-04-22 18:48:00+00:00,presentValue,analogInput_106,analogInput,,,208.51338,,,,,,,,,,,
2026-04-22 18:49:00+00:00,presentValue,analogInput_106,analogInput,,,205.63075,,,,,,,,,,,
2026-04-22 18:50:00+00:00,presentValue,analogInput_106,analogInput,,,203.57173,,,,,,,,,,,
2026-04-22 18:51:00+00:00,presentValue,analogInput_106,analogInput,,,201.49312,,,,,,,,,,,
2026-04-22 18:52:00+00:00,presentValue,analogInput_106,analogInput,,,199.35567,,,,,,,,,,,
2026-04-22 18:53:00+00:00,presentValue,analogInput_106,analogInput,,,196.19852,,,,,,,,,,,
2026-04-22 18:54:00+00:00,presentValue,analogInput_106,analogInput,,,236.06497,,,,,,,,,,,
2026-04-22 18:55:00+00:00,presentValue,analogInput_106,analogInput,,,263.44006,,,,,,,,,,,
2026-04-22 18:56:00+00:00,presentValue,analogInput_106,analogInput,,,236.47678,,,,,,,,,,,
2026-04-22 18:57:00+00:00,presentValue,analogInput_106,analogInput,,,229.77028,,,,,,,,,,,
2026-04-22 18:58:00+00:00,presentValue,analogInput_106,analogInput,,,230.18208,,,,,,,,,,,
2026-04-22 18:59:00+00:00,presentValue,analogInput_106,analogInput,,,228.829,,,,,,,,,,,
2026-04-22 19:00:00+00:00,presentValue,analogInput_106,analogInput,,,228.27995,,,,,,,,,,,
2026-04-22 19:01:00+00:00,presentValue,analogInput_106,analogInput,,,226.26013,,,,,,,,,,,
2026-04-22 19:02:00+00:00,presentValue,analogInput_106,analogInput,,,225.51498,,,,,,,,,,,
2026-04-22 19:03:00+00:00,presentValue,analogInput_106,analogInput,,,224.08345,,,,,,,,,,,
2026-04-22 19:04:00+00:00,presentValue,analogInput_106,analogInput,,,222.20093,,,,,,,,,,,
2026-04-22 19:05:00+00:00,presentValue,analogInput_106,analogInput,,,218.6516,,,,,,,,,,,
2026-04-22 19:06:00+00:00,presentValue,analogInput_106,analogInput,,,218.41628,,,,,,,,,,,
2026-04-22 19:07:00+00:00,presentValue,analogInput_106,analogInput,,,215.59247,,,,,,,,,,,
2026-04-22 19:08:00+00:00,presentValue,analogInput_106,analogInput,,,211.27835,,,,,,,,,,,
2026-04-22 19:09:00+00:00,presentValue,analogInput_106,analogInput,,,213.9845,,,,,,,,,,,
2026-04-22 19:10:00+00:00,presentValue,analogInput_106,analogInput,,,209.84685,,,,,,,,,,,
2026-04-22 19:11:00+00:00,presentValue,analogInput_106,analogInput,,,205.96411,,,,,,,,,,,
2026-04-22 19:12:00+00:00,presentValue,analogInput_106,analogInput,,,205.29741,,,,,,,,,,,
2026-04-22 19:13:00+00:00,presentValue,analogInput_106,analogInput,,,204.49341,,,,,,,,,,,
2026-04-22 19:14:00+00:00,presentValue,analogInput_106,analogInput,,,202.78737,,,,,,,,,,,
2026-04-22 19:15:00+00:00,presentValue,analogInput_106,analogInput,,,201.80687,,,,,,,,,,,
2026-04-22 19:16:00+00:00,presentValue,analogInput_106,analogInput,,,199.6106,,,,,,,,,,,
2026-04-22 19:17:00+00:00,presentValue,analogInput_106,analogInput,,,197.51236,,,,,,,,,,,
2026-04-22 19:18:00+00:00,presentValue,analogInput_106,analogInput,,,232.045,,,,,,,,,,,
2026-04-22 19:19:00+00:00,presentValue,analogInput_106,analogInput,,,227.3975,,,,,,,,,,,
2026-04-22 19:20:00+00:00,presentValue,analogInput_106,analogInput,,,250.18394,,,,,,,,,,,
2026-04-22 19:21:00+00:00,presentValue,analogInput_106,analogInput,,,228.29956,,,,,,,,,,,
2026-04-22 19:22:00+00:00,presentValue,analogInput_106,analogInput,,,237.28079,,,,,,,,,,,
2026-04-22 19:23:00+00:00,presentValue,analogInput_106,analogInput,,,229.75066,,,,,,,,,,,
2026-04-22 19:24:00+00:00,presentValue,analogInput_106,analogInput,,,232.80978,,,,,,,,,,,
2026-04-22 19:25:00+00:00,presentValue,analogInput_106,analogInput,,,229.4173,,,,,,,,,,,
2026-04-22 19:26:00+00:00,presentValue,analogInput_106,analogInput,,,231.55475,,,,,,,,,,,
2026-04-22 19:27:00+00:00,presentValue,analogInput_106,analogInput,,,230.94684,,,,,,,,,,,
2026-04-22 19:28:00+00:00,presentValue,analogInput_106,analogInput,,,231.29982,,,,,,,,,,,
2026-04-22 19:29:00+00:00,presentValue,analogInput_106,analogInput,,,231.22137,,,,,,,,,,,
2026-04-22 19:30:00+00:00,presentValue,analogInput_106,analogInput,,,231.49591,,,,,,,,,,,
2026-04-22 19:31:00+00:00,presentValue,analogInput_106,analogInput,,,229.39769,,,,,,,,,,,
2026-04-22 19:32:00+00:00,presentValue,analogInput_106,analogInput,,,229.96637,,,,,,,,,,,
2026-04-22 19:33:00+00:00,presentValue,analogInput_106,analogInput,,,227.16219,,,,,,,,,,,
2026-04-22 19:34:00+00:00,presentValue,analogInput_106,analogInput,,,227.12296,,,,,,,,,,,
2026-04-22 19:35:00+00:00,presentValue,analogInput_106,analogInput,,,227.12296,,,,,,,,,,,
2026-04-22 19:36:00+00:00,presentValue,analogInput_106,analogInput,,,227.63283,,,,,,,,,,,
2026-04-22 19:37:00+00:00,presentValue,analogInput_106,analogInput,,,227.9858,,,,,,,,,,,
2026-04-22 19:38:00+00:00,presentValue,analogInput_106,analogInput,,,227.7897,,,,,,,,,,,
2026-04-22 19:39:00+00:00,presentValue,analogInput_106,analogInput,,,226.3974,,,,,,,,,,,
2026-04-22 19:40:00+00:00,presentValue,analogInput_106,analogInput,,,227.04453,,,,,,,,,,,
2026-04-22 19:41:00+00:00,presentValue,analogInput_106,analogInput,,,223.9854,,,,,,,,,,,
2026-04-22 19:42:00+00:00,presentValue,analogInput_106,analogInput,,,223.47557,,,,,,,,,,,
2026-04-22 19:43:00+00:00,presentValue,analogInput_106,analogInput,,,223.35791,,,,,,,,,,,
2026-04-22 19:44:00+00:00,presentValue,analogInput_106,analogInput,,,222.88728,,,,,,,,,,,
2026-04-22 19:45:00+00:00,presentValue,analogInput_106,analogInput,,,222.3382,,,,,,,,,,,
2026-04-22 19:46:00+00:00,presentValue,analogInput_106,analogInput,,,222.39703,,,,,,,,,,,
2026-04-22 19:47:00+00:00,presentValue,analogInput_106,analogInput,,,220.4949,,,,,,,,,,,
2026-04-22 19:48:00+00:00,presentValue,analogInput_106,analogInput,,,220.16153,,,,,,,,,,,
2026-04-22 19:49:00+00:00,presentValue,analogInput_106,analogInput,,,219.61244,,,,,,,,,,,
2026-04-22 19:50:00+00:00,presentValue,analogInput_106,analogInput,,,216.4553,,,,,,,,,,,
2026-04-22 19:51:00+00:00,presentValue,analogInput_106,analogInput,,,218.49472,,,,,,,,,,,
2026-04-22 19:52:00+00:00,presentValue,analogInput_106,analogInput,,,218.2594,,,,,,,,,,,
2026-04-22 19:53:00+00:00,presentValue,analogInput_106,analogInput,,,215.37677,,,,,,,,,,,
2026-04-22 19:54:00+00:00,presentValue,analogInput_106,analogInput,,,216.55336,,,,,,,,,,,
2026-04-22 19:55:00+00:00,presentValue,analogInput_106,analogInput,,,215.27872,,,,,,,,,,,
2026-04-22 19:56:00+00:00,presentValue,analogInput_106,analogInput,,,212.29807,,,,,,,,,,,
2026-04-22 19:57:00+00:00,presentValue,analogInput_106,analogInput,,,214.14137,,,,,,,,,,,
2026-04-22 19:58:00+00:00,presentValue,analogInput_106,analogInput,,,212.14119,,,,,,,,,,,
2026-04-22 19:59:00+00:00,presentValue,analogInput_106,analogInput,,,211.53328,,,,,,,,,,,
2026-04-22 20:00:00+00:00,presentValue,analogInput_106,analogInput,,,210.94498,,,,,,,,,,,
2026-04-22 20:01:00+00:00,presentValue,analogInput_106,analogInput,,,209.61154,,,,,,,,,,,
2026-04-22 20:02:00+00:00,presentValue,analogInput_106,analogInput,,,207.3368,,,,,,,,,,,
2026-04-22 20:03:00+00:00,presentValue,analogInput_106,analogInput,,,208.98402,,,,,,,,,,,
2026-04-22 20:04:00+00:00,presentValue,analogInput_106,analogInput,,,206.121,,,,,,,,,,,
2026-04-22 20:05:00+00:00,presentValue,analogInput_106,analogInput,,,207.35643,,,,,,,,,,,
2026-04-22 20:06:00+00:00,presentValue,analogInput_106,analogInput,,,207.53291,,,,,,,,,,,
2026-04-22 20:07:00+00:00,presentValue,analogInput_106,analogInput,,,206.121,,,,,,,,,,,
2026-04-22 20:08:00+00:00,presentValue,analogInput_106,analogInput,,,206.35632,,,,,,,,,,,
2026-04-22 20:09:00+00:00,presentValue,analogInput_106,analogInput,,,205.66997,,,,,,,,,,,
2026-04-22 20:10:00+00:00,presentValue,analogInput_106,analogInput,,,203.84628,,,,,,,,,,,
2026-04-22 20:11:00+00:00,presentValue,analogInput_106,analogInput,,,202.86581,,,,,,,,,,,
2026-04-22 20:12:00+00:00,presentValue,analogInput_106,analogInput,,,202.98347,,,,,,,,,,,
2026-04-22 20:13:00+00:00,presentValue,analogInput_106,analogInput,,,201.6696,,,,,,,,,,,
2026-04-22 20:14:00+00:00,presentValue,analogInput_106,analogInput,,,199.47333,,,,,,,,,,,
2026-04-22 20:15:00+00:00,presentValue,analogInput_106,analogInput,,,197.53197,,,,,,,,,,,
2026-04-22 20:16:00+00:00,presentValue,analogInput_106,analogInput,,,198.64973,,,,,,,,,,,
2026-04-22 20:17:00+00:00,presentValue,analogInput_106,analogInput,,,199.08112,,,,,,,,,,,
2026-04-22 20:18:00+00:00,presentValue,analogInput_106,analogInput,,,200.84602,,,,,,,,,,,
2026-04-22 20:19:00+00:00,presentValue,analogInput_106,analogInput,,,235.22177,,,,,,,,,,,
2026-04-22 20:20:00+00:00,presentValue,analogInput_106,analogInput,,,242.53616,,,,,,,,,,,
2026-04-22 20:21:00+00:00,presentValue,analogInput_106,analogInput,,,252.12532,,,,,,,,,,,
2026-04-22 20:22:00+00:00,presentValue,analogInput_106,analogInput,,,241.02623,,,,,,,,,,,
2026-04-22 20:23:00+00:00,presentValue,analogInput_106,analogInput,,,250.3016,,,,,,,,,,,
2026-04-22 20:24:00+00:00,presentValue,analogInput_106,analogInput,,,241.9675,,,,,,,,,,,
2026-04-22 20:25:00+00:00,presentValue,analogInput_106,analogInput,,,245.4384,,,,,,,,,,,
2026-04-22 20:26:00+00:00,presentValue,analogInput_106,analogInput,,,241.7714,,,,,,,,,,,
2026-04-22 20:27:00+00:00,presentValue,analogInput_106,analogInput,,,243.75197,,,,,,,,,,,
2026-04-22 20:28:00+00:00,presentValue,analogInput_106,analogInput,,,242.1636,,,,,,,,,,,
2026-04-22 20:29:00+00:00,presentValue,analogInput_106,analogInput,,,241.73218,,,,,,,,,,,
2026-04-22 20:30:00+00:00,presentValue,analogInput_106,analogInput,,,239.57512,,,,,,,,,,,
2026-04-22 20:31:00+00:00,presentValue,analogInput_106,analogInput,,,240.12416,,,,,,,,,,,
2026-04-22 20:32:00+00:00,presentValue,analogInput_106,analogInput,,,238.32008,,,,,,,,,,,
2026-04-22 20:33:00+00:00,presentValue,analogInput_106,analogInput,,,237.65338,,,,,,,,,,,
2026-04-22 20:34:00+00:00,presentValue,analogInput_106,analogInput,,,237.69257,,,,,,,,,,,
2026-04-22 20:35:00+00:00,presentValue,analogInput_106,analogInput,,,237.67296,,,,,,,,,,,
2026-04-22 20:36:00+00:00,presentValue,analogInput_106,analogInput,,,237.9671,,,,,,,,,,,
2026-04-22 20:37:00+00:00,presentValue,analogInput_106,analogInput,,,236.39835,,,,,,,,,,,
2026-04-22 20:38:00+00:00,presentValue,analogInput_106,analogInput,,,235.00606,,,,,,,,,,,
2026-04-22 20:39:00+00:00,presentValue,analogInput_106,analogInput,,,234.82957,,,,,,,,,,,
2026-04-22 20:40:00+00:00,presentValue,analogInput_106,analogInput,,,233.55493,,,,,,,,,,,
2026-04-22 20:41:00+00:00,presentValue,analogInput_106,analogInput,,,234.51582,,,,,,,,,,,
2026-04-22 20:42:00+00:00,presentValue,analogInput_106,analogInput,,,232.33914,,,,,,,,,,,
2026-04-22 20:43:00+00:00,presentValue,analogInput_106,analogInput,,,231.57436,,,,,,,,,,,
2026-04-22 20:44:00+00:00,presentValue,analogInput_106,analogInput,,,233.63336,,,,,,,,,,,
2026-04-22 20:45:00+00:00,presentValue,analogInput_106,analogInput,,,231.10371,,,,,,,,,,,
2026-04-22 20:46:00+00:00,presentValue,analogInput_106,analogInput,,,231.16255,,,,,,,,,,,
2026-04-22 20:47:00+00:00,presentValue,analogInput_106,analogInput,,,229.08392,,,,,,,,,,,
2026-04-22 20:48:00+00:00,presentValue,analogInput_106,analogInput,,,227.10335,,,,,,,,,,,
2026-04-22 20:49:00+00:00,presentValue,analogInput_106,analogInput,,,232.045,,,,,,,,,,,
2026-04-22 20:50:00+00:00,presentValue,analogInput_106,analogInput,,,228.73094,,,,,,,,,,,
2026-04-22 20:51:00+00:00,presentValue,analogInput_106,analogInput,,,228.10345,,,,,,,,,,,
2026-04-22 20:52:00+00:00,presentValue,analogInput_106,analogInput,,,229.96637,,,,,,,,,,,
2026-04-22 20:53:00+00:00,presentValue,analogInput_106,analogInput,,,227.08374,,,,,,,,,,,
2026-04-22 20:54:00+00:00,presentValue,analogInput_106,analogInput,,,227.45633,,,,,,,,,,,
2026-04-22 20:55:00+00:00,presentValue,analogInput_106,analogInput,,,226.43661,,,,,,,,,,,
2026-04-22 20:56:00+00:00,presentValue,analogInput_106,analogInput,,,225.61302,,,,,,,,,,,
2026-04-22 20:57:00+00:00,presentValue,analogInput_106,analogInput,,,225.78952,,,,,,,,,,,
2026-04-22 20:58:00+00:00,presentValue,analogInput_106,analogInput,,,222.69118,,,,,,,,,,,
2026-04-22 20:59:00+00:00,presentValue,analogInput_106,analogInput,,,222.27937,,,,,,,,,,,
2026-04-22 21:00:00+00:00,presentValue,analogInput_106,analogInput,,,224.63254,,,,,,,,,,,
2026-04-22 21:01:00+00:00,presentValue,analogInput_106,analogInput,,,224.9855,,,,,,,,,,,
2026-04-22 21:02:00+00:00,presentValue,analogInput_106,analogInput,,,220.65178,,,,,,,,,,,
2026-04-22 21:03:00+00:00,presentValue,analogInput_106,analogInput,,,220.92632,,,,,,,,,,,
2026-04-22 21:04:00+00:00,presentValue,analogInput_106,analogInput,,,222.45586,,,,,,,,,,,
2026-04-22 21:05:00+00:00,presentValue,analogInput_106,analogInput,,,216.98477,,,,,,,,,,,
2026-04-22 21:06:00+00:00,presentValue,analogInput_106,analogInput,,,219.2595,,,,,,,,,,,
2026-04-22 21:07:00+00:00,presentValue,analogInput_106,analogInput,,,223.7305,,,,,,,,,,,
2026-04-22 21:08:00+00:00,presentValue,analogInput_106,analogInput,,,216.88673,,,,,,,,,,,
2026-04-22 21:09:00+00:00,presentValue,analogInput_106,analogInput,,,217.63188,,,,,,,,,,,
2026-04-22 21:10:00+00:00,presentValue,analogInput_106,analogInput,,,215.90623,,,,,,,,,,,
2026-04-22 21:11:00+00:00,presentValue,analogInput_106,analogInput,,,219.43596,,,,,,,,,,,
2026-04-22 21:12:00+00:00,presentValue,analogInput_106,analogInput,,,219.23988,,,,,,,,,,,
2026-04-22 21:13:00+00:00,presentValue,analogInput_106,analogInput,,,215.21988,,,,,,,,,,,
2026-04-22 21:14:00+00:00,presentValue,analogInput_106,analogInput,,,214.90613,,,,,,,,,,,
2026-04-22 21:15:00+00:00,presentValue,analogInput_106,analogInput,,,225.88757,,,,,,,,,,,
2026-04-22 21:16:00+00:00,presentValue,analogInput_106,analogInput,,,215.47481,,,,,,,,,,,
2026-04-22 21:17:00+00:00,presentValue,analogInput_106,analogInput,,,215.08261,,,,,,,,,,,
2026-04-22 21:18:00+00:00,presentValue,analogInput_106,analogInput,,,213.63152,,,,,,,,,,,
2026-04-22 21:19:00+00:00,presentValue,analogInput_106,analogInput,,,215.6513,,,,,,,,,,,
2026-04-22 21:20:00+00:00,presentValue,analogInput_106,analogInput,,,214.02371,,,,,,,,,,,
2026-04-22 21:21:00+00:00,presentValue,analogInput_106,analogInput,,,209.98413,,,,,,,,,,,
2026-04-22 21:22:00+00:00,presentValue,analogInput_106,analogInput,,,214.43552,,,,,,,,,,,
2026-04-22 21:23:00+00:00,presentValue,analogInput_106,analogInput,,,212.8471,,,,,,,,,,,
2026-04-22 21:24:00+00:00,presentValue,analogInput_106,analogInput,,,222.06366,,,,,,,,,,,
2026-04-22 21:25:00+00:00,presentValue,analogInput_106,analogInput,,,212.57257,,,,,,,,,,,
2026-04-22 21:26:00+00:00,presentValue,analogInput_106,analogInput,,,211.43523,,,,,,,,,,,
2026-04-22 21:27:00+00:00,presentValue,analogInput_106,analogInput,,,217.12202,,,,,,,,,,,
2026-04-22 21:28:00+00:00,presentValue,analogInput_106,analogInput,,,207.14072,,,,,,,,,,,
2026-04-22 21:29:00+00:00,presentValue,analogInput_106,analogInput,,,334.95657,,,,,,,,,,,
2026-04-22 21:30:00+00:00,presentValue,analogInput_106,analogInput,,,358.8215,,,,,,,,,,,
2026-04-22 21:31:00+00:00,presentValue,analogInput_106,analogInput,,,392.66782,,,,,,,,,,,
2026-04-22 21:32:00+00:00,presentValue,analogInput_106,analogInput,,,379.72546,,,,,,,,,,,
2026-04-22 21:33:00+00:00,presentValue,analogInput_106,analogInput,,,400.09988,,,,,,,,,,,
2026-04-22 21:34:00+00:00,presentValue,analogInput_106,analogInput,,,393.6091,,,,,,,,,,,
2026-04-22 21:35:00+00:00,presentValue,analogInput_106,analogInput,,,376.27417,,,,,,,,,,,
2026-04-22 21:36:00+00:00,presentValue,analogInput_106,analogInput,,,360.25302,,,,,,,,,,,
2026-04-22 21:37:00+00:00,presentValue,analogInput_106,analogInput,,,348.03622,,,,,,,,,,,
2026-04-22 21:38:00+00:00,presentValue,analogInput_106,analogInput,,,339.78058,,,,,,,,,,,
2026-04-22 21:39:00+00:00,presentValue,analogInput_106,analogInput,,,327.07346,,,,,,,,,,,
2026-04-22 21:40:00+00:00,presentValue,analogInput_106,analogInput,,,308.46387,,,,,,,,,,,
2026-04-22 21:41:00+00:00,presentValue,analogInput_106,analogInput,,,289.10916,,,,,,,,,,,
2026-04-22 21:42:00+00:00,presentValue,analogInput_106,analogInput,,,271.0682,,,,,,,,,,,
2026-04-22 21:43:00+00:00,presentValue,analogInput_106,analogInput,,,255.63544,,,,,,,,,,,
2026-04-22 21:44:00+00:00,presentValue,analogInput_106,analogInput,,,240.26143,,,,,,,,,,,
2026-04-22 21:45:00+00:00,presentValue,analogInput_106,analogInput,,,227.69165,,,,,,,,,,,
2026-04-22 21:46:00+00:00,presentValue,analogInput_106,analogInput,,,216.00429,,,,,,,,,,,
2026-04-22 21:47:00+00:00,presentValue,analogInput_106,analogInput,,,206.121,,,,,,,,,,,
2026-04-22 21:48:00+00:00,presentValue,analogInput_106,analogInput,,,201.29701,,,,,,,,,,,
2026-04-22 21:49:00+00:00,presentValue,analogInput_106,analogInput,,,200.31654,,,,,,,,,,,
2026-04-22 21:50:00+00:00,presentValue,analogInput_106,analogInput,,,200.12045,,,,,,,,,,,
2026-04-22 21:51:00+00:00,presentValue,analogInput_106,analogInput,,,250.6742,,,,,,,,,,,
2026-04-22 21:52:00+00:00,presentValue,analogInput_106,analogInput,,,264.18524,,,,,,,,,,,
2026-04-22 21:53:00+00:00,presentValue,analogInput_106,analogInput,,,264.16565,,,,,,,,,,,
2026-04-22 21:54:00+00:00,presentValue,analogInput_106,analogInput,,,264.20486,,,,,,,,,,,
2026-04-22 21:55:00+00:00,presentValue,analogInput_106,analogInput,,,264.18524,,,,,,,,,,,
2026-04-22 21:56:00+00:00,presentValue,analogInput_106,analogInput,,,264.16565,,,,,,,,,,,
2026-04-22 21:57:00+00:00,presentValue,analogInput_106,analogInput,,,264.20486,,,,,,,,,,,
2026-04-22 21:58:00+00:00,presentValue,analogInput_106,analogInput,,,263.85187,,,,,,,,,,,
2026-04-22 21:59:00+00:00,presentValue,analogInput_106,analogInput,,,263.8911,,,,,,,,,,,
2026-04-22 22:00:00+00:00,presentValue,analogInput_106,analogInput,,,263.83228,,,,,,,,,,,
2026-04-22 22:01:00+00:00,presentValue,analogInput_106,analogInput,,,262.98904,,,,,,,,,,,
2026-04-22 22:02:00+00:00,presentValue,analogInput_106,analogInput,,,263.00867,,,,,,,,,,,
2026-04-22 22:03:00+00:00,presentValue,analogInput_106,analogInput,,,263.00867,,,,,,,,,,,
2026-04-22 22:04:00+00:00,presentValue,analogInput_106,analogInput,,,262.75372,,,,,,,,,,,
2026-04-22 22:05:00+00:00,presentValue,analogInput_106,analogInput,,,262.4792,,,,,,,,,,,
2026-04-22 22:06:00+00:00,presentValue,analogInput_106,analogInput,,,262.28308,,,,,,,,,,,
2026-04-22 22:07:00+00:00,presentValue,analogInput_106,analogInput,,,261.5576,,,,,,,,,,,
2026-04-22 22:08:00+00:00,presentValue,analogInput_106,analogInput,,,261.5576,,,,,,,,,,,
2026-04-22 22:09:00+00:00,presentValue,analogInput_106,analogInput,,,261.53796,,,,,,,,,,,
2026-04-22 22:10:00+00:00,presentValue,analogInput_106,analogInput,,,261.0085,,,,,,,,,,,
2026-04-22 22:11:00+00:00,presentValue,analogInput_106,analogInput,,,260.96927,,,,,,,,,,,
2026-04-22 22:12:00+00:00,presentValue,analogInput_106,analogInput,,,260.59668,,,,,,,,,,,
2026-04-22 22:13:00+00:00,presentValue,analogInput_106,analogInput,,,260.63593,,,,,,,,,,,
2026-04-22 22:14:00+00:00,presentValue,analogInput_106,analogInput,,,260.2045,,,,,,,,,,,
2026-04-22 22:15:00+00:00,presentValue,analogInput_106,analogInput,,,260.14566,,,,,,,,,,,
2026-04-22 22:16:00+00:00,presentValue,analogInput_106,analogInput,,,259.57697,,,,,,,,,,,
2026-04-22 22:17:00+00:00,presentValue,analogInput_106,analogInput,,,259.55737,,,,,,,,,,,
2026-04-22 22:18:00+00:00,presentValue,analogInput_106,analogInput,,,259.53775,,,,,,,,,,,
2026-04-22 22:19:00+00:00,presentValue,analogInput_106,analogInput,,,259.36127,,,,,,,,,,,
2026-04-22 22:20:00+00:00,presentValue,analogInput_106,analogInput,,,258.98868,,,,,,,,,,,
2026-04-22 22:21:00+00:00,presentValue,analogInput_106,analogInput,,,258.98868,,,,,,,,,,,
2026-04-22 22:22:00+00:00,presentValue,analogInput_106,analogInput,,,258.20428,,,,,,,,,,,
2026-04-22 22:23:00+00:00,presentValue,analogInput_106,analogInput,,,258.20428,,,,,,,,,,,
2026-04-22 22:24:00+00:00,presentValue,analogInput_106,analogInput,,,258.18466,,,,,,,,,,,
2026-04-22 22:25:00+00:00,presentValue,analogInput_106,analogInput,,,258.18466,,,,,,,,,,,
2026-04-22 22:26:00+00:00,presentValue,analogInput_106,analogInput,,,257.32184,,,,,,,,,,,
2026-04-22 22:27:00+00:00,presentValue,analogInput_106,analogInput,,,257.34143,,,,,,,,,,,
2026-04-22 22:28:00+00:00,presentValue,analogInput_106,analogInput,,,257.30222,,,,,,,,,,,
2026-04-22 22:29:00+00:00,presentValue,analogInput_106,analogInput,,,256.83163,,,,,,,,,,,
2026-04-22 22:30:00+00:00,presentValue,analogInput_106,analogInput,,,256.87088,,,,,,,,,,,
2026-04-22 22:31:00+00:00,presentValue,analogInput_106,analogInput,,,256.87088,,,,,,,,,,,
2026-04-22 22:32:00+00:00,presentValue,analogInput_106,analogInput,,,256.87088,,,,,,,,,,,
2026-04-22 22:33:00+00:00,presentValue,analogInput_106,analogInput,,,256.1845,,,,,,,,,,,
2026-04-22 22:34:00+00:00,presentValue,analogInput_106,analogInput,,,256.1453,,,,,,,,,,,
2026-04-22 22:35:00+00:00,presentValue,analogInput_106,analogInput,,,256.16492,,,,,,,,,,,
2026-04-22 22:36:00+00:00,presentValue,analogInput_106,analogInput,,,255.79231,,,,,,,,,,,
2026-04-22 22:37:00+00:00,presentValue,analogInput_106,analogInput,,,255.7727,,,,,,,,,,,
2026-04-22 22:38:00+00:00,presentValue,analogInput_106,analogInput,,,255.79231,,,,,,,,,,,
2026-04-22 22:39:00+00:00,presentValue,analogInput_106,analogInput,,,255.12558,,,,,,,,,,,
2026-04-22 22:40:00+00:00,presentValue,analogInput_106,analogInput,,,255.12558,,,,,,,,,,,
2026-04-22 22:41:00+00:00,presentValue,analogInput_106,analogInput,,,255.14519,,,,,,,,,,,
2026-04-22 22:42:00+00:00,presentValue,analogInput_106,analogInput,,,255.14519,,,,,,,,,,,
2026-04-22 22:43:00+00:00,presentValue,analogInput_106,analogInput,,,254.61572,,,,,,,,,,,
2026-04-22 22:44:00+00:00,presentValue,analogInput_106,analogInput,,,254.61572,,,,,,,,,,,
2026-04-22 22:45:00+00:00,presentValue,analogInput_106,analogInput,,,254.59612,,,,,,,,,,,
2026-04-22 22:46:00+00:00,presentValue,analogInput_106,analogInput,,,254.5765,,,,,,,,,,,
2026-04-22 22:47:00+00:00,presentValue,analogInput_106,analogInput,,,253.92938,,,,,,,,,,,
2026-04-22 22:48:00+00:00,presentValue,analogInput_106,analogInput,,,253.89015,,,,,,,,,,,
2026-04-22 22:49:00+00:00,presentValue,analogInput_106,analogInput,,,253.90976,,,,,,,,,,,
2026-04-22 22:50:00+00:00,presentValue,analogInput_106,analogInput,,,253.85094,,,,,,,,,,,
2026-04-22 22:51:00+00:00,presentValue,analogInput_106,analogInput,,,253.83133,,,,,,,,,,,
2026-04-22 22:52:00+00:00,presentValue,analogInput_106,analogInput,,,253.20381,,,,,,,,,,,
2026-04-22 22:53:00+00:00,presentValue,analogInput_106,analogInput,,,253.20381,,,,,,,,,,,
2026-04-22 22:54:00+00:00,presentValue,analogInput_106,analogInput,,,253.22342,,,,,,,,,,,
2026-04-22 22:55:00+00:00,presentValue,analogInput_106,analogInput,,,253.04694,,,,,,,,,,,
2026-04-22 22:56:00+00:00,presentValue,analogInput_106,analogInput,,,253.02731,,,,,,,,,,,
2026-04-22 22:57:00+00:00,presentValue,analogInput_106,analogInput,,,253.02731,,,,,,,,,,,
2026-04-22 22:58:00+00:00,presentValue,analogInput_106,analogInput,,,253.02731,,,,,,,,,,,
2026-04-22 22:59:00+00:00,presentValue,analogInput_106,analogInput,,,253.04694,,,,,,,,,,,
2026-04-22 23:00:00+00:00,presentValue,analogInput_106,analogInput,,,251.41937,,,,,,,,,,,
2026-04-22 11:01:00+00:00,presentValue,analogInput_107,analogInput,,,,5.8459206,,,,,,,,,,
2026-04-22 11:02:00+00:00,presentValue,analogInput_107,analogInput,,,,5.881218,,,,,,,,,,
2026-04-22 11:03:00+00:00,presentValue,analogInput_107,analogInput,,,,5.971424,,,,,,,,,,
2026-04-22 11:04:00+00:00,presentValue,analogInput_107,analogInput,,,,6.0518246,,,,,,,,,,
2026-04-22 11:05:00+00:00,presentValue,analogInput_107,analogInput,,,,6.094967,,,,,,,,,,
2026-04-22 11:06:00+00:00,presentValue,analogInput_107,analogInput,,,,6.1498756,,,,,,,,,,
2026-04-22 11:07:00+00:00,presentValue,analogInput_107,analogInput,,,,6.1988945,,,,,,,,,,
2026-04-22 11:08:00+00:00,presentValue,analogInput_107,analogInput,,,,6.2518406,,,,,,,,,,
2026-04-22 11:09:00+00:00,presentValue,analogInput_107,analogInput,,,,6.2832165,,,,,,,,,,
2026-04-22 11:10:00+00:00,presentValue,analogInput_107,analogInput,,,,6.3381233,,,,,,,,,,
2026-04-22 11:11:00+00:00,presentValue,analogInput_107,analogInput,,,,6.3498898,,,,,,,,,,
2026-04-22 11:12:00+00:00,presentValue,analogInput_107,analogInput,,,,6.3204746,,,,,,,,,,
2026-04-22 11:13:00+00:00,presentValue,analogInput_107,analogInput,,,,6.279295,,,,,,,,,,
2026-04-22 11:14:00+00:00,presentValue,analogInput_107,analogInput,,,,6.2302704,,,,,,,,,,
2026-04-22 11:15:00+00:00,presentValue,analogInput_107,analogInput,,,,6.21262,,,,,,,,,,
2026-04-22 11:16:00+00:00,presentValue,analogInput_107,analogInput,,,,6.202816,,,,,,,,,,
2026-04-22 11:17:00+00:00,presentValue,analogInput_107,analogInput,,,,6.189089,,,,,,,,,,
2026-04-22 11:18:00+00:00,presentValue,analogInput_107,analogInput,,,,6.1753674,,,,,,,,,,
2026-04-22 11:19:00+00:00,presentValue,analogInput_107,analogInput,,,,6.1439915,,,,,,,,,,
2026-04-22 11:20:00+00:00,presentValue,analogInput_107,analogInput,,,,6.1224213,,,,,,,,,,
2026-04-22 11:21:00+00:00,presentValue,analogInput_107,analogInput,,,,6.071436,,,,,,,,,,
2026-04-22 11:22:00+00:00,presentValue,analogInput_107,analogInput,,,,5.98123,,,,,,,,,,
2026-04-22 11:23:00+00:00,presentValue,analogInput_107,analogInput,,,,5.947893,,,,,,,,,,
2026-04-22 11:24:00+00:00,presentValue,analogInput_107,analogInput,,,,5.9361267,,,,,,,,,,
2026-04-22 11:25:00+00:00,presentValue,analogInput_107,analogInput,,,,5.9537754,,,,,,,,,,
2026-04-22 11:26:00+00:00,presentValue,analogInput_107,analogInput,,,,5.9988785,,,,,,,,,,
2026-04-22 11:27:00+00:00,presentValue,analogInput_107,analogInput,,,,6.049864,,,,,,,,,,
2026-04-22 11:28:00+00:00,presentValue,analogInput_107,analogInput,,,,6.077318,,,,,,,,,,
2026-04-22 11:29:00+00:00,presentValue,analogInput_107,analogInput,,,,6.126343,,,,,,,,,,
2026-04-22 11:30:00+00:00,presentValue,analogInput_107,analogInput,,,,6.1910496,,,,,,,,,,
2026-04-22 11:31:00+00:00,presentValue,analogInput_107,analogInput,,,,6.2361526,,,,,,,,,,
2026-04-22 11:32:00+00:00,presentValue,analogInput_107,analogInput,,,,6.300865,,,,,,,,,,
2026-04-22 11:33:00+00:00,presentValue,analogInput_107,analogInput,,,,6.334202,,,,,,,,,,
2026-04-22 11:34:00+00:00,presentValue,analogInput_107,analogInput,,,,6.3577347,,,,,,,,,,
2026-04-22 11:35:00+00:00,presentValue,analogInput_107,analogInput,,,,6.3734226,,,,,,,,,,
2026-04-22 11:36:00+00:00,presentValue,analogInput_107,analogInput,,,,6.4028378,,,,,,,,,,
2026-04-22 11:37:00+00:00,presentValue,analogInput_107,analogInput,,,,6.422447,,,,,,,,,,
2026-04-22 11:38:00+00:00,presentValue,analogInput_107,analogInput,,,,6.463627,,,,,,,,,,
2026-04-22 11:39:00+00:00,presentValue,analogInput_107,analogInput,,,,6.4597054,,,,,,,,,,
2026-04-22 11:40:00+00:00,presentValue,analogInput_107,analogInput,,,,6.385189,,,,,,,,,,
2026-04-22 11:41:00+00:00,presentValue,analogInput_107,analogInput,,,,6.3498898,,,,,,,,,,
2026-04-22 11:42:00+00:00,presentValue,analogInput_107,analogInput,,,,6.334202,,,,,,,,,,
2026-04-22 11:43:00+00:00,presentValue,analogInput_107,analogInput,,,,6.318514,,,,,,,,,,
2026-04-22 11:44:00+00:00,presentValue,analogInput_107,analogInput,,,,6.332241,,,,,,,,,,
2026-04-22 11:45:00+00:00,presentValue,analogInput_107,analogInput,,,,6.3577347,,,,,,,,,,
2026-04-22 11:46:00+00:00,presentValue,analogInput_107,analogInput,,,,6.4067593,,,,,,,,,,
2026-04-22 11:47:00+00:00,presentValue,analogInput_107,analogInput,,,,6.438135,,,,,,,,,,
2026-04-22 11:48:00+00:00,presentValue,analogInput_107,analogInput,,,,6.471472,,,,,,,,,,
2026-04-22 11:49:00+00:00,presentValue,analogInput_107,analogInput,,,,6.506769,,,,,,,,,,
2026-04-22 11:50:00+00:00,presentValue,analogInput_107,analogInput,,,,6.5479507,,,,,,,,,,
2026-04-22 11:51:00+00:00,presentValue,analogInput_107,analogInput,,,,6.5655994,,,,,,,,,,
2026-04-22 11:52:00+00:00,presentValue,analogInput_107,analogInput,,,,6.583248,,,,,,,,,,
2026-04-22 11:53:00+00:00,presentValue,analogInput_107,analogInput,,,,6.6087418,,,,,,,,,,
2026-04-22 11:54:00+00:00,presentValue,analogInput_107,analogInput,,,,6.647955,,,,,,,,,,
2026-04-22 11:55:00+00:00,presentValue,analogInput_107,analogInput,,,,6.67737,,,,,,,,,,
2026-04-22 11:56:00+00:00,presentValue,analogInput_107,analogInput,,,,6.6989403,,,,,,,,,,
2026-04-22 11:57:00+00:00,presentValue,analogInput_107,analogInput,,,,6.738161,,,,,,,,,,
2026-04-22 11:58:00+00:00,presentValue,analogInput_107,analogInput,,,,6.828367,,,,,,,,,,
2026-04-22 11:59:00+00:00,presentValue,analogInput_107,analogInput,,,,6.91465,,,,,,,,,,
2026-04-22 12:00:00+00:00,presentValue,analogInput_107,analogInput,,,,6.9793625,,,,,,,,,,
2026-04-22 12:01:00+00:00,presentValue,analogInput_107,analogInput,,,,7.0185833,,,,,,,,,,
2026-04-22 12:02:00+00:00,presentValue,analogInput_107,analogInput,,,,7.0558414,,,,,,,,,,
2026-04-22 12:03:00+00:00,presentValue,analogInput_107,analogInput,,,,7.0715294,,,,,,,,,,
2026-04-22 12:04:00+00:00,presentValue,analogInput_107,analogInput,,,,7.065647,,,,,,,,,,
2026-04-22 12:05:00+00:00,presentValue,analogInput_107,analogInput,,,,7.0774117,,,,,,,,,,
2026-04-22 12:06:00+00:00,presentValue,analogInput_107,analogInput,,,,7.106821,,,,,,,,,,
2026-04-22 12:07:00+00:00,presentValue,analogInput_107,analogInput,,,,7.1891823,,,,,,,,,,
2026-04-22 12:08:00+00:00,presentValue,analogInput_107,analogInput,,,,7.230364,,,,,,,,,,
2026-04-22 12:09:00+00:00,presentValue,analogInput_107,analogInput,,,,7.2499733,,,,,,,,,,
2026-04-22 12:10:00+00:00,presentValue,analogInput_107,analogInput,,,,7.267624,,,,,,,,,,
2026-04-22 12:11:00+00:00,presentValue,analogInput_107,analogInput,,,,7.2656612,,,,,,,,,,
2026-04-22 12:12:00+00:00,presentValue,analogInput_107,analogInput,,,,7.2793884,,,,,,,,,,
2026-04-22 12:13:00+00:00,presentValue,analogInput_107,analogInput,,,,7.3558674,,,,,,,,,,
2026-04-22 12:14:00+00:00,presentValue,analogInput_107,analogInput,,,,7.4401894,,,,,,,,,,
2026-04-22 12:15:00+00:00,presentValue,analogInput_107,analogInput,,,,7.5205917,,,,,,,,,,
2026-04-22 12:16:00+00:00,presentValue,analogInput_107,analogInput,,,,7.5617657,,,,,,,,,,
2026-04-22 12:17:00+00:00,presentValue,analogInput_107,analogInput,,,,7.644127,,,,,,,,,,
2026-04-22 12:18:00+00:00,presentValue,analogInput_107,analogInput,,,,7.702957,,,,,,,,,,
2026-04-22 12:19:00+00:00,presentValue,analogInput_107,analogInput,,,,7.750021,,,,,,,,,,
2026-04-22 12:20:00+00:00,presentValue,analogInput_107,analogInput,,,,7.7990456,,,,,,,,,,
2026-04-22 12:21:00+00:00,presentValue,analogInput_107,analogInput,,,,7.842188,,,,,,,,,,
2026-04-22 12:22:00+00:00,presentValue,analogInput_107,analogInput,,,,7.8617973,,,,,,,,,,
2026-04-22 12:23:00+00:00,presentValue,analogInput_107,analogInput,,,,7.9049397,,,,,,,,,,
2026-04-22 12:24:00+00:00,presentValue,analogInput_107,analogInput,,,,7.9127846,,,,,,,,,,
2026-04-22 12:25:00+00:00,presentValue,analogInput_107,analogInput,,,,7.9598465,,,,,,,,,,
2026-04-22 12:26:00+00:00,presentValue,analogInput_107,analogInput,,,,8.032398,,,,,,,,,,
2026-04-22 12:27:00+00:00,presentValue,analogInput_107,analogInput,,,,8.083384,,,,,,,,,,
2026-04-22 12:28:00+00:00,presentValue,analogInput_107,analogInput,,,,8.0912285,,,,,,,,,,
2026-04-22 12:29:00+00:00,presentValue,analogInput_107,analogInput,,,,8.122604,,,,,,,,,,
2026-04-22 12:30:00+00:00,presentValue,analogInput_107,analogInput,,,,8.171629,,,,,,,,,,
2026-04-22 12:31:00+00:00,presentValue,analogInput_107,analogInput,,,,8.23242,,,,,,,,,,
2026-04-22 12:32:00+00:00,presentValue,analogInput_107,analogInput,,,,8.255951,,,,,,,,,,
2026-04-22 12:33:00+00:00,presentValue,analogInput_107,analogInput,,,,8.281445,,,,,,,,,,
2026-04-22 12:34:00+00:00,presentValue,analogInput_107,analogInput,,,,8.33243,,,,,,,,,,
2026-04-22 12:35:00+00:00,presentValue,analogInput_107,analogInput,,,,8.379494,,,,,,,,,,
2026-04-22 12:36:00+00:00,presentValue,analogInput_107,analogInput,,,,8.459894,,,,,,,,,,
2026-04-22 12:37:00+00:00,presentValue,analogInput_107,analogInput,,,,8.485382,,,,,,,,,,
2026-04-22 12:38:00+00:00,presentValue,analogInput_107,analogInput,,,,8.559898,,,,,,,,,,
2026-04-22 12:39:00+00:00,presentValue,analogInput_107,analogInput,,,,8.620689,,,,,,,,,,
2026-04-22 12:40:00+00:00,presentValue,analogInput_107,analogInput,,,,8.685402,,,,,,,,,,
2026-04-22 12:41:00+00:00,presentValue,analogInput_107,analogInput,,,,8.732468,,,,,,,,,,
2026-04-22 12:42:00+00:00,presentValue,analogInput_107,analogInput,,,,8.79718,,,,,,,,,,
2026-04-22 12:43:00+00:00,presentValue,analogInput_107,analogInput,,,,8.81679,,,,,,,,,,
2026-04-22 12:44:00+00:00,presentValue,analogInput_107,analogInput,,,,8.824633,,,,,,,,,,
2026-04-22 12:45:00+00:00,presentValue,analogInput_107,analogInput,,,,8.828556,,,,,,,,,,
2026-04-22 12:46:00+00:00,presentValue,analogInput_107,analogInput,,,,8.905033,,,,,,,,,,
2026-04-22 12:47:00+00:00,presentValue,analogInput_107,analogInput,,,,8.924644,,,,,,,,,,
2026-04-22 12:48:00+00:00,presentValue,analogInput_107,analogInput,,,,8.999155,,,,,,,,,,
2026-04-22 12:49:00+00:00,presentValue,analogInput_107,analogInput,,,,9.06583,,,,,,,,,,
2026-04-22 12:50:00+00:00,presentValue,analogInput_107,analogInput,,,,9.112894,,,,,,,,,,
2026-04-22 12:51:00+00:00,presentValue,analogInput_107,analogInput,,,,9.191334,,,,,,,,,,
2026-04-22 12:52:00+00:00,presentValue,analogInput_107,analogInput,,,,9.254086,,,,,,,,,,
2026-04-22 12:53:00+00:00,presentValue,analogInput_107,analogInput,,,,9.318798,,,,,,,,,,
2026-04-22 12:54:00+00:00,presentValue,analogInput_107,analogInput,,,,9.34429,,,,,,,,,,
2026-04-22 12:55:00+00:00,presentValue,analogInput_107,analogInput,,,,9.361938,,,,,,,,,,
2026-04-22 12:56:00+00:00,presentValue,analogInput_107,analogInput,,,,9.4168415,,,,,,,,,,
2026-04-22 12:57:00+00:00,presentValue,analogInput_107,analogInput,,,,9.469788,,,,,,,,,,
2026-04-22 12:58:00+00:00,presentValue,analogInput_107,analogInput,,,,9.505085,,,,,,,,,,
2026-04-22 12:59:00+00:00,presentValue,analogInput_107,analogInput,,,,9.538424,,,,,,,,,,
2026-04-22 13:00:00+00:00,presentValue,analogInput_107,analogInput,,,,9.59137,,,,,,,,,,
2026-04-22 13:01:00+00:00,presentValue,analogInput_107,analogInput,,,,9.618824,,,,,,,,,,
2026-04-22 13:02:00+00:00,presentValue,analogInput_107,analogInput,,,,9.626667,,,,,,,,,,
2026-04-22 13:03:00+00:00,presentValue,analogInput_107,analogInput,,,,9.644316,,,,,,,,,,
2026-04-22 13:04:00+00:00,presentValue,analogInput_107,analogInput,,,,9.644316,,,,,,,,,,
2026-04-22 13:05:00+00:00,presentValue,analogInput_107,analogInput,,,,9.67177,,,,,,,,,,
2026-04-22 13:06:00+00:00,presentValue,analogInput_107,analogInput,,,,9.703146,,,,,,,,,,
2026-04-22 13:07:00+00:00,presentValue,analogInput_107,analogInput,,,,9.726679,,,,,,,,,,
2026-04-22 13:08:00+00:00,presentValue,analogInput_107,analogInput,,,,9.761976,,,,,,,,,,
2026-04-22 13:09:00+00:00,presentValue,analogInput_107,analogInput,,,,9.783546,,,,,,,,,,
2026-04-22 13:10:00+00:00,presentValue,analogInput_107,analogInput,,,,9.83061,,,,,,,,,,
2026-04-22 13:11:00+00:00,presentValue,analogInput_107,analogInput,,,,9.873747,,,,,,,,,,
2026-04-22 13:12:00+00:00,presentValue,analogInput_107,analogInput,,,,9.903162,,,,,,,,,,
2026-04-22 13:13:00+00:00,presentValue,analogInput_107,analogInput,,,,9.934538,,,,,,,,,,
2026-04-22 13:14:00+00:00,presentValue,analogInput_107,analogInput,,,,9.96199,,,,,,,,,,
2026-04-22 13:15:00+00:00,presentValue,analogInput_107,analogInput,,,,9.981602,,,,,,,,,,
2026-04-22 13:16:00+00:00,presentValue,analogInput_107,analogInput,,,,10.095339,,,,,,,,,,
2026-04-22 13:17:00+00:00,presentValue,analogInput_107,analogInput,,,,10.207115,,,,,,,,,,
2026-04-22 13:18:00+00:00,presentValue,analogInput_107,analogInput,,,,10.2934,,,,,,,,,,
2026-04-22 13:19:00+00:00,presentValue,analogInput_107,analogInput,,,,10.391443,,,,,,,,,,
2026-04-22 13:20:00+00:00,presentValue,analogInput_107,analogInput,,,,10.516947,,,,,,,,,,
2026-04-22 13:21:00+00:00,presentValue,analogInput_107,analogInput,,,,10.632645,,,,,,,,,,
2026-04-22 13:22:00+00:00,presentValue,analogInput_107,analogInput,,,,10.722851,,,,,,,,,,
2026-04-22 13:23:00+00:00,presentValue,analogInput_107,analogInput,,,,10.8189335,,,,,,,,,,
2026-04-22 13:24:00+00:00,presentValue,analogInput_107,analogInput,,,,10.924828,,,,,,,,,,
2026-04-22 13:25:00+00:00,presentValue,analogInput_107,analogInput,,,,11.069941,,,,,,,,,,
2026-04-22 13:26:00+00:00,presentValue,analogInput_107,analogInput,,,,11.228775,,,,,,,,,,
2026-04-22 13:27:00+00:00,presentValue,analogInput_107,analogInput,,,,11.41703,,,,,,,,,,
2026-04-22 13:28:00+00:00,presentValue,analogInput_107,analogInput,,,,11.587637,,,,,,,,,,
2026-04-22 13:29:00+00:00,presentValue,analogInput_107,analogInput,,,,11.76412,,,,,,,,,,
2026-04-22 13:30:00+00:00,presentValue,analogInput_107,analogInput,,,,11.866091,,,,,,,,,,
2026-04-22 13:31:00+00:00,presentValue,analogInput_107,analogInput,,,,11.870014,,,,,,,,,,
2026-04-22 13:32:00+00:00,presentValue,analogInput_107,analogInput,,,,11.956297,,,,,,,,,,
2026-04-22 13:33:00+00:00,presentValue,analogInput_107,analogInput,,,,12.083763,,,,,,,,,,
2026-04-22 13:34:00+00:00,presentValue,analogInput_107,analogInput,,,,12.195534,,,,,,,,,,
2026-04-22 13:35:00+00:00,presentValue,analogInput_107,analogInput,,,,12.277893,,,,,,,,,,
2026-04-22 13:36:00+00:00,presentValue,analogInput_107,analogInput,,,,12.248478,,,,,,,,,,
2026-04-22 13:37:00+00:00,presentValue,analogInput_107,analogInput,,,,12.111214,,,,,,,,,,
2026-04-22 13:38:00+00:00,presentValue,analogInput_107,analogInput,,,,12.073956,,,,,,,,,,
2026-04-22 13:39:00+00:00,presentValue,analogInput_107,analogInput,,,,12.036697,,,,,,,,,,
2026-04-22 13:40:00+00:00,presentValue,analogInput_107,analogInput,,,,12.0504265,,,,,,,,,,
2026-04-22 13:41:00+00:00,presentValue,analogInput_107,analogInput,,,,12.06023,,,,,,,,,,
2026-04-22 13:42:00+00:00,presentValue,analogInput_107,analogInput,,,,12.077877,,,,,,,,,,
2026-04-22 13:43:00+00:00,presentValue,analogInput_107,analogInput,,,,12.140629,,,,,,,,,,
2026-04-22 13:44:00+00:00,presentValue,analogInput_107,analogInput,,,,12.162197,,,,,,,,,,
2026-04-22 13:45:00+00:00,presentValue,analogInput_107,analogInput,,,,12.166119,,,,,,,,,,
2026-04-22 13:46:00+00:00,presentValue,analogInput_107,analogInput,,,,12.156311,,,,,,,,,,
2026-04-22 13:47:00+00:00,presentValue,analogInput_107,analogInput,,,,12.075916,,,,,,,,,,
2026-04-22 13:48:00+00:00,presentValue,analogInput_107,analogInput,,,,12.0582695,,,,,,,,,,
2026-04-22 13:49:00+00:00,presentValue,analogInput_107,analogInput,,,,12.06023,,,,,,,,,,
2026-04-22 13:50:00+00:00,presentValue,analogInput_107,analogInput,,,,12.077877,,,,,,,,,,
2026-04-22 13:51:00+00:00,presentValue,analogInput_107,analogInput,,,,12.140629,,,,,,,,,,
2026-04-22 13:52:00+00:00,presentValue,analogInput_107,analogInput,,,,12.185726,,,,,,,,,,
2026-04-22 13:53:00+00:00,presentValue,analogInput_107,analogInput,,,,12.238674,,,,,,,,,,
2026-04-22 13:54:00+00:00,presentValue,analogInput_107,analogInput,,,,12.31319,,,,,,,,,,
2026-04-22 13:55:00+00:00,presentValue,analogInput_107,analogInput,,,,12.377903,,,,,,,,,,
2026-04-22 13:56:00+00:00,presentValue,analogInput_107,analogInput,,,,12.4877205,,,,,,,,,,
2026-04-22 13:57:00+00:00,presentValue,analogInput_107,analogInput,,,,12.6269455,,,,,,,,,,
2026-04-22 13:58:00+00:00,presentValue,analogInput_107,analogInput,,,,12.899521,,,,,,,,,,
2026-04-22 13:59:00+00:00,presentValue,analogInput_107,analogInput,,,,13.156406,,,,,,,,,,
2026-04-22 14:00:00+00:00,presentValue,analogInput_107,analogInput,,,,13.4074135,,,,,,,,,,
2026-04-22 14:01:00+00:00,presentValue,analogInput_107,analogInput,,,,13.613312,,,,,,,,,,
2026-04-22 14:02:00+00:00,presentValue,analogInput_107,analogInput,,,,13.691753,,,,,,,,,,
2026-04-22 14:03:00+00:00,presentValue,analogInput_107,analogInput,,,,13.793724,,,,,,,,,,
2026-04-22 14:04:00+00:00,presentValue,analogInput_107,analogInput,,,,13.903538,,,,,,,,,,
2026-04-22 14:05:00+00:00,presentValue,analogInput_107,analogInput,,,,13.899616,,,,,,,,,,
2026-04-22 14:06:00+00:00,presentValue,analogInput_107,analogInput,,,,13.797646,,,,,,,,,,
2026-04-22 14:07:00+00:00,presentValue,analogInput_107,analogInput,,,,13.76823,,,,,,,,,,
2026-04-22 14:08:00+00:00,presentValue,analogInput_107,analogInput,,,,13.742737,,,,,,,,,,
2026-04-22 14:09:00+00:00,presentValue,analogInput_107,analogInput,,,,13.7211685,,,,,,,,,,
2026-04-22 14:10:00+00:00,presentValue,analogInput_107,analogInput,,,,13.632923,,,,,,,,,,
2026-04-22 14:11:00+00:00,presentValue,analogInput_107,analogInput,,,,13.548599,,,,,,,,,,
2026-04-22 14:12:00+00:00,presentValue,analogInput_107,analogInput,,,,13.568211,,,,,,,,,,
2026-04-22 14:13:00+00:00,presentValue,analogInput_107,analogInput,,,,13.672142,,,,,,,,,,
2026-04-22 14:14:00+00:00,presentValue,analogInput_107,analogInput,,,,13.811371,,,,,,,,,,
2026-04-22 14:15:00+00:00,presentValue,analogInput_107,analogInput,,,,13.901577,,,,,,,,,,
2026-04-22 14:16:00+00:00,presentValue,analogInput_107,analogInput,,,,13.980011,,,,,,,,,,
2026-04-22 14:17:00+00:00,presentValue,analogInput_107,analogInput,,,,14.140812,,,,,,,,,,
2026-04-22 14:18:00+00:00,presentValue,analogInput_107,analogInput,,,,14.303577,,,,,,,,,,
2026-04-22 14:19:00+00:00,presentValue,analogInput_107,analogInput,,,,14.23494,,,,,,,,,,
2026-04-22 14:20:00+00:00,presentValue,analogInput_107,analogInput,,,,14.315342,,,,,,,,,,
2026-04-22 14:21:00+00:00,presentValue,analogInput_107,analogInput,,,,14.446724,,,,,,,,,,
2026-04-22 14:22:00+00:00,presentValue,analogInput_107,analogInput,,,,14.495747,,,,,,,,,,
2026-04-22 14:23:00+00:00,presentValue,analogInput_107,analogInput,,,,14.495747,,,,,,,,,,
2026-04-22 14:24:00+00:00,presentValue,analogInput_107,analogInput,,,,14.664391,,,,,,,,,,
2026-04-22 14:25:00+00:00,presentValue,analogInput_107,analogInput,,,,14.77813,,,,,,,,,,
2026-04-22 14:26:00+00:00,presentValue,analogInput_107,analogInput,,,,14.858532,,,,,,,,,,
2026-04-22 14:27:00+00:00,presentValue,analogInput_107,analogInput,,,,14.884026,,,,,,,,,,
2026-04-22 14:28:00+00:00,presentValue,analogInput_107,analogInput,,,,15.0173645,,,,,,,,,,
2026-04-22 14:29:00+00:00,presentValue,analogInput_107,analogInput,,,,15.068352,,,,,,,,,,
2026-04-22 14:30:00+00:00,presentValue,analogInput_107,analogInput,,,,15.087959,,,,,,,,,,
2026-04-22 14:31:00+00:00,presentValue,analogInput_107,analogInput,,,,15.156597,,,,,,,,,,
2026-04-22 14:32:00+00:00,presentValue,analogInput_107,analogInput,,,,15.386024,,,,,,,,,,
2026-04-22 14:33:00+00:00,presentValue,analogInput_107,analogInput,,,,15.521336,,,,,,,,,,
2026-04-22 14:34:00+00:00,presentValue,analogInput_107,analogInput,,,,15.49192,,,,,,,,,,
2026-04-22 14:35:00+00:00,presentValue,analogInput_107,analogInput,,,,15.593891,,,,,,,,,,
2026-04-22 14:36:00+00:00,presentValue,analogInput_107,analogInput,,,,15.715473,,,,,,,,,,
2026-04-22 14:37:00+00:00,presentValue,analogInput_107,analogInput,,,,16.005695,,,,,,,,,,
2026-04-22 14:38:00+00:00,presentValue,analogInput_107,analogInput,,,,16.148846,,,,,,,,,,
2026-04-22 14:39:00+00:00,presentValue,analogInput_107,analogInput,,,,16.201794,,,,,,,,,,
2026-04-22 14:40:00+00:00,presentValue,analogInput_107,analogInput,,,,16.252777,,,,,,,,,,
2026-04-22 14:41:00+00:00,presentValue,analogInput_107,analogInput,,,,16.356705,,,,,,,,,,
2026-04-22 14:42:00+00:00,presentValue,analogInput_107,analogInput,,,,16.552803,,,,,,,,,,
2026-04-22 14:43:00+00:00,presentValue,analogInput_107,analogInput,,,,16.533195,,,,,,,,,,
2026-04-22 14:44:00+00:00,presentValue,analogInput_107,analogInput,,,,16.413574,,,,,,,,,,
2026-04-22 14:45:00+00:00,presentValue,analogInput_107,analogInput,,,,16.270428,,,,,,,,,,
2026-04-22 14:46:00+00:00,presentValue,analogInput_107,analogInput,,,,16.248856,,,,,,,,,,
2026-04-22 14:47:00+00:00,presentValue,analogInput_107,analogInput,,,,16.395924,,,,,,,,,,
2026-04-22 14:48:00+00:00,presentValue,analogInput_107,analogInput,,,,16.464561,,,,,,,,,,
2026-04-22 14:49:00+00:00,presentValue,analogInput_107,analogInput,,,,16.4626,,,,,,,,,,
2026-04-22 14:50:00+00:00,presentValue,analogInput_107,analogInput,,,,16.48809,,,,,,,,,,
2026-04-22 14:51:00+00:00,presentValue,analogInput_107,analogInput,,,,16.572414,,,,,,,,,,
2026-04-22 14:52:00+00:00,presentValue,analogInput_107,analogInput,,,,16.572414,,,,,,,,,,
2026-04-22 14:53:00+00:00,presentValue,analogInput_107,analogInput,,,,16.743015,,,,,,,,,,
2026-04-22 14:54:00+00:00,presentValue,analogInput_107,analogInput,,,,16.87048,,,,,,,,,,
2026-04-22 14:55:00+00:00,presentValue,analogInput_107,analogInput,,,,16.874401,,,,,,,,,,
2026-04-22 14:56:00+00:00,presentValue,analogInput_107,analogInput,,,,16.654778,,,,,,,,,,
2026-04-22 14:57:00+00:00,presentValue,analogInput_107,analogInput,,,,16.70184,,,,,,,,,,
2026-04-22 14:58:00+00:00,presentValue,analogInput_107,analogInput,,,,16.693996,,,,,,,,,,
2026-04-22 14:59:00+00:00,presentValue,analogInput_107,analogInput,,,,16.799885,,,,,,,,,,
2026-04-22 15:00:00+00:00,presentValue,analogInput_107,analogInput,,,,16.731255,,,,,,,,,,
2026-04-22 15:01:00+00:00,presentValue,analogInput_107,analogInput,,,,16.82734,,,,,,,,,,
2026-04-22 15:02:00+00:00,presentValue,analogInput_107,analogInput,,,,16.809689,,,,,,,,,,
2026-04-22 15:03:00+00:00,presentValue,analogInput_107,analogInput,,,,16.837143,,,,,,,,,,
2026-04-22 15:04:00+00:00,presentValue,analogInput_107,analogInput,,,,16.795963,,,,,,,,,,
2026-04-22 15:05:00+00:00,presentValue,analogInput_107,analogInput,,,,16.75282,,,,,,,,,,
2026-04-22 15:06:00+00:00,presentValue,analogInput_107,analogInput,,,,16.727333,,,,,,,,,,
2026-04-22 15:07:00+00:00,presentValue,analogInput_107,analogInput,,,,16.729294,,,,,,,,,,
2026-04-22 15:08:00+00:00,presentValue,analogInput_107,analogInput,,,,16.87048,,,,,,,,,,
2026-04-22 15:09:00+00:00,presentValue,analogInput_107,analogInput,,,,17.060696,,,,,,,,,,
2026-04-22 15:10:00+00:00,presentValue,analogInput_107,analogInput,,,,17.107761,,,,,,,,,,
2026-04-22 15:11:00+00:00,presentValue,analogInput_107,analogInput,,,,17.282284,,,,,,,,,,
2026-04-22 15:12:00+00:00,presentValue,analogInput_107,analogInput,,,,17.278358,,,,,,,,,,
2026-04-22 15:13:00+00:00,presentValue,analogInput_107,analogInput,,,,17.411709,,,,,,,,,,
2026-04-22 15:14:00+00:00,presentValue,analogInput_107,analogInput,,,,17.582314,,,,,,,,,,
2026-04-22 15:15:00+00:00,presentValue,analogInput_107,analogInput,,,,17.745071,,,,,,,,,,
2026-04-22 15:16:00+00:00,presentValue,analogInput_107,analogInput,,,,17.976467,,,,,,,,,,
2026-04-22 15:17:00+00:00,presentValue,analogInput_107,analogInput,,,,18.119614,,,,,,,,,,
2026-04-22 15:18:00+00:00,presentValue,analogInput_107,analogInput,,,,18.005882,,,,,,,,,,
2026-04-22 15:19:00+00:00,presentValue,analogInput_107,analogInput,,,,17.813705,,,,,,,,,,
2026-04-22 15:20:00+00:00,presentValue,analogInput_107,analogInput,,,,17.92352,,,,,,,,,,
2026-04-22 15:21:00+00:00,presentValue,analogInput_107,analogInput,,,,18.050987,,,,,,,,,,
2026-04-22 15:22:00+00:00,presentValue,analogInput_107,analogInput,,,,18.215702,,,,,,,,,,
2026-04-22 15:23:00+00:00,presentValue,analogInput_107,analogInput,,,,18.358856,,,,,,,,,,
2026-04-22 15:24:00+00:00,presentValue,analogInput_107,analogInput,,,,18.27061,,,,,,,,,,
2026-04-22 15:25:00+00:00,presentValue,analogInput_107,analogInput,,,,18.274532,,,,,,,,,,
2026-04-22 15:26:00+00:00,presentValue,analogInput_107,analogInput,,,,18.121574,,,,,,,,,,
2026-04-22 15:27:00+00:00,presentValue,analogInput_107,analogInput,,,,17.990196,,,,,,,,,,
2026-04-22 15:28:00+00:00,presentValue,analogInput_107,analogInput,,,,18.107853,,,,,,,,,,
2026-04-22 15:29:00+00:00,presentValue,analogInput_107,analogInput,,,,18.356895,,,,,,,,,,
2026-04-22 15:30:00+00:00,presentValue,analogInput_107,analogInput,,,,18.417686,,,,,,,,,,
2026-04-22 15:31:00+00:00,presentValue,analogInput_107,analogInput,,,,18.380424,,,,,,,,,,
2026-04-22 15:32:00+00:00,presentValue,analogInput_107,analogInput,,,,18.403957,,,,,,,,,,
2026-04-22 15:33:00+00:00,presentValue,analogInput_107,analogInput,,,,18.415726,,,,,,,,,,
2026-04-22 15:34:00+00:00,presentValue,analogInput_107,analogInput,,,,18.331402,,,,,,,,,,
2026-04-22 15:35:00+00:00,presentValue,analogInput_107,analogInput,,,,18.303947,,,,,,,,,,
2026-04-22 15:36:00+00:00,presentValue,analogInput_107,analogInput,,,,18.586323,,,,,,,,,,
2026-04-22 15:37:00+00:00,presentValue,analogInput_107,analogInput,,,,18.96872,,,,,,,,,,
2026-04-22 15:38:00+00:00,presentValue,analogInput_107,analogInput,,,,18.947147,,,,,,,,,,
2026-04-22 15:39:00+00:00,presentValue,analogInput_107,analogInput,,,,18.709866,,,,,,,,,,
2026-04-22 15:40:00+00:00,presentValue,analogInput_107,analogInput,,,,18.590248,,,,,,,,,,
2026-04-22 15:41:00+00:00,presentValue,analogInput_107,analogInput,,,,18.492203,,,,,,,,,,
2026-04-22 15:42:00+00:00,presentValue,analogInput_107,analogInput,,,,18.288261,,,,,,,,,,
2026-04-22 15:43:00+00:00,presentValue,analogInput_107,analogInput,,,,18.284336,,,,,,,,,,
2026-04-22 15:44:00+00:00,presentValue,analogInput_107,analogInput,,,,18.511814,,,,,,,,,,
2026-04-22 15:45:00+00:00,presentValue,analogInput_107,analogInput,,,,18.68045,,,,,,,,,,
2026-04-22 15:46:00+00:00,presentValue,analogInput_107,analogInput,,,,18.962833,,,,,,,,,,
2026-04-22 15:47:00+00:00,presentValue,analogInput_107,analogInput,,,,18.980484,,,,,,,,,,
2026-04-22 15:48:00+00:00,presentValue,analogInput_107,analogInput,,,,18.949108,,,,,,,,,,
2026-04-22 15:49:00+00:00,presentValue,analogInput_107,analogInput,,,,18.951069,,,,,,,,,,
2026-04-22 15:50:00+00:00,presentValue,analogInput_107,analogInput,,,,19.023624,,,,,,,,,,
2026-04-22 15:51:00+00:00,presentValue,analogInput_107,analogInput,,,,19.007938,,,,,,,,,,
2026-04-22 15:52:00+00:00,presentValue,analogInput_107,analogInput,,,,18.929497,,,,,,,,,,
2026-04-22 15:53:00+00:00,presentValue,analogInput_107,analogInput,,,,18.929497,,,,,,,,,,
2026-04-22 15:54:00+00:00,presentValue,analogInput_107,analogInput,,,,18.827526,,,,,,,,,,
2026-04-22 15:55:00+00:00,presentValue,analogInput_107,analogInput,,,,18.915771,,,,,,,,,,
2026-04-22 15:56:00+00:00,presentValue,analogInput_107,analogInput,,,,19.068722,,,,,,,,,,
2026-04-22 15:57:00+00:00,presentValue,analogInput_107,analogInput,,,,19.211876,,,,,,,,,,
2026-04-22 15:58:00+00:00,presentValue,analogInput_107,analogInput,,,,19.404053,,,,,,,,,,
2026-04-22 15:59:00+00:00,presentValue,analogInput_107,analogInput,,,,19.425625,,,,,,,,,,
2026-04-22 16:00:00+00:00,presentValue,analogInput_107,analogInput,,,,19.370716,,,,,,,,,,
2026-04-22 16:01:00+00:00,presentValue,analogInput_107,analogInput,,,,19.32169,,,,,,,,,,
2026-04-22 16:02:00+00:00,presentValue,analogInput_107,analogInput,,,,19.5472,,,,,,,,,,
2026-04-22 16:03:00+00:00,presentValue,analogInput_107,analogInput,,,,19.776634,,,,,,,,,,
2026-04-22 16:04:00+00:00,presentValue,analogInput_107,analogInput,,,,19.937435,,,,,,,,,,
2026-04-22 16:05:00+00:00,presentValue,analogInput_107,analogInput,,,,20.153141,,,,,,,,,,
2026-04-22 16:06:00+00:00,presentValue,analogInput_107,analogInput,,,,20.008026,,,,,,,,,,
2026-04-22 16:07:00+00:00,presentValue,analogInput_107,analogInput,,,,19.817818,,,,,,,,,,
2026-04-22 16:08:00+00:00,presentValue,analogInput_107,analogInput,,,,19.70996,,,,,,,,,,
2026-04-22 16:09:00+00:00,presentValue,analogInput_107,analogInput,,,,19.425625,,,,,,,,,,
2026-04-22 16:10:00+00:00,presentValue,analogInput_107,analogInput,,,,19.049114,,,,,,,,,,
2026-04-22 16:11:00+00:00,presentValue,analogInput_107,analogInput,,,,18.805954,,,,,,,,,,
2026-04-22 16:12:00+00:00,presentValue,analogInput_107,analogInput,,,,18.584362,,,,,,,,,,
2026-04-22 16:13:00+00:00,presentValue,analogInput_107,analogInput,,,,18.674568,,,,,,,,,,
2026-04-22 16:14:00+00:00,presentValue,analogInput_107,analogInput,,,,19.076569,,,,,,,,,,
2026-04-22 16:15:00+00:00,presentValue,analogInput_107,analogInput,,,,19.445232,,,,,,,,,,
2026-04-22 16:16:00+00:00,presentValue,analogInput_107,analogInput,,,,19.537395,,,,,,,,,,
2026-04-22 16:17:00+00:00,presentValue,analogInput_107,analogInput,,,,19.45308,,,,,,,,,,
2026-04-22 16:18:00+00:00,presentValue,analogInput_107,analogInput,,,,19.470726,,,,,,,,,,
2026-04-22 16:19:00+00:00,presentValue,analogInput_107,analogInput,,,,19.768791,,,,,,,,,,
2026-04-22 16:20:00+00:00,presentValue,analogInput_107,analogInput,,,,19.90998,,,,,,,,,,
2026-04-22 16:21:00+00:00,presentValue,analogInput_107,analogInput,,,,19.494251,,,,,,,,,,
2026-04-22 16:22:00+00:00,presentValue,analogInput_107,analogInput,,,,19.060879,,,,,,,,,,
2026-04-22 16:23:00+00:00,presentValue,analogInput_107,analogInput,,,,19.045189,,,,,,,,,,
2026-04-22 16:24:00+00:00,presentValue,analogInput_107,analogInput,,,,19.319729,,,,,,,,,,
2026-04-22 16:25:00+00:00,presentValue,analogInput_107,analogInput,,,,19.704079,,,,,,,,,,
2026-04-22 16:26:00+00:00,presentValue,analogInput_107,analogInput,,,,19.949196,,,,,,,,,,
2026-04-22 16:27:00+00:00,presentValue,analogInput_107,analogInput,,,,20.237461,,,,,,,,,,
2026-04-22 16:28:00+00:00,presentValue,analogInput_107,analogInput,,,,20.586514,,,,,,,,,,
2026-04-22 16:29:00+00:00,presentValue,analogInput_107,analogInput,,,,20.55906,,,,,,,,,,
2026-04-22 16:30:00+00:00,presentValue,analogInput_107,analogInput,,,,20.200203,,,,,,,,,,
2026-04-22 16:31:00+00:00,presentValue,analogInput_107,analogInput,,,,19.90998,,,,,,,,,,
2026-04-22 16:32:00+00:00,presentValue,analogInput_107,analogInput,,,,19.819778,,,,,,,,,,
2026-04-22 16:33:00+00:00,presentValue,analogInput_107,analogInput,,,,19.729572,,,,,,,,,,
2026-04-22 16:34:00+00:00,presentValue,analogInput_107,analogInput,,,,19.66486,,,,,,,,,,
2026-04-22 16:35:00+00:00,presentValue,analogInput_107,analogInput,,,,19.80605,,,,,,,,,,
2026-04-22 16:36:00+00:00,presentValue,analogInput_107,analogInput,,,,19.82174,,,,,,,,,,
2026-04-22 16:37:00+00:00,presentValue,analogInput_107,analogInput,,,,20.119804,,,,,,,,,,
2026-04-22 16:38:00+00:00,presentValue,analogInput_107,analogInput,,,,20.35316,,,,,,,,,,
2026-04-22 16:39:00+00:00,presentValue,analogInput_107,analogInput,,,,20.686523,,,,,,,,,,
2026-04-22 16:40:00+00:00,presentValue,analogInput_107,analogInput,,,,20.980667,,,,,,,,,,
2026-04-22 16:41:00+00:00,presentValue,analogInput_107,analogInput,,,,21.378742,,,,,,,,,,
2026-04-22 16:42:00+00:00,presentValue,analogInput_107,analogInput,,,,21.433651,,,,,,,,,,
2026-04-22 16:43:00+00:00,presentValue,analogInput_107,analogInput,,,,21.419922,,,,,,,,,,
2026-04-22 16:44:00+00:00,presentValue,analogInput_107,analogInput,,,,21.394432,,,,,,,,,,
2026-04-22 16:45:00+00:00,presentValue,analogInput_107,analogInput,,,,21.32188,,,,,,,,,,
2026-04-22 16:46:00+00:00,presentValue,analogInput_107,analogInput,,,,21.3709,,,,,,,,,,
2026-04-22 16:47:00+00:00,presentValue,analogInput_107,analogInput,,,,21.602295,,,,,,,,,,
2026-04-22 16:48:00+00:00,presentValue,analogInput_107,analogInput,,,,21.368938,,,,,,,,,,
2026-04-22 16:49:00+00:00,presentValue,analogInput_107,analogInput,,,,21.135586,,,,,,,,,,
2026-04-22 16:50:00+00:00,presentValue,analogInput_107,analogInput,,,,20.82183,,,,,,,,,,
2026-04-22 16:51:00+00:00,presentValue,analogInput_107,analogInput,,,,20.574749,,,,,,,,,,
2026-04-22 16:52:00+00:00,presentValue,analogInput_107,analogInput,,,,20.525723,,,,,,,,,,
2026-04-22 16:53:00+00:00,presentValue,analogInput_107,analogInput,,,,20.402187,,,,,,,,,,
2026-04-22 16:54:00+00:00,presentValue,analogInput_107,analogInput,,,,20.547295,,,,,,,,,,
2026-04-22 16:55:00+00:00,presentValue,analogInput_107,analogInput,,,,20.768887,,,,,,,,,,
2026-04-22 16:56:00+00:00,presentValue,analogInput_107,analogInput,,,,20.764965,,,,,,,,,,
2026-04-22 16:57:00+00:00,presentValue,analogInput_107,analogInput,,,,20.612007,,,,,,,,,,
2026-04-22 16:58:00+00:00,presentValue,analogInput_107,analogInput,,,,20.398262,,,,,,,,,,
2026-04-22 16:59:00+00:00,presentValue,analogInput_107,analogInput,,,,20.282566,,,,,,,,,,
2026-04-22 17:00:00+00:00,presentValue,analogInput_107,analogInput,,,,20.400227,,,,,,,,,,
2026-04-22 17:01:00+00:00,presentValue,analogInput_107,analogInput,,,,20.474735,,,,,,,,,,
2026-04-22 17:02:00+00:00,presentValue,analogInput_107,analogInput,,,,20.627693,,,,,,,,,,
2026-04-22 17:03:00+00:00,presentValue,analogInput_107,analogInput,,,,20.73359,,,,,,,,,,
2026-04-22 17:04:00+00:00,presentValue,analogInput_107,analogInput,,,,20.73359,,,,,,,,,,
2026-04-22 17:05:00+00:00,presentValue,analogInput_107,analogInput,,,,20.784573,,,,,,,,,,
2026-04-22 17:06:00+00:00,presentValue,analogInput_107,analogInput,,,,21.06303,,,,,,,,,,
2026-04-22 17:07:00+00:00,presentValue,analogInput_107,analogInput,,,,21.192455,,,,,,,,,,
2026-04-22 17:08:00+00:00,presentValue,analogInput_107,analogInput,,,,21.080677,,,,,,,,,,
2026-04-22 17:09:00+00:00,presentValue,analogInput_107,analogInput,,,,20.90419,,,,,,,,,,
2026-04-22 17:10:00+00:00,presentValue,analogInput_107,analogInput,,,,20.813988,,,,,,,,,,
2026-04-22 17:11:00+00:00,presentValue,analogInput_107,analogInput,,,,20.849285,,,,,,,,,,
2026-04-22 17:12:00+00:00,presentValue,analogInput_107,analogInput,,,,20.951252,,,,,,,,,,
2026-04-22 17:13:00+00:00,presentValue,analogInput_107,analogInput,,,,21.10421,,,,,,,,,,
2026-04-22 17:14:00+00:00,presentValue,analogInput_107,analogInput,,,,21.115974,,,,,,,,,,
2026-04-22 17:15:00+00:00,presentValue,analogInput_107,analogInput,,,,21.117935,,,,,,,,,,
2026-04-22 17:16:00+00:00,presentValue,analogInput_107,analogInput,,,,21.029694,,,,,,,,,,
2026-04-22 17:17:00+00:00,presentValue,analogInput_107,analogInput,,,,21.137547,,,,,,,,,,
2026-04-22 17:18:00+00:00,presentValue,analogInput_107,analogInput,,,,21.18657,,,,,,,,,,
2026-04-22 17:19:00+00:00,presentValue,analogInput_107,analogInput,,,,21.341484,,,,,,,,,,
2026-04-22 17:20:00+00:00,presentValue,analogInput_107,analogInput,,,,21.52974,,,,,,,,,,
2026-04-22 17:21:00+00:00,presentValue,analogInput_107,analogInput,,,,21.576801,,,,,,,,,,
2026-04-22 17:22:00+00:00,presentValue,analogInput_107,analogInput,,,,21.596413,,,,,,,,,,
2026-04-22 17:23:00+00:00,presentValue,analogInput_107,analogInput,,,,21.59053,,,,,,,,,,
2026-04-22 17:24:00+00:00,presentValue,analogInput_107,analogInput,,,,21.427769,,,,,,,,,,
2026-04-22 17:25:00+00:00,presentValue,analogInput_107,analogInput,,,,21.349327,,,,,,,,,,
2026-04-22 17:26:00+00:00,presentValue,analogInput_107,analogInput,,,,21.478752,,,,,,,,,,
2026-04-22 17:27:00+00:00,presentValue,analogInput_107,analogInput,,,,21.576801,,,,,,,,,,
2026-04-22 17:28:00+00:00,presentValue,analogInput_107,analogInput,,,,21.627789,,,,,,,,,,
2026-04-22 17:29:00+00:00,presentValue,analogInput_107,analogInput,,,,21.712112,,,,,,,,,,
2026-04-22 17:30:00+00:00,presentValue,analogInput_107,analogInput,,,,21.780746,,,,,,,,,,
2026-04-22 17:31:00+00:00,presentValue,analogInput_107,analogInput,,,,21.678776,,,,,,,,,,
2026-04-22 17:32:00+00:00,presentValue,analogInput_107,analogInput,,,,21.5317,,,,,,,,,,
2026-04-22 17:33:00+00:00,presentValue,analogInput_107,analogInput,,,,21.416,,,,,,,,,,
2026-04-22 17:34:00+00:00,presentValue,analogInput_107,analogInput,,,,21.468948,,,,,,,,,,
2026-04-22 17:35:00+00:00,presentValue,analogInput_107,analogInput,,,,21.52974,,,,,,,,,,
2026-04-22 17:36:00+00:00,presentValue,analogInput_107,analogInput,,,,21.641514,,,,,,,,,,
2026-04-22 17:37:00+00:00,presentValue,analogInput_107,analogInput,,,,21.566998,,,,,,,,,,
2026-04-22 17:38:00+00:00,presentValue,analogInput_107,analogInput,,,,21.400314,,,,,,,,,,
2026-04-22 17:39:00+00:00,presentValue,analogInput_107,analogInput,,,,21.335602,,,,,,,,,,
2026-04-22 17:40:00+00:00,presentValue,analogInput_107,analogInput,,,,21.43169,,,,,,,,,,
2026-04-22 17:41:00+00:00,presentValue,analogInput_107,analogInput,,,,21.602295,,,,,,,,,,
2026-04-22 17:42:00+00:00,presentValue,analogInput_107,analogInput,,,,21.696423,,,,,,,,,,
2026-04-22 17:43:00+00:00,presentValue,analogInput_107,analogInput,,,,21.741528,,,,,,,,,,
2026-04-22 17:44:00+00:00,presentValue,analogInput_107,analogInput,,,,21.627789,,,,,,,,,,
2026-04-22 17:45:00+00:00,presentValue,analogInput_107,analogInput,,,,21.553272,,,,,,,,,,
2026-04-22 17:46:00+00:00,presentValue,analogInput_107,analogInput,,,,21.592491,,,,,,,,,,
2026-04-22 17:47:00+00:00,presentValue,analogInput_107,analogInput,,,,21.576801,,,,,,,,,,
2026-04-22 17:48:00+00:00,presentValue,analogInput_107,analogInput,,,,21.64544,,,,,,,,,,
2026-04-22 17:49:00+00:00,presentValue,analogInput_107,analogInput,,,,21.884674,,,,,,,,,,
2026-04-22 17:50:00+00:00,presentValue,analogInput_107,analogInput,,,,21.717995,,,,,,,,,,
2026-04-22 17:51:00+00:00,presentValue,analogInput_107,analogInput,,,,21.741528,,,,,,,,,,
2026-04-22 17:52:00+00:00,presentValue,analogInput_107,analogInput,,,,21.545425,,,,,,,,,,
2026-04-22 17:53:00+00:00,presentValue,analogInput_107,analogInput,,,,21.480713,,,,,,,,,,
2026-04-22 17:54:00+00:00,presentValue,analogInput_107,analogInput,,,,21.441494,,,,,,,,,,
2026-04-22 17:55:00+00:00,presentValue,analogInput_107,analogInput,,,,21.598373,,,,,,,,,,
2026-04-22 17:56:00+00:00,presentValue,analogInput_107,analogInput,,,,21.780746,,,,,,,,,,
2026-04-22 17:57:00+00:00,presentValue,analogInput_107,analogInput,,,,21.992527,,,,,,,,,,
2026-04-22 17:58:00+00:00,presentValue,analogInput_107,analogInput,,,,21.925854,,,,,,,,,,
2026-04-22 17:59:00+00:00,presentValue,analogInput_107,analogInput,,,,21.849373,,,,,,,,,,
2026-04-22 18:00:00+00:00,presentValue,analogInput_107,analogInput,,,,21.788586,,,,,,,,,,
2026-04-22 18:01:00+00:00,presentValue,analogInput_107,analogInput,,,,21.73368,,,,,,,,,,
2026-04-22 18:02:00+00:00,presentValue,analogInput_107,analogInput,,,,21.780746,,,,,,,,,,
2026-04-22 18:03:00+00:00,presentValue,analogInput_107,analogInput,,,,21.696423,,,,,,,,,,
2026-04-22 18:04:00+00:00,presentValue,analogInput_107,analogInput,,,,21.555233,,,,,,,,,,
2026-04-22 18:05:00+00:00,presentValue,analogInput_107,analogInput,,,,21.52974,,,,,,,,,,
2026-04-22 18:06:00+00:00,presentValue,analogInput_107,analogInput,,,,21.557194,,,,,,,,,,
2026-04-22 18:07:00+00:00,presentValue,analogInput_107,analogInput,,,,21.57484,,,,,,,,,,
2026-04-22 18:08:00+00:00,presentValue,analogInput_107,analogInput,,,,21.64544,,,,,,,,,,
2026-04-22 18:09:00+00:00,presentValue,analogInput_107,analogInput,,,,21.594452,,,,,,,,,,
2026-04-22 18:10:00+00:00,presentValue,analogInput_107,analogInput,,,,21.62975,,,,,,,,,,
2026-04-22 18:11:00+00:00,presentValue,analogInput_107,analogInput,,,,21.780746,,,,,,,,,,
2026-04-22 18:12:00+00:00,presentValue,analogInput_107,analogInput,,,,21.816036,,,,,,,,,,
2026-04-22 18:13:00+00:00,presentValue,analogInput_107,analogInput,,,,21.95919,,,,,,,,,,
2026-04-22 18:14:00+00:00,presentValue,analogInput_107,analogInput,,,,21.95723,,,,,,,,,,
2026-04-22 18:15:00+00:00,presentValue,analogInput_107,analogInput,,,,22.235691,,,,,,,,,,
2026-04-22 18:16:00+00:00,presentValue,analogInput_107,analogInput,,,,22.28667,,,,,,,,,,
2026-04-22 18:17:00+00:00,presentValue,analogInput_107,analogInput,,,,22.182743,,,,,,,,,,
2026-04-22 18:18:00+00:00,presentValue,analogInput_107,analogInput,,,,22.323929,,,,,,,,,,
2026-04-22 18:19:00+00:00,presentValue,analogInput_107,analogInput,,,,22.547482,,,,,,,,,,
2026-04-22 18:20:00+00:00,presentValue,analogInput_107,analogInput,,,,22.551403,,,,,,,,,,
2026-04-22 18:21:00+00:00,presentValue,analogInput_107,analogInput,,,,22.612194,,,,,,,,,,
2026-04-22 18:22:00+00:00,presentValue,analogInput_107,analogInput,,,,22.34158,,,,,,,,,,
2026-04-22 18:23:00+00:00,presentValue,analogInput_107,analogInput,,,,22.182743,,,,,,,,,,
2026-04-22 18:24:00+00:00,presentValue,analogInput_107,analogInput,,,,22.045475,,,,,,,,,,
2026-04-22 18:25:00+00:00,presentValue,analogInput_107,analogInput,,,,22.108227,,,,,,,,,,
2026-04-22 18:26:00+00:00,presentValue,analogInput_107,analogInput,,,,22.337654,,,,,,,,,,
2026-04-22 18:27:00+00:00,presentValue,analogInput_107,analogInput,,,,22.24353,,,,,,,,,,
2026-04-22 18:28:00+00:00,presentValue,analogInput_107,analogInput,,,,22.0592,,,,,,,,,,
2026-04-22 18:29:00+00:00,presentValue,analogInput_107,analogInput,,,,22.063122,,,,,,,,,,
2026-04-22 18:30:00+00:00,presentValue,analogInput_107,analogInput,,,,22.272942,,,,,,,,,,
2026-04-22 18:31:00+00:00,presentValue,analogInput_107,analogInput,,,,22.408253,,,,,,,,,,
2026-04-22 18:32:00+00:00,presentValue,analogInput_107,analogInput,,,,22.504341,,,,,,,,,,
2026-04-22 18:33:00+00:00,presentValue,analogInput_107,analogInput,,,,22.692596,,,,,,,,,,
2026-04-22 18:34:00+00:00,presentValue,analogInput_107,analogInput,,,,22.614155,,,,,,,,,,
2026-04-22 18:35:00+00:00,presentValue,analogInput_107,analogInput,,,,22.520027,,,,,,,,,,
2026-04-22 18:36:00+00:00,presentValue,analogInput_107,analogInput,,,,22.182743,,,,,,,,,,
2026-04-22 18:37:00+00:00,presentValue,analogInput_107,analogInput,,,,22.259216,,,,,,,,,,
2026-04-22 18:38:00+00:00,presentValue,analogInput_107,analogInput,,,,22.259216,,,,,,,,,,
2026-04-22 18:39:00+00:00,presentValue,analogInput_107,analogInput,,,,22.26902,,,,,,,,,,
2026-04-22 18:40:00+00:00,presentValue,analogInput_107,analogInput,,,,22.276867,,,,,,,,,,
2026-04-22 18:41:00+00:00,presentValue,analogInput_107,analogInput,,,,22.449432,,,,,,,,,,
2026-04-22 18:42:00+00:00,presentValue,analogInput_107,analogInput,,,,22.48473,,,,,,,,,,
2026-04-22 18:43:00+00:00,presentValue,analogInput_107,analogInput,,,,22.555325,,,,,,,,,,
2026-04-22 18:44:00+00:00,presentValue,analogInput_107,analogInput,,,,22.572975,,,,,,,,,,
2026-04-22 18:45:00+00:00,presentValue,analogInput_107,analogInput,,,,22.306282,,,,,,,,,,
2026-04-22 18:46:00+00:00,presentValue,analogInput_107,analogInput,,,,22.294514,,,,,,,,,,
2026-04-22 18:47:00+00:00,presentValue,analogInput_107,analogInput,,,,22.329811,,,,,,,,,,
2026-04-22 18:48:00+00:00,presentValue,analogInput_107,analogInput,,,,22.516106,,,,,,,,,,
2026-04-22 18:49:00+00:00,presentValue,analogInput_107,analogInput,,,,22.482769,,,,,,,,,,
2026-04-22 18:50:00+00:00,presentValue,analogInput_107,analogInput,,,,22.623962,,,,,,,,,,
2026-04-22 18:51:00+00:00,presentValue,analogInput_107,analogInput,,,,22.694557,,,,,,,,,,
2026-04-22 18:52:00+00:00,presentValue,analogInput_107,analogInput,,,,22.723965,,,,,,,,,,
2026-04-22 18:53:00+00:00,presentValue,analogInput_107,analogInput,,,,22.733772,,,,,,,,,,
2026-04-22 18:54:00+00:00,presentValue,analogInput_107,analogInput,,,,22.784756,,,,,,,,,,
2026-04-22 18:55:00+00:00,presentValue,analogInput_107,analogInput,,,,22.71416,,,,,,,,,,
2026-04-22 18:56:00+00:00,presentValue,analogInput_107,analogInput,,,,22.65926,,,,,,,,,,
2026-04-22 18:57:00+00:00,presentValue,analogInput_107,analogInput,,,,22.778873,,,,,,,,,,
2026-04-22 18:58:00+00:00,presentValue,analogInput_107,analogInput,,,,22.667103,,,,,,,,,,
2026-04-22 18:59:00+00:00,presentValue,analogInput_107,analogInput,,,,22.716122,,,,,,,,,,
2026-04-22 19:00:00+00:00,presentValue,analogInput_107,analogInput,,,,22.794563,,,,,,,,,,
2026-04-22 19:01:00+00:00,presentValue,analogInput_107,analogInput,,,,22.965168,,,,,,,,,,
2026-04-22 19:02:00+00:00,presentValue,analogInput_107,analogInput,,,,23.023998,,,,,,,,,,
2026-04-22 19:03:00+00:00,presentValue,analogInput_107,analogInput,,,,22.992622,,,,,,,,,,
2026-04-22 19:04:00+00:00,presentValue,analogInput_107,analogInput,,,,23.157345,,,,,,,,,,
2026-04-22 19:05:00+00:00,presentValue,analogInput_107,analogInput,,,,23.200481,,,,,,,,,,
2026-04-22 19:06:00+00:00,presentValue,analogInput_107,analogInput,,,,23.082829,,,,,,,,,,
2026-04-22 19:07:00+00:00,presentValue,analogInput_107,analogInput,,,,22.904377,,,,,,,,,,
2026-04-22 19:08:00+00:00,presentValue,analogInput_107,analogInput,,,,22.796524,,,,,,,,,,
2026-04-22 19:09:00+00:00,presentValue,analogInput_107,analogInput,,,,22.688675,,,,,,,,,,
2026-04-22 19:10:00+00:00,presentValue,analogInput_107,analogInput,,,,22.741615,,,,,,,,,,
2026-04-22 19:11:00+00:00,presentValue,analogInput_107,analogInput,,,,22.780834,,,,,,,,,,
2026-04-22 19:12:00+00:00,presentValue,analogInput_107,analogInput,,,,22.741615,,,,,,,,,,
2026-04-22 19:13:00+00:00,presentValue,analogInput_107,analogInput,,,,22.657299,,,,,,,,,,
2026-04-22 19:14:00+00:00,presentValue,analogInput_107,analogInput,,,,22.478848,,,,,,,,,,
2026-04-22 19:15:00+00:00,presentValue,analogInput_107,analogInput,,,,22.461197,,,,,,,,,,
2026-04-22 19:16:00+00:00,presentValue,analogInput_107,analogInput,,,,22.494537,,,,,,,,,,
2026-04-22 19:17:00+00:00,presentValue,analogInput_107,analogInput,,,,22.48669,,,,,,,,,,
2026-04-22 19:18:00+00:00,presentValue,analogInput_107,analogInput,,,,22.414135,,,,,,,,,,
2026-04-22 19:19:00+00:00,presentValue,analogInput_107,analogInput,,,,22.292553,,,,,,,,,,
2026-04-22 19:20:00+00:00,presentValue,analogInput_107,analogInput,,,,22.288631,,,,,,,,,,
2026-04-22 19:21:00+00:00,presentValue,analogInput_107,analogInput,,,,22.34354,,,,,,,,,,
2026-04-22 19:22:00+00:00,presentValue,analogInput_107,analogInput,,,,22.496498,,,,,,,,,,
2026-04-22 19:23:00+00:00,presentValue,analogInput_107,analogInput,,,,22.622002,,,,,,,,,,
2026-04-22 19:24:00+00:00,presentValue,analogInput_107,analogInput,,,,22.741615,,,,,,,,,,
2026-04-22 19:25:00+00:00,presentValue,analogInput_107,analogInput,,,,22.849468,,,,,,,,,,
2026-04-22 19:26:00+00:00,presentValue,analogInput_107,analogInput,,,,22.953403,,,,,,,,,,
2026-04-22 19:27:00+00:00,presentValue,analogInput_107,analogInput,,,,22.825935,,,,,,,,,,
2026-04-22 19:28:00+00:00,presentValue,analogInput_107,analogInput,,,,22.759262,,,,,,,,,,
2026-04-22 19:29:00+00:00,presentValue,analogInput_107,analogInput,,,,22.574936,,,,,,,,,,
2026-04-22 19:30:00+00:00,presentValue,analogInput_107,analogInput,,,,22.496498,,,,,,,,,,
2026-04-22 19:31:00+00:00,presentValue,analogInput_107,analogInput,,,,22.516106,,,,,,,,,,
2026-04-22 19:32:00+00:00,presentValue,analogInput_107,analogInput,,,,22.447472,,,,,,,,,,
2026-04-22 19:33:00+00:00,presentValue,analogInput_107,analogInput,,,,22.551403,,,,,,,,,,
2026-04-22 19:34:00+00:00,presentValue,analogInput_107,analogInput,,,,22.763184,,,,,,,,,,
2026-04-22 19:35:00+00:00,presentValue,analogInput_107,analogInput,,,,22.75338,,,,,,,,,,
2026-04-22 19:36:00+00:00,presentValue,analogInput_107,analogInput,,,,22.684753,,,,,,,,,,
2026-04-22 19:37:00+00:00,presentValue,analogInput_107,analogInput,,,,22.529835,,,,,,,,,,
2026-04-22 19:38:00+00:00,presentValue,analogInput_107,analogInput,,,,22.498459,,,,,,,,,,
2026-04-22 19:39:00+00:00,presentValue,analogInput_107,analogInput,,,,22.457275,,,,,,,,,,
2026-04-22 19:40:00+00:00,presentValue,analogInput_107,analogInput,,,,22.551403,,,,,,,,,,
2026-04-22 19:41:00+00:00,presentValue,analogInput_107,analogInput,,,,22.625923,,,,,,,,,,
2026-04-22 19:42:00+00:00,presentValue,analogInput_107,analogInput,,,,22.463158,,,,,,,,,,
2026-04-22 19:43:00+00:00,presentValue,analogInput_107,analogInput,,,,22.463158,,,,,,,,,,
2026-04-22 19:44:00+00:00,presentValue,analogInput_107,analogInput,,,,22.521988,,,,,,,,,,
2026-04-22 19:45:00+00:00,presentValue,analogInput_107,analogInput,,,,22.474926,,,,,,,,,,
2026-04-22 19:46:00+00:00,presentValue,analogInput_107,analogInput,,,,22.272942,,,,,,,,,,
2026-04-22 19:47:00+00:00,presentValue,analogInput_107,analogInput,,,,22.21804,,,,,,,,,,
2026-04-22 19:48:00+00:00,presentValue,analogInput_107,analogInput,,,,22.184704,,,,,,,,,,
2026-04-22 19:49:00+00:00,presentValue,analogInput_107,analogInput,,,,22.1749,,,,,,,,,,
2026-04-22 19:50:00+00:00,presentValue,analogInput_107,analogInput,,,,22.090576,,,,,,,,,,
2026-04-22 19:51:00+00:00,presentValue,analogInput_107,analogInput,,,,22.065083,,,,,,,,,,
2026-04-22 19:52:00+00:00,presentValue,analogInput_107,analogInput,,,,22.043514,,,,,,,,,,
2026-04-22 19:53:00+00:00,presentValue,analogInput_107,analogInput,,,,21.95919,,,,,,,,,,
2026-04-22 19:54:00+00:00,presentValue,analogInput_107,analogInput,,,,21.953308,,,,,,,,,,
2026-04-22 19:55:00+00:00,presentValue,analogInput_107,analogInput,,,,21.925854,,,,,,,,,,
2026-04-22 19:56:00+00:00,presentValue,analogInput_107,analogInput,,,,21.95919,,,,,,,,,,
2026-04-22 19:57:00+00:00,presentValue,analogInput_107,analogInput,,,,21.963112,,,,,,,,,,
2026-04-22 19:58:00+00:00,presentValue,analogInput_107,analogInput,,,,21.929775,,,,,,,,,,
2026-04-22 19:59:00+00:00,presentValue,analogInput_107,analogInput,,,,22.021942,,,,,,,,,,
2026-04-22 20:00:00+00:00,presentValue,analogInput_107,analogInput,,,,22.063122,,,,,,,,,,
2026-04-22 20:01:00+00:00,presentValue,analogInput_107,analogInput,,,,22.106266,,,,,,,,,,
2026-04-22 20:02:00+00:00,presentValue,analogInput_107,analogInput,,,,22.13176,,,,,,,,,,
2026-04-22 20:03:00+00:00,presentValue,analogInput_107,analogInput,,,,22.237652,,,,,,,,,,
2026-04-22 20:04:00+00:00,presentValue,analogInput_107,analogInput,,,,22.298435,,,,,,,,,,
2026-04-22 20:05:00+00:00,presentValue,analogInput_107,analogInput,,,,22.392563,,,,,,,,,,
2026-04-22 20:06:00+00:00,presentValue,analogInput_107,analogInput,,,,22.314125,,,,,,,,,,
2026-04-22 20:07:00+00:00,presentValue,analogInput_107,analogInput,,,,22.357265,,,,,,,,,,
2026-04-22 20:08:00+00:00,presentValue,analogInput_107,analogInput,,,,22.390602,,,,,,,,,,
2026-04-22 20:09:00+00:00,presentValue,analogInput_107,analogInput,,,,22.396484,,,,,,,,,,
2026-04-22 20:10:00+00:00,presentValue,analogInput_107,analogInput,,,,22.27098,,,,,,,,,,
2026-04-22 20:11:00+00:00,presentValue,analogInput_107,analogInput,,,,22.049397,,,,,,,,,,
2026-04-22 20:12:00+00:00,presentValue,analogInput_107,analogInput,,,,22.094498,,,,,,,,,,
2026-04-22 20:13:00+00:00,presentValue,analogInput_107,analogInput,,,,22.094498,,,,,,,,,,
2026-04-22 20:14:00+00:00,presentValue,analogInput_107,analogInput,,,,22.178822,,,,,,,,,,
2026-04-22 20:15:00+00:00,presentValue,analogInput_107,analogInput,,,,22.086655,,,,,,,,,,
2026-04-22 20:16:00+00:00,presentValue,analogInput_107,analogInput,,,,22.067043,,,,,,,,,,
2026-04-22 20:17:00+00:00,presentValue,analogInput_107,analogInput,,,,22.155289,,,,,,,,,,
2026-04-22 20:18:00+00:00,presentValue,analogInput_107,analogInput,,,,22.149406,,,,,,,,,,
2026-04-22 20:19:00+00:00,presentValue,analogInput_107,analogInput,,,,22.102345,,,,,,,,,,
2026-04-22 20:20:00+00:00,presentValue,analogInput_107,analogInput,,,,22.090576,,,,,,,,,,
2026-04-22 20:21:00+00:00,presentValue,analogInput_107,analogInput,,,,22.11803,,,,,,,,,,
2026-04-22 20:22:00+00:00,presentValue,analogInput_107,analogInput,,,,22.090576,,,,,,,,,,
2026-04-22 20:23:00+00:00,presentValue,analogInput_107,analogInput,,,,22.043514,,,,,,,,,,
2026-04-22 20:24:00+00:00,presentValue,analogInput_107,analogInput,,,,21.978802,,,,,,,,,,
2026-04-22 20:25:00+00:00,presentValue,analogInput_107,analogInput,,,,21.978802,,,,,,,,,,
2026-04-22 20:26:00+00:00,presentValue,analogInput_107,analogInput,,,,22.041553,,,,,,,,,,
2026-04-22 20:27:00+00:00,presentValue,analogInput_107,analogInput,,,,22.139603,,,,,,,,,,
2026-04-22 20:28:00+00:00,presentValue,analogInput_107,analogInput,,,,22.13176,,,,,,,,,,
2026-04-22 20:29:00+00:00,presentValue,analogInput_107,analogInput,,,,22.153328,,,,,,,,,,
2026-04-22 20:30:00+00:00,presentValue,analogInput_107,analogInput,,,,22.276867,,,,,,,,,,
2026-04-22 20:31:00+00:00,presentValue,analogInput_107,analogInput,,,,22.259216,,,,,,,,,,
2026-04-22 20:32:00+00:00,presentValue,analogInput_107,analogInput,,,,22.15725,,,,,,,,,,
2026-04-22 20:33:00+00:00,presentValue,analogInput_107,analogInput,,,,22.092537,,,,,,,,,,
2026-04-22 20:34:00+00:00,presentValue,analogInput_107,analogInput,,,,22.041553,,,,,,,,,,
2026-04-22 20:35:00+00:00,presentValue,analogInput_107,analogInput,,,,22.0141,,,,,,,,,,
2026-04-22 20:36:00+00:00,presentValue,analogInput_107,analogInput,,,,22.108227,,,,,,,,,,
2026-04-22 20:37:00+00:00,presentValue,analogInput_107,analogInput,,,,22.065083,,,,,,,,,,
2026-04-22 20:38:00+00:00,presentValue,analogInput_107,analogInput,,,,22.047436,,,,,,,,,,
2026-04-22 20:39:00+00:00,presentValue,analogInput_107,analogInput,,,,22.09842,,,,,,,,,,
2026-04-22 20:40:00+00:00,presentValue,analogInput_107,analogInput,,,,22.112148,,,,,,,,,,
2026-04-22 20:41:00+00:00,presentValue,analogInput_107,analogInput,,,,22.061161,,,,,,,,,,
2026-04-22 20:42:00+00:00,presentValue,analogInput_107,analogInput,,,,22.067043,,,,,,,,,,
2026-04-22 20:43:00+00:00,presentValue,analogInput_107,analogInput,,,,22.10038,,,,,,,,,,
2026-04-22 20:44:00+00:00,presentValue,analogInput_107,analogInput,,,,22.139603,,,,,,,,,,
2026-04-22 20:45:00+00:00,presentValue,analogInput_107,analogInput,,,,22.21608,,,,,,,,,,
2026-04-22 20:46:00+00:00,presentValue,analogInput_107,analogInput,,,,22.167057,,,,,,,,,,
2026-04-22 20:47:00+00:00,presentValue,analogInput_107,analogInput,,,,22.153328,,,,,,,,,,
2026-04-22 20:48:00+00:00,presentValue,analogInput_107,analogInput,,,,22.127834,,,,,,,,,,
2026-04-22 20:49:00+00:00,presentValue,analogInput_107,analogInput,,,,22.061161,,,,,,,,,,
2026-04-22 20:50:00+00:00,presentValue,analogInput_107,analogInput,,,,21.980762,,,,,,,,,,
2026-04-22 20:51:00+00:00,presentValue,analogInput_107,analogInput,,,,21.908203,,,,,,,,,,
2026-04-22 20:52:00+00:00,presentValue,analogInput_107,analogInput,,,,21.925854,,,,,,,,,,
2026-04-22 20:53:00+00:00,presentValue,analogInput_107,analogInput,,,,21.925854,,,,,,,,,,
2026-04-22 20:54:00+00:00,presentValue,analogInput_107,analogInput,,,,21.84153,,,,,,,,,,
2026-04-22 20:55:00+00:00,presentValue,analogInput_107,analogInput,,,,21.851337,,,,,,,,,,
2026-04-22 20:56:00+00:00,presentValue,analogInput_107,analogInput,,,,21.84153,,,,,,,,,,
2026-04-22 20:57:00+00:00,presentValue,analogInput_107,analogInput,,,,21.906242,,,,,,,,,,
2026-04-22 20:58:00+00:00,presentValue,analogInput_107,analogInput,,,,21.890556,,,,,,,,,,
2026-04-22 20:59:00+00:00,presentValue,analogInput_107,analogInput,,,,21.853298,,,,,,,,,,
2026-04-22 21:00:00+00:00,presentValue,analogInput_107,analogInput,,,,21.819962,,,,,,,,,,
2026-04-22 21:01:00+00:00,presentValue,analogInput_107,analogInput,,,,21.816036,,,,,,,,,,
2026-04-22 21:02:00+00:00,presentValue,analogInput_107,analogInput,,,,21.808193,,,,,,,,,,
2026-04-22 21:03:00+00:00,presentValue,analogInput_107,analogInput,,,,21.829765,,,,,,,,,,
2026-04-22 21:04:00+00:00,presentValue,analogInput_107,analogInput,,,,21.888596,,,,,,,,,,
2026-04-22 21:05:00+00:00,presentValue,analogInput_107,analogInput,,,,21.867023,,,,,,,,,,
2026-04-22 21:06:00+00:00,presentValue,analogInput_107,analogInput,,,,21.84153,,,,,,,,,,
2026-04-22 21:07:00+00:00,presentValue,analogInput_107,analogInput,,,,21.7827,,,,,,,,,,
2026-04-22 21:08:00+00:00,presentValue,analogInput_107,analogInput,,,,21.72976,,,,,,,,,,
2026-04-22 21:09:00+00:00,presentValue,analogInput_107,analogInput,,,,21.653282,,,,,,,,,,
2026-04-22 21:10:00+00:00,presentValue,analogInput_107,analogInput,,,,21.64544,,,,,,,,,,
2026-04-22 21:11:00+00:00,presentValue,analogInput_107,analogInput,,,,21.57484,,,,,,,,,,
2026-04-22 21:12:00+00:00,presentValue,analogInput_107,analogInput,,,,21.551311,,,,,,,,,,
2026-04-22 21:13:00+00:00,presentValue,analogInput_107,analogInput,,,,21.600334,,,,,,,,,,
2026-04-22 21:14:00+00:00,presentValue,analogInput_107,analogInput,,,,21.604256,,,,,,,,,,
2026-04-22 21:15:00+00:00,presentValue,analogInput_107,analogInput,,,,21.496403,,,,,,,,,,
2026-04-22 21:16:00+00:00,presentValue,analogInput_107,analogInput,,,,21.447376,,,,,,,,,,
2026-04-22 21:17:00+00:00,presentValue,analogInput_107,analogInput,,,,21.394432,,,,,,,,,,
2026-04-22 21:18:00+00:00,presentValue,analogInput_107,analogInput,,,,21.157158,,,,,,,,,,
2026-04-22 21:19:00+00:00,presentValue,analogInput_107,analogInput,,,,21.082638,,,,,,,,,,
2026-04-22 21:20:00+00:00,presentValue,analogInput_107,analogInput,,,,21.04538,,,,,,,,,,
2026-04-22 21:21:00+00:00,presentValue,analogInput_107,analogInput,,,,21.04538,,,,,,,,,,
2026-04-22 21:22:00+00:00,presentValue,analogInput_107,analogInput,,,,21.027729,,,,,,,,,,
2026-04-22 21:23:00+00:00,presentValue,analogInput_107,analogInput,,,,20.90615,,,,,,,,,,
2026-04-22 21:24:00+00:00,presentValue,analogInput_107,analogInput,,,,20.72182,,,,,,,,,,
2026-04-22 21:25:00+00:00,presentValue,analogInput_107,analogInput,,,,20.65907,,,,,,,,,,
2026-04-22 21:26:00+00:00,presentValue,analogInput_107,analogInput,,,,20.6022,,,,,,,,,,
2026-04-22 21:27:00+00:00,presentValue,analogInput_107,analogInput,,,,20.55906,,,,,,,,,,
2026-04-22 21:28:00+00:00,presentValue,analogInput_107,analogInput,,,,20.543373,,,,,,,,,,
2026-04-22 21:29:00+00:00,presentValue,analogInput_107,analogInput,,,,20.529644,,,,,,,,,,
2026-04-22 21:30:00+00:00,presentValue,analogInput_107,analogInput,,,,20.46101,,,,,,,,,,
2026-04-22 21:31:00+00:00,presentValue,analogInput_107,analogInput,,,,20.341396,,,,,,,,,,
2026-04-22 21:32:00+00:00,presentValue,analogInput_107,analogInput,,,,20.200203,,,,,,,,,,
2026-04-22 21:33:00+00:00,presentValue,analogInput_107,analogInput,,,,20.066856,,,,,,,,,,
2026-04-22 21:34:00+00:00,presentValue,analogInput_107,analogInput,,,,19.888412,,,,,,,,,,
2026-04-22 21:35:00+00:00,presentValue,analogInput_107,analogInput,,,,19.686428,,,,,,,,,,
2026-04-22 21:36:00+00:00,presentValue,analogInput_107,analogInput,,,,19.500134,,,,,,,,,,
2026-04-22 21:37:00+00:00,presentValue,analogInput_107,analogInput,,,,19.370716,,,,,,,,,,
2026-04-22 21:38:00+00:00,presentValue,analogInput_107,analogInput,,,,19.260899,,,,,,,,,,
2026-04-22 21:39:00+00:00,presentValue,analogInput_107,analogInput,,,,19.158928,,,,,,,,,,
2026-04-22 21:40:00+00:00,presentValue,analogInput_107,analogInput,,,,19.041267,,,,,,,,,,
2026-04-22 21:41:00+00:00,presentValue,analogInput_107,analogInput,,,,18.99617,,,,,,,,,,
2026-04-22 21:42:00+00:00,presentValue,analogInput_107,analogInput,,,,18.976563,,,,,,,,,,
2026-04-22 21:43:00+00:00,presentValue,analogInput_107,analogInput,,,,18.921654,,,,,,,,,,
2026-04-22 21:44:00+00:00,presentValue,analogInput_107,analogInput,,,,18.85498,,,,,,,,,,
2026-04-22 21:45:00+00:00,presentValue,analogInput_107,analogInput,,,,18.800072,,,,,,,,,,
2026-04-22 21:46:00+00:00,presentValue,analogInput_107,analogInput,,,,18.762814,,,,,,,,,,
2026-04-22 21:47:00+00:00,presentValue,analogInput_107,analogInput,,,,18.71379,,,,,,,,,,
2026-04-22 21:48:00+00:00,presentValue,analogInput_107,analogInput,,,,18.69614,,,,,,,,,,
2026-04-22 21:49:00+00:00,presentValue,analogInput_107,analogInput,,,,18.682411,,,,,,,,,,
2026-04-22 21:50:00+00:00,presentValue,analogInput_107,analogInput,,,,18.656921,,,,,,,,,,
2026-04-22 21:51:00+00:00,presentValue,analogInput_107,analogInput,,,,18.647114,,,,,,,,,,
2026-04-22 21:52:00+00:00,presentValue,analogInput_107,analogInput,,,,18.647114,,,,,,,,,,
2026-04-22 21:53:00+00:00,presentValue,analogInput_107,analogInput,,,,18.641232,,,,,,,,,,
2026-04-22 21:54:00+00:00,presentValue,analogInput_107,analogInput,,,,18.590248,,,,,,,,,,
2026-04-22 21:55:00+00:00,presentValue,analogInput_107,analogInput,,,,18.502007,,,,,,,,,,
2026-04-22 21:56:00+00:00,presentValue,analogInput_107,analogInput,,,,18.46867,,,,,,,,,,
2026-04-22 21:57:00+00:00,presentValue,analogInput_107,analogInput,,,,18.417686,,,,,,,,,,
2026-04-22 21:58:00+00:00,presentValue,analogInput_107,analogInput,,,,18.337284,,,,,,,,,,
2026-04-22 21:59:00+00:00,presentValue,analogInput_107,analogInput,,,,18.27061,,,,,,,,,,
2026-04-22 22:00:00+00:00,presentValue,analogInput_107,analogInput,,,,18.201977,,,,,,,,,,
2026-04-22 22:01:00+00:00,presentValue,analogInput_107,analogInput,,,,18.15295,,,,,,,,,,
2026-04-22 22:02:00+00:00,presentValue,analogInput_107,analogInput,,,,18.094128,,,,,,,,,,
2026-04-22 22:03:00+00:00,presentValue,analogInput_107,analogInput,,,,18.011765,,,,,,,,,,
2026-04-22 22:04:00+00:00,presentValue,analogInput_107,analogInput,,,,17.960781,,,,,,,,,,
2026-04-22 22:05:00+00:00,presentValue,analogInput_107,analogInput,,,,17.947052,,,,,,,,,,
2026-04-22 22:06:00+00:00,presentValue,analogInput_107,analogInput,,,,17.95882,,,,,,,,,,
2026-04-22 22:07:00+00:00,presentValue,analogInput_107,analogInput,,,,17.929405,,,,,,,,,,
2026-04-22 22:08:00+00:00,presentValue,analogInput_107,analogInput,,,,17.945091,,,,,,,,,,
2026-04-22 22:09:00+00:00,presentValue,analogInput_107,analogInput,,,,18.064713,,,,,,,,,,
2026-04-22 22:10:00+00:00,presentValue,analogInput_107,analogInput,,,,18.096088,,,,,,,,,,
2026-04-22 22:11:00+00:00,presentValue,analogInput_107,analogInput,,,,18.172562,,,,,,,,,,
2026-04-22 22:12:00+00:00,presentValue,analogInput_107,analogInput,,,,18.172562,,,,,,,,,,
2026-04-22 22:13:00+00:00,presentValue,analogInput_107,analogInput,,,,18.141186,,,,,,,,,,
2026-04-22 22:14:00+00:00,presentValue,analogInput_107,analogInput,,,,18.072556,,,,,,,,,,
2026-04-22 22:15:00+00:00,presentValue,analogInput_107,analogInput,,,,18.025494,,,,,,,,,,
2026-04-22 22:16:00+00:00,presentValue,analogInput_107,analogInput,,,,17.996078,,,,,,,,,,
2026-04-22 22:17:00+00:00,presentValue,analogInput_107,analogInput,,,,17.950974,,,,,,,,,,
2026-04-22 22:18:00+00:00,presentValue,analogInput_107,analogInput,,,,17.868614,,,,,,,,,,
2026-04-22 22:19:00+00:00,presentValue,analogInput_107,analogInput,,,,17.82547,,,,,,,,,,
2026-04-22 22:20:00+00:00,presentValue,analogInput_107,analogInput,,,,17.82351,,,,,,,,,,
2026-04-22 22:21:00+00:00,presentValue,analogInput_107,analogInput,,,,17.831352,,,,,,,,,,
2026-04-22 22:22:00+00:00,presentValue,analogInput_107,analogInput,,,,17.78429,,,,,,,,,,
2026-04-22 22:23:00+00:00,presentValue,analogInput_107,analogInput,,,,17.74115,,,,,,,,,,
2026-04-22 22:24:00+00:00,presentValue,analogInput_107,analogInput,,,,17.7235,,,,,,,,,,
2026-04-22 22:25:00+00:00,presentValue,analogInput_107,analogInput,,,,17.715656,,,,,,,,,,
2026-04-22 22:26:00+00:00,presentValue,analogInput_107,analogInput,,,,17.66663,,,,,,,,,,
2026-04-22 22:27:00+00:00,presentValue,analogInput_107,analogInput,,,,17.609768,,,,,,,,,,
2026-04-22 22:28:00+00:00,presentValue,analogInput_107,analogInput,,,,17.603886,,,,,,,,,,
2026-04-22 22:29:00+00:00,presentValue,analogInput_107,analogInput,,,,17.592117,,,,,,,,,,
2026-04-22 22:30:00+00:00,presentValue,analogInput_107,analogInput,,,,17.539173,,,,,,,,,,
2026-04-22 22:31:00+00:00,presentValue,analogInput_107,analogInput,,,,17.476421,,,,,,,,,,
2026-04-22 22:32:00+00:00,presentValue,analogInput_107,analogInput,,,,17.417591,,,,,,,,,,
2026-04-22 22:33:00+00:00,presentValue,analogInput_107,analogInput,,,,17.333267,,,,,,,,,,
2026-04-22 22:34:00+00:00,presentValue,analogInput_107,analogInput,,,,17.243061,,,,,,,,,,
2026-04-22 22:35:00+00:00,presentValue,analogInput_107,analogInput,,,,17.1862,,,,,,,,,,
2026-04-22 22:36:00+00:00,presentValue,analogInput_107,analogInput,,,,17.156784,,,,,,,,,,
2026-04-22 22:37:00+00:00,presentValue,analogInput_107,analogInput,,,,17.135212,,,,,,,,,,
2026-04-22 22:38:00+00:00,presentValue,analogInput_107,analogInput,,,,17.123447,,,,,,,,,,
2026-04-22 22:39:00+00:00,presentValue,analogInput_107,analogInput,,,,17.0705,,,,,,,,,,
2026-04-22 22:40:00+00:00,presentValue,analogInput_107,analogInput,,,,17.015594,,,,,,,,,,
2026-04-22 22:41:00+00:00,presentValue,analogInput_107,analogInput,,,,16.976372,,,,,,,,,,
2026-04-22 22:42:00+00:00,presentValue,analogInput_107,analogInput,,,,16.933231,,,,,,,,,,
2026-04-22 22:43:00+00:00,presentValue,analogInput_107,analogInput,,,,16.894012,,,,,,,,,,
2026-04-22 22:44:00+00:00,presentValue,analogInput_107,analogInput,,,,16.841064,,,,,,,,,,
2026-04-22 22:45:00+00:00,presentValue,analogInput_107,analogInput,,,,16.819492,,,,,,,,,,
2026-04-22 22:46:00+00:00,presentValue,analogInput_107,analogInput,,,,16.768509,,,,,,,,,,
2026-04-22 22:47:00+00:00,presentValue,analogInput_107,analogInput,,,,16.727333,,,,,,,,,,
2026-04-22 22:48:00+00:00,presentValue,analogInput_107,analogInput,,,,16.682232,,,,,,,,,,
2026-04-22 22:49:00+00:00,presentValue,analogInput_107,analogInput,,,,16.635166,,,,,,,,,,
2026-04-22 22:50:00+00:00,presentValue,analogInput_107,analogInput,,,,16.611633,,,,,,,,,,
2026-04-22 22:51:00+00:00,presentValue,analogInput_107,analogInput,,,,16.613594,,,,,,,,,,
2026-04-22 22:52:00+00:00,presentValue,analogInput_107,analogInput,,,,16.588104,,,,,,,,,,
2026-04-22 22:53:00+00:00,presentValue,analogInput_107,analogInput,,,,16.609673,,,,,,,,,,
2026-04-22 22:54:00+00:00,presentValue,analogInput_107,analogInput,,,,16.615555,,,,,,,,,,
2026-04-22 22:55:00+00:00,presentValue,analogInput_107,analogInput,,,,16.599869,,,,,,,,,,
2026-04-22 22:56:00+00:00,presentValue,analogInput_107,analogInput,,,,16.592026,,,,,,,,,,
2026-04-22 22:57:00+00:00,presentValue,analogInput_107,analogInput,,,,16.56261,,,,,,,,,,
2026-04-22 22:58:00+00:00,presentValue,analogInput_107,analogInput,,,,16.523392,,,,,,,,,,
2026-04-22 22:59:00+00:00,presentValue,analogInput_107,analogInput,,,,16.478287,,,,,,,,,,
2026-04-22 23:00:00+00:00,presentValue,analogInput_107,analogInput,,,,16.456715,,,,,,,,,,
2026-04-22 11:01:00+00:00,presentValue,analogInput_202,analogInput,,,,,7.6798916,,,,,,,,,
2026-04-22 11:02:00+00:00,presentValue,analogInput_202,analogInput,,,,,7.6759696,,,,,,,,,
2026-04-22 11:03:00+00:00,presentValue,analogInput_202,analogInput,,,,,7.6720476,,,,,,,,,
2026-04-22 11:04:00+00:00,presentValue,analogInput_202,analogInput,,,,,7.6642036,,,,,,,,,
2026-04-22 11:05:00+00:00,presentValue,analogInput_202,analogInput,,,,,7.6681256,,,,,,,,,
2026-04-22 11:06:00+00:00,presentValue,analogInput_202,analogInput,,,,,7.6681256,,,,,,,,,
2026-04-22 11:07:00+00:00,presentValue,analogInput_202,analogInput,,,,,7.6524377,,,,,,,,,
2026-04-22 11:08:00+00:00,presentValue,analogInput_202,analogInput,,,,,7.6485157,,,,,,,,,
2026-04-22 11:09:00+00:00,presentValue,analogInput_202,analogInput,,,,,7.6524377,,,,,,,,,
2026-04-22 11:10:00+00:00,presentValue,analogInput_202,analogInput,,,,,7.6406717,,,,,,,,,
2026-04-22 11:11:00+00:00,presentValue,analogInput_202,analogInput,,,,,7.6406717,,,,,,,,,
2026-04-22 11:12:00+00:00,presentValue,analogInput_202,analogInput,,,,,7.6367497,,,,,,,,,
2026-04-22 11:13:00+00:00,presentValue,analogInput_202,analogInput,,,,,7.6367497,,,,,,,,,
2026-04-22 11:14:00+00:00,presentValue,analogInput_202,analogInput,,,,,7.6367497,,,,,,,,,
2026-04-22 11:15:00+00:00,presentValue,analogInput_202,analogInput,,,,,7.6406717,,,,,,,,,
2026-04-22 11:16:00+00:00,presentValue,analogInput_202,analogInput,,,,,7.624984,,,,,,,,,
2026-04-22 11:17:00+00:00,presentValue,analogInput_202,analogInput,,,,,7.624984,,,,,,,,,
2026-04-22 11:18:00+00:00,presentValue,analogInput_202,analogInput,,,,,7.624984,,,,,,,,,
2026-04-22 11:19:00+00:00,presentValue,analogInput_202,analogInput,,,,,7.613218,,,,,,,,,
2026-04-22 11:20:00+00:00,presentValue,analogInput_202,analogInput,,,,,7.613218,,,,,,,,,
2026-04-22 11:21:00+00:00,presentValue,analogInput_202,analogInput,,,,,7.605374,,,,,,,,,
2026-04-22 11:22:00+00:00,presentValue,analogInput_202,analogInput,,,,,7.5936136,,,,,,,,,
2026-04-22 11:23:00+00:00,presentValue,analogInput_202,analogInput,,,,,7.5936136,,,,,,,,,
2026-04-22 11:24:00+00:00,presentValue,analogInput_202,analogInput,,,,,7.5936136,,,,,,,,,
2026-04-22 11:25:00+00:00,presentValue,analogInput_202,analogInput,,,,,7.589692,,,,,,,,,
2026-04-22 11:26:00+00:00,presentValue,analogInput_202,analogInput,,,,,7.574004,,,,,,,,,
2026-04-22 11:27:00+00:00,presentValue,analogInput_202,analogInput,,,,,7.56616,,,,,,,,,
2026-04-22 11:28:00+00:00,presentValue,analogInput_202,analogInput,,,,,7.5622377,,,,,,,,,
2026-04-22 11:29:00+00:00,presentValue,analogInput_202,analogInput,,,,,7.5426283,,,,,,,,,
2026-04-22 11:30:00+00:00,presentValue,analogInput_202,analogInput,,,,,7.54655,,,,,,,,,
2026-04-22 11:31:00+00:00,presentValue,analogInput_202,analogInput,,,,,7.54655,,,,,,,,,
2026-04-22 11:32:00+00:00,presentValue,analogInput_202,analogInput,,,,,7.54655,,,,,,,,,
2026-04-22 11:33:00+00:00,presentValue,analogInput_202,analogInput,,,,,7.530862,,,,,,,,,
2026-04-22 11:34:00+00:00,presentValue,analogInput_202,analogInput,,,,,7.5347843,,,,,,,,,
2026-04-22 11:35:00+00:00,presentValue,analogInput_202,analogInput,,,,,7.530862,,,,,,,,,
2026-04-22 11:36:00+00:00,presentValue,analogInput_202,analogInput,,,,,7.5269403,,,,,,,,,
2026-04-22 11:37:00+00:00,presentValue,analogInput_202,analogInput,,,,,7.5190964,,,,,,,,,
2026-04-22 11:38:00+00:00,presentValue,analogInput_202,analogInput,,,,,7.523018,,,,,,,,,
2026-04-22 11:39:00+00:00,presentValue,analogInput_202,analogInput,,,,,7.523018,,,,,,,,,
2026-04-22 11:40:00+00:00,presentValue,analogInput_202,analogInput,,,,,7.5269403,,,,,,,,,
2026-04-22 11:41:00+00:00,presentValue,analogInput_202,analogInput,,,,,7.523018,,,,,,,,,
2026-04-22 11:42:00+00:00,presentValue,analogInput_202,analogInput,,,,,7.5269403,,,,,,,,,
2026-04-22 11:43:00+00:00,presentValue,analogInput_202,analogInput,,,,,7.5269403,,,,,,,,,
2026-04-22 11:44:00+00:00,presentValue,analogInput_202,analogInput,,,,,7.5190964,,,,,,,,,
2026-04-22 11:45:00+00:00,presentValue,analogInput_202,analogInput,,,,,7.499486,,,,,,,,,
2026-04-22 11:46:00+00:00,presentValue,analogInput_202,analogInput,,,,,7.5112524,,,,,,,,,
2026-04-22 11:47:00+00:00,presentValue,analogInput_202,analogInput,,,,,7.50733,,,,,,,,,
2026-04-22 11:48:00+00:00,presentValue,analogInput_202,analogInput,,,,,7.50733,,,,,,,,,
2026-04-22 11:49:00+00:00,presentValue,analogInput_202,analogInput,,,,,7.5034084,,,,,,,,,
2026-04-22 11:50:00+00:00,presentValue,analogInput_202,analogInput,,,,,7.491642,,,,,,,,,
2026-04-22 11:51:00+00:00,presentValue,analogInput_202,analogInput,,,,,7.491642,,,,,,,,,
2026-04-22 11:52:00+00:00,presentValue,analogInput_202,analogInput,,,,,7.5112524,,,,,,,,,
2026-04-22 11:53:00+00:00,presentValue,analogInput_202,analogInput,,,,,7.515174,,,,,,,,,
2026-04-22 11:54:00+00:00,presentValue,analogInput_202,analogInput,,,,,7.4955645,,,,,,,,,
2026-04-22 11:55:00+00:00,presentValue,analogInput_202,analogInput,,,,,7.491642,,,,,,,,,
2026-04-22 11:56:00+00:00,presentValue,analogInput_202,analogInput,,,,,7.491642,,,,,,,,,
2026-04-22 11:57:00+00:00,presentValue,analogInput_202,analogInput,,,,,7.4955645,,,,,,,,,
2026-04-22 11:58:00+00:00,presentValue,analogInput_202,analogInput,,,,,7.499486,,,,,,,,,
2026-04-22 11:59:00+00:00,presentValue,analogInput_202,analogInput,,,,,7.491642,,,,,,,,,
2026-04-22 12:00:00+00:00,presentValue,analogInput_202,analogInput,,,,,7.499486,,,,,,,,,
2026-04-22 12:01:00+00:00,presentValue,analogInput_202,analogInput,,,,,7.4955645,,,,,,,,,
2026-04-22 12:02:00+00:00,presentValue,analogInput_202,analogInput,,,,,7.4955645,,,,,,,,,
2026-04-22 12:03:00+00:00,presentValue,analogInput_202,analogInput,,,,,7.499486,,,,,,,,,
2026-04-22 12:04:00+00:00,presentValue,analogInput_202,analogInput,,,,,7.5112524,,,,,,,,,
2026-04-22 12:05:00+00:00,presentValue,analogInput_202,analogInput,,,,,7.5190964,,,,,,,,,
2026-04-22 12:06:00+00:00,presentValue,analogInput_202,analogInput,,,,,7.50733,,,,,,,,,
2026-04-22 12:07:00+00:00,presentValue,analogInput_202,analogInput,,,,,7.515174,,,,,,,,,
2026-04-22 12:08:00+00:00,presentValue,analogInput_202,analogInput,,,,,7.5112524,,,,,,,,,
2026-04-22 12:09:00+00:00,presentValue,analogInput_202,analogInput,,,,,7.5034084,,,,,,,,,
2026-04-22 12:10:00+00:00,presentValue,analogInput_202,analogInput,,,,,7.5269403,,,,,,,,,
2026-04-22 12:11:00+00:00,presentValue,analogInput_202,analogInput,,,,,7.530862,,,,,,,,,
2026-04-22 12:12:00+00:00,presentValue,analogInput_202,analogInput,,,,,7.5269403,,,,,,,,,
2026-04-22 12:13:00+00:00,presentValue,analogInput_202,analogInput,,,,,7.5269403,,,,,,,,,
2026-04-22 12:14:00+00:00,presentValue,analogInput_202,analogInput,,,,,7.5426283,,,,,,,,,
2026-04-22 12:15:00+00:00,presentValue,analogInput_202,analogInput,,,,,7.54655,,,,,,,,,
2026-04-22 12:16:00+00:00,presentValue,analogInput_202,analogInput,,,,,7.54655,,,,,,,,,
2026-04-22 12:17:00+00:00,presentValue,analogInput_202,analogInput,,,,,7.5504723,,,,,,,,,
2026-04-22 12:18:00+00:00,presentValue,analogInput_202,analogInput,,,,,7.554394,,,,,,,,,
2026-04-22 12:19:00+00:00,presentValue,analogInput_202,analogInput,,,,,7.56616,,,,,,,,,
2026-04-22 12:20:00+00:00,presentValue,analogInput_202,analogInput,,,,,7.5779257,,,,,,,,,
2026-04-22 12:21:00+00:00,presentValue,analogInput_202,analogInput,,,,,7.5779257,,,,,,,,,
2026-04-22 12:22:00+00:00,presentValue,analogInput_202,analogInput,,,,,7.5857697,,,,,,,,,
2026-04-22 12:23:00+00:00,presentValue,analogInput_202,analogInput,,,,,7.597536,,,,,,,,,
2026-04-22 12:24:00+00:00,presentValue,analogInput_202,analogInput,,,,,7.597536,,,,,,,,,
2026-04-22 12:25:00+00:00,presentValue,analogInput_202,analogInput,,,,,7.613218,,,,,,,,,
2026-04-22 12:26:00+00:00,presentValue,analogInput_202,analogInput,,,,,7.621062,,,,,,,,,
2026-04-22 12:27:00+00:00,presentValue,analogInput_202,analogInput,,,,,7.624984,,,,,,,,,
2026-04-22 12:28:00+00:00,presentValue,analogInput_202,analogInput,,,,,7.6367497,,,,,,,,,
2026-04-22 12:29:00+00:00,presentValue,analogInput_202,analogInput,,,,,7.6406717,,,,,,,,,
2026-04-22 12:30:00+00:00,presentValue,analogInput_202,analogInput,,,,,7.6328278,,,,,,,,,
2026-04-22 12:31:00+00:00,presentValue,analogInput_202,analogInput,,,,,7.6485157,,,,,,,,,
2026-04-22 12:32:00+00:00,presentValue,analogInput_202,analogInput,,,,,7.6524377,,,,,,,,,
2026-04-22 12:33:00+00:00,presentValue,analogInput_202,analogInput,,,,,7.6642036,,,,,,,,,
2026-04-22 12:34:00+00:00,presentValue,analogInput_202,analogInput,,,,,7.6720476,,,,,,,,,
2026-04-22 12:35:00+00:00,presentValue,analogInput_202,analogInput,,,,,7.6838136,,,,,,,,,
2026-04-22 12:36:00+00:00,presentValue,analogInput_202,analogInput,,,,,7.7034235,,,,,,,,,
2026-04-22 12:37:00+00:00,presentValue,analogInput_202,analogInput,,,,,7.7073455,,,,,,,,,
2026-04-22 12:38:00+00:00,presentValue,analogInput_202,analogInput,,,,,7.7269554,,,,,,,,,
2026-04-22 12:39:00+00:00,presentValue,analogInput_202,analogInput,,,,,7.7269554,,,,,,,,,
2026-04-22 12:40:00+00:00,presentValue,analogInput_202,analogInput,,,,,7.7387214,,,,,,,,,
2026-04-22 12:41:00+00:00,presentValue,analogInput_202,analogInput,,,,,7.7544093,,,,,,,,,
2026-04-22 12:42:00+00:00,presentValue,analogInput_202,analogInput,,,,,7.781863,,,,,,,,,
2026-04-22 12:43:00+00:00,presentValue,analogInput_202,analogInput,,,,,7.789707,,,,,,,,,
2026-04-22 12:44:00+00:00,presentValue,analogInput_202,analogInput,,,,,7.801473,,,,,,,,,
2026-04-22 12:45:00+00:00,presentValue,analogInput_202,analogInput,,,,,7.825005,,,,,,,,,
2026-04-22 12:46:00+00:00,presentValue,analogInput_202,analogInput,,,,,7.825005,,,,,,,,,
2026-04-22 12:47:00+00:00,presentValue,analogInput_202,analogInput,,,,,7.844615,,,,,,,,,
2026-04-22 12:48:00+00:00,presentValue,analogInput_202,analogInput,,,,,7.856381,,,,,,,,,
2026-04-22 12:49:00+00:00,presentValue,analogInput_202,analogInput,,,,,7.864225,,,,,,,,,
2026-04-22 12:50:00+00:00,presentValue,analogInput_202,analogInput,,,,,7.879913,,,,,,,,,
2026-04-22 12:51:00+00:00,presentValue,analogInput_202,analogInput,,,,,7.895601,,,,,,,,,
2026-04-22 12:52:00+00:00,presentValue,analogInput_202,analogInput,,,,,7.9112887,,,,,,,,,
2026-04-22 12:53:00+00:00,presentValue,analogInput_202,analogInput,,,,,7.9230547,,,,,,,,,
2026-04-22 12:54:00+00:00,presentValue,analogInput_202,analogInput,,,,,7.9426646,,,,,,,,,
2026-04-22 12:55:00+00:00,presentValue,analogInput_202,analogInput,,,,,7.9544306,,,,,,,,,
2026-04-22 12:56:00+00:00,presentValue,analogInput_202,analogInput,,,,,7.9661965,,,,,,,,,
2026-04-22 12:57:00+00:00,presentValue,analogInput_202,analogInput,,,,,7.9740405,,,,,,,,,
2026-04-22 12:58:00+00:00,presentValue,analogInput_202,analogInput,,,,,8.001494,,,,,,,,,
2026-04-22 12:59:00+00:00,presentValue,analogInput_202,analogInput,,,,,8.009338,,,,,,,,,
2026-04-22 13:00:00+00:00,presentValue,analogInput_202,analogInput,,,,,8.036793,,,,,,,,,
2026-04-22 13:01:00+00:00,presentValue,analogInput_202,analogInput,,,,,8.03287,,,,,,,,,
2026-04-22 13:02:00+00:00,presentValue,analogInput_202,analogInput,,,,,8.056402,,,,,,,,,
2026-04-22 13:03:00+00:00,presentValue,analogInput_202,analogInput,,,,,8.06424,,,,,,,,,
2026-04-22 13:04:00+00:00,presentValue,analogInput_202,analogInput,,,,,8.087772,,,,,,,,,
2026-04-22 13:05:00+00:00,presentValue,analogInput_202,analogInput,,,,,8.08385,,,,,,,,,
2026-04-22 13:06:00+00:00,presentValue,analogInput_202,analogInput,,,,,8.10346,,,,,,,,,
2026-04-22 13:07:00+00:00,presentValue,analogInput_202,analogInput,,,,,8.115226,,,,,,,,,
2026-04-22 13:08:00+00:00,presentValue,analogInput_202,analogInput,,,,,8.12307,,,,,,,,,
2026-04-22 13:09:00+00:00,presentValue,analogInput_202,analogInput,,,,,8.138758,,,,,,,,,
2026-04-22 13:10:00+00:00,presentValue,analogInput_202,analogInput,,,,,8.158368,,,,,,,,,
2026-04-22 13:11:00+00:00,presentValue,analogInput_202,analogInput,,,,,8.177978,,,,,,,,,
2026-04-22 13:12:00+00:00,presentValue,analogInput_202,analogInput,,,,,8.1819,,,,,,,,,
2026-04-22 13:13:00+00:00,presentValue,analogInput_202,analogInput,,,,,8.201509,,,,,,,,,
2026-04-22 13:14:00+00:00,presentValue,analogInput_202,analogInput,,,,,8.197588,,,,,,,,,
2026-04-22 13:15:00+00:00,presentValue,analogInput_202,analogInput,,,,,8.232885,,,,,,,,,
2026-04-22 13:16:00+00:00,presentValue,analogInput_202,analogInput,,,,,8.240729,,,,,,,,,
2026-04-22 13:17:00+00:00,presentValue,analogInput_202,analogInput,,,,,8.483892,,,,,,,,,
2026-04-22 13:18:00+00:00,presentValue,analogInput_202,analogInput,,,,,26.250256,,,,,,,,,
2026-04-22 13:19:00+00:00,presentValue,analogInput_202,analogInput,,,,,20.91642,,,,,,,,,
2026-04-22 13:20:00+00:00,presentValue,analogInput_202,analogInput,,,,,25.885517,,,,,,,,,
2026-04-22 13:21:00+00:00,presentValue,analogInput_202,analogInput,,,,,23.826498,,,,,,,,,
2026-04-22 13:22:00+00:00,presentValue,analogInput_202,analogInput,,,,,24.928564,,,,,,,,,
2026-04-22 13:23:00+00:00,presentValue,analogInput_202,analogInput,,,,,25.187408,,,,,,,,,
2026-04-22 13:24:00+00:00,presentValue,analogInput_202,analogInput,,,,,24.677557,,,,,,,,,
2026-04-22 13:25:00+00:00,presentValue,analogInput_202,analogInput,,,,,25.40704,,,,,,,,,
2026-04-22 13:26:00+00:00,presentValue,analogInput_202,analogInput,,,,,24.846203,,,,,,,,,
2026-04-22 13:27:00+00:00,presentValue,analogInput_202,analogInput,,,,,25.34821,,,,,,,,,
2026-04-22 13:28:00+00:00,presentValue,analogInput_202,analogInput,,,,,25.073671,,,,,,,,,
2026-04-22 13:29:00+00:00,presentValue,analogInput_202,analogInput,,,,,25.30899,,,,,,,,,
2026-04-22 13:30:00+00:00,presentValue,analogInput_202,analogInput,,,,,25.242317,,,,,,,,,
2026-04-22 13:31:00+00:00,presentValue,analogInput_202,analogInput,,,,,25.3286,,,,,,,,,
2026-04-22 13:32:00+00:00,presentValue,analogInput_202,analogInput,,,,,25.3639,,,,,,,,,
2026-04-22 13:33:00+00:00,presentValue,analogInput_202,analogInput,,,,,25.3639,,,,,,,,,
2026-04-22 13:34:00+00:00,presentValue,analogInput_202,analogInput,,,,,25.422728,,,,,,,,,
2026-04-22 13:35:00+00:00,presentValue,analogInput_202,analogInput,,,,,25.434494,,,,,,,,,
2026-04-22 13:36:00+00:00,presentValue,analogInput_202,analogInput,,,,,25.489403,,,,,,,,,
2026-04-22 13:37:00+00:00,presentValue,analogInput_202,analogInput,,,,,25.489403,,,,,,,,,
2026-04-22 13:38:00+00:00,presentValue,analogInput_202,analogInput,,,,,25.497246,,,,,,,,,
2026-04-22 13:39:00+00:00,presentValue,analogInput_202,analogInput,,,,,25.414885,,,,,,,,,
2026-04-22 13:40:00+00:00,presentValue,analogInput_202,analogInput,,,,,25.51685,,,,,,,,,
2026-04-22 13:41:00+00:00,presentValue,analogInput_202,analogInput,,,,,25.458027,,,,,,,,,
2026-04-22 13:42:00+00:00,presentValue,analogInput_202,analogInput,,,,,25.25016,,,,,,,,,
2026-04-22 13:43:00+00:00,presentValue,analogInput_202,analogInput,,,,,24.97955,,,,,,,,,
2026-04-22 13:44:00+00:00,presentValue,analogInput_202,analogInput,,,,,24.74423,,,,,,,,,
2026-04-22 13:45:00+00:00,presentValue,analogInput_202,analogInput,,,,,24.58735,,,,,,,,,
2026-04-22 13:46:00+00:00,presentValue,analogInput_202,analogInput,,,,,24.489307,,,,,,,,,
2026-04-22 13:47:00+00:00,presentValue,analogInput_202,analogInput,,,,,24.39518,,,,,,,,,
2026-04-22 13:48:00+00:00,presentValue,analogInput_202,analogInput,,,,,24.33635,,,,,,,,,
2026-04-22 13:49:00+00:00,presentValue,analogInput_202,analogInput,,,,,24.367725,,,,,,,,,
2026-04-22 13:50:00+00:00,presentValue,analogInput_202,analogInput,,,,,25.281536,,,,,,,,,
2026-04-22 13:51:00+00:00,presentValue,analogInput_202,analogInput,,,,,25.22663,,,,,,,,,
2026-04-22 13:52:00+00:00,presentValue,analogInput_202,analogInput,,,,,25.454103,,,,,,,,,
2026-04-22 13:53:00+00:00,presentValue,analogInput_202,analogInput,,,,,25.403118,,,,,,,,,
2026-04-22 13:54:00+00:00,presentValue,analogInput_202,analogInput,,,,,25.469791,,,,,,,,,
2026-04-22 13:55:00+00:00,presentValue,analogInput_202,analogInput,,,,,25.481558,,,,,,,,,
2026-04-22 13:56:00+00:00,presentValue,analogInput_202,analogInput,,,,,25.501167,,,,,,,,,
2026-04-22 13:57:00+00:00,presentValue,analogInput_202,analogInput,,,,,25.540382,,,,,,,,,
2026-04-22 13:58:00+00:00,presentValue,analogInput_202,analogInput,,,,,25.563913,,,,,,,,,
2026-04-22 13:59:00+00:00,presentValue,analogInput_202,analogInput,,,,,25.681574,,,,,,,,,
2026-04-22 14:00:00+00:00,presentValue,analogInput_202,analogInput,,,,,25.83453,,,,,,,,,
2026-04-22 14:01:00+00:00,presentValue,analogInput_202,analogInput,,,,,26.042389,,,,,,,,,
2026-04-22 14:02:00+00:00,presentValue,analogInput_202,analogInput,,,,,26.207113,,,,,,,,,
2026-04-22 14:03:00+00:00,presentValue,analogInput_202,analogInput,,,,,26.477724,,,,,,,,,
2026-04-22 14:04:00+00:00,presentValue,analogInput_202,analogInput,,,,,26.732653,,,,,,,,,
2026-04-22 14:05:00+00:00,presentValue,analogInput_202,analogInput,,,,,27.022875,,,,,,,,,
2026-04-22 14:06:00+00:00,presentValue,analogInput_202,analogInput,,,,,27.269958,,,,,,,,,
2026-04-22 14:07:00+00:00,presentValue,analogInput_202,analogInput,,,,,27.493507,,,,,,,,,
2026-04-22 14:08:00+00:00,presentValue,analogInput_202,analogInput,,,,,27.819025,,,,,,,,,
2026-04-22 14:09:00+00:00,presentValue,analogInput_202,analogInput,,,,,28.132784,,,,,,,,,
2026-04-22 14:10:00+00:00,presentValue,analogInput_202,analogInput,,,,,28.481834,,,,,,,,,
2026-04-22 14:11:00+00:00,presentValue,analogInput_202,analogInput,,,,,28.732836,,,,,,,,,
2026-04-22 14:12:00+00:00,presentValue,analogInput_202,analogInput,,,,,29.089737,,,,,,,,,
2026-04-22 14:13:00+00:00,presentValue,analogInput_202,analogInput,,,,,29.399569,,,,,,,,,
2026-04-22 14:14:00+00:00,presentValue,analogInput_202,analogInput,,,,,29.725086,,,,,,,,,
2026-04-22 14:15:00+00:00,presentValue,analogInput_202,analogInput,,,,,30.0663,,,,,,,,,
2026-04-22 14:16:00+00:00,presentValue,analogInput_202,analogInput,,,,,30.329067,,,,,,,,,
2026-04-22 14:17:00+00:00,presentValue,analogInput_202,analogInput,,,,,30.70557,,,,,,,,,
2026-04-22 14:18:00+00:00,presentValue,analogInput_202,analogInput,,,,,31.215424,,,,,,,,,
2026-04-22 14:19:00+00:00,presentValue,analogInput_202,analogInput,,,,,31.705666,,,,,,,,,
2026-04-22 14:20:00+00:00,presentValue,analogInput_202,analogInput,,,,,32.242973,,,,,,,,,
2026-04-22 14:21:00+00:00,presentValue,analogInput_202,analogInput,,,,,33.03128,,,,,,,,,
2026-04-22 14:22:00+00:00,presentValue,analogInput_202,analogInput,,,,,33.729385,,,,,,,,,
2026-04-22 14:23:00+00:00,presentValue,analogInput_202,analogInput,,,,,34.56868,,,,,,,,,
2026-04-22 14:24:00+00:00,presentValue,analogInput_202,analogInput,,,,,35.329533,,,,,,,,,
2026-04-22 14:25:00+00:00,presentValue,analogInput_202,analogInput,,,,,36.09823,,,,,,,,,
2026-04-22 14:26:00+00:00,presentValue,analogInput_202,analogInput,,,,,36.957138,,,,,,,,,
2026-04-22 14:27:00+00:00,presentValue,analogInput_202,analogInput,,,,,37.710148,,,,,,,,,
2026-04-22 14:28:00+00:00,presentValue,analogInput_202,analogInput,,,,,38.635723,,,,,,,,,
2026-04-22 14:29:00+00:00,presentValue,analogInput_202,analogInput,,,,,39.490707,,,,,,,,,
2026-04-22 14:30:00+00:00,presentValue,analogInput_202,analogInput,,,,,40.39275,,,,,,,,,
2026-04-22 14:31:00+00:00,presentValue,analogInput_202,analogInput,,,,,41.255577,,,,,,,,,
2026-04-22 14:32:00+00:00,presentValue,analogInput_202,analogInput,,,,,42.16154,,,,,,,,,
2026-04-22 14:33:00+00:00,presentValue,analogInput_202,analogInput,,,,,43.063587,,,,,,,,,
2026-04-22 14:34:00+00:00,presentValue,analogInput_202,analogInput,,,,,43.38519,,,,,,,,,
2026-04-22 14:35:00+00:00,presentValue,analogInput_202,analogInput,,,,,43.581284,,,,,,,,,
2026-04-22 14:36:00+00:00,presentValue,analogInput_202,analogInput,,,,,43.65972,,,,,,,,,
2026-04-22 14:37:00+00:00,presentValue,analogInput_202,analogInput,,,,,43.428326,,,,,,,,,
2026-04-22 14:38:00+00:00,presentValue,analogInput_202,analogInput,,,,,43.644035,,,,,,,,,
2026-04-22 14:39:00+00:00,presentValue,analogInput_202,analogInput,,,,,43.640114,,,,,,,,,
2026-04-22 14:40:00+00:00,presentValue,analogInput_202,analogInput,,,,,43.79307,,,,,,,,,
2026-04-22 14:41:00+00:00,presentValue,analogInput_202,analogInput,,,,,44.15781,,,,,,,,,
2026-04-22 14:42:00+00:00,presentValue,analogInput_202,analogInput,,,,,44.72257,,,,,,,,,
2026-04-22 14:43:00+00:00,presentValue,analogInput_202,analogInput,,,,,45.455967,,,,,,,,,
2026-04-22 14:44:00+00:00,presentValue,analogInput_202,analogInput,,,,,46.23643,,,,,,,,,
2026-04-22 14:45:00+00:00,presentValue,analogInput_202,analogInput,,,,,47.158085,,,,,,,,,
2026-04-22 14:46:00+00:00,presentValue,analogInput_202,analogInput,,,,,48.146416,,,,,,,,,
2026-04-22 14:47:00+00:00,presentValue,analogInput_202,analogInput,,,,,49.18573,,,,,,,,,
2026-04-22 14:48:00+00:00,presentValue,analogInput_202,analogInput,,,,,50.24465,,,,,,,,,
2026-04-22 14:49:00+00:00,presentValue,analogInput_202,analogInput,,,,,51.25259,,,,,,,,,
2026-04-22 14:50:00+00:00,presentValue,analogInput_202,analogInput,,,,,52.311516,,,,,,,,,
2026-04-22 14:51:00+00:00,presentValue,analogInput_202,analogInput,,,,,53.35082,,,,,,,,,
2026-04-22 14:52:00+00:00,presentValue,analogInput_202,analogInput,,,,,54.40582,,,,,,,,,
2026-04-22 14:53:00+00:00,presentValue,analogInput_202,analogInput,,,,,55.488277,,,,,,,,,
2026-04-22 14:54:00+00:00,presentValue,analogInput_202,analogInput,,,,,56.56681,,,,,,,,,
2026-04-22 14:55:00+00:00,presentValue,analogInput_202,analogInput,,,,,57.68064,,,,,,,,,
2026-04-22 14:56:00+00:00,presentValue,analogInput_202,analogInput,,,,,58.7631,,,,,,,,,
2026-04-22 14:57:00+00:00,presentValue,analogInput_202,analogInput,,,,,59.904373,,,,,,,,,
2026-04-22 14:58:00+00:00,presentValue,analogInput_202,analogInput,,,,,60.99075,,,,,,,,,
2026-04-22 14:59:00+00:00,presentValue,analogInput_202,analogInput,,,,,62.143803,,,,,,,,,
2026-04-22 15:00:00+00:00,presentValue,analogInput_202,analogInput,,,,,63.241947,,,,,,,,,
2026-04-22 15:01:00+00:00,presentValue,analogInput_202,analogInput,,,,,64.375374,,,,,,,,,
2026-04-22 15:02:00+00:00,presentValue,analogInput_202,analogInput,,,,,65.497055,,,,,,,,,
2026-04-22 15:03:00+00:00,presentValue,analogInput_202,analogInput,,,,,66.63049,,,,,,,,,
2026-04-22 15:04:00+00:00,presentValue,analogInput_202,analogInput,,,,,67.756096,,,,,,,,,
2026-04-22 15:05:00+00:00,presentValue,analogInput_202,analogInput,,,,,68.86208,,,,,,,,,
2026-04-22 15:06:00+00:00,presentValue,analogInput_202,analogInput,,,,,69.98766,,,,,,,,,
2026-04-22 15:07:00+00:00,presentValue,analogInput_202,analogInput,,,,,71.13287,,,,,,,,,
2026-04-22 15:08:00+00:00,presentValue,analogInput_202,analogInput,,,,,72.2624,,,,,,,,,
2026-04-22 15:09:00+00:00,presentValue,analogInput_202,analogInput,,,,,73.36446,,,,,,,,,
2026-04-22 15:10:00+00:00,presentValue,analogInput_202,analogInput,,,,,74.51358,,,,,,,,,
2026-04-22 15:11:00+00:00,presentValue,analogInput_202,analogInput,,,,,75.670555,,,,,,,,,
2026-04-22 15:12:00+00:00,presentValue,analogInput_202,analogInput,,,,,76.81184,,,,,,,,,
2026-04-22 15:13:00+00:00,presentValue,analogInput_202,analogInput,,,,,78.00019,,,,,,,,,
2026-04-22 15:14:00+00:00,presentValue,analogInput_202,analogInput,,,,,79.168915,,,,,,,,,
2026-04-22 15:15:00+00:00,presentValue,analogInput_202,analogInput,,,,,80.35334,,,,,,,,,
2026-04-22 15:16:00+00:00,presentValue,analogInput_202,analogInput,,,,,81.541695,,,,,,,,,
2026-04-22 15:17:00+00:00,presentValue,analogInput_202,analogInput,,,,,82.730034,,,,,,,,,
2026-04-22 15:18:00+00:00,presentValue,analogInput_202,analogInput,,,,,83.9576,,,,,,,,,
2026-04-22 15:19:00+00:00,presentValue,analogInput_202,analogInput,,,,,85.157715,,,,,,,,,
2026-04-22 15:20:00+00:00,presentValue,analogInput_202,analogInput,,,,,86.30685,,,,,,,,,
2026-04-22 15:21:00+00:00,presentValue,analogInput_202,analogInput,,,,,87.463806,,,,,,,,,
2026-04-22 15:22:00+00:00,presentValue,analogInput_202,analogInput,,,,,88.67177,,,,,,,,,
2026-04-22 15:23:00+00:00,presentValue,analogInput_202,analogInput,,,,,89.85227,,,,,,,,,
2026-04-22 15:24:00+00:00,presentValue,analogInput_202,analogInput,,,,,91.02885,,,,,,,,,
2026-04-22 15:25:00+00:00,presentValue,analogInput_202,analogInput,,,,,92.16621,,,,,,,,,
2026-04-22 15:26:00+00:00,presentValue,analogInput_202,analogInput,,,,,93.33887,,,,,,,,,
2026-04-22 15:27:00+00:00,presentValue,analogInput_202,analogInput,,,,,94.507614,,,,,,,,,
2026-04-22 15:28:00+00:00,presentValue,analogInput_202,analogInput,,,,,95.26062,,,,,,,,,
2026-04-22 15:29:00+00:00,presentValue,analogInput_202,analogInput,,,,,95.950874,,,,,,,,,
2026-04-22 15:30:00+00:00,presentValue,analogInput_202,analogInput,,,,,97.072556,,,,,,,,,
2026-04-22 15:31:00+00:00,presentValue,analogInput_202,analogInput,,,,,97.551025,,,,,,,,,
2026-04-22 15:32:00+00:00,presentValue,analogInput_202,analogInput,,,,,98.76683,,,,,,,,,
2026-04-22 15:33:00+00:00,presentValue,analogInput_202,analogInput,,,,,99.661026,,,,,,,,,
2026-04-22 15:34:00+00:00,presentValue,analogInput_202,analogInput,,,,,100.770935,,,,,,,,,
2026-04-22 15:35:00+00:00,presentValue,analogInput_202,analogInput,,,,,101.7828,,,,,,,,,
2026-04-22 15:36:00+00:00,presentValue,analogInput_202,analogInput,,,,,102.87701,,,,,,,,,
2026-04-22 15:37:00+00:00,presentValue,analogInput_202,analogInput,,,,,103.959465,,,,,,,,,
2026-04-22 15:38:00+00:00,presentValue,analogInput_202,analogInput,,,,,105.08114,,,,,,,,,
2026-04-22 15:39:00+00:00,presentValue,analogInput_202,analogInput,,,,,106.20282,,,,,,,,,
2026-04-22 15:40:00+00:00,presentValue,analogInput_202,analogInput,,,,,107.34802,,,,,,,,,
2026-04-22 15:41:00+00:00,presentValue,analogInput_202,analogInput,,,,,108.430466,,,,,,,,,
2026-04-22 15:42:00+00:00,presentValue,analogInput_202,analogInput,,,,,109.548225,,,,,,,,,
2026-04-22 15:43:00+00:00,presentValue,analogInput_202,analogInput,,,,,110.70912,,,,,,,,,
2026-04-22 15:44:00+00:00,presentValue,analogInput_202,analogInput,,,,,111.83864,,,,,,,,,
2026-04-22 15:45:00+00:00,presentValue,analogInput_202,analogInput,,,,,112.97207,,,,,,,,,
2026-04-22 15:46:00+00:00,presentValue,analogInput_202,analogInput,,,,,114.20356,,,,,,,,,
2026-04-22 15:47:00+00:00,presentValue,analogInput_202,analogInput,,,,,115.2821,,,,,,,,,
2026-04-22 15:48:00+00:00,presentValue,analogInput_202,analogInput,,,,,116.36847,,,,,,,,,
2026-04-22 15:49:00+00:00,presentValue,analogInput_202,analogInput,,,,,117.49407,,,,,,,,,
2026-04-22 15:50:00+00:00,presentValue,analogInput_202,analogInput,,,,,118.58044,,,,,,,,,
2026-04-22 15:51:00+00:00,presentValue,analogInput_202,analogInput,,,,,119.69427,,,,,,,,,
2026-04-22 15:52:00+00:00,presentValue,analogInput_202,analogInput,,,,,120.800255,,,,,,,,,
2026-04-22 15:53:00+00:00,presentValue,analogInput_202,analogInput,,,,,121.84741,,,,,,,,,
2026-04-22 15:54:00+00:00,presentValue,analogInput_202,analogInput,,,,,122.92987,,,,,,,,,
2026-04-22 15:55:00+00:00,presentValue,analogInput_202,analogInput,,,,,124.04369,,,,,,,,,
2026-04-22 15:56:00+00:00,presentValue,analogInput_202,analogInput,,,,,125.11046,,,,,,,,,
2026-04-22 15:57:00+00:00,presentValue,analogInput_202,analogInput,,,,,126.20076,,,,,,,,,
2026-04-22 15:58:00+00:00,presentValue,analogInput_202,analogInput,,,,,127.298904,,,,,,,,,
2026-04-22 15:59:00+00:00,presentValue,analogInput_202,analogInput,,,,,128.35391,,,,,,,,,
2026-04-22 16:00:00+00:00,presentValue,analogInput_202,analogInput,,,,,129.27948,,,,,,,,,
2026-04-22 16:01:00+00:00,presentValue,analogInput_202,analogInput,,,,,130.07956,,,,,,,,,
2026-04-22 16:02:00+00:00,presentValue,analogInput_202,analogInput,,,,,130.8561,,,,,,,,,
2026-04-22 16:03:00+00:00,presentValue,analogInput_202,analogInput,,,,,131.20515,,,,,,,,,
2026-04-22 16:04:00+00:00,presentValue,analogInput_202,analogInput,,,,,131.38164,,,,,,,,,
2026-04-22 16:05:00+00:00,presentValue,analogInput_202,analogInput,,,,,131.44046,,,,,,,,,
2026-04-22 16:06:00+00:00,presentValue,analogInput_202,analogInput,,,,,131.4836,,,,,,,,,
2026-04-22 16:07:00+00:00,presentValue,analogInput_202,analogInput,,,,,131.48752,,,,,,,,,
2026-04-22 16:08:00+00:00,presentValue,analogInput_202,analogInput,,,,,131.55028,,,,,,,,,
2026-04-22 16:09:00+00:00,presentValue,analogInput_202,analogInput,,,,,131.52283,,,,,,,,,
2026-04-22 16:10:00+00:00,presentValue,analogInput_202,analogInput,,,,,131.52283,,,,,,,,,
2026-04-22 16:11:00+00:00,presentValue,analogInput_202,analogInput,,,,,131.53851,,,,,,,,,
2026-04-22 16:12:00+00:00,presentValue,analogInput_202,analogInput,,,,,131.56596,,,,,,,,,
2026-04-22 16:13:00+00:00,presentValue,analogInput_202,analogInput,,,,,131.56596,,,,,,,,,
2026-04-22 16:14:00+00:00,presentValue,analogInput_202,analogInput,,,,,131.62872,,,,,,,,,
2026-04-22 16:15:00+00:00,presentValue,analogInput_202,analogInput,,,,,131.67186,,,,,,,,,
2026-04-22 16:16:00+00:00,presentValue,analogInput_202,analogInput,,,,,131.7346,,,,,,,,,
2026-04-22 16:17:00+00:00,presentValue,analogInput_202,analogInput,,,,,131.74637,,,,,,,,,
2026-04-22 16:18:00+00:00,presentValue,analogInput_202,analogInput,,,,,131.77383,,,,,,,,,
2026-04-22 16:19:00+00:00,presentValue,analogInput_202,analogInput,,,,,131.79736,,,,,,,,,
2026-04-22 16:20:00+00:00,presentValue,analogInput_202,analogInput,,,,,131.79344,,,,,,,,,
2026-04-22 16:21:00+00:00,presentValue,analogInput_202,analogInput,,,,,131.82089,,,,,,,,,
2026-04-22 16:22:00+00:00,presentValue,analogInput_202,analogInput,,,,,131.82089,,,,,,,,,
2026-04-22 16:23:00+00:00,presentValue,analogInput_202,analogInput,,,,,131.8052,,,,,,,,,
2026-04-22 16:24:00+00:00,presentValue,analogInput_202,analogInput,,,,,131.86795,,,,,,,,,
2026-04-22 16:25:00+00:00,presentValue,analogInput_202,analogInput,,,,,131.8915,,,,,,,,,
2026-04-22 16:26:00+00:00,presentValue,analogInput_202,analogInput,,,,,130.86002,,,,,,,,,
2026-04-22 16:27:00+00:00,presentValue,analogInput_202,analogInput,,,,,131.40909,,,,,,,,,
2026-04-22 16:28:00+00:00,presentValue,analogInput_202,analogInput,,,,,130.65608,,,,,,,,,
2026-04-22 16:29:00+00:00,presentValue,analogInput_202,analogInput,,,,,131.47968,,,,,,,,,
2026-04-22 16:30:00+00:00,presentValue,analogInput_202,analogInput,,,,,131.72284,,,,,,,,,
2026-04-22 16:31:00+00:00,presentValue,analogInput_202,analogInput,,,,,131.87973,,,,,,,,,
2026-04-22 16:32:00+00:00,presentValue,analogInput_202,analogInput,,,,,131.92679,,,,,,,,,
2026-04-22 16:33:00+00:00,presentValue,analogInput_202,analogInput,,,,,131.92679,,,,,,,,,
2026-04-22 16:34:00+00:00,presentValue,analogInput_202,analogInput,,,,,131.93463,,,,,,,,,
2026-04-22 16:35:00+00:00,presentValue,analogInput_202,analogInput,,,,,131.97385,,,,,,,,,
2026-04-22 16:36:00+00:00,presentValue,analogInput_202,analogInput,,,,,131.9464,,,,,,,,,
2026-04-22 16:37:00+00:00,presentValue,analogInput_202,analogInput,,,,,131.7503,,,,,,,,,
2026-04-22 16:38:00+00:00,presentValue,analogInput_202,analogInput,,,,,131.15417,,,,,,,,,
2026-04-22 16:39:00+00:00,presentValue,analogInput_202,analogInput,,,,,131.02475,,,,,,,,,
2026-04-22 16:40:00+00:00,presentValue,analogInput_202,analogInput,,,,,131.33456,,,,,,,,,
2026-04-22 16:41:00+00:00,presentValue,analogInput_202,analogInput,,,,,131.66402,,,,,,,,,
2026-04-22 16:42:00+00:00,presentValue,analogInput_202,analogInput,,,,,131.85226,,,,,,,,,
2026-04-22 16:43:00+00:00,presentValue,analogInput_202,analogInput,,,,,131.89542,,,,,,,,,
2026-04-22 16:44:00+00:00,presentValue,analogInput_202,analogInput,,,,,131.11102,,,,,,,,,
2026-04-22 16:45:00+00:00,presentValue,analogInput_202,analogInput,,,,,131.7346,,,,,,,,,
2026-04-22 16:46:00+00:00,presentValue,analogInput_202,analogInput,,,,,131.52283,,,,,,,,,
2026-04-22 16:47:00+00:00,presentValue,analogInput_202,analogInput,,,,,131.81697,,,,,,,,,
2026-04-22 16:48:00+00:00,presentValue,analogInput_202,analogInput,,,,,131.93463,,,,,,,,,
2026-04-22 16:49:00+00:00,presentValue,analogInput_202,analogInput,,,,,131.97385,,,,,,,,,
2026-04-22 16:50:00+00:00,presentValue,analogInput_202,analogInput,,,,,132.04445,,,,,,,,,
2026-04-22 16:51:00+00:00,presentValue,analogInput_202,analogInput,,,,,132.06013,,,,,,,,,
2026-04-22 16:52:00+00:00,presentValue,analogInput_202,analogInput,,,,,132.0719,,,,,,,,,
2026-04-22 16:53:00+00:00,presentValue,analogInput_202,analogInput,,,,,131.83266,,,,,,,,,
2026-04-22 16:54:00+00:00,presentValue,analogInput_202,analogInput,,,,,131.24045,,,,,,,,,
2026-04-22 16:55:00+00:00,presentValue,analogInput_202,analogInput,,,,,130.55803,,,,,,,,,
2026-04-22 16:56:00+00:00,presentValue,analogInput_202,analogInput,,,,,130.98944,,,,,,,,,
2026-04-22 16:57:00+00:00,presentValue,analogInput_202,analogInput,,,,,130.45213,,,,,,,,,
2026-04-22 16:58:00+00:00,presentValue,analogInput_202,analogInput,,,,,131.45615,,,,,,,,,
2026-04-22 16:59:00+00:00,presentValue,analogInput_202,analogInput,,,,,131.81697,,,,,,,,,
2026-04-22 17:00:00+00:00,presentValue,analogInput_202,analogInput,,,,,132.00523,,,,,,,,,
2026-04-22 17:01:00+00:00,presentValue,analogInput_202,analogInput,,,,,132.04053,,,,,,,,,
2026-04-22 17:02:00+00:00,presentValue,analogInput_202,analogInput,,,,,132.07582,,,,,,,,,
2026-04-22 17:03:00+00:00,presentValue,analogInput_202,analogInput,,,,,132.12288,,,,,,,,,
2026-04-22 17:04:00+00:00,presentValue,analogInput_202,analogInput,,,,,132.11111,,,,,,,,,
2026-04-22 17:05:00+00:00,presentValue,analogInput_202,analogInput,,,,,132.11896,,,,,,,,,
2026-04-22 17:06:00+00:00,presentValue,analogInput_202,analogInput,,,,,132.20917,,,,,,,,,
2026-04-22 17:07:00+00:00,presentValue,analogInput_202,analogInput,,,,,132.21309,,,,,,,,,
2026-04-22 17:08:00+00:00,presentValue,analogInput_202,analogInput,,,,,132.00131,,,,,,,,,
2026-04-22 17:09:00+00:00,presentValue,analogInput_202,analogInput,,,,,131.27182,,,,,,,,,
2026-04-22 17:10:00+00:00,presentValue,analogInput_202,analogInput,,,,,131.35025,,,,,,,,,
2026-04-22 17:11:00+00:00,presentValue,analogInput_202,analogInput,,,,,131.4483,,,,,,,,,
2026-04-22 17:12:00+00:00,presentValue,analogInput_202,analogInput,,,,,131.83266,,,,,,,,,
2026-04-22 17:13:00+00:00,presentValue,analogInput_202,analogInput,,,,,132.00916,,,,,,,,,
2026-04-22 17:14:00+00:00,presentValue,analogInput_202,analogInput,,,,,132.05229,,,,,,,,,
2026-04-22 17:15:00+00:00,presentValue,analogInput_202,analogInput,,,,,132.1072,,,,,,,,,
2026-04-22 17:16:00+00:00,presentValue,analogInput_202,analogInput,,,,,132.09543,,,,,,,,,
2026-04-22 17:17:00+00:00,presentValue,analogInput_202,analogInput,,,,,131.95032,,,,,,,,,
2026-04-22 17:18:00+00:00,presentValue,analogInput_202,analogInput,,,,,131.213,,,,,,,,,
2026-04-22 17:19:00+00:00,presentValue,analogInput_202,analogInput,,,,,131.14632,,,,,,,,,
2026-04-22 17:20:00+00:00,presentValue,analogInput_202,analogInput,,,,,131.19339,,,,,,,,,
2026-04-22 17:21:00+00:00,presentValue,analogInput_202,analogInput,,,,,131.64049,,,,,,,,,
2026-04-22 17:22:00+00:00,presentValue,analogInput_202,analogInput,,,,,131.82481,,,,,,,,,
2026-04-22 17:23:00+00:00,presentValue,analogInput_202,analogInput,,,,,131.91502,,,,,,,,,
2026-04-22 17:24:00+00:00,presentValue,analogInput_202,analogInput,,,,,131.95032,,,,,,,,,
2026-04-22 17:25:00+00:00,presentValue,analogInput_202,analogInput,,,,,131.96992,,,,,,,,,
2026-04-22 17:26:00+00:00,presentValue,analogInput_202,analogInput,,,,,131.96208,,,,,,,,,
2026-04-22 17:27:00+00:00,presentValue,analogInput_202,analogInput,,,,,130.91885,,,,,,,,,
2026-04-22 17:28:00+00:00,presentValue,analogInput_202,analogInput,,,,,131.4993,,,,,,,,,
2026-04-22 17:29:00+00:00,presentValue,analogInput_202,analogInput,,,,,130.28741,,,,,,,,,
2026-04-22 17:30:00+00:00,presentValue,analogInput_202,analogInput,,,,,131.29536,,,,,,,,,
2026-04-22 17:31:00+00:00,presentValue,analogInput_202,analogInput,,,,,131.29536,,,,,,,,,
2026-04-22 17:32:00+00:00,presentValue,analogInput_202,analogInput,,,,,131.66794,,,,,,,,,
2026-04-22 17:33:00+00:00,presentValue,analogInput_202,analogInput,,,,,131.79736,,,,,,,,,
2026-04-22 17:34:00+00:00,presentValue,analogInput_202,analogInput,,,,,131.77383,,,,,,,,,
2026-04-22 17:35:00+00:00,presentValue,analogInput_202,analogInput,,,,,131.79736,,,,,,,,,
2026-04-22 17:36:00+00:00,presentValue,analogInput_202,analogInput,,,,,131.87973,,,,,,,,,
2026-04-22 17:37:00+00:00,presentValue,analogInput_202,analogInput,,,,,131.84834,,,,,,,,,
2026-04-22 17:38:00+00:00,presentValue,analogInput_202,analogInput,,,,,131.89934,,,,,,,,,
2026-04-22 17:39:00+00:00,presentValue,analogInput_202,analogInput,,,,,131.8758,,,,,,,,,
2026-04-22 17:40:00+00:00,presentValue,analogInput_202,analogInput,,,,,131.85226,,,,,,,,,
2026-04-22 17:41:00+00:00,presentValue,analogInput_202,analogInput,,,,,130.73451,,,,,,,,,
2026-04-22 17:42:00+00:00,presentValue,analogInput_202,analogInput,,,,,131.42477,,,,,,,,,
2026-04-22 17:43:00+00:00,presentValue,analogInput_202,analogInput,,,,,130.35802,,,,,,,,,
2026-04-22 17:44:00+00:00,presentValue,analogInput_202,analogInput,,,,,131.18947,,,,,,,,,
2026-04-22 17:45:00+00:00,presentValue,analogInput_202,analogInput,,,,,131.29536,,,,,,,,,
2026-04-22 17:46:00+00:00,presentValue,analogInput_202,analogInput,,,,,131.68362,,,,,,,,,
2026-04-22 17:47:00+00:00,presentValue,analogInput_202,analogInput,,,,,131.81305,,,,,,,,,
2026-04-22 17:48:00+00:00,presentValue,analogInput_202,analogInput,,,,,131.87187,,,,,,,,,
2026-04-22 17:49:00+00:00,presentValue,analogInput_202,analogInput,,,,,131.91502,,,,,,,,,
2026-04-22 17:50:00+00:00,presentValue,analogInput_202,analogInput,,,,,131.93071,,,,,,,,,
2026-04-22 17:51:00+00:00,presentValue,analogInput_202,analogInput,,,,,131.91502,,,,,,,,,
2026-04-22 17:52:00+00:00,presentValue,analogInput_202,analogInput,,,,,131.92679,,,,,,,,,
2026-04-22 17:53:00+00:00,presentValue,analogInput_202,analogInput,,,,,131.98953,,,,,,,,,
2026-04-22 17:54:00+00:00,presentValue,analogInput_202,analogInput,,,,,131.41301,,,,,,,,,
2026-04-22 17:55:00+00:00,presentValue,analogInput_202,analogInput,,,,,130.24036,,,,,,,,,
2026-04-22 17:56:00+00:00,presentValue,analogInput_202,analogInput,,,,,121.008125,,,,,,,,,
2026-04-22 17:57:00+00:00,presentValue,analogInput_202,analogInput,,,,,125.60855,,,,,,,,,
2026-04-22 17:58:00+00:00,presentValue,analogInput_202,analogInput,,,,,124.18488,,,,,,,,,
2026-04-22 17:59:00+00:00,presentValue,analogInput_202,analogInput,,,,,126.03603,,,,,,,,,
2026-04-22 18:00:00+00:00,presentValue,analogInput_202,analogInput,,,,,121.99253,,,,,,,,,
2026-04-22 18:01:00+00:00,presentValue,analogInput_202,analogInput,,,,,123.94958,,,,,,,,,
2026-04-22 18:02:00+00:00,presentValue,analogInput_202,analogInput,,,,,122.65141,,,,,,,,,
2026-04-22 18:03:00+00:00,presentValue,analogInput_202,analogInput,,,,,124.08291,,,,,,,,,
2026-04-22 18:04:00+00:00,presentValue,analogInput_202,analogInput,,,,,124.40059,,,,,,,,,
2026-04-22 18:05:00+00:00,presentValue,analogInput_202,analogInput,,,,,125.37715,,,,,,,,,
2026-04-22 18:06:00+00:00,presentValue,analogInput_202,analogInput,,,,,126.00466,,,,,,,,,
2026-04-22 18:07:00+00:00,presentValue,analogInput_202,analogInput,,,,,126.82042,,,,,,,,,
2026-04-22 18:08:00+00:00,presentValue,analogInput_202,analogInput,,,,,127.50677,,,,,,,,,
2026-04-22 18:09:00+00:00,presentValue,analogInput_202,analogInput,,,,,128.26762,,,,,,,,,
2026-04-22 18:10:00+00:00,presentValue,analogInput_202,analogInput,,,,,129.00887,,,,,,,,,
2026-04-22 18:11:00+00:00,presentValue,analogInput_202,analogInput,,,,,129.76187,,,,,,,,,
2026-04-22 18:12:00+00:00,presentValue,analogInput_202,analogInput,,,,,130.27173,,,,,,,,,
2026-04-22 18:13:00+00:00,presentValue,analogInput_202,analogInput,,,,,130.84433,,,,,,,,,
2026-04-22 18:14:00+00:00,presentValue,analogInput_202,analogInput,,,,,131.2836,,,,,,,,,
2026-04-22 18:15:00+00:00,presentValue,analogInput_202,analogInput,,,,,131.62872,,,,,,,,,
2026-04-22 18:16:00+00:00,presentValue,analogInput_202,analogInput,,,,,131.75815,,,,,,,,,
2026-04-22 18:17:00+00:00,presentValue,analogInput_202,analogInput,,,,,131.79344,,,,,,,,,
2026-04-22 18:18:00+00:00,presentValue,analogInput_202,analogInput,,,,,131.81697,,,,,,,,,
2026-04-22 18:19:00+00:00,presentValue,analogInput_202,analogInput,,,,,131.89542,,,,,,,,,
2026-04-22 18:20:00+00:00,presentValue,analogInput_202,analogInput,,,,,131.99345,,,,,,,,,
2026-04-22 18:21:00+00:00,presentValue,analogInput_202,analogInput,,,,,132.00523,,,,,,,,,
2026-04-22 18:22:00+00:00,presentValue,analogInput_202,analogInput,,,,,131.99345,,,,,,,,,
2026-04-22 18:23:00+00:00,presentValue,analogInput_202,analogInput,,,,,131.96992,,,,,,,,,
2026-04-22 18:24:00+00:00,presentValue,analogInput_202,analogInput,,,,,131.96992,,,,,,,,,
2026-04-22 18:25:00+00:00,presentValue,analogInput_202,analogInput,,,,,132.02092,,,,,,,,,
2026-04-22 18:26:00+00:00,presentValue,analogInput_202,analogInput,,,,,132.06013,,,,,,,,,
2026-04-22 18:27:00+00:00,presentValue,analogInput_202,analogInput,,,,,132.05229,,,,,,,,,
2026-04-22 18:28:00+00:00,presentValue,analogInput_202,analogInput,,,,,132.06798,,,,,,,,,
2026-04-22 18:29:00+00:00,presentValue,analogInput_202,analogInput,,,,,132.017,,,,,,,,,
2026-04-22 18:30:00+00:00,presentValue,analogInput_202,analogInput,,,,,132.07582,,,,,,,,,
2026-04-22 18:31:00+00:00,presentValue,analogInput_202,analogInput,,,,,132.06406,,,,,,,,,
2026-04-22 18:32:00+00:00,presentValue,analogInput_202,analogInput,,,,,132.05621,,,,,,,,,
2026-04-22 18:33:00+00:00,presentValue,analogInput_202,analogInput,,,,,131.97385,,,,,,,,,
2026-04-22 18:34:00+00:00,presentValue,analogInput_202,analogInput,,,,,132.01308,,,,,,,,,
2026-04-22 18:35:00+00:00,presentValue,analogInput_202,analogInput,,,,,131.19731,,,,,,,,,
2026-04-22 18:36:00+00:00,presentValue,analogInput_202,analogInput,,,,,131.74637,,,,,,,,,
2026-04-22 18:37:00+00:00,presentValue,analogInput_202,analogInput,,,,,130.73059,,,,,,,,,
2026-04-22 18:38:00+00:00,presentValue,analogInput_202,analogInput,,,,,131.35417,,,,,,,,,
2026-04-22 18:39:00+00:00,presentValue,analogInput_202,analogInput,,,,,131.27576,,,,,,,,,
2026-04-22 18:40:00+00:00,presentValue,analogInput_202,analogInput,,,,,131.5738,,,,,,,,,
2026-04-22 18:41:00+00:00,presentValue,analogInput_202,analogInput,,,,,131.65617,,,,,,,,,
2026-04-22 18:42:00+00:00,presentValue,analogInput_202,analogInput,,,,,131.76207,,,,,,,,,
2026-04-22 18:43:00+00:00,presentValue,analogInput_202,analogInput,,,,,131.86795,,,,,,,,,
2026-04-22 18:44:00+00:00,presentValue,analogInput_202,analogInput,,,,,131.91502,,,,,,,,,
2026-04-22 18:45:00+00:00,presentValue,analogInput_202,analogInput,,,,,131.966,,,,,,,,,
2026-04-22 18:46:00+00:00,presentValue,analogInput_202,analogInput,,,,,131.97385,,,,,,,,,
2026-04-22 18:47:00+00:00,presentValue,analogInput_202,analogInput,,,,,131.96992,,,,,,,,,
2026-04-22 18:48:00+00:00,presentValue,analogInput_202,analogInput,,,,,131.966,,,,,,,,,
2026-04-22 18:49:00+00:00,presentValue,analogInput_202,analogInput,,,,,131.966,,,,,,,,,
2026-04-22 18:50:00+00:00,presentValue,analogInput_202,analogInput,,,,,132.017,,,,,,,,,
2026-04-22 18:51:00+00:00,presentValue,analogInput_202,analogInput,,,,,132.01308,,,,,,,,,
2026-04-22 18:52:00+00:00,presentValue,analogInput_202,analogInput,,,,,131.99738,,,,,,,,,
2026-04-22 18:53:00+00:00,presentValue,analogInput_202,analogInput,,,,,131.97385,,,,,,,,,
2026-04-22 18:54:00+00:00,presentValue,analogInput_202,analogInput,,,,,131.20123,,,,,,,,,
2026-04-22 18:55:00+00:00,presentValue,analogInput_202,analogInput,,,,,131.24437,,,,,,,,,
2026-04-22 18:56:00+00:00,presentValue,analogInput_202,analogInput,,,,,130.46782,,,,,,,,,
2026-04-22 18:57:00+00:00,presentValue,analogInput_202,analogInput,,,,,130.84041,,,,,,,,,
2026-04-22 18:58:00+00:00,presentValue,analogInput_202,analogInput,,,,,130.86394,,,,,,,,,
2026-04-22 18:59:00+00:00,presentValue,analogInput_202,analogInput,,,,,131.00513,,,,,,,,,
2026-04-22 19:00:00+00:00,presentValue,analogInput_202,analogInput,,,,,131.12279,,,,,,,,,
2026-04-22 19:01:00+00:00,presentValue,analogInput_202,analogInput,,,,,131.18163,,,,,,,,,
2026-04-22 19:02:00+00:00,presentValue,analogInput_202,analogInput,,,,,131.2679,,,,,,,,,
2026-04-22 19:03:00+00:00,presentValue,analogInput_202,analogInput,,,,,131.22476,,,,,,,,,
2026-04-22 19:04:00+00:00,presentValue,analogInput_202,analogInput,,,,,131.29144,,,,,,,,,
2026-04-22 19:05:00+00:00,presentValue,analogInput_202,analogInput,,,,,131.27968,,,,,,,,,
2026-04-22 19:06:00+00:00,presentValue,analogInput_202,analogInput,,,,,131.31888,,,,,,,,,
2026-04-22 19:07:00+00:00,presentValue,analogInput_202,analogInput,,,,,131.2679,,,,,,,,,
2026-04-22 19:08:00+00:00,presentValue,analogInput_202,analogInput,,,,,131.26398,,,,,,,,,
2026-04-22 19:09:00+00:00,presentValue,analogInput_202,analogInput,,,,,131.18555,,,,,,,,,
2026-04-22 19:10:00+00:00,presentValue,analogInput_202,analogInput,,,,,131.15417,,,,,,,,,
2026-04-22 19:11:00+00:00,presentValue,analogInput_202,analogInput,,,,,131.06396,,,,,,,,,
2026-04-22 19:12:00+00:00,presentValue,analogInput_202,analogInput,,,,,130.99336,,,,,,,,,
2026-04-22 19:13:00+00:00,presentValue,analogInput_202,analogInput,,,,,130.91493,,,,,,,,,
2026-04-22 19:14:00+00:00,presentValue,analogInput_202,analogInput,,,,,130.83649,,,,,,,,,
2026-04-22 19:15:00+00:00,presentValue,analogInput_202,analogInput,,,,,130.7502,,,,,,,,,
2026-04-22 19:16:00+00:00,presentValue,analogInput_202,analogInput,,,,,130.68353,,,,,,,,,
2026-04-22 19:17:00+00:00,presentValue,analogInput_202,analogInput,,,,,130.58156,,,,,,,,,
2026-04-22 19:18:00+00:00,presentValue,analogInput_202,analogInput,,,,,129.54617,,,,,,,,,
2026-04-22 19:19:00+00:00,presentValue,analogInput_202,analogInput,,,,,130.10309,,,,,,,,,
2026-04-22 19:20:00+00:00,presentValue,analogInput_202,analogInput,,,,,128.33037,,,,,,,,,
2026-04-22 19:21:00+00:00,presentValue,analogInput_202,analogInput,,,,,129.20497,,,,,,,,,
2026-04-22 19:22:00+00:00,presentValue,analogInput_202,analogInput,,,,,128.56175,,,,,,,,,
2026-04-22 19:23:00+00:00,presentValue,analogInput_202,analogInput,,,,,129.14221,,,,,,,,,
2026-04-22 19:24:00+00:00,presentValue,analogInput_202,analogInput,,,,,128.85199,,,,,,,,,
2026-04-22 19:25:00+00:00,presentValue,analogInput_202,analogInput,,,,,129.15398,,,,,,,,,
2026-04-22 19:26:00+00:00,presentValue,analogInput_202,analogInput,,,,,129.07162,,,,,,,,,
2026-04-22 19:27:00+00:00,presentValue,analogInput_202,analogInput,,,,,129.25987,,,,,,,,,
2026-04-22 19:28:00+00:00,presentValue,analogInput_202,analogInput,,,,,129.21674,,,,,,,,,
2026-04-22 19:29:00+00:00,presentValue,analogInput_202,analogInput,,,,,129.30301,,,,,,,,,
2026-04-22 19:30:00+00:00,presentValue,analogInput_202,analogInput,,,,,129.29517,,,,,,,,,
2026-04-22 19:31:00+00:00,presentValue,analogInput_202,analogInput,,,,,129.3187,,,,,,,,,
2026-04-22 19:32:00+00:00,presentValue,analogInput_202,analogInput,,,,,129.34224,,,,,,,,,
2026-04-22 19:33:00+00:00,presentValue,analogInput_202,analogInput,,,,,129.30693,,,,,,,,,
2026-04-22 19:34:00+00:00,presentValue,analogInput_202,analogInput,,,,,129.30693,,,,,,,,,
2026-04-22 19:35:00+00:00,presentValue,analogInput_202,analogInput,,,,,129.28732,,,,,,,,,
2026-04-22 19:36:00+00:00,presentValue,analogInput_202,analogInput,,,,,129.23634,,,,,,,,,
2026-04-22 19:37:00+00:00,presentValue,analogInput_202,analogInput,,,,,129.23242,,,,,,,,,
2026-04-22 19:38:00+00:00,presentValue,analogInput_202,analogInput,,,,,129.20105,,,,,,,,,
2026-04-22 19:39:00+00:00,presentValue,analogInput_202,analogInput,,,,,129.16182,,,,,,,,,
2026-04-22 19:40:00+00:00,presentValue,analogInput_202,analogInput,,,,,129.07947,,,,,,,,,
2026-04-22 19:41:00+00:00,presentValue,analogInput_202,analogInput,,,,,129.02455,,,,,,,,,
2026-04-22 19:42:00+00:00,presentValue,analogInput_202,analogInput,,,,,128.98141,,,,,,,,,
2026-04-22 19:43:00+00:00,presentValue,analogInput_202,analogInput,,,,,128.8912,,,,,,,,,
2026-04-22 19:44:00+00:00,presentValue,analogInput_202,analogInput,,,,,128.79315,,,,,,,,,
2026-04-22 19:45:00+00:00,presentValue,analogInput_202,analogInput,,,,,128.67157,,,,,,,,,
2026-04-22 19:46:00+00:00,presentValue,analogInput_202,analogInput,,,,,128.57353,,,,,,,,,
2026-04-22 19:47:00+00:00,presentValue,analogInput_202,analogInput,,,,,128.45195,,,,,,,,,
2026-04-22 19:48:00+00:00,presentValue,analogInput_202,analogInput,,,,,128.31076,,,,,,,,,
2026-04-22 19:49:00+00:00,presentValue,analogInput_202,analogInput,,,,,128.1382,,,,,,,,,
2026-04-22 19:50:00+00:00,presentValue,analogInput_202,analogInput,,,,,127.97347,,,,,,,,,
2026-04-22 19:51:00+00:00,presentValue,analogInput_202,analogInput,,,,,127.82052,,,,,,,,,
2026-04-22 19:52:00+00:00,presentValue,analogInput_202,analogInput,,,,,127.64011,,,,,,,,,
2026-04-22 19:53:00+00:00,presentValue,analogInput_202,analogInput,,,,,127.49108,,,,,,,,,
2026-04-22 19:54:00+00:00,presentValue,analogInput_202,analogInput,,,,,127.33028,,,,,,,,,
2026-04-22 19:55:00+00:00,presentValue,analogInput_202,analogInput,,,,,127.20085,,,,,,,,,
2026-04-22 19:56:00+00:00,presentValue,analogInput_202,analogInput,,,,,127.012596,,,,,,,,,
2026-04-22 19:57:00+00:00,presentValue,analogInput_202,analogInput,,,,,126.85964,,,,,,,,,
2026-04-22 19:58:00+00:00,presentValue,analogInput_202,analogInput,,,,,126.671394,,,,,,,,,
2026-04-22 19:59:00+00:00,presentValue,analogInput_202,analogInput,,,,,126.45177,,,,,,,,,
2026-04-22 20:00:00+00:00,presentValue,analogInput_202,analogInput,,,,,126.275276,,,,,,,,,
2026-04-22 20:01:00+00:00,presentValue,analogInput_202,analogInput,,,,,126.08702,,,,,,,,,
2026-04-22 20:02:00+00:00,presentValue,analogInput_202,analogInput,,,,,125.894844,,,,,,,,,
2026-04-22 20:03:00+00:00,presentValue,analogInput_202,analogInput,,,,,125.74974,,,,,,,,,
2026-04-22 20:04:00+00:00,presentValue,analogInput_202,analogInput,,,,,125.5811,,,,,,,,,
2026-04-22 20:05:00+00:00,presentValue,analogInput_202,analogInput,,,,,125.45952,,,,,,,,,
2026-04-22 20:06:00+00:00,presentValue,analogInput_202,analogInput,,,,,125.275185,,,,,,,,,
2026-04-22 20:07:00+00:00,presentValue,analogInput_202,analogInput,,,,,125.07909,,,,,,,,,
2026-04-22 20:08:00+00:00,presentValue,analogInput_202,analogInput,,,,,124.93397,,,,,,,,,
2026-04-22 20:09:00+00:00,presentValue,analogInput_202,analogInput,,,,,124.7222,,,,,,,,,
2026-04-22 20:10:00+00:00,presentValue,analogInput_202,analogInput,,,,,124.537865,,,,,,,,,
2026-04-22 20:11:00+00:00,presentValue,analogInput_202,analogInput,,,,,124.329994,,,,,,,,,
2026-04-22 20:12:00+00:00,presentValue,analogInput_202,analogInput,,,,,124.14566,,,,,,,,,
2026-04-22 20:13:00+00:00,presentValue,analogInput_202,analogInput,,,,,123.92996,,,,,,,,,
2026-04-22 20:14:00+00:00,presentValue,analogInput_202,analogInput,,,,,123.769165,,,,,,,,,
2026-04-22 20:15:00+00:00,presentValue,analogInput_202,analogInput,,,,,123.55737,,,,,,,,,
2026-04-22 20:16:00+00:00,presentValue,analogInput_202,analogInput,,,,,123.35735,,,,,,,,,
2026-04-22 20:17:00+00:00,presentValue,analogInput_202,analogInput,,,,,123.12988,,,,,,,,,
2026-04-22 20:18:00+00:00,presentValue,analogInput_202,analogInput,,,,,122.89065,,,,,,,,,
2026-04-22 20:19:00+00:00,presentValue,analogInput_202,analogInput,,,,,121.9337,,,,,,,,,
2026-04-22 20:20:00+00:00,presentValue,analogInput_202,analogInput,,,,,122.0239,,,,,,,,,
2026-04-22 20:21:00+00:00,presentValue,analogInput_202,analogInput,,,,,120.05117,,,,,,,,,
2026-04-22 20:22:00+00:00,presentValue,analogInput_202,analogInput,,,,,120.56101,,,,,,,,,
2026-04-22 20:23:00+00:00,presentValue,analogInput_202,analogInput,,,,,119.61975,,,,,,,,,
2026-04-22 20:24:00+00:00,presentValue,analogInput_202,analogInput,,,,,119.831535,,,,,,,,,
2026-04-22 20:25:00+00:00,presentValue,analogInput_202,analogInput,,,,,119.23148,,,,,,,,,
2026-04-22 20:26:00+00:00,presentValue,analogInput_202,analogInput,,,,,119.235405,,,,,,,,,
2026-04-22 20:27:00+00:00,presentValue,analogInput_202,analogInput,,,,,118.83144,,,,,,,,,
2026-04-22 20:28:00+00:00,presentValue,analogInput_202,analogInput,,,,,118.6981,,,,,,,,,
2026-04-22 20:29:00+00:00,presentValue,analogInput_202,analogInput,,,,,118.36866,,,,,,,,,
2026-04-22 20:30:00+00:00,presentValue,analogInput_202,analogInput,,,,,118.211784,,,,,,,,,
2026-04-22 20:31:00+00:00,presentValue,analogInput_202,analogInput,,,,,117.925476,,,,,,,,,
2026-04-22 20:32:00+00:00,presentValue,analogInput_202,analogInput,,,,,117.72546,,,,,,,,,
2026-04-22 20:33:00+00:00,presentValue,analogInput_202,analogInput,,,,,117.41171,,,,,,,,,
2026-04-22 20:34:00+00:00,presentValue,analogInput_202,analogInput,,,,,117.20384,,,,,,,,,
2026-04-22 20:35:00+00:00,presentValue,analogInput_202,analogInput,,,,,116.91754,,,,,,,,,
2026-04-22 20:36:00+00:00,presentValue,analogInput_202,analogInput,,,,,116.70575,,,,,,,,,
2026-04-22 20:37:00+00:00,presentValue,analogInput_202,analogInput,,,,,116.474365,,,,,,,,,
2026-04-22 20:38:00+00:00,presentValue,analogInput_202,analogInput,,,,,116.22336,,,,,,,,,
2026-04-22 20:39:00+00:00,presentValue,analogInput_202,analogInput,,,,,115.94882,,,,,,,,,
2026-04-22 20:40:00+00:00,presentValue,analogInput_202,analogInput,,,,,115.70174,,,,,,,,,
2026-04-22 20:41:00+00:00,presentValue,analogInput_202,analogInput,,,,,115.43897,,,,,,,,,
2026-04-22 20:42:00+00:00,presentValue,analogInput_202,analogInput,,,,,115.15267,,,,,,,,,
2026-04-22 20:43:00+00:00,presentValue,analogInput_202,analogInput,,,,,114.893814,,,,,,,,,
2026-04-22 20:44:00+00:00,presentValue,analogInput_202,analogInput,,,,,114.65851,,,,,,,,,
2026-04-22 20:45:00+00:00,presentValue,analogInput_202,analogInput,,,,,114.37613,,,,,,,,,
2026-04-22 20:46:00+00:00,presentValue,analogInput_202,analogInput,,,,,114.09374,,,,,,,,,
2026-04-22 20:47:00+00:00,presentValue,analogInput_202,analogInput,,,,,113.819214,,,,,,,,,
2026-04-22 20:48:00+00:00,presentValue,analogInput_202,analogInput,,,,,113.56821,,,,,,,,,
2026-04-22 20:49:00+00:00,presentValue,analogInput_202,analogInput,,,,,113.2623,,,,,,,,,
2026-04-22 20:50:00+00:00,presentValue,analogInput_202,analogInput,,,,,112.92894,,,,,,,,,
2026-04-22 20:51:00+00:00,presentValue,analogInput_202,analogInput,,,,,112.60734,,,,,,,,,
2026-04-22 20:52:00+00:00,presentValue,analogInput_202,analogInput,,,,,112.31319,,,,,,,,,
2026-04-22 20:53:00+00:00,presentValue,analogInput_202,analogInput,,,,,111.97983,,,,,,,,,
2026-04-22 20:54:00+00:00,presentValue,analogInput_202,analogInput,,,,,111.66607,,,,,,,,,
2026-04-22 20:55:00+00:00,presentValue,analogInput_202,analogInput,,,,,111.38761,,,,,,,,,
2026-04-22 20:56:00+00:00,presentValue,analogInput_202,analogInput,,,,,111.06602,,,,,,,,,
2026-04-22 20:57:00+00:00,presentValue,analogInput_202,analogInput,,,,,110.69343,,,,,,,,,
2026-04-22 20:58:00+00:00,presentValue,analogInput_202,analogInput,,,,,110.32869,,,,,,,,,
2026-04-22 20:59:00+00:00,presentValue,analogInput_202,analogInput,,,,,109.89336,,,,,,,,,
2026-04-22 21:00:00+00:00,presentValue,analogInput_202,analogInput,,,,,109.48155,,,,,,,,,
2026-04-22 21:01:00+00:00,presentValue,analogInput_202,analogInput,,,,,109.03053,,,,,,,,,
2026-04-22 21:02:00+00:00,presentValue,analogInput_202,analogInput,,,,,108.603035,,,,,,,,,
2026-04-22 21:03:00+00:00,presentValue,analogInput_202,analogInput,,,,,108.183395,,,,,,,,,
2026-04-22 21:04:00+00:00,presentValue,analogInput_202,analogInput,,,,,107.78728,,,,,,,,,
2026-04-22 21:05:00+00:00,presentValue,analogInput_202,analogInput,,,,,107.38332,,,,,,,,,
2026-04-22 21:06:00+00:00,presentValue,analogInput_202,analogInput,,,,,106.94798,,,,,,,,,
2026-04-22 21:07:00+00:00,presentValue,analogInput_202,analogInput,,,,,106.51656,,,,,,,,,
2026-04-22 21:08:00+00:00,presentValue,analogInput_202,analogInput,,,,,106.12045,,,,,,,,,
2026-04-22 21:09:00+00:00,presentValue,analogInput_202,analogInput,,,,,105.70865,,,,,,,,,
2026-04-22 21:10:00+00:00,presentValue,analogInput_202,analogInput,,,,,105.30862,,,,,,,,,
2026-04-22 21:11:00+00:00,presentValue,analogInput_202,analogInput,,,,,104.896805,,,,,,,,,
2026-04-22 21:12:00+00:00,presentValue,analogInput_202,analogInput,,,,,104.5007,,,,,,,,,
2026-04-22 21:13:00+00:00,presentValue,analogInput_202,analogInput,,,,,104.09673,,,,,,,,,
2026-04-22 21:14:00+00:00,presentValue,analogInput_202,analogInput,,,,,103.712395,,,,,,,,,
2026-04-22 21:15:00+00:00,presentValue,analogInput_202,analogInput,,,,,103.32019,,,,,,,,,
2026-04-22 21:16:00+00:00,presentValue,analogInput_202,analogInput,,,,,102.9476,,,,,,,,,
2026-04-22 21:17:00+00:00,presentValue,analogInput_202,analogInput,,,,,102.58679,,,,,,,,,
2026-04-22 21:18:00+00:00,presentValue,analogInput_202,analogInput,,,,,102.20636,,,,,,,,,
2026-04-22 21:19:00+00:00,presentValue,analogInput_202,analogInput,,,,,101.81418,,,,,,,,,
2026-04-22 21:20:00+00:00,presentValue,analogInput_202,analogInput,,,,,101.41021,,,,,,,,,
2026-04-22 21:21:00+00:00,presentValue,analogInput_202,analogInput,,,,,101.01801,,,,,,,,,
2026-04-22 21:22:00+00:00,presentValue,analogInput_202,analogInput,,,,,100.61014,,,,,,,,,
2026-04-22 21:23:00+00:00,presentValue,analogInput_202,analogInput,,,,,100.21794,,,,,,,,,
2026-04-22 21:24:00+00:00,presentValue,analogInput_202,analogInput,,,,,99.81007,,,,,,,,,
2026-04-22 21:25:00+00:00,presentValue,analogInput_202,analogInput,,,,,99.429634,,,,,,,,,
2026-04-22 21:26:00+00:00,presentValue,analogInput_202,analogInput,,,,,99.06882,,,,,,,,,
2026-04-22 21:27:00+00:00,presentValue,analogInput_202,analogInput,,,,,98.69623,,,,,,,,,
2026-04-22 21:28:00+00:00,presentValue,analogInput_202,analogInput,,,,,98.01382,,,,,,,,,
2026-04-22 21:29:00+00:00,presentValue,analogInput_202,analogInput,,,,,96.73526,,,,,,,,,
2026-04-22 21:30:00+00:00,presentValue,analogInput_202,analogInput,,,,,95.5626,,,,,,,,,
2026-04-22 21:31:00+00:00,presentValue,analogInput_202,analogInput,,,,,94.872345,,,,,,,,,
2026-04-22 21:32:00+00:00,presentValue,analogInput_202,analogInput,,,,,93.6291,,,,,,,,,
2026-04-22 21:33:00+00:00,presentValue,analogInput_202,analogInput,,,,,93.22906,,,,,,,,,
2026-04-22 21:34:00+00:00,presentValue,analogInput_202,analogInput,,,,,92.31917,,,,,,,,,
2026-04-22 21:35:00+00:00,presentValue,analogInput_202,analogInput,,,,,91.63675,,,,,,,,,
2026-04-22 21:36:00+00:00,presentValue,analogInput_202,analogInput,,,,,90.9857,,,,,,,,,
2026-04-22 21:37:00+00:00,presentValue,analogInput_202,analogInput,,,,,90.71902,,,,,,,,,
2026-04-22 21:38:00+00:00,presentValue,analogInput_202,analogInput,,,,,90.32682,,,,,,,,,
2026-04-22 21:39:00+00:00,presentValue,analogInput_202,analogInput,,,,,89.577736,,,,,,,,,
2026-04-22 21:40:00+00:00,presentValue,analogInput_202,analogInput,,,,,89.162,,,,,,,,,
2026-04-22 21:41:00+00:00,presentValue,analogInput_202,analogInput,,,,,88.4992,,,,,,,,,
2026-04-22 21:42:00+00:00,presentValue,analogInput_202,analogInput,,,,,87.79718,,,,,,,,,
2026-04-22 21:43:00+00:00,presentValue,analogInput_202,analogInput,,,,,87.14222,,,,,,,,,
2026-04-22 21:44:00+00:00,presentValue,analogInput_202,analogInput,,,,,86.89121,,,,,,,,,
2026-04-22 21:45:00+00:00,presentValue,analogInput_202,analogInput,,,,,86.01662,,,,,,,,,
2026-04-22 21:46:00+00:00,presentValue,analogInput_202,analogInput,,,,,85.65972,,,,,,,,,
2026-04-22 21:47:00+00:00,presentValue,analogInput_202,analogInput,,,,,84.85964,,,,,,,,,
2026-04-22 21:48:00+00:00,presentValue,analogInput_202,analogInput,,,,,84.29881,,,,,,,,,
2026-04-22 21:49:00+00:00,presentValue,analogInput_202,analogInput,,,,,83.93407,,,,,,,,,
2026-04-22 21:50:00+00:00,presentValue,analogInput_202,analogInput,,,,,82.88299,,,,,,,,,
2026-04-22 21:51:00+00:00,presentValue,analogInput_202,analogInput,,,,,82.04369,,,,,,,,,
2026-04-22 21:52:00+00:00,presentValue,analogInput_202,analogInput,,,,,75.756836,,,,,,,,,
2026-04-22 21:53:00+00:00,presentValue,analogInput_202,analogInput,,,,,70.27789,,,,,,,,,
2026-04-22 21:54:00+00:00,presentValue,analogInput_202,analogInput,,,,,70.5642,,,,,,,,,
2026-04-22 21:55:00+00:00,presentValue,analogInput_202,analogInput,,,,,71.077965,,,,,,,,,
2026-04-22 21:56:00+00:00,presentValue,analogInput_202,analogInput,,,,,70.88971,,,,,,,,,
2026-04-22 21:57:00+00:00,presentValue,analogInput_202,analogInput,,,,,70.32496,,,,,,,,,
2026-04-22 21:58:00+00:00,presentValue,analogInput_202,analogInput,,,,,70.30142,,,,,,,,,
2026-04-22 21:59:00+00:00,presentValue,analogInput_202,analogInput,,,,,70.795586,,,,,,,,,
2026-04-22 22:00:00+00:00,presentValue,analogInput_202,analogInput,,,,,70.77597,,,,,,,,,
2026-04-22 22:01:00+00:00,presentValue,analogInput_202,analogInput,,,,,70.54851,,,,,,,,,
2026-04-22 22:02:00+00:00,presentValue,analogInput_202,analogInput,,,,,69.63862,,,,,,,,,
2026-04-22 22:03:00+00:00,presentValue,analogInput_202,analogInput,,,,,68.90521,,,,,,,,,
2026-04-22 22:04:00+00:00,presentValue,analogInput_202,analogInput,,,,,68.375755,,,,,,,,,
2026-04-22 22:05:00+00:00,presentValue,analogInput_202,analogInput,,,,,67.956116,,,,,,,,,
2026-04-22 22:06:00+00:00,presentValue,analogInput_202,analogInput,,,,,67.4541,,,,,,,,,
2026-04-22 22:07:00+00:00,presentValue,analogInput_202,analogInput,,,,,67.15995,,,,,,,,,
2026-04-22 22:08:00+00:00,presentValue,analogInput_202,analogInput,,,,,66.3638,,,,,,,,,
2026-04-22 22:09:00+00:00,presentValue,analogInput_202,analogInput,,,,,66.210846,,,,,,,,,
2026-04-22 22:10:00+00:00,presentValue,analogInput_202,analogInput,,,,,66.5952,,,,,,,,,
2026-04-22 22:11:00+00:00,presentValue,analogInput_202,analogInput,,,,,66.12456,,,,,,,,,
2026-04-22 22:12:00+00:00,presentValue,analogInput_202,analogInput,,,,,66.12456,,,,,,,,,
2026-04-22 22:13:00+00:00,presentValue,analogInput_202,analogInput,,,,,65.042114,,,,,,,,,
2026-04-22 22:14:00+00:00,presentValue,analogInput_202,analogInput,,,,,64.40675,,,,,,,,,
2026-04-22 22:15:00+00:00,presentValue,analogInput_202,analogInput,,,,,64.045944,,,,,,,,,
2026-04-22 22:16:00+00:00,presentValue,analogInput_202,analogInput,,,,,63.853764,,,,,,,,,
2026-04-22 22:17:00+00:00,presentValue,analogInput_202,analogInput,,,,,63.559616,,,,,,,,,
2026-04-22 22:18:00+00:00,presentValue,analogInput_202,analogInput,,,,,62.95172,,,,,,,,,
2026-04-22 22:19:00+00:00,presentValue,analogInput_202,analogInput,,,,,62.35559,,,,,,,,,
2026-04-22 22:20:00+00:00,presentValue,analogInput_202,analogInput,,,,,61.873184,,,,,,,,,
2026-04-22 22:21:00+00:00,presentValue,analogInput_202,analogInput,,,,,61.88103,,,,,,,,,
2026-04-22 22:22:00+00:00,presentValue,analogInput_202,analogInput,,,,,61.36726,,,,,,,,,
2026-04-22 22:23:00+00:00,presentValue,analogInput_202,analogInput,,,,,61.351574,,,,,,,,,
2026-04-22 22:24:00+00:00,presentValue,analogInput_202,analogInput,,,,,60.798573,,,,,,,,,
2026-04-22 22:25:00+00:00,presentValue,analogInput_202,analogInput,,,,,60.535812,,,,,,,,,
2026-04-22 22:26:00+00:00,presentValue,analogInput_202,analogInput,,,,,60.163223,,,,,,,,,
2026-04-22 22:27:00+00:00,presentValue,analogInput_202,analogInput,,,,,59.527874,,,,,,,,,
2026-04-22 22:28:00+00:00,presentValue,analogInput_202,analogInput,,,,,59.135674,,,,,,,,,
2026-04-22 22:29:00+00:00,presentValue,analogInput_202,analogInput,,,,,58.719955,,,,,,,,,
2026-04-22 22:30:00+00:00,presentValue,analogInput_202,analogInput,,,,,58.414043,,,,,,,,,
2026-04-22 22:31:00+00:00,presentValue,analogInput_202,analogInput,,,,,57.872807,,,,,,,,,
2026-04-22 22:32:00+00:00,presentValue,analogInput_202,analogInput,,,,,57.492386,,,,,,,,,
2026-04-22 22:33:00+00:00,presentValue,analogInput_202,analogInput,,,,,57.178627,,,,,,,,,
2026-04-22 22:34:00+00:00,presentValue,analogInput_202,analogInput,,,,,56.700157,,,,,,,,,
2026-04-22 22:35:00+00:00,presentValue,analogInput_202,analogInput,,,,,56.24521,,,,,,,,,
2026-04-22 22:36:00+00:00,presentValue,analogInput_202,analogInput,,,,,55.884396,,,,,,,,,
2026-04-22 22:37:00+00:00,presentValue,analogInput_202,analogInput,,,,,55.60986,,,,,,,,,
2026-04-22 22:38:00+00:00,presentValue,analogInput_202,analogInput,,,,,55.22158,,,,,,,,,
2026-04-22 22:39:00+00:00,presentValue,analogInput_202,analogInput,,,,,54.78233,,,,,,,,,
2026-04-22 22:40:00+00:00,presentValue,analogInput_202,analogInput,,,,,54.409744,,,,,,,,,
2026-04-22 22:41:00+00:00,presentValue,analogInput_202,analogInput,,,,,54.14698,,,,,,,,,
2026-04-22 22:42:00+00:00,presentValue,analogInput_202,analogInput,,,,,53.82538,,,,,,,,,
2026-04-22 22:43:00+00:00,presentValue,analogInput_202,analogInput,,,,,53.49201,,,,,,,,,
2026-04-22 22:44:00+00:00,presentValue,analogInput_202,analogInput,,,,,53.197872,,,,,,,,,
2026-04-22 22:45:00+00:00,presentValue,analogInput_202,analogInput,,,,,52.970398,,,,,,,,,
2026-04-22 22:46:00+00:00,presentValue,analogInput_202,analogInput,,,,,52.61742,,,,,,,,,
2026-04-22 22:47:00+00:00,presentValue,analogInput_202,analogInput,,,,,52.29975,,,,,,,,,
2026-04-22 22:48:00+00:00,presentValue,analogInput_202,analogInput,,,,,52.170326,,,,,,,,,
2026-04-22 22:49:00+00:00,presentValue,analogInput_202,analogInput,,,,,51.78989,,,,,,,,,
2026-04-22 22:50:00+00:00,presentValue,analogInput_202,analogInput,,,,,51.440834,,,,,,,,,
2026-04-22 22:51:00+00:00,presentValue,analogInput_202,analogInput,,,,,51.22906,,,,,,,,,
2026-04-22 22:52:00+00:00,presentValue,analogInput_202,analogInput,,,,,50.89177,,,,,,,,,
2026-04-22 22:53:00+00:00,presentValue,analogInput_202,analogInput,,,,,50.67998,,,,,,,,,
2026-04-22 22:54:00+00:00,presentValue,analogInput_202,analogInput,,,,,50.487816,,,,,,,,,
2026-04-22 22:55:00+00:00,presentValue,analogInput_202,analogInput,,,,,50.5584,,,,,,,,,
2026-04-22 22:56:00+00:00,presentValue,analogInput_202,analogInput,,,,,50.166214,,,,,,,,,
2026-04-22 22:57:00+00:00,presentValue,analogInput_202,analogInput,,,,,49.852455,,,,,,,,,
2026-04-22 22:58:00+00:00,presentValue,analogInput_202,analogInput,,,,,49.585766,,,,,,,,,
2026-04-22 22:59:00+00:00,presentValue,analogInput_202,analogInput,,,,,49.358295,,,,,,,,,
2026-04-22 23:00:00+00:00,presentValue,analogInput_202,analogInput,,,,,49.570076,,,,,,,,,
2026-04-22 11:01:00+00:00,presentValue,analogInput_203,analogInput,,,,,,39.843678,,,,,,,,
2026-04-22 11:02:00+00:00,presentValue,analogInput_203,analogInput,,,,,,39.80838,,,,,,,,
2026-04-22 11:03:00+00:00,presentValue,analogInput_203,analogInput,,,,,,39.777004,,,,,,,,
2026-04-22 11:04:00+00:00,presentValue,analogInput_203,analogInput,,,,,,39.741707,,,,,,,,
2026-04-22 11:05:00+00:00,presentValue,analogInput_203,analogInput,,,,,,39.70249,,,,,,,,
2026-04-22 11:06:00+00:00,presentValue,analogInput_203,analogInput,,,,,,39.682884,,,,,,,,
2026-04-22 11:07:00+00:00,presentValue,analogInput_203,analogInput,,,,,,39.65151,,,,,,,,
2026-04-22 11:08:00+00:00,presentValue,analogInput_203,analogInput,,,,,,39.612286,,,,,,,,
2026-04-22 11:09:00+00:00,presentValue,analogInput_203,analogInput,,,,,,39.58091,,,,,,,,
2026-04-22 11:10:00+00:00,presentValue,analogInput_203,analogInput,,,,,,39.55346,,,,,,,,
2026-04-22 11:11:00+00:00,presentValue,analogInput_203,analogInput,,,,,,39.522083,,,,,,,,
2026-04-22 11:12:00+00:00,presentValue,analogInput_203,analogInput,,,,,,39.490707,,,,,,,,
2026-04-22 11:13:00+00:00,presentValue,analogInput_203,analogInput,,,,,,39.4358,,,,,,,,
2026-04-22 11:14:00+00:00,presentValue,analogInput_203,analogInput,,,,,,39.416187,,,,,,,,
2026-04-22 11:15:00+00:00,presentValue,analogInput_203,analogInput,,,,,,39.38481,,,,,,,,
2026-04-22 11:16:00+00:00,presentValue,analogInput_203,analogInput,,,,,,39.33775,,,,,,,,
2026-04-22 11:17:00+00:00,presentValue,analogInput_203,analogInput,,,,,,39.31814,,,,,,,,
2026-04-22 11:18:00+00:00,presentValue,analogInput_203,analogInput,,,,,,39.298527,,,,,,,,
2026-04-22 11:19:00+00:00,presentValue,analogInput_203,analogInput,,,,,,39.247547,,,,,,,,
2026-04-22 11:20:00+00:00,presentValue,analogInput_203,analogInput,,,,,,39.21617,,,,,,,,
2026-04-22 11:21:00+00:00,presentValue,analogInput_203,analogInput,,,,,,39.161266,,,,,,,,
2026-04-22 11:22:00+00:00,presentValue,analogInput_203,analogInput,,,,,,39.12989,,,,,,,,
2026-04-22 11:23:00+00:00,presentValue,analogInput_203,analogInput,,,,,,39.098515,,,,,,,,
2026-04-22 11:24:00+00:00,presentValue,analogInput_203,analogInput,,,,,,39.043606,,,,,,,,
2026-04-22 11:25:00+00:00,presentValue,analogInput_203,analogInput,,,,,,39.000465,,,,,,,,
2026-04-22 11:26:00+00:00,presentValue,analogInput_203,analogInput,,,,,,38.965164,,,,,,,,
2026-04-22 11:27:00+00:00,presentValue,analogInput_203,analogInput,,,,,,38.929867,,,,,,,,
2026-04-22 11:28:00+00:00,presentValue,analogInput_203,analogInput,,,,,,38.906334,,,,,,,,
2026-04-22 11:29:00+00:00,presentValue,analogInput_203,analogInput,,,,,,38.85535,,,,,,,,
2026-04-22 11:30:00+00:00,presentValue,analogInput_203,analogInput,,,,,,38.827896,,,,,,,,
2026-04-22 11:31:00+00:00,presentValue,analogInput_203,analogInput,,,,,,38.808292,,,,,,,,
2026-04-22 11:32:00+00:00,presentValue,analogInput_203,analogInput,,,,,,38.772995,,,,,,,,
2026-04-22 11:33:00+00:00,presentValue,analogInput_203,analogInput,,,,,,38.74554,,,,,,,,
2026-04-22 11:34:00+00:00,presentValue,analogInput_203,analogInput,,,,,,38.70632,,,,,,,,
2026-04-22 11:35:00+00:00,presentValue,analogInput_203,analogInput,,,,,,38.694553,,,,,,,,
2026-04-22 11:36:00+00:00,presentValue,analogInput_203,analogInput,,,,,,38.663177,,,,,,,,
2026-04-22 11:37:00+00:00,presentValue,analogInput_203,analogInput,,,,,,38.6318,,,,,,,,
2026-04-22 11:38:00+00:00,presentValue,analogInput_203,analogInput,,,,,,38.600426,,,,,,,,
2026-04-22 11:39:00+00:00,presentValue,analogInput_203,analogInput,,,,,,38.58474,,,,,,,,
2026-04-22 11:40:00+00:00,presentValue,analogInput_203,analogInput,,,,,,38.553364,,,,,,,,
2026-04-22 11:41:00+00:00,presentValue,analogInput_203,analogInput,,,,,,38.52983,,,,,,,,
2026-04-22 11:42:00+00:00,presentValue,analogInput_203,analogInput,,,,,,38.506298,,,,,,,,
2026-04-22 11:43:00+00:00,presentValue,analogInput_203,analogInput,,,,,,38.474922,,,,,,,,
2026-04-22 11:44:00+00:00,presentValue,analogInput_203,analogInput,,,,,,38.443546,,,,,,,,
2026-04-22 11:45:00+00:00,presentValue,analogInput_203,analogInput,,,,,,38.42786,,,,,,,,
2026-04-22 11:46:00+00:00,presentValue,analogInput_203,analogInput,,,,,,38.38864,,,,,,,,
2026-04-22 11:47:00+00:00,presentValue,analogInput_203,analogInput,,,,,,38.361187,,,,,,,,
2026-04-22 11:48:00+00:00,presentValue,analogInput_203,analogInput,,,,,,38.31805,,,,,,,,
2026-04-22 11:49:00+00:00,presentValue,analogInput_203,analogInput,,,,,,38.294518,,,,,,,,
2026-04-22 11:50:00+00:00,presentValue,analogInput_203,analogInput,,,,,,38.27491,,,,,,,,
2026-04-22 11:51:00+00:00,presentValue,analogInput_203,analogInput,,,,,,38.247456,,,,,,,,
2026-04-22 11:52:00+00:00,presentValue,analogInput_203,analogInput,,,,,,38.22,,,,,,,,
2026-04-22 11:53:00+00:00,presentValue,analogInput_203,analogInput,,,,,,38.184704,,,,,,,,
2026-04-22 11:54:00+00:00,presentValue,analogInput_203,analogInput,,,,,,38.169014,,,,,,,,
2026-04-22 11:55:00+00:00,presentValue,analogInput_203,analogInput,,,,,,38.129795,,,,,,,,
2026-04-22 11:56:00+00:00,presentValue,analogInput_203,analogInput,,,,,,38.125874,,,,,,,,
2026-04-22 11:57:00+00:00,presentValue,analogInput_203,analogInput,,,,,,38.086655,,,,,,,,
2026-04-22 11:58:00+00:00,presentValue,analogInput_203,analogInput,,,,,,38.070965,,,,,,,,
2026-04-22 11:59:00+00:00,presentValue,analogInput_203,analogInput,,,,,,38.027824,,,,,,,,
2026-04-22 12:00:00+00:00,presentValue,analogInput_203,analogInput,,,,,,37.99645,,,,,,,,
2026-04-22 12:01:00+00:00,presentValue,analogInput_203,analogInput,,,,,,37.972916,,,,,,,,
2026-04-22 12:02:00+00:00,presentValue,analogInput_203,analogInput,,,,,,37.949383,,,,,,,,
2026-04-22 12:03:00+00:00,presentValue,analogInput_203,analogInput,,,,,,37.906242,,,,,,,,
2026-04-22 12:04:00+00:00,presentValue,analogInput_203,analogInput,,,,,,37.88664,,,,,,,,
2026-04-22 12:05:00+00:00,presentValue,analogInput_203,analogInput,,,,,,37.83173,,,,,,,,
2026-04-22 12:06:00+00:00,presentValue,analogInput_203,analogInput,,,,,,37.804276,,,,,,,,
2026-04-22 12:07:00+00:00,presentValue,analogInput_203,analogInput,,,,,,37.7729,,,,,,,,
2026-04-22 12:08:00+00:00,presentValue,analogInput_203,analogInput,,,,,,37.737602,,,,,,,,
2026-04-22 12:09:00+00:00,presentValue,analogInput_203,analogInput,,,,,,37.721912,,,,,,,,
2026-04-22 12:10:00+00:00,presentValue,analogInput_203,analogInput,,,,,,37.686615,,,,,,,,
2026-04-22 12:11:00+00:00,presentValue,analogInput_203,analogInput,,,,,,37.65916,,,,,,,,
2026-04-22 12:12:00+00:00,presentValue,analogInput_203,analogInput,,,,,,37.63563,,,,,,,,
2026-04-22 12:13:00+00:00,presentValue,analogInput_203,analogInput,,,,,,37.608177,,,,,,,,
2026-04-22 12:14:00+00:00,presentValue,analogInput_203,analogInput,,,,,,37.580723,,,,,,,,
2026-04-22 12:15:00+00:00,presentValue,analogInput_203,analogInput,,,,,,37.541504,,,,,,,,
2026-04-22 12:16:00+00:00,presentValue,analogInput_203,analogInput,,,,,,37.51405,,,,,,,,
2026-04-22 12:17:00+00:00,presentValue,analogInput_203,analogInput,,,,,,37.466984,,,,,,,,
2026-04-22 12:18:00+00:00,presentValue,analogInput_203,analogInput,,,,,,37.45522,,,,,,,,
2026-04-22 12:19:00+00:00,presentValue,analogInput_203,analogInput,,,,,,37.412083,,,,,,,,
2026-04-22 12:20:00+00:00,presentValue,analogInput_203,analogInput,,,,,,37.39247,,,,,,,,
2026-04-22 12:21:00+00:00,presentValue,analogInput_203,analogInput,,,,,,37.353252,,,,,,,,
2026-04-22 12:22:00+00:00,presentValue,analogInput_203,analogInput,,,,,,37.325798,,,,,,,,
2026-04-22 12:23:00+00:00,presentValue,analogInput_203,analogInput,,,,,,37.2905,,,,,,,,
2026-04-22 12:24:00+00:00,presentValue,analogInput_203,analogInput,,,,,,37.255203,,,,,,,,
2026-04-22 12:25:00+00:00,presentValue,analogInput_203,analogInput,,,,,,37.23167,,,,,,,,
2026-04-22 12:26:00+00:00,presentValue,analogInput_203,analogInput,,,,,,37.212063,,,,,,,,
2026-04-22 12:27:00+00:00,presentValue,analogInput_203,analogInput,,,,,,37.176765,,,,,,,,
2026-04-22 12:28:00+00:00,presentValue,analogInput_203,analogInput,,,,,,37.161076,,,,,,,,
2026-04-22 12:29:00+00:00,presentValue,analogInput_203,analogInput,,,,,,37.12578,,,,,,,,
2026-04-22 12:30:00+00:00,presentValue,analogInput_203,analogInput,,,,,,37.098324,,,,,,,,
2026-04-22 12:31:00+00:00,presentValue,analogInput_203,analogInput,,,,,,37.08656,,,,,,,,
2026-04-22 12:32:00+00:00,presentValue,analogInput_203,analogInput,,,,,,37.059105,,,,,,,,
2026-04-22 12:33:00+00:00,presentValue,analogInput_203,analogInput,,,,,,37.043415,,,,,,,,
2026-04-22 12:34:00+00:00,presentValue,analogInput_203,analogInput,,,,,,37.01204,,,,,,,,
2026-04-22 12:35:00+00:00,presentValue,analogInput_203,analogInput,,,,,,37.000275,,,,,,,,
2026-04-22 12:36:00+00:00,presentValue,analogInput_203,analogInput,,,,,,36.972828,,,,,,,,
2026-04-22 12:37:00+00:00,presentValue,analogInput_203,analogInput,,,,,,36.949295,,,,,,,,
2026-04-22 12:38:00+00:00,presentValue,analogInput_203,analogInput,,,,,,36.941452,,,,,,,,
2026-04-22 12:39:00+00:00,presentValue,analogInput_203,analogInput,,,,,,36.906155,,,,,,,,
2026-04-22 12:40:00+00:00,presentValue,analogInput_203,analogInput,,,,,,36.894386,,,,,,,,
2026-04-22 12:41:00+00:00,presentValue,analogInput_203,analogInput,,,,,,36.855167,,,,,,,,
2026-04-22 12:42:00+00:00,presentValue,analogInput_203,analogInput,,,,,,36.843403,,,,,,,,
2026-04-22 12:43:00+00:00,presentValue,analogInput_203,analogInput,,,,,,36.81987,,,,,,,,
2026-04-22 12:44:00+00:00,presentValue,analogInput_203,analogInput,,,,,,36.796337,,,,,,,,
2026-04-22 12:45:00+00:00,presentValue,analogInput_203,analogInput,,,,,,36.788494,,,,,,,,
2026-04-22 12:46:00+00:00,presentValue,analogInput_203,analogInput,,,,,,36.753197,,,,,,,,
2026-04-22 12:47:00+00:00,presentValue,analogInput_203,analogInput,,,,,,36.729664,,,,,,,,
2026-04-22 12:48:00+00:00,presentValue,analogInput_203,analogInput,,,,,,36.713974,,,,,,,,
2026-04-22 12:49:00+00:00,presentValue,analogInput_203,analogInput,,,,,,36.70221,,,,,,,,
2026-04-22 12:50:00+00:00,presentValue,analogInput_203,analogInput,,,,,,36.670834,,,,,,,,
2026-04-22 12:51:00+00:00,presentValue,analogInput_203,analogInput,,,,,,36.655148,,,,,,,,
2026-04-22 12:52:00+00:00,presentValue,analogInput_203,analogInput,,,,,,36.619846,,,,,,,,
2026-04-22 12:53:00+00:00,presentValue,analogInput_203,analogInput,,,,,,36.612003,,,,,,,,
2026-04-22 12:54:00+00:00,presentValue,analogInput_203,analogInput,,,,,,36.60024,,,,,,,,
2026-04-22 12:55:00+00:00,presentValue,analogInput_203,analogInput,,,,,,36.568863,,,,,,,,
2026-04-22 12:56:00+00:00,presentValue,analogInput_203,analogInput,,,,,,36.568863,,,,,,,,
2026-04-22 12:57:00+00:00,presentValue,analogInput_203,analogInput,,,,,,36.54141,,,,,,,,
2026-04-22 12:58:00+00:00,presentValue,analogInput_203,analogInput,,,,,,36.533566,,,,,,,,
2026-04-22 12:59:00+00:00,presentValue,analogInput_203,analogInput,,,,,,36.51396,,,,,,,,
2026-04-22 13:00:00+00:00,presentValue,analogInput_203,analogInput,,,,,,36.49435,,,,,,,,
2026-04-22 13:01:00+00:00,presentValue,analogInput_203,analogInput,,,,,,36.482586,,,,,,,,
2026-04-22 13:02:00+00:00,presentValue,analogInput_203,analogInput,,,,,,36.47474,,,,,,,,
2026-04-22 13:03:00+00:00,presentValue,analogInput_203,analogInput,,,,,,36.459053,,,,,,,,
2026-04-22 13:04:00+00:00,presentValue,analogInput_203,analogInput,,,,,,36.4316,,,,,,,,
2026-04-22 13:05:00+00:00,presentValue,analogInput_203,analogInput,,,,,,36.419834,,,,,,,,
2026-04-22 13:06:00+00:00,presentValue,analogInput_203,analogInput,,,,,,36.3963,,,,,,,,
2026-04-22 13:07:00+00:00,presentValue,analogInput_203,analogInput,,,,,,36.37277,,,,,,,,
2026-04-22 13:08:00+00:00,presentValue,analogInput_203,analogInput,,,,,,36.37277,,,,,,,,
2026-04-22 13:09:00+00:00,presentValue,analogInput_203,analogInput,,,,,,36.345314,,,,,,,,
2026-04-22 13:10:00+00:00,presentValue,analogInput_203,analogInput,,,,,,36.329628,,,,,,,,
2026-04-22 13:11:00+00:00,presentValue,analogInput_203,analogInput,,,,,,36.31394,,,,,,,,
2026-04-22 13:12:00+00:00,presentValue,analogInput_203,analogInput,,,,,,36.306095,,,,,,,,
2026-04-22 13:13:00+00:00,presentValue,analogInput_203,analogInput,,,,,,36.29433,,,,,,,,
2026-04-22 13:14:00+00:00,presentValue,analogInput_203,analogInput,,,,,,36.29433,,,,,,,,
2026-04-22 13:15:00+00:00,presentValue,analogInput_203,analogInput,,,,,,36.251186,,,,,,,,
2026-04-22 13:16:00+00:00,presentValue,analogInput_203,analogInput,,,,,,36.247265,,,,,,,,
2026-04-22 13:17:00+00:00,presentValue,analogInput_203,analogInput,,,,,,36.38846,,,,,,,,
2026-04-22 13:18:00+00:00,presentValue,analogInput_203,analogInput,,,,,,30.368286,,,,,,,,
2026-04-22 13:19:00+00:00,presentValue,analogInput_203,analogInput,,,,,,27.662151,,,,,,,,
2026-04-22 13:20:00+00:00,presentValue,analogInput_203,analogInput,,,,,,25.065826,,,,,,,,
2026-04-22 13:21:00+00:00,presentValue,analogInput_203,analogInput,,,,,,27.5994,,,,,,,,
2026-04-22 13:22:00+00:00,presentValue,analogInput_203,analogInput,,,,,,24.469698,,,,,,,,
2026-04-22 13:23:00+00:00,presentValue,analogInput_203,analogInput,,,,,,27.140533,,,,,,,,
2026-04-22 13:24:00+00:00,presentValue,analogInput_203,analogInput,,,,,,25.05014,,,,,,,,
2026-04-22 13:25:00+00:00,presentValue,analogInput_203,analogInput,,,,,,26.356148,,,,,,,,
2026-04-22 13:26:00+00:00,presentValue,analogInput_203,analogInput,,,,,,25.603134,,,,,,,,
2026-04-22 13:27:00+00:00,presentValue,analogInput_203,analogInput,,,,,,25.916893,,,,,,,,
2026-04-22 13:28:00+00:00,presentValue,analogInput_203,analogInput,,,,,,25.916893,,,,,,,,
2026-04-22 13:29:00+00:00,presentValue,analogInput_203,analogInput,,,,,,25.861984,,,,,,,,
2026-04-22 13:30:00+00:00,presentValue,analogInput_203,analogInput,,,,,,26.014936,,,,,,,,
2026-04-22 13:31:00+00:00,presentValue,analogInput_203,analogInput,,,,,,25.885517,,,,,,,,
2026-04-22 13:32:00+00:00,presentValue,analogInput_203,analogInput,,,,,,26.030624,,,,,,,,
2026-04-22 13:33:00+00:00,presentValue,analogInput_203,analogInput,,,,,,25.971794,,,,,,,,
2026-04-22 13:34:00+00:00,presentValue,analogInput_203,analogInput,,,,,,26.042389,,,,,,,,
2026-04-22 13:35:00+00:00,presentValue,analogInput_203,analogInput,,,,,,26.038467,,,,,,,,
2026-04-22 13:36:00+00:00,presentValue,analogInput_203,analogInput,,,,,,26.046312,,,,,,,,
2026-04-22 13:37:00+00:00,presentValue,analogInput_203,analogInput,,,,,,26.058079,,,,,,,,
2026-04-22 13:38:00+00:00,presentValue,analogInput_203,analogInput,,,,,,26.08161,,,,,,,,
2026-04-22 13:39:00+00:00,presentValue,analogInput_203,analogInput,,,,,,26.08161,,,,,,,,
2026-04-22 13:40:00+00:00,presentValue,analogInput_203,analogInput,,,,,,26.085531,,,,,,,,
2026-04-22 13:41:00+00:00,presentValue,analogInput_203,analogInput,,,,,,26.042389,,,,,,,,
2026-04-22 13:42:00+00:00,presentValue,analogInput_203,analogInput,,,,,,26.030624,,,,,,,,
2026-04-22 13:43:00+00:00,presentValue,analogInput_203,analogInput,,,,,,26.014936,,,,,,,,
2026-04-22 13:44:00+00:00,presentValue,analogInput_203,analogInput,,,,,,26.014936,,,,,,,,
2026-04-22 13:45:00+00:00,presentValue,analogInput_203,analogInput,,,,,,25.987482,,,,,,,,
2026-04-22 13:46:00+00:00,presentValue,analogInput_203,analogInput,,,,,,25.995327,,,,,,,,
2026-04-22 13:47:00+00:00,presentValue,analogInput_203,analogInput,,,,,,26.00317,,,,,,,,
2026-04-22 13:48:00+00:00,presentValue,analogInput_203,analogInput,,,,,,25.987482,,,,,,,,
2026-04-22 13:49:00+00:00,presentValue,analogInput_203,analogInput,,,,,,26.007092,,,,,,,,
2026-04-22 13:50:00+00:00,presentValue,analogInput_203,analogInput,,,,,,26.08161,,,,,,,,
2026-04-22 13:51:00+00:00,presentValue,analogInput_203,analogInput,,,,,,25.93258,,,,,,,,
2026-04-22 13:52:00+00:00,presentValue,analogInput_203,analogInput,,,,,,25.916893,,,,,,,,
2026-04-22 13:53:00+00:00,presentValue,analogInput_203,analogInput,,,,,,25.979637,,,,,,,,
2026-04-22 13:54:00+00:00,presentValue,analogInput_203,analogInput,,,,,,25.916893,,,,,,,,
2026-04-22 13:55:00+00:00,presentValue,analogInput_203,analogInput,,,,,,25.975716,,,,,,,,
2026-04-22 13:56:00+00:00,presentValue,analogInput_203,analogInput,,,,,,25.944345,,,,,,,,
2026-04-22 13:57:00+00:00,presentValue,analogInput_203,analogInput,,,,,,26.018858,,,,,,,,
2026-04-22 13:58:00+00:00,presentValue,analogInput_203,analogInput,,,,,,26.042389,,,,,,,,
2026-04-22 13:59:00+00:00,presentValue,analogInput_203,analogInput,,,,,,26.195347,,,,,,,,
2026-04-22 14:00:00+00:00,presentValue,analogInput_203,analogInput,,,,,,26.383602,,,,,,,,
2026-04-22 14:01:00+00:00,presentValue,analogInput_203,analogInput,,,,,,26.62676,,,,,,,,
2026-04-22 14:02:00+00:00,presentValue,analogInput_203,analogInput,,,,,,26.791483,,,,,,,,
2026-04-22 14:03:00+00:00,presentValue,analogInput_203,analogInput,,,,,,27.109158,,,,,,,,
2026-04-22 14:04:00+00:00,presentValue,analogInput_203,analogInput,,,,,,27.391535,,,,,,,,
2026-04-22 14:05:00+00:00,presentValue,analogInput_203,analogInput,,,,,,27.63862,,,,,,,,
2026-04-22 14:06:00+00:00,presentValue,analogInput_203,analogInput,,,,,,27.92492,,,,,,,,
2026-04-22 14:07:00+00:00,presentValue,analogInput_203,analogInput,,,,,,28.179848,,,,,,,,
2026-04-22 14:08:00+00:00,presentValue,analogInput_203,analogInput,,,,,,28.532822,,,,,,,,
2026-04-22 14:09:00+00:00,presentValue,analogInput_203,analogInput,,,,,,28.921091,,,,,,,,
2026-04-22 14:10:00+00:00,presentValue,analogInput_203,analogInput,,,,,,29.219156,,,,,,,,
2026-04-22 14:11:00+00:00,presentValue,analogInput_203,analogInput,,,,,,29.544682,,,,,,,,
2026-04-22 14:12:00+00:00,presentValue,analogInput_203,analogInput,,,,,,29.925108,,,,,,,,
2026-04-22 14:13:00+00:00,presentValue,analogInput_203,analogInput,,,,,,30.238861,,,,,,,,
2026-04-22 14:14:00+00:00,presentValue,analogInput_203,analogInput,,,,,,30.587912,,,,,,,,
2026-04-22 14:15:00+00:00,presentValue,analogInput_203,analogInput,,,,,,30.90167,,,,,,,,
2026-04-22 14:16:00+00:00,presentValue,analogInput_203,analogInput,,,,,,31.156593,,,,,,,,
2026-04-22 14:17:00+00:00,presentValue,analogInput_203,analogInput,,,,,,31.63507,,,,,,,,
2026-04-22 14:18:00+00:00,presentValue,analogInput_203,analogInput,,,,,,32.227283,,,,,,,,
2026-04-22 14:19:00+00:00,presentValue,analogInput_203,analogInput,,,,,,32.697914,,,,,,,,
2026-04-22 14:20:00+00:00,presentValue,analogInput_203,analogInput,,,,,,33.431316,,,,,,,,
2026-04-22 14:21:00+00:00,presentValue,analogInput_203,analogInput,,,,,,34.23531,,,,,,,,
2026-04-22 14:22:00+00:00,presentValue,analogInput_203,analogInput,,,,,,35.027546,,,,,,,,
2026-04-22 14:23:00+00:00,presentValue,analogInput_203,analogInput,,,,,,35.839386,,,,,,,,
2026-04-22 14:24:00+00:00,presentValue,analogInput_203,analogInput,,,,,,36.74143,,,,,,,,
2026-04-22 14:25:00+00:00,presentValue,analogInput_203,analogInput,,,,,,37.447376,,,,,,,,
2026-04-22 14:26:00+00:00,presentValue,analogInput_203,analogInput,,,,,,38.40825,,,,,,,,
2026-04-22 14:27:00+00:00,presentValue,analogInput_203,analogInput,,,,,,39.180874,,,,,,,,
2026-04-22 14:28:00+00:00,presentValue,analogInput_203,analogInput,,,,,,40.149593,,,,,,,,
2026-04-22 14:29:00+00:00,presentValue,analogInput_203,analogInput,,,,,,41.047714,,,,,,,,
2026-04-22 14:30:00+00:00,presentValue,analogInput_203,analogInput,,,,,,41.961525,,,,,,,,
2026-04-22 14:31:00+00:00,presentValue,analogInput_203,analogInput,,,,,,42.87926,,,,,,,,
2026-04-22 14:32:00+00:00,presentValue,analogInput_203,analogInput,,,,,,43.804836,,,,,,,,
2026-04-22 14:33:00+00:00,presentValue,analogInput_203,analogInput,,,,,,44.573532,,,,,,,,
2026-04-22 14:34:00+00:00,presentValue,analogInput_203,analogInput,,,,,,44.608833,,,,,,,,
2026-04-22 14:35:00+00:00,presentValue,analogInput_203,analogInput,,,,,,44.789238,,,,,,,,
2026-04-22 14:36:00+00:00,presentValue,analogInput_203,analogInput,,,,,,44.789238,,,,,,,,
2026-04-22 14:37:00+00:00,presentValue,analogInput_203,analogInput,,,,,,44.804924,,,,,,,,
2026-04-22 14:38:00+00:00,presentValue,analogInput_203,analogInput,,,,,,44.7461,,,,,,,,
2026-04-22 14:39:00+00:00,presentValue,analogInput_203,analogInput,,,,,,44.750023,,,,,,,,
2026-04-22 14:40:00+00:00,presentValue,analogInput_203,analogInput,,,,,,44.922585,,,,,,,,
2026-04-22 14:41:00+00:00,presentValue,analogInput_203,analogInput,,,,,,45.4795,,,,,,,,
2026-04-22 14:42:00+00:00,presentValue,analogInput_203,analogInput,,,,,,46.165836,,,,,,,,
2026-04-22 14:43:00+00:00,presentValue,analogInput_203,analogInput,,,,,,46.965916,,,,,,,,
2026-04-22 14:44:00+00:00,presentValue,analogInput_203,analogInput,,,,,,47.895412,,,,,,,,
2026-04-22 14:45:00+00:00,presentValue,analogInput_203,analogInput,,,,,,48.91511,,,,,,,,
2026-04-22 14:46:00+00:00,presentValue,analogInput_203,analogInput,,,,,,50.009335,,,,,,,,
2026-04-22 14:47:00+00:00,presentValue,analogInput_203,analogInput,,,,,,51.087868,,,,,,,,
2026-04-22 14:48:00+00:00,presentValue,analogInput_203,analogInput,,,,,,52.197777,,,,,,,,
2026-04-22 14:49:00+00:00,presentValue,analogInput_203,analogInput,,,,,,53.244938,,,,,,,,
2026-04-22 14:50:00+00:00,presentValue,analogInput_203,analogInput,,,,,,54.3666,,,,,,,,
2026-04-22 14:51:00+00:00,presentValue,analogInput_203,analogInput,,,,,,55.445133,,,,,,,,
2026-04-22 14:52:00+00:00,presentValue,analogInput_203,analogInput,,,,,,56.555046,,,,,,,,
2026-04-22 14:53:00+00:00,presentValue,analogInput_203,analogInput,,,,,,57.657112,,,,,,,,
2026-04-22 14:54:00+00:00,presentValue,analogInput_203,analogInput,,,,,,58.786617,,,,,,,,
2026-04-22 14:55:00+00:00,presentValue,analogInput_203,analogInput,,,,,,59.916138,,,,,,,,
2026-04-22 14:56:00+00:00,presentValue,analogInput_203,analogInput,,,,,,61.0535,,,,,,,,
2026-04-22 14:57:00+00:00,presentValue,analogInput_203,analogInput,,,,,,62.167336,,,,,,,,
2026-04-22 14:58:00+00:00,presentValue,analogInput_203,analogInput,,,,,,63.3047,,,,,,,,
2026-04-22 14:59:00+00:00,presentValue,analogInput_203,analogInput,,,,,,64.469505,,,,,,,,
2026-04-22 15:00:00+00:00,presentValue,analogInput_203,analogInput,,,,,,65.59902,,,,,,,,
2026-04-22 15:01:00+00:00,presentValue,analogInput_203,analogInput,,,,,,66.77953,,,,,,,,
2026-04-22 15:02:00+00:00,presentValue,analogInput_203,analogInput,,,,,,67.952194,,,,,,,,
2026-04-22 15:03:00+00:00,presentValue,analogInput_203,analogInput,,,,,,69.09347,,,,,,,,
2026-04-22 15:04:00+00:00,presentValue,analogInput_203,analogInput,,,,,,70.27397,,,,,,,,
2026-04-22 15:05:00+00:00,presentValue,analogInput_203,analogInput,,,,,,71.39957,,,,,,,,
2026-04-22 15:06:00+00:00,presentValue,analogInput_203,analogInput,,,,,,72.587906,,,,,,,,
2026-04-22 15:07:00+00:00,presentValue,analogInput_203,analogInput,,,,,,73.74488,,,,,,,,
2026-04-22 15:08:00+00:00,presentValue,analogInput_203,analogInput,,,,,,74.945,,,,,,,,
2026-04-22 15:09:00+00:00,presentValue,analogInput_203,analogInput,,,,,,76.105896,,,,,,,,
2026-04-22 15:10:00+00:00,presentValue,analogInput_203,analogInput,,,,,,77.262856,,,,,,,,
2026-04-22 15:11:00+00:00,presentValue,analogInput_203,analogInput,,,,,,78.431595,,,,,,,,
2026-04-22 15:12:00+00:00,presentValue,analogInput_203,analogInput,,,,,,79.59641,,,,,,,,
2026-04-22 15:13:00+00:00,presentValue,analogInput_203,analogInput,,,,,,80.8083,,,,,,,,
2026-04-22 15:14:00+00:00,presentValue,analogInput_203,analogInput,,,,,,81.9731,,,,,,,,
2026-04-22 15:15:00+00:00,presentValue,analogInput_203,analogInput,,,,,,83.17322,,,,,,,,
2026-04-22 15:16:00+00:00,presentValue,analogInput_203,analogInput,,,,,,84.38902,,,,,,,,
2026-04-22 15:17:00+00:00,presentValue,analogInput_203,analogInput,,,,,,85.5852,,,,,,,,
2026-04-22 15:18:00+00:00,presentValue,analogInput_203,analogInput,,,,,,86.84807,,,,,,,,
2026-04-22 15:19:00+00:00,presentValue,analogInput_203,analogInput,,,,,,88.091324,,,,,,,,
2026-04-22 15:20:00+00:00,presentValue,analogInput_203,analogInput,,,,,,89.27182,,,,,,,,
2026-04-22 15:21:00+00:00,presentValue,analogInput_203,analogInput,,,,,,90.47978,,,,,,,,
2026-04-22 15:22:00+00:00,presentValue,analogInput_203,analogInput,,,,,,91.71912,,,,,,,,
2026-04-22 15:23:00+00:00,presentValue,analogInput_203,analogInput,,,,,,92.92706,,,,,,,,
2026-04-22 15:24:00+00:00,presentValue,analogInput_203,analogInput,,,,,,94.15071,,,,,,,,
2026-04-22 15:25:00+00:00,presentValue,analogInput_203,analogInput,,,,,,95.33906,,,,,,,,
2026-04-22 15:26:00+00:00,presentValue,analogInput_203,analogInput,,,,,,96.5627,,,,,,,,
2026-04-22 15:27:00+00:00,presentValue,analogInput_203,analogInput,,,,,,97.67261,,,,,,,,
2026-04-22 15:28:00+00:00,presentValue,analogInput_203,analogInput,,,,,,98.347176,,,,,,,,
2026-04-22 15:29:00+00:00,presentValue,analogInput_203,analogInput,,,,,,99.31982,,,,,,,,
2026-04-22 15:30:00+00:00,presentValue,analogInput_203,analogInput,,,,,,100.14734,,,,,,,,
2026-04-22 15:31:00+00:00,presentValue,analogInput_203,analogInput,,,,,,100.884674,,,,,,,,
2026-04-22 15:32:00+00:00,presentValue,analogInput_203,analogInput,,,,,,101.959274,,,,,,,,
2026-04-22 15:33:00+00:00,presentValue,analogInput_203,analogInput,,,,,,102.92799,,,,,,,,
2026-04-22 15:34:00+00:00,presentValue,analogInput_203,analogInput,,,,,,104.05359,,,,,,,,
2026-04-22 15:35:00+00:00,presentValue,analogInput_203,analogInput,,,,,,105.15173,,,,,,,,
2026-04-22 15:36:00+00:00,presentValue,analogInput_203,analogInput,,,,,,106.24988,,,,,,,,
2026-04-22 15:37:00+00:00,presentValue,analogInput_203,analogInput,,,,,,107.38332,,,,,,,,
2026-04-22 15:38:00+00:00,presentValue,analogInput_203,analogInput,,,,,,108.53244,,,,,,,,
2026-04-22 15:39:00+00:00,presentValue,analogInput_203,analogInput,,,,,,109.66981,,,,,,,,
2026-04-22 15:40:00+00:00,presentValue,analogInput_203,analogInput,,,,,,110.803246,,,,,,,,
2026-04-22 15:41:00+00:00,presentValue,analogInput_203,analogInput,,,,,,111.92885,,,,,,,,
2026-04-22 15:42:00+00:00,presentValue,analogInput_203,analogInput,,,,,,113.08189,,,,,,,,
2026-04-22 15:43:00+00:00,presentValue,analogInput_203,analogInput,,,,,,114.23494,,,,,,,,
2026-04-22 15:44:00+00:00,presentValue,analogInput_203,analogInput,,,,,,115.3723,,,,,,,,
2026-04-22 15:45:00+00:00,presentValue,analogInput_203,analogInput,,,,,,116.48613,,,,,,,,
2026-04-22 15:46:00+00:00,presentValue,analogInput_203,analogInput,,,,,,117.748985,,,,,,,,
2026-04-22 15:47:00+00:00,presentValue,analogInput_203,analogInput,,,,,,118.81576,,,,,,,,
2026-04-22 15:48:00+00:00,presentValue,analogInput_203,analogInput,,,,,,119.95312,,,,,,,,
2026-04-22 15:49:00+00:00,presentValue,analogInput_203,analogInput,,,,,,121.0748,,,,,,,,
2026-04-22 15:50:00+00:00,presentValue,analogInput_203,analogInput,,,,,,122.16901,,,,,,,,
2026-04-22 15:51:00+00:00,presentValue,analogInput_203,analogInput,,,,,,123.28676,,,,,,,,
2026-04-22 15:52:00+00:00,presentValue,analogInput_203,analogInput,,,,,,124.392746,,,,,,,,
2026-04-22 15:53:00+00:00,presentValue,analogInput_203,analogInput,,,,,,125.48697,,,,,,,,
2026-04-22 15:54:00+00:00,presentValue,analogInput_203,analogInput,,,,,,126.57335,,,,,,,,
2026-04-22 15:55:00+00:00,presentValue,analogInput_203,analogInput,,,,,,127.65971,,,,,,,,
2026-04-22 15:56:00+00:00,presentValue,analogInput_203,analogInput,,,,,,128.7657,,,,,,,,
2026-04-22 15:57:00+00:00,presentValue,analogInput_203,analogInput,,,,,,129.87561,,,,,,,,
2026-04-22 15:58:00+00:00,presentValue,analogInput_203,analogInput,,,,,,131.01297,,,,,,,,
2026-04-22 15:59:00+00:00,presentValue,analogInput_203,analogInput,,,,,,132.09543,,,,,,,,
2026-04-22 16:00:00+00:00,presentValue,analogInput_203,analogInput,,,,,,132.9308,,,,,,,,
2026-04-22 16:01:00+00:00,presentValue,analogInput_203,analogInput,,,,,,133.79362,,,,,,,,
2026-04-22 16:02:00+00:00,presentValue,analogInput_203,analogInput,,,,,,134.37407,,,,,,,,
2026-04-22 16:03:00+00:00,presentValue,analogInput_203,analogInput,,,,,,134.5231,,,,,,,,
2026-04-22 16:04:00+00:00,presentValue,analogInput_203,analogInput,,,,,,134.58586,,,,,,,,
2026-04-22 16:05:00+00:00,presentValue,analogInput_203,analogInput,,,,,,134.59763,,,,,,,,
2026-04-22 16:06:00+00:00,presentValue,analogInput_203,analogInput,,,,,,134.63684,,,,,,,,
2026-04-22 16:07:00+00:00,presentValue,analogInput_203,analogInput,,,,,,134.68,,,,,,,,
2026-04-22 16:08:00+00:00,presentValue,analogInput_203,analogInput,,,,,,134.71136,,,,,,,,
2026-04-22 16:09:00+00:00,presentValue,analogInput_203,analogInput,,,,,,134.66821,,,,,,,,
2026-04-22 16:10:00+00:00,presentValue,analogInput_203,analogInput,,,,,,134.66037,,,,,,,,
2026-04-22 16:11:00+00:00,presentValue,analogInput_203,analogInput,,,,,,134.64468,,,,,,,,
2026-04-22 16:12:00+00:00,presentValue,analogInput_203,analogInput,,,,,,134.67213,,,,,,,,
2026-04-22 16:13:00+00:00,presentValue,analogInput_203,analogInput,,,,,,134.66821,,,,,,,,
2026-04-22 16:14:00+00:00,presentValue,analogInput_203,analogInput,,,,,,134.68391,,,,,,,,
2026-04-22 16:15:00+00:00,presentValue,analogInput_203,analogInput,,,,,,134.69176,,,,,,,,
2026-04-22 16:16:00+00:00,presentValue,analogInput_203,analogInput,,,,,,134.68784,,,,,,,,
2026-04-22 16:17:00+00:00,presentValue,analogInput_203,analogInput,,,,,,134.69568,,,,,,,,
2026-04-22 16:18:00+00:00,presentValue,analogInput_203,analogInput,,,,,,134.69568,,,,,,,,
2026-04-22 16:19:00+00:00,presentValue,analogInput_203,analogInput,,,,,,134.69568,,,,,,,,
2026-04-22 16:20:00+00:00,presentValue,analogInput_203,analogInput,,,,,,134.64076,,,,,,,,
2026-04-22 16:21:00+00:00,presentValue,analogInput_203,analogInput,,,,,,134.68391,,,,,,,,
2026-04-22 16:22:00+00:00,presentValue,analogInput_203,analogInput,,,,,,134.69568,,,,,,,,
2026-04-22 16:23:00+00:00,presentValue,analogInput_203,analogInput,,,,,,134.69568,,,,,,,,
2026-04-22 16:24:00+00:00,presentValue,analogInput_203,analogInput,,,,,,134.67606,,,,,,,,
2026-04-22 16:25:00+00:00,presentValue,analogInput_203,analogInput,,,,,,134.67606,,,,,,,,
2026-04-22 16:26:00+00:00,presentValue,analogInput_203,analogInput,,,,,,134.70352,,,,,,,,
2026-04-22 16:27:00+00:00,presentValue,analogInput_203,analogInput,,,,,,134.58978,,,,,,,,
2026-04-22 16:28:00+00:00,presentValue,analogInput_203,analogInput,,,,,,133.72304,,,,,,,,
2026-04-22 16:29:00+00:00,presentValue,analogInput_203,analogInput,,,,,,134.46428,,,,,,,,
2026-04-22 16:30:00+00:00,presentValue,analogInput_203,analogInput,,,,,,134.65253,,,,,,,,
2026-04-22 16:31:00+00:00,presentValue,analogInput_203,analogInput,,,,,,134.68391,,,,,,,,
2026-04-22 16:32:00+00:00,presentValue,analogInput_203,analogInput,,,,,,134.71136,,,,,,,,
2026-04-22 16:33:00+00:00,presentValue,analogInput_203,analogInput,,,,,,134.70352,,,,,,,,
2026-04-22 16:34:00+00:00,presentValue,analogInput_203,analogInput,,,,,,134.71529,,,,,,,,
2026-04-22 16:35:00+00:00,presentValue,analogInput_203,analogInput,,,,,,134.71921,,,,,,,,
2026-04-22 16:36:00+00:00,presentValue,analogInput_203,analogInput,,,,,,134.71921,,,,,,,,
2026-04-22 16:37:00+00:00,presentValue,analogInput_203,analogInput,,,,,,134.72705,,,,,,,,
2026-04-22 16:38:00+00:00,presentValue,analogInput_203,analogInput,,,,,,134.75058,,,,,,,,
2026-04-22 16:39:00+00:00,presentValue,analogInput_203,analogInput,,,,,,133.18571,,,,,,,,
2026-04-22 16:40:00+00:00,presentValue,analogInput_203,analogInput,,,,,,134.5035,,,,,,,,
2026-04-22 16:41:00+00:00,presentValue,analogInput_203,analogInput,,,,,,134.64076,,,,,,,,
2026-04-22 16:42:00+00:00,presentValue,analogInput_203,analogInput,,,,,,134.69568,,,,,,,,
2026-04-22 16:43:00+00:00,presentValue,analogInput_203,analogInput,,,,,,134.74274,,,,,,,,
2026-04-22 16:44:00+00:00,presentValue,analogInput_203,analogInput,,,,,,134.80548,,,,,,,,
2026-04-22 16:45:00+00:00,presentValue,analogInput_203,analogInput,,,,,,134.32701,,,,,,,,
2026-04-22 16:46:00+00:00,presentValue,analogInput_203,analogInput,,,,,,134.53879,,,,,,,,
2026-04-22 16:47:00+00:00,presentValue,analogInput_203,analogInput,,,,,,134.68,,,,,,,,
2026-04-22 16:48:00+00:00,presentValue,analogInput_203,analogInput,,,,,,134.7545,,,,,,,,
2026-04-22 16:49:00+00:00,presentValue,analogInput_203,analogInput,,,,,,134.7898,,,,,,,,
2026-04-22 16:50:00+00:00,presentValue,analogInput_203,analogInput,,,,,,134.77411,,,,,,,,
2026-04-22 16:51:00+00:00,presentValue,analogInput_203,analogInput,,,,,,134.77803,,,,,,,,
2026-04-22 16:52:00+00:00,presentValue,analogInput_203,analogInput,,,,,,134.76234,,,,,,,,
2026-04-22 16:53:00+00:00,presentValue,analogInput_203,analogInput,,,,,,134.79372,,,,,,,,
2026-04-22 16:54:00+00:00,presentValue,analogInput_203,analogInput,,,,,,134.82118,,,,,,,,
2026-04-22 16:55:00+00:00,presentValue,analogInput_203,analogInput,,,,,,133.16219,,,,,,,,
2026-04-22 16:56:00+00:00,presentValue,analogInput_203,analogInput,,,,,,134.53879,,,,,,,,
2026-04-22 16:57:00+00:00,presentValue,analogInput_203,analogInput,,,,,,133.1465,,,,,,,,
2026-04-22 16:58:00+00:00,presentValue,analogInput_203,analogInput,,,,,,134.52702,,,,,,,,
2026-04-22 16:59:00+00:00,presentValue,analogInput_203,analogInput,,,,,,134.70744,,,,,,,,
2026-04-22 17:00:00+00:00,presentValue,analogInput_203,analogInput,,,,,,134.78587,,,,,,,,
2026-04-22 17:01:00+00:00,presentValue,analogInput_203,analogInput,,,,,,134.79372,,,,,,,,
2026-04-22 17:02:00+00:00,presentValue,analogInput_203,analogInput,,,,,,134.79372,,,,,,,,
2026-04-22 17:03:00+00:00,presentValue,analogInput_203,analogInput,,,,,,134.78587,,,,,,,,
2026-04-22 17:04:00+00:00,presentValue,analogInput_203,analogInput,,,,,,134.75842,,,,,,,,
2026-04-22 17:05:00+00:00,presentValue,analogInput_203,analogInput,,,,,,134.78195,,,,,,,,
2026-04-22 17:06:00+00:00,presentValue,analogInput_203,analogInput,,,,,,134.7898,,,,,,,,
2026-04-22 17:07:00+00:00,presentValue,analogInput_203,analogInput,,,,,,134.78587,,,,,,,,
2026-04-22 17:08:00+00:00,presentValue,analogInput_203,analogInput,,,,,,134.79764,,,,,,,,
2026-04-22 17:09:00+00:00,presentValue,analogInput_203,analogInput,,,,,,134.81726,,,,,,,,
2026-04-22 17:10:00+00:00,presentValue,analogInput_203,analogInput,,,,,,133.16219,,,,,,,,
2026-04-22 17:11:00+00:00,presentValue,analogInput_203,analogInput,,,,,,134.51526,,,,,,,,
2026-04-22 17:12:00+00:00,presentValue,analogInput_203,analogInput,,,,,,134.63292,,,,,,,,
2026-04-22 17:13:00+00:00,presentValue,analogInput_203,analogInput,,,,,,134.71529,,,,,,,,
2026-04-22 17:14:00+00:00,presentValue,analogInput_203,analogInput,,,,,,134.73882,,,,,,,,
2026-04-22 17:15:00+00:00,presentValue,analogInput_203,analogInput,,,,,,134.7545,,,,,,,,
2026-04-22 17:16:00+00:00,presentValue,analogInput_203,analogInput,,,,,,134.74666,,,,,,,,
2026-04-22 17:17:00+00:00,presentValue,analogInput_203,analogInput,,,,,,134.7349,,,,,,,,
2026-04-22 17:18:00+00:00,presentValue,analogInput_203,analogInput,,,,,,134.76234,,,,,,,,
2026-04-22 17:19:00+00:00,presentValue,analogInput_203,analogInput,,,,,,132.85236,,,,,,,,
2026-04-22 17:20:00+00:00,presentValue,analogInput_203,analogInput,,,,,,134.32309,,,,,,,,
2026-04-22 17:21:00+00:00,presentValue,analogInput_203,analogInput,,,,,,134.4682,,,,,,,,
2026-04-22 17:22:00+00:00,presentValue,analogInput_203,analogInput,,,,,,134.64076,,,,,,,,
2026-04-22 17:23:00+00:00,presentValue,analogInput_203,analogInput,,,,,,134.68,,,,,,,,
2026-04-22 17:24:00+00:00,presentValue,analogInput_203,analogInput,,,,,,134.68,,,,,,,,
2026-04-22 17:25:00+00:00,presentValue,analogInput_203,analogInput,,,,,,134.68784,,,,,,,,
2026-04-22 17:26:00+00:00,presentValue,analogInput_203,analogInput,,,,,,134.66037,,,,,,,,
2026-04-22 17:27:00+00:00,presentValue,analogInput_203,analogInput,,,,,,134.68391,,,,,,,,
2026-04-22 17:28:00+00:00,presentValue,analogInput_203,analogInput,,,,,,134.39368,,,,,,,,
2026-04-22 17:29:00+00:00,presentValue,analogInput_203,analogInput,,,,,,133.19748,,,,,,,,
2026-04-22 17:30:00+00:00,presentValue,analogInput_203,analogInput,,,,,,134.14267,,,,,,,,
2026-04-22 17:31:00+00:00,presentValue,analogInput_203,analogInput,,,,,,134.31133,,,,,,,,
2026-04-22 17:32:00+00:00,presentValue,analogInput_203,analogInput,,,,,,134.46428,,,,,,,,
2026-04-22 17:33:00+00:00,presentValue,analogInput_203,analogInput,,,,,,134.53879,,,,,,,,
2026-04-22 17:34:00+00:00,presentValue,analogInput_203,analogInput,,,,,,134.42113,,,,,,,,
2026-04-22 17:35:00+00:00,presentValue,analogInput_203,analogInput,,,,,,134.51526,,,,,,,,
2026-04-22 17:36:00+00:00,presentValue,analogInput_203,analogInput,,,,,,134.55055,,,,,,,,
2026-04-22 17:37:00+00:00,presentValue,analogInput_203,analogInput,,,,,,134.55447,,,,,,,,
2026-04-22 17:38:00+00:00,presentValue,analogInput_203,analogInput,,,,,,134.56233,,,,,,,,
2026-04-22 17:39:00+00:00,presentValue,analogInput_203,analogInput,,,,,,134.51526,,,,,,,,
2026-04-22 17:40:00+00:00,presentValue,analogInput_203,analogInput,,,,,,134.50742,,,,,,,,
2026-04-22 17:41:00+00:00,presentValue,analogInput_203,analogInput,,,,,,134.5035,,,,,,,,
2026-04-22 17:42:00+00:00,presentValue,analogInput_203,analogInput,,,,,,133.51125,,,,,,,,
2026-04-22 17:43:00+00:00,presentValue,analogInput_203,analogInput,,,,,,133.51517,,,,,,,,
2026-04-22 17:44:00+00:00,presentValue,analogInput_203,analogInput,,,,,,133.66028,,,,,,,,
2026-04-22 17:45:00+00:00,presentValue,analogInput_203,analogInput,,,,,,134.24072,,,,,,,,
2026-04-22 17:46:00+00:00,presentValue,analogInput_203,analogInput,,,,,,134.33878,,,,,,,,
2026-04-22 17:47:00+00:00,presentValue,analogInput_203,analogInput,,,,,,134.5035,,,,,,,,
2026-04-22 17:48:00+00:00,presentValue,analogInput_203,analogInput,,,,,,134.53487,,,,,,,,
2026-04-22 17:49:00+00:00,presentValue,analogInput_203,analogInput,,,,,,134.54271,,,,,,,,
2026-04-22 17:50:00+00:00,presentValue,analogInput_203,analogInput,,,,,,134.53487,,,,,,,,
2026-04-22 17:51:00+00:00,presentValue,analogInput_203,analogInput,,,,,,134.53879,,,,,,,,
2026-04-22 17:52:00+00:00,presentValue,analogInput_203,analogInput,,,,,,134.58194,,,,,,,,
2026-04-22 17:53:00+00:00,presentValue,analogInput_203,analogInput,,,,,,134.59763,,,,,,,,
2026-04-22 17:54:00+00:00,presentValue,analogInput_203,analogInput,,,,,,134.48389,,,,,,,,
2026-04-22 17:55:00+00:00,presentValue,analogInput_203,analogInput,,,,,,134.47212,,,,,,,,
2026-04-22 17:56:00+00:00,presentValue,analogInput_203,analogInput,,,,,,133.03278,,,,,,,,
2026-04-22 17:57:00+00:00,presentValue,analogInput_203,analogInput,,,,,,132.51115,,,,,,,,
2026-04-22 17:58:00+00:00,presentValue,analogInput_203,analogInput,,,,,,128.04015,,,,,,,,
2026-04-22 17:59:00+00:00,presentValue,analogInput_203,analogInput,,,,,,128.09898,,,,,,,,
2026-04-22 18:00:00+00:00,presentValue,analogInput_203,analogInput,,,,,,126.412544,,,,,,,,
2026-04-22 18:01:00+00:00,presentValue,analogInput_203,analogInput,,,,,,124.10252,,,,,,,,
2026-04-22 18:02:00+00:00,presentValue,analogInput_203,analogInput,,,,,,126.357635,,,,,,,,
2026-04-22 18:03:00+00:00,presentValue,analogInput_203,analogInput,,,,,,126.00466,,,,,,,,
2026-04-22 18:04:00+00:00,presentValue,analogInput_203,analogInput,,,,,,127.80875,,,,,,,,
2026-04-22 18:05:00+00:00,presentValue,analogInput_203,analogInput,,,,,,127.85581,,,,,,,,
2026-04-22 18:06:00+00:00,presentValue,analogInput_203,analogInput,,,,,,129.15005,,,,,,,,
2026-04-22 18:07:00+00:00,presentValue,analogInput_203,analogInput,,,,,,129.55402,,,,,,,,
2026-04-22 18:08:00+00:00,presentValue,analogInput_203,analogInput,,,,,,130.56587,,,,,,,,
2026-04-22 18:09:00+00:00,presentValue,analogInput_203,analogInput,,,,,,131.18947,,,,,,,,
2026-04-22 18:10:00+00:00,presentValue,analogInput_203,analogInput,,,,,,132.04445,,,,,,,,
2026-04-22 18:11:00+00:00,presentValue,analogInput_203,analogInput,,,,,,132.68372,,,,,,,,
2026-04-22 18:12:00+00:00,presentValue,analogInput_203,analogInput,,,,,,133.3073,,,,,,,,
2026-04-22 18:13:00+00:00,presentValue,analogInput_203,analogInput,,,,,,133.79755,,,,,,,,
2026-04-22 18:14:00+00:00,presentValue,analogInput_203,analogInput,,,,,,134.23288,,,,,,,,
2026-04-22 18:15:00+00:00,presentValue,analogInput_203,analogInput,,,,,,134.48389,,,,,,,,
2026-04-22 18:16:00+00:00,presentValue,analogInput_203,analogInput,,,,,,134.53487,,,,,,,,
2026-04-22 18:17:00+00:00,presentValue,analogInput_203,analogInput,,,,,,134.47212,,,,,,,,
2026-04-22 18:18:00+00:00,presentValue,analogInput_203,analogInput,,,,,,134.49957,,,,,,,,
2026-04-22 18:19:00+00:00,presentValue,analogInput_203,analogInput,,,,,,134.55447,,,,,,,,
2026-04-22 18:20:00+00:00,presentValue,analogInput_203,analogInput,,,,,,134.62115,,,,,,,,
2026-04-22 18:21:00+00:00,presentValue,analogInput_203,analogInput,,,,,,134.61331,,,,,,,,
2026-04-22 18:22:00+00:00,presentValue,analogInput_203,analogInput,,,,,,134.62115,,,,,,,,
2026-04-22 18:23:00+00:00,presentValue,analogInput_203,analogInput,,,,,,134.56233,,,,,,,,
2026-04-22 18:24:00+00:00,presentValue,analogInput_203,analogInput,,,,,,134.56233,,,,,,,,
2026-04-22 18:25:00+00:00,presentValue,analogInput_203,analogInput,,,,,,134.55841,,,,,,,,
2026-04-22 18:26:00+00:00,presentValue,analogInput_203,analogInput,,,,,,134.52702,,,,,,,,
2026-04-22 18:27:00+00:00,presentValue,analogInput_203,analogInput,,,,,,134.58194,,,,,,,,
2026-04-22 18:28:00+00:00,presentValue,analogInput_203,analogInput,,,,,,134.58194,,,,,,,,
2026-04-22 18:29:00+00:00,presentValue,analogInput_203,analogInput,,,,,,134.56233,,,,,,,,
2026-04-22 18:30:00+00:00,presentValue,analogInput_203,analogInput,,,,,,134.57802,,,,,,,,
2026-04-22 18:31:00+00:00,presentValue,analogInput_203,analogInput,,,,,,134.56625,,,,,,,,
2026-04-22 18:32:00+00:00,presentValue,analogInput_203,analogInput,,,,,,134.53879,,,,,,,,
2026-04-22 18:33:00+00:00,presentValue,analogInput_203,analogInput,,,,,,134.47997,,,,,,,,
2026-04-22 18:34:00+00:00,presentValue,analogInput_203,analogInput,,,,,,134.53487,,,,,,,,
2026-04-22 18:35:00+00:00,presentValue,analogInput_203,analogInput,,,,,,134.61331,,,,,,,,
2026-04-22 18:36:00+00:00,presentValue,analogInput_203,analogInput,,,,,,133.53085,,,,,,,,
2026-04-22 18:37:00+00:00,presentValue,analogInput_203,analogInput,,,,,,133.65244,,,,,,,,
2026-04-22 18:38:00+00:00,presentValue,analogInput_203,analogInput,,,,,,133.58185,,,,,,,,
2026-04-22 18:39:00+00:00,presentValue,analogInput_203,analogInput,,,,,,134.02895,,,,,,,,
2026-04-22 18:40:00+00:00,presentValue,analogInput_203,analogInput,,,,,,134.00934,,,,,,,,
2026-04-22 18:41:00+00:00,presentValue,analogInput_203,analogInput,,,,,,134.24072,,,,,,,,
2026-04-22 18:42:00+00:00,presentValue,analogInput_203,analogInput,,,,,,134.21327,,,,,,,,
2026-04-22 18:43:00+00:00,presentValue,analogInput_203,analogInput,,,,,,134.3623,,,,,,,,
2026-04-22 18:44:00+00:00,presentValue,analogInput_203,analogInput,,,,,,134.39368,,,,,,,,
2026-04-22 18:45:00+00:00,presentValue,analogInput_203,analogInput,,,,,,134.44075,,,,,,,,
2026-04-22 18:46:00+00:00,presentValue,analogInput_203,analogInput,,,,,,134.46428,,,,,,,,
2026-04-22 18:47:00+00:00,presentValue,analogInput_203,analogInput,,,,,,134.44467,,,,,,,,
2026-04-22 18:48:00+00:00,presentValue,analogInput_203,analogInput,,,,,,134.40936,,,,,,,,
2026-04-22 18:49:00+00:00,presentValue,analogInput_203,analogInput,,,,,,134.44467,,,,,,,,
2026-04-22 18:50:00+00:00,presentValue,analogInput_203,analogInput,,,,,,134.45644,,,,,,,,
2026-04-22 18:51:00+00:00,presentValue,analogInput_203,analogInput,,,,,,134.45644,,,,,,,,
2026-04-22 18:52:00+00:00,presentValue,analogInput_203,analogInput,,,,,,134.44075,,,,,,,,
2026-04-22 18:53:00+00:00,presentValue,analogInput_203,analogInput,,,,,,134.40152,,,,,,,,
2026-04-22 18:54:00+00:00,presentValue,analogInput_203,analogInput,,,,,,134.37799,,,,,,,,
2026-04-22 18:55:00+00:00,presentValue,analogInput_203,analogInput,,,,,,132.40526,,,,,,,,
2026-04-22 18:56:00+00:00,presentValue,analogInput_203,analogInput,,,,,,133.35829,,,,,,,,
2026-04-22 18:57:00+00:00,presentValue,analogInput_203,analogInput,,,,,,132.9308,,,,,,,,
2026-04-22 18:58:00+00:00,presentValue,analogInput_203,analogInput,,,,,,133.49948,,,,,,,,
2026-04-22 18:59:00+00:00,presentValue,analogInput_203,analogInput,,,,,,133.33084,,,,,,,,
2026-04-22 19:00:00+00:00,presentValue,analogInput_203,analogInput,,,,,,133.58969,,,,,,,,
2026-04-22 19:01:00+00:00,presentValue,analogInput_203,analogInput,,,,,,133.54262,,,,,,,,
2026-04-22 19:02:00+00:00,presentValue,analogInput_203,analogInput,,,,,,133.6642,,,,,,,,
2026-04-22 19:03:00+00:00,presentValue,analogInput_203,analogInput,,,,,,133.59361,,,,,,,,
2026-04-22 19:04:00+00:00,presentValue,analogInput_203,analogInput,,,,,,133.66812,,,,,,,,
2026-04-22 19:05:00+00:00,presentValue,analogInput_203,analogInput,,,,,,133.64851,,,,,,,,
2026-04-22 19:06:00+00:00,presentValue,analogInput_203,analogInput,,,,,,133.67596,,,,,,,,
2026-04-22 19:07:00+00:00,presentValue,analogInput_203,analogInput,,,,,,133.60538,,,,,,,,
2026-04-22 19:08:00+00:00,presentValue,analogInput_203,analogInput,,,,,,133.58577,,,,,,,,
2026-04-22 19:09:00+00:00,presentValue,analogInput_203,analogInput,,,,,,133.51125,,,,,,,,
2026-04-22 19:10:00+00:00,presentValue,analogInput_203,analogInput,,,,,,133.47987,,,,,,,,
2026-04-22 19:11:00+00:00,presentValue,analogInput_203,analogInput,,,,,,133.38966,,,,,,,,
2026-04-22 19:12:00+00:00,presentValue,analogInput_203,analogInput,,,,,,133.31122,,,,,,,,
2026-04-22 19:13:00+00:00,presentValue,analogInput_203,analogInput,,,,,,133.24455,,,,,,,,
2026-04-22 19:14:00+00:00,presentValue,analogInput_203,analogInput,,,,,,133.1818,,,,,,,,
2026-04-22 19:15:00+00:00,presentValue,analogInput_203,analogInput,,,,,,133.09944,,,,,,,,
2026-04-22 19:16:00+00:00,presentValue,analogInput_203,analogInput,,,,,,133.0367,,,,,,,,
2026-04-22 19:17:00+00:00,presentValue,analogInput_203,analogInput,,,,,,132.9661,,,,,,,,
2026-04-22 19:18:00+00:00,presentValue,analogInput_203,analogInput,,,,,,132.90335,,,,,,,,
2026-04-22 19:19:00+00:00,presentValue,analogInput_203,analogInput,,,,,,132.58566,,,,,,,,
2026-04-22 19:20:00+00:00,presentValue,analogInput_203,analogInput,,,,,,130.67569,,,,,,,,
2026-04-22 19:21:00+00:00,presentValue,analogInput_203,analogInput,,,,,,131.52675,,,,,,,,
2026-04-22 19:22:00+00:00,presentValue,analogInput_203,analogInput,,,,,,131.06396,,,,,,,,
2026-04-22 19:23:00+00:00,presentValue,analogInput_203,analogInput,,,,,,131.44046,,,,,,,,
2026-04-22 19:24:00+00:00,presentValue,analogInput_203,analogInput,,,,,,131.33849,,,,,,,,
2026-04-22 19:25:00+00:00,presentValue,analogInput_203,analogInput,,,,,,131.55812,,,,,,,,
2026-04-22 19:26:00+00:00,presentValue,analogInput_203,analogInput,,,,,,131.55028,,,,,,,,
2026-04-22 19:27:00+00:00,presentValue,analogInput_203,analogInput,,,,,,131.63657,,,,,,,,
2026-04-22 19:28:00+00:00,presentValue,analogInput_203,analogInput,,,,,,131.69931,,,,,,,,
2026-04-22 19:29:00+00:00,presentValue,analogInput_203,analogInput,,,,,,131.75423,,,,,,,,
2026-04-22 19:30:00+00:00,presentValue,analogInput_203,analogInput,,,,,,131.8052,,,,,,,,
2026-04-22 19:31:00+00:00,presentValue,analogInput_203,analogInput,,,,,,131.83658,,,,,,,,
2026-04-22 19:32:00+00:00,presentValue,analogInput_203,analogInput,,,,,,131.83658,,,,,,,,
2026-04-22 19:33:00+00:00,presentValue,analogInput_203,analogInput,,,,,,131.8405,,,,,,,,
2026-04-22 19:34:00+00:00,presentValue,analogInput_203,analogInput,,,,,,131.83266,,,,,,,,
2026-04-22 19:35:00+00:00,presentValue,analogInput_203,analogInput,,,,,,131.84442,,,,,,,,
2026-04-22 19:36:00+00:00,presentValue,analogInput_203,analogInput,,,,,,131.82481,,,,,,,,
2026-04-22 19:37:00+00:00,presentValue,analogInput_203,analogInput,,,,,,131.78952,,,,,,,,
2026-04-22 19:38:00+00:00,presentValue,analogInput_203,analogInput,,,,,,131.7346,,,,,,,,
2026-04-22 19:39:00+00:00,presentValue,analogInput_203,analogInput,,,,,,131.72284,,,,,,,,
2026-04-22 19:40:00+00:00,presentValue,analogInput_203,analogInput,,,,,,131.64833,,,,,,,,
2026-04-22 19:41:00+00:00,presentValue,analogInput_203,analogInput,,,,,,131.62086,,,,,,,,
2026-04-22 19:42:00+00:00,presentValue,analogInput_203,analogInput,,,,,,131.55028,,,,,,,,
2026-04-22 19:43:00+00:00,presentValue,analogInput_203,analogInput,,,,,,131.4483,,,,,,,,
2026-04-22 19:44:00+00:00,presentValue,analogInput_203,analogInput,,,,,,131.36201,,,,,,,,
2026-04-22 19:45:00+00:00,presentValue,analogInput_203,analogInput,,,,,,131.25221,,,,,,,,
2026-04-22 19:46:00+00:00,presentValue,analogInput_203,analogInput,,,,,,131.16986,,,,,,,,
2026-04-22 19:47:00+00:00,presentValue,analogInput_203,analogInput,,,,,,131.01689,,,,,,,,
2026-04-22 19:48:00+00:00,presentValue,analogInput_203,analogInput,,,,,,130.88747,,,,,,,,
2026-04-22 19:49:00+00:00,presentValue,analogInput_203,analogInput,,,,,,130.75804,,,,,,,,
2026-04-22 19:50:00+00:00,presentValue,analogInput_203,analogInput,,,,,,130.57372,,,,,,,,
2026-04-22 19:51:00+00:00,presentValue,analogInput_203,analogInput,,,,,,130.409,,,,,,,,
2026-04-22 19:52:00+00:00,presentValue,analogInput_203,analogInput,,,,,,130.24036,,,,,,,,
2026-04-22 19:53:00+00:00,presentValue,analogInput_203,analogInput,,,,,,130.07956,,,,,,,,
2026-04-22 19:54:00+00:00,presentValue,analogInput_203,analogInput,,,,,,129.94229,,,,,,,,
2026-04-22 19:55:00+00:00,presentValue,analogInput_203,analogInput,,,,,,129.78148,,,,,,,,
2026-04-22 19:56:00+00:00,presentValue,analogInput_203,analogInput,,,,,,129.63637,,,,,,,,
2026-04-22 19:57:00+00:00,presentValue,analogInput_203,analogInput,,,,,,129.45206,,,,,,,,
2026-04-22 19:58:00+00:00,presentValue,analogInput_203,analogInput,,,,,,129.25987,,,,,,,,
2026-04-22 19:59:00+00:00,presentValue,analogInput_203,analogInput,,,,,,129.08339,,,,,,,,
2026-04-22 20:00:00+00:00,presentValue,analogInput_203,analogInput,,,,,,128.90297,,,,,,,,
2026-04-22 20:01:00+00:00,presentValue,analogInput_203,analogInput,,,,,,128.72256,,,,,,,,
2026-04-22 20:02:00+00:00,presentValue,analogInput_203,analogInput,,,,,,128.51079,,,,,,,,
2026-04-22 20:03:00+00:00,presentValue,analogInput_203,analogInput,,,,,,128.33429,,,,,,,,
2026-04-22 20:04:00+00:00,presentValue,analogInput_203,analogInput,,,,,,128.1578,,,,,,,,
2026-04-22 20:05:00+00:00,presentValue,analogInput_203,analogInput,,,,,,128.0127,,,,,,,,
2026-04-22 20:06:00+00:00,presentValue,analogInput_203,analogInput,,,,,,127.84405,,,,,,,,
2026-04-22 20:07:00+00:00,presentValue,analogInput_203,analogInput,,,,,,127.65187,,,,,,,,
2026-04-22 20:08:00+00:00,presentValue,analogInput_203,analogInput,,,,,,127.495,,,,,,,,
2026-04-22 20:09:00+00:00,presentValue,analogInput_203,analogInput,,,,,,127.243996,,,,,,,,
2026-04-22 20:10:00+00:00,presentValue,analogInput_203,analogInput,,,,,,127.05182,,,,,,,,
2026-04-22 20:11:00+00:00,presentValue,analogInput_203,analogInput,,,,,,126.808655,,,,,,,,
2026-04-22 20:12:00+00:00,presentValue,analogInput_203,analogInput,,,,,,126.59296,,,,,,,,
2026-04-22 20:13:00+00:00,presentValue,analogInput_203,analogInput,,,,,,126.38117,,,,,,,,
2026-04-22 20:14:00+00:00,presentValue,analogInput_203,analogInput,,,,,,126.185074,,,,,,,,
2026-04-22 20:15:00+00:00,presentValue,analogInput_203,analogInput,,,,,,125.930145,,,,,,,,
2026-04-22 20:16:00+00:00,presentValue,analogInput_203,analogInput,,,,,,125.71445,,,,,,,,
2026-04-22 20:17:00+00:00,presentValue,analogInput_203,analogInput,,,,,,125.451675,,,,,,,,
2026-04-22 20:18:00+00:00,presentValue,analogInput_203,analogInput,,,,,,125.243805,,,,,,,,
2026-04-22 20:19:00+00:00,presentValue,analogInput_203,analogInput,,,,,,125.03986,,,,,,,,
2026-04-22 20:20:00+00:00,presentValue,analogInput_203,analogInput,,,,,,124.73396,,,,,,,,
2026-04-22 20:21:00+00:00,presentValue,analogInput_203,analogInput,,,,,,121.85133,,,,,,,,
2026-04-22 20:22:00+00:00,presentValue,analogInput_203,analogInput,,,,,,122.98086,,,,,,,,
2026-04-22 20:23:00+00:00,presentValue,analogInput_203,analogInput,,,,,,121.79643,,,,,,,,
2026-04-22 20:24:00+00:00,presentValue,analogInput_203,analogInput,,,,,,122.05136,,,,,,,,
2026-04-22 20:25:00+00:00,presentValue,analogInput_203,analogInput,,,,,,121.46306,,,,,,,,
2026-04-22 20:26:00+00:00,presentValue,analogInput_203,analogInput,,,,,,121.41207,,,,,,,,
2026-04-22 20:27:00+00:00,presentValue,analogInput_203,analogInput,,,,,,121.05126,,,,,,,,
2026-04-22 20:28:00+00:00,presentValue,analogInput_203,analogInput,,,,,,120.890465,,,,,,,,
2026-04-22 20:29:00+00:00,presentValue,analogInput_203,analogInput,,,,,,120.58847,,,,,,,,
2026-04-22 20:30:00+00:00,presentValue,analogInput_203,analogInput,,,,,,120.39237,,,,,,,,
2026-04-22 20:31:00+00:00,presentValue,analogInput_203,analogInput,,,,,,120.13745,,,,,,,,
2026-04-22 20:32:00+00:00,presentValue,analogInput_203,analogInput,,,,,,119.85899,,,,,,,,
2026-04-22 20:33:00+00:00,presentValue,analogInput_203,analogInput,,,,,,119.604065,,,,,,,,
2026-04-22 20:34:00+00:00,presentValue,analogInput_203,analogInput,,,,,,119.34522,,,,,,,,
2026-04-22 20:35:00+00:00,presentValue,analogInput_203,analogInput,,,,,,119.094215,,,,,,,,
2026-04-22 20:36:00+00:00,presentValue,analogInput_203,analogInput,,,,,,118.85497,,,,,,,,
2026-04-22 20:37:00+00:00,presentValue,analogInput_203,analogInput,,,,,,118.61574,,,,,,,,
2026-04-22 20:38:00+00:00,presentValue,analogInput_203,analogInput,,,,,,118.34513,,,,,,,,
2026-04-22 20:39:00+00:00,presentValue,analogInput_203,analogInput,,,,,,118.0902,,,,,,,,
2026-04-22 20:40:00+00:00,presentValue,analogInput_203,analogInput,,,,,,117.81174,,,,,,,,
2026-04-22 20:41:00+00:00,presentValue,analogInput_203,analogInput,,,,,,117.52152,,,,,,,,
2026-04-22 20:42:00+00:00,presentValue,analogInput_203,analogInput,,,,,,117.24699,,,,,,,,
2026-04-22 20:43:00+00:00,presentValue,analogInput_203,analogInput,,,,,,116.984215,,,,,,,,
2026-04-22 20:44:00+00:00,presentValue,analogInput_203,analogInput,,,,,,116.74105,,,,,,,,
2026-04-22 20:45:00+00:00,presentValue,analogInput_203,analogInput,,,,,,116.44299,,,,,,,,
2026-04-22 20:46:00+00:00,presentValue,analogInput_203,analogInput,,,,,,116.180214,,,,,,,,
2026-04-22 20:47:00+00:00,presentValue,analogInput_203,analogInput,,,,,,115.88607,,,,,,,,
2026-04-22 20:48:00+00:00,presentValue,analogInput_203,analogInput,,,,,,115.65861,,,,,,,,
2026-04-22 20:49:00+00:00,presentValue,analogInput_203,analogInput,,,,,,115.32523,,,,,,,,
2026-04-22 20:50:00+00:00,presentValue,analogInput_203,analogInput,,,,,,115.015396,,,,,,,,
2026-04-22 20:51:00+00:00,presentValue,analogInput_203,analogInput,,,,,,114.705574,,,,,,,,
2026-04-22 20:52:00+00:00,presentValue,analogInput_203,analogInput,,,,,,114.39966,,,,,,,,
2026-04-22 20:53:00+00:00,presentValue,analogInput_203,analogInput,,,,,,114.07806,,,,,,,,
2026-04-22 20:54:00+00:00,presentValue,analogInput_203,analogInput,,,,,,113.772156,,,,,,,,
2026-04-22 20:55:00+00:00,presentValue,analogInput_203,analogInput,,,,,,113.423096,,,,,,,,
2026-04-22 20:56:00+00:00,presentValue,analogInput_203,analogInput,,,,,,113.10934,,,,,,,,
2026-04-22 20:57:00+00:00,presentValue,analogInput_203,analogInput,,,,,,112.69362,,,,,,,,
2026-04-22 20:58:00+00:00,presentValue,analogInput_203,analogInput,,,,,,112.281815,,,,,,,,
2026-04-22 20:59:00+00:00,presentValue,analogInput_203,analogInput,,,,,,111.81903,,,,,,,,
2026-04-22 21:00:00+00:00,presentValue,analogInput_203,analogInput,,,,,,111.4033,,,,,,,,
2026-04-22 21:01:00+00:00,presentValue,analogInput_203,analogInput,,,,,,110.94051,,,,,,,,
2026-04-22 21:02:00+00:00,presentValue,analogInput_203,analogInput,,,,,,110.48949,,,,,,,,
2026-04-22 21:03:00+00:00,presentValue,analogInput_203,analogInput,,,,,,110.05416,,,,,,,,
2026-04-22 21:04:00+00:00,presentValue,analogInput_203,analogInput,,,,,,109.64235,,,,,,,,
2026-04-22 21:05:00+00:00,presentValue,analogInput_203,analogInput,,,,,,109.234474,,,,,,,,
2026-04-22 21:06:00+00:00,presentValue,analogInput_203,analogInput,,,,,,108.82267,,,,,,,,
2026-04-22 21:07:00+00:00,presentValue,analogInput_203,analogInput,,,,,,108.403015,,,,,,,,
2026-04-22 21:08:00+00:00,presentValue,analogInput_203,analogInput,,,,,,107.983376,,,,,,,,
2026-04-22 21:09:00+00:00,presentValue,analogInput_203,analogInput,,,,,,107.57941,,,,,,,,
2026-04-22 21:10:00+00:00,presentValue,analogInput_203,analogInput,,,,,,107.17154,,,,,,,,
2026-04-22 21:11:00+00:00,presentValue,analogInput_203,analogInput,,,,,,106.74796,,,,,,,,
2026-04-22 21:12:00+00:00,presentValue,analogInput_203,analogInput,,,,,,106.33617,,,,,,,,
2026-04-22 21:13:00+00:00,presentValue,analogInput_203,analogInput,,,,,,105.93612,,,,,,,,
2026-04-22 21:14:00+00:00,presentValue,analogInput_203,analogInput,,,,,,105.532166,,,,,,,,
2026-04-22 21:15:00+00:00,presentValue,analogInput_203,analogInput,,,,,,105.163506,,,,,,,,
2026-04-22 21:16:00+00:00,presentValue,analogInput_203,analogInput,,,,,,104.79092,,,,,,,,
2026-04-22 21:17:00+00:00,presentValue,analogInput_203,analogInput,,,,,,104.41049,,,,,,,,
2026-04-22 21:18:00+00:00,presentValue,analogInput_203,analogInput,,,,,,104.018295,,,,,,,,
2026-04-22 21:19:00+00:00,presentValue,analogInput_203,analogInput,,,,,,103.594734,,,,,,,,
2026-04-22 21:20:00+00:00,presentValue,analogInput_203,analogInput,,,,,,103.21822,,,,,,,,
2026-04-22 21:21:00+00:00,presentValue,analogInput_203,analogInput,,,,,,102.829956,,,,,,,,
2026-04-22 21:22:00+00:00,presentValue,analogInput_203,analogInput,,,,,,102.4103,,,,,,,,
2026-04-22 21:23:00+00:00,presentValue,analogInput_203,analogInput,,,,,,102.02987,,,,,,,,
2026-04-22 21:24:00+00:00,presentValue,analogInput_203,analogInput,,,,,,101.633766,,,,,,,,
2026-04-22 21:25:00+00:00,presentValue,analogInput_203,analogInput,,,,,,101.23764,,,,,,,,
2026-04-22 21:26:00+00:00,presentValue,analogInput_203,analogInput,,,,,,100.8533,,,,,,,,
2026-04-22 21:27:00+00:00,presentValue,analogInput_203,analogInput,,,,,,100.488556,,,,,,,,
2026-04-22 21:28:00+00:00,presentValue,analogInput_203,analogInput,,,,,,100.14342,,,,,,,,
2026-04-22 21:29:00+00:00,presentValue,analogInput_203,analogInput,,,,,,99.806145,,,,,,,,
2026-04-22 21:30:00+00:00,presentValue,analogInput_203,analogInput,,,,,,99.47277,,,,,,,,
2026-04-22 21:31:00+00:00,presentValue,analogInput_203,analogInput,,,,,,99.11588,,,,,,,,
2026-04-22 21:32:00+00:00,presentValue,analogInput_203,analogInput,,,,,,98.75506,,,,,,,,
2026-04-22 21:33:00+00:00,presentValue,analogInput_203,analogInput,,,,,,98.464836,,,,,,,,
2026-04-22 21:34:00+00:00,presentValue,analogInput_203,analogInput,,,,,,98.15501,,,,,,,,
2026-04-22 21:35:00+00:00,presentValue,analogInput_203,analogInput,,,,,,98.01382,,,,,,,,
2026-04-22 21:36:00+00:00,presentValue,analogInput_203,analogInput,,,,,,97.87263,,,,,,,,
2026-04-22 21:37:00+00:00,presentValue,analogInput_203,analogInput,,,,,,97.805954,,,,,,,,
2026-04-22 21:38:00+00:00,presentValue,analogInput_203,analogInput,,,,,,97.65692,,,,,,,,
2026-04-22 21:39:00+00:00,presentValue,analogInput_203,analogInput,,,,,,97.519646,,,,,,,,
2026-04-22 21:40:00+00:00,presentValue,analogInput_203,analogInput,,,,,,97.38238,,,,,,,,
2026-04-22 21:41:00+00:00,presentValue,analogInput_203,analogInput,,,,,,97.31964,,,,,,,,
2026-04-22 21:42:00+00:00,presentValue,analogInput_203,analogInput,,,,,,97.19414,,,,,,,,
2026-04-22 21:43:00+00:00,presentValue,analogInput_203,analogInput,,,,,,97.02157,,,,,,,,
2026-04-22 21:44:00+00:00,presentValue,analogInput_203,analogInput,,,,,,96.86861,,,,,,,,
2026-04-22 21:45:00+00:00,presentValue,analogInput_203,analogInput,,,,,,96.68428,,,,,,,,
2026-04-22 21:46:00+00:00,presentValue,analogInput_203,analogInput,,,,,,96.42935,,,,,,,,
2026-04-22 21:47:00+00:00,presentValue,analogInput_203,analogInput,,,,,,96.1156,,,,,,,,
2026-04-22 21:48:00+00:00,presentValue,analogInput_203,analogInput,,,,,,95.80576,,,,,,,,
2026-04-22 21:49:00+00:00,presentValue,analogInput_203,analogInput,,,,,,95.34298,,,,,,,,
2026-04-22 21:50:00+00:00,presentValue,analogInput_203,analogInput,,,,,,94.82136,,,,,,,,
2026-04-22 21:51:00+00:00,presentValue,analogInput_203,analogInput,,,,,,93.53497,,,,,,,,
2026-04-22 21:52:00+00:00,presentValue,analogInput_203,analogInput,,,,,,91.46419,,,,,,,,
2026-04-22 21:53:00+00:00,presentValue,analogInput_203,analogInput,,,,,,91.193565,,,,,,,,
2026-04-22 21:54:00+00:00,presentValue,analogInput_203,analogInput,,,,,,91.03277,,,,,,,,
2026-04-22 21:55:00+00:00,presentValue,analogInput_203,analogInput,,,,,,90.87982,,,,,,,,
2026-04-22 21:56:00+00:00,presentValue,analogInput_203,analogInput,,,,,,90.801384,,,,,,,,
2026-04-22 21:57:00+00:00,presentValue,analogInput_203,analogInput,,,,,,90.76216,,,,,,,,
2026-04-22 21:58:00+00:00,presentValue,analogInput_203,analogInput,,,,,,90.71902,,,,,,,,
2026-04-22 21:59:00+00:00,presentValue,analogInput_203,analogInput,,,,,,90.605286,,,,,,,,
2026-04-22 22:00:00+00:00,presentValue,analogInput_203,analogInput,,,,,,90.47978,,,,,,,,
2026-04-22 22:01:00+00:00,presentValue,analogInput_203,analogInput,,,,,,90.41703,,,,,,,,
2026-04-22 22:02:00+00:00,presentValue,analogInput_203,analogInput,,,,,,90.369965,,,,,,,,
2026-04-22 22:03:00+00:00,presentValue,analogInput_203,analogInput,,,,,,90.31898,,,,,,,,
2026-04-22 22:04:00+00:00,presentValue,analogInput_203,analogInput,,,,,,90.24838,,,,,,,,
2026-04-22 22:05:00+00:00,presentValue,analogInput_203,analogInput,,,,,,90.17779,,,,,,,,
2026-04-22 22:06:00+00:00,presentValue,analogInput_203,analogInput,,,,,,90.06405,,,,,,,,
2026-04-22 22:07:00+00:00,presentValue,analogInput_203,analogInput,,,,,,89.93463,,,,,,,,
2026-04-22 22:08:00+00:00,presentValue,analogInput_203,analogInput,,,,,,89.80913,,,,,,,,
2026-04-22 22:09:00+00:00,presentValue,analogInput_203,analogInput,,,,,,89.65225,,,,,,,,
2026-04-22 22:10:00+00:00,presentValue,analogInput_203,analogInput,,,,,,89.456154,,,,,,,,
2026-04-22 22:11:00+00:00,presentValue,analogInput_203,analogInput,,,,,,89.30319,,,,,,,,
2026-04-22 22:12:00+00:00,presentValue,analogInput_203,analogInput,,,,,,89.13847,,,,,,,,
2026-04-22 22:13:00+00:00,presentValue,analogInput_203,analogInput,,,,,,89.040436,,,,,,,,
2026-04-22 22:14:00+00:00,presentValue,analogInput_203,analogInput,,,,,,88.95807,,,,,,,,
2026-04-22 22:15:00+00:00,presentValue,analogInput_203,analogInput,,,,,,88.86787,,,,,,,,
2026-04-22 22:16:00+00:00,presentValue,analogInput_203,analogInput,,,,,,88.71099,,,,,,,,
2026-04-22 22:17:00+00:00,presentValue,analogInput_203,analogInput,,,,,,88.61686,,,,,,,,
2026-04-22 22:18:00+00:00,presentValue,analogInput_203,analogInput,,,,,,88.522736,,,,,,,,
2026-04-22 22:19:00+00:00,presentValue,analogInput_203,analogInput,,,,,,88.42076,,,,,,,,
2026-04-22 22:20:00+00:00,presentValue,analogInput_203,analogInput,,,,,,88.29918,,,,,,,,
2026-04-22 22:21:00+00:00,presentValue,analogInput_203,analogInput,,,,,,88.14623,,,,,,,,
2026-04-22 22:22:00+00:00,presentValue,analogInput_203,analogInput,,,,,,88.02073,,,,,,,,
2026-04-22 22:23:00+00:00,presentValue,analogInput_203,analogInput,,,,,,87.87562,,,,,,,,
2026-04-22 22:24:00+00:00,presentValue,analogInput_203,analogInput,,,,,,87.75796,,,,,,,,
2026-04-22 22:25:00+00:00,presentValue,analogInput_203,analogInput,,,,,,87.62069,,,,,,,,
2026-04-22 22:26:00+00:00,presentValue,analogInput_203,analogInput,,,,,,87.491264,,,,,,,,
2026-04-22 22:27:00+00:00,presentValue,analogInput_203,analogInput,,,,,,87.39713,,,,,,,,
2026-04-22 22:28:00+00:00,presentValue,analogInput_203,analogInput,,,,,,87.27163,,,,,,,,
2026-04-22 22:29:00+00:00,presentValue,analogInput_203,analogInput,,,,,,87.15006,,,,,,,,
2026-04-22 22:30:00+00:00,presentValue,analogInput_203,analogInput,,,,,,87.016716,,,,,,,,
2026-04-22 22:31:00+00:00,presentValue,analogInput_203,analogInput,,,,,,86.90298,,,,,,,,
2026-04-22 22:32:00+00:00,presentValue,analogInput_203,analogInput,,,,,,86.79708,,,,,,,,
2026-04-22 22:33:00+00:00,presentValue,analogInput_203,analogInput,,,,,,86.695114,,,,,,,,
2026-04-22 22:34:00+00:00,presentValue,analogInput_203,analogInput,,,,,,86.608826,,,,,,,,
2026-04-22 22:35:00+00:00,presentValue,analogInput_203,analogInput,,,,,,86.53823,,,,,,,,
2026-04-22 22:36:00+00:00,presentValue,analogInput_203,analogInput,,,,,,86.44803,,,,,,,,
2026-04-22 22:37:00+00:00,presentValue,analogInput_203,analogInput,,,,,,86.36566,,,,,,,,
2026-04-22 22:38:00+00:00,presentValue,analogInput_203,analogInput,,,,,,86.267624,,,,,,,,
2026-04-22 22:39:00+00:00,presentValue,analogInput_203,analogInput,,,,,,86.16566,,,,,,,,
2026-04-22 22:40:00+00:00,presentValue,analogInput_203,analogInput,,,,,,86.10683,,,,,,,,
2026-04-22 22:41:00+00:00,presentValue,analogInput_203,analogInput,,,,,,86.02838,,,,,,,,
2026-04-22 22:42:00+00:00,presentValue,analogInput_203,analogInput,,,,,,85.926414,,,,,,,,
2026-04-22 22:43:00+00:00,presentValue,analogInput_203,analogInput,,,,,,85.812675,,,,,,,,
2026-04-22 22:44:00+00:00,presentValue,analogInput_203,analogInput,,,,,,85.74208,,,,,,,,
2026-04-22 22:45:00+00:00,presentValue,analogInput_203,analogInput,,,,,,85.65972,,,,,,,,
2026-04-22 22:46:00+00:00,presentValue,analogInput_203,analogInput,,,,,,85.553825,,,,,,,,
2026-04-22 22:47:00+00:00,presentValue,analogInput_203,analogInput,,,,,,85.50284,,,,,,,,
2026-04-22 22:48:00+00:00,presentValue,analogInput_203,analogInput,,,,,,85.412636,,,,,,,,
2026-04-22 22:49:00+00:00,presentValue,analogInput_203,analogInput,,,,,,85.3146,,,,,,,,
2026-04-22 22:50:00+00:00,presentValue,analogInput_203,analogInput,,,,,,85.22047,,,,,,,,
2026-04-22 22:51:00+00:00,presentValue,analogInput_203,analogInput,,,,,,85.09496,,,,,,,,
2026-04-22 22:52:00+00:00,presentValue,analogInput_203,analogInput,,,,,,84.9773,,,,,,,,
2026-04-22 22:53:00+00:00,presentValue,analogInput_203,analogInput,,,,,,84.843956,,,,,,,,
2026-04-22 22:54:00+00:00,presentValue,analogInput_203,analogInput,,,,,,84.7616,,,,,,,,
2026-04-22 22:55:00+00:00,presentValue,analogInput_203,analogInput,,,,,,84.63217,,,,,,,,
2026-04-22 22:56:00+00:00,presentValue,analogInput_203,analogInput,,,,,,84.53412,,,,,,,,
2026-04-22 22:57:00+00:00,presentValue,analogInput_203,analogInput,,,,,,84.42432,,,,,,,,
2026-04-22 22:58:00+00:00,presentValue,analogInput_203,analogInput,,,,,,84.32234,,,,,,,,
2026-04-22 22:59:00+00:00,presentValue,analogInput_203,analogInput,,,,,,84.19292,,,,,,,,
2026-04-22 23:00:00+00:00,presentValue,analogInput_203,analogInput,,,,,,84.130165,,,,,,,,
2026-04-22 11:01:00+00:00,presentValue,analogInput_205,analogInput,,,,,,,40.502567,,,,,,,
2026-04-22 11:02:00+00:00,presentValue,analogInput_205,analogInput,,,,,,,40.46727,,,,,,,
2026-04-22 11:03:00+00:00,presentValue,analogInput_205,analogInput,,,,,,,40.43197,,,,,,,
2026-04-22 11:04:00+00:00,presentValue,analogInput_205,analogInput,,,,,,,40.41236,,,,,,,
2026-04-22 11:05:00+00:00,presentValue,analogInput_205,analogInput,,,,,,,40.373142,,,,,,,
2026-04-22 11:06:00+00:00,presentValue,analogInput_205,analogInput,,,,,,,40.318233,,,,,,,
2026-04-22 11:07:00+00:00,presentValue,analogInput_205,analogInput,,,,,,,40.279015,,,,,,,
2026-04-22 11:08:00+00:00,presentValue,analogInput_205,analogInput,,,,,,,40.25548,,,,,,,
2026-04-22 11:09:00+00:00,presentValue,analogInput_205,analogInput,,,,,,,40.224106,,,,,,,
2026-04-22 11:10:00+00:00,presentValue,analogInput_205,analogInput,,,,,,,40.188812,,,,,,,
2026-04-22 11:11:00+00:00,presentValue,analogInput_205,analogInput,,,,,,,40.153515,,,,,,,
2026-04-22 11:12:00+00:00,presentValue,analogInput_205,analogInput,,,,,,,40.13783,,,,,,,
2026-04-22 11:13:00+00:00,presentValue,analogInput_205,analogInput,,,,,,,40.098606,,,,,,,
2026-04-22 11:14:00+00:00,presentValue,analogInput_205,analogInput,,,,,,,40.059387,,,,,,,
2026-04-22 11:15:00+00:00,presentValue,analogInput_205,analogInput,,,,,,,40.031933,,,,,,,
2026-04-22 11:16:00+00:00,presentValue,analogInput_205,analogInput,,,,,,,39.996635,,,,,,,
2026-04-22 11:17:00+00:00,presentValue,analogInput_205,analogInput,,,,,,,39.953495,,,,,,,
2026-04-22 11:18:00+00:00,presentValue,analogInput_205,analogInput,,,,,,,39.941727,,,,,,,
2026-04-22 11:19:00+00:00,presentValue,analogInput_205,analogInput,,,,,,,39.902508,,,,,,,
2026-04-22 11:20:00+00:00,presentValue,analogInput_205,analogInput,,,,,,,39.8476,,,,,,,
2026-04-22 11:21:00+00:00,presentValue,analogInput_205,analogInput,,,,,,,39.80446,,,,,,,
2026-04-22 11:22:00+00:00,presentValue,analogInput_205,analogInput,,,,,,,39.76524,,,,,,,
2026-04-22 11:23:00+00:00,presentValue,analogInput_205,analogInput,,,,,,,39.71426,,,,,,,
2026-04-22 11:24:00+00:00,presentValue,analogInput_205,analogInput,,,,,,,39.65935,,,,,,,
2026-04-22 11:25:00+00:00,presentValue,analogInput_205,analogInput,,,,,,,39.624054,,,,,,,
2026-04-22 11:26:00+00:00,presentValue,analogInput_205,analogInput,,,,,,,39.5966,,,,,,,
2026-04-22 11:27:00+00:00,presentValue,analogInput_205,analogInput,,,,,,,39.57699,,,,,,,
2026-04-22 11:28:00+00:00,presentValue,analogInput_205,analogInput,,,,,,,39.55346,,,,,,,
2026-04-22 11:29:00+00:00,presentValue,analogInput_205,analogInput,,,,,,,39.518158,,,,,,,
2026-04-22 11:30:00+00:00,presentValue,analogInput_205,analogInput,,,,,,,39.486782,,,,,,,
2026-04-22 11:31:00+00:00,presentValue,analogInput_205,analogInput,,,,,,,39.463253,,,,,,,
2026-04-22 11:32:00+00:00,presentValue,analogInput_205,analogInput,,,,,,,39.42403,,,,,,,
2026-04-22 11:33:00+00:00,presentValue,analogInput_205,analogInput,,,,,,,39.39658,,,,,,,
2026-04-22 11:34:00+00:00,presentValue,analogInput_205,analogInput,,,,,,,39.373047,,,,,,,
2026-04-22 11:35:00+00:00,presentValue,analogInput_205,analogInput,,,,,,,39.353436,,,,,,,
2026-04-22 11:36:00+00:00,presentValue,analogInput_205,analogInput,,,,,,,39.32206,,,,,,,
2026-04-22 11:37:00+00:00,presentValue,analogInput_205,analogInput,,,,,,,39.302452,,,,,,,
2026-04-22 11:38:00+00:00,presentValue,analogInput_205,analogInput,,,,,,,39.274998,,,,,,,
2026-04-22 11:39:00+00:00,presentValue,analogInput_205,analogInput,,,,,,,39.243626,,,,,,,
2026-04-22 11:40:00+00:00,presentValue,analogInput_205,analogInput,,,,,,,39.220093,,,,,,,
2026-04-22 11:41:00+00:00,presentValue,analogInput_205,analogInput,,,,,,,39.192642,,,,,,,
2026-04-22 11:42:00+00:00,presentValue,analogInput_205,analogInput,,,,,,,39.15734,,,,,,,
2026-04-22 11:43:00+00:00,presentValue,analogInput_205,analogInput,,,,,,,39.118122,,,,,,,
2026-04-22 11:44:00+00:00,presentValue,analogInput_205,analogInput,,,,,,,39.09459,,,,,,,
2026-04-22 11:45:00+00:00,presentValue,analogInput_205,analogInput,,,,,,,39.05537,,,,,,,
2026-04-22 11:46:00+00:00,presentValue,analogInput_205,analogInput,,,,,,,39.035763,,,,,,,
2026-04-22 11:47:00+00:00,presentValue,analogInput_205,analogInput,,,,,,,38.99262,,,,,,,
2026-04-22 11:48:00+00:00,presentValue,analogInput_205,analogInput,,,,,,,38.965164,,,,,,,
2026-04-22 11:49:00+00:00,presentValue,analogInput_205,analogInput,,,,,,,38.941635,,,,,,,
2026-04-22 11:50:00+00:00,presentValue,analogInput_205,analogInput,,,,,,,38.91418,,,,,,,
2026-04-22 11:51:00+00:00,presentValue,analogInput_205,analogInput,,,,,,,38.89457,,,,,,,
2026-04-22 11:52:00+00:00,presentValue,analogInput_205,analogInput,,,,,,,38.867115,,,,,,,
2026-04-22 11:53:00+00:00,presentValue,analogInput_205,analogInput,,,,,,,38.843582,,,,,,,
2026-04-22 11:54:00+00:00,presentValue,analogInput_205,analogInput,,,,,,,38.820053,,,,,,,
2026-04-22 11:55:00+00:00,presentValue,analogInput_205,analogInput,,,,,,,38.780838,,,,,,,
2026-04-22 11:56:00+00:00,presentValue,analogInput_205,analogInput,,,,,,,38.74554,,,,,,,
2026-04-22 11:57:00+00:00,presentValue,analogInput_205,analogInput,,,,,,,38.72985,,,,,,,
2026-04-22 11:58:00+00:00,presentValue,analogInput_205,analogInput,,,,,,,38.694553,,,,,,,
2026-04-22 11:59:00+00:00,presentValue,analogInput_205,analogInput,,,,,,,38.659256,,,,,,,
2026-04-22 12:00:00+00:00,presentValue,analogInput_205,analogInput,,,,,,,38.6318,,,,,,,
2026-04-22 12:01:00+00:00,presentValue,analogInput_205,analogInput,,,,,,,38.596504,,,,,,,
2026-04-22 12:02:00+00:00,presentValue,analogInput_205,analogInput,,,,,,,38.561207,,,,,,,
2026-04-22 12:03:00+00:00,presentValue,analogInput_205,analogInput,,,,,,,38.533752,,,,,,,
2026-04-22 12:04:00+00:00,presentValue,analogInput_205,analogInput,,,,,,,38.490612,,,,,,,
2026-04-22 12:05:00+00:00,presentValue,analogInput_205,analogInput,,,,,,,38.447468,,,,,,,
2026-04-22 12:06:00+00:00,presentValue,analogInput_205,analogInput,,,,,,,38.416092,,,,,,,
2026-04-22 12:07:00+00:00,presentValue,analogInput_205,analogInput,,,,,,,38.376873,,,,,,,
2026-04-22 12:08:00+00:00,presentValue,analogInput_205,analogInput,,,,,,,38.345505,,,,,,,
2026-04-22 12:09:00+00:00,presentValue,analogInput_205,analogInput,,,,,,,38.33766,,,,,,,
2026-04-22 12:10:00+00:00,presentValue,analogInput_205,analogInput,,,,,,,38.310207,,,,,,,
2026-04-22 12:11:00+00:00,presentValue,analogInput_205,analogInput,,,,,,,38.29844,,,,,,,
2026-04-22 12:12:00+00:00,presentValue,analogInput_205,analogInput,,,,,,,38.25922,,,,,,,
2026-04-22 12:13:00+00:00,presentValue,analogInput_205,analogInput,,,,,,,38.235687,,,,,,,
2026-04-22 12:14:00+00:00,presentValue,analogInput_205,analogInput,,,,,,,38.20039,,,,,,,
2026-04-22 12:15:00+00:00,presentValue,analogInput_205,analogInput,,,,,,,38.16117,,,,,,,
2026-04-22 12:16:00+00:00,presentValue,analogInput_205,analogInput,,,,,,,38.129795,,,,,,,
2026-04-22 12:17:00+00:00,presentValue,analogInput_205,analogInput,,,,,,,38.08273,,,,,,,
2026-04-22 12:18:00+00:00,presentValue,analogInput_205,analogInput,,,,,,,38.047432,,,,,,,
2026-04-22 12:19:00+00:00,presentValue,analogInput_205,analogInput,,,,,,,38.019978,,,,,,,
2026-04-22 12:20:00+00:00,presentValue,analogInput_205,analogInput,,,,,,,37.99645,,,,,,,
2026-04-22 12:21:00+00:00,presentValue,analogInput_205,analogInput,,,,,,,37.96115,,,,,,,
2026-04-22 12:22:00+00:00,presentValue,analogInput_205,analogInput,,,,,,,37.933697,,,,,,,
2026-04-22 12:23:00+00:00,presentValue,analogInput_205,analogInput,,,,,,,37.90232,,,,,,,
2026-04-22 12:24:00+00:00,presentValue,analogInput_205,analogInput,,,,,,,37.894474,,,,,,,
2026-04-22 12:25:00+00:00,presentValue,analogInput_205,analogInput,,,,,,,37.859184,,,,,,,
2026-04-22 12:26:00+00:00,presentValue,analogInput_205,analogInput,,,,,,,37.823887,,,,,,,
2026-04-22 12:27:00+00:00,presentValue,analogInput_205,analogInput,,,,,,,37.808197,,,,,,,
2026-04-22 12:28:00+00:00,presentValue,analogInput_205,analogInput,,,,,,,37.796432,,,,,,,
2026-04-22 12:29:00+00:00,presentValue,analogInput_205,analogInput,,,,,,,37.7729,,,,,,,
2026-04-22 12:30:00+00:00,presentValue,analogInput_205,analogInput,,,,,,,37.757214,,,,,,,
2026-04-22 12:31:00+00:00,presentValue,analogInput_205,analogInput,,,,,,,37.745445,,,,,,,
2026-04-22 12:32:00+00:00,presentValue,analogInput_205,analogInput,,,,,,,37.73368,,,,,,,
2026-04-22 12:33:00+00:00,presentValue,analogInput_205,analogInput,,,,,,,37.706226,,,,,,,
2026-04-22 12:34:00+00:00,presentValue,analogInput_205,analogInput,,,,,,,37.67485,,,,,,,
2026-04-22 12:35:00+00:00,presentValue,analogInput_205,analogInput,,,,,,,37.667007,,,,,,,
2026-04-22 12:36:00+00:00,presentValue,analogInput_205,analogInput,,,,,,,37.639553,,,,,,,
2026-04-22 12:37:00+00:00,presentValue,analogInput_205,analogInput,,,,,,,37.627785,,,,,,,
2026-04-22 12:38:00+00:00,presentValue,analogInput_205,analogInput,,,,,,,37.604256,,,,,,,
2026-04-22 12:39:00+00:00,presentValue,analogInput_205,analogInput,,,,,,,37.565033,,,,,,,
2026-04-22 12:40:00+00:00,presentValue,analogInput_205,analogInput,,,,,,,37.549347,,,,,,,
2026-04-22 12:41:00+00:00,presentValue,analogInput_205,analogInput,,,,,,,37.537582,,,,,,,
2026-04-22 12:42:00+00:00,presentValue,analogInput_205,analogInput,,,,,,,37.510128,,,,,,,
2026-04-22 12:43:00+00:00,presentValue,analogInput_205,analogInput,,,,,,,37.506207,,,,,,,
2026-04-22 12:44:00+00:00,presentValue,analogInput_205,analogInput,,,,,,,37.482674,,,,,,,
2026-04-22 12:45:00+00:00,presentValue,analogInput_205,analogInput,,,,,,,37.451298,,,,,,,
2026-04-22 12:46:00+00:00,presentValue,analogInput_205,analogInput,,,,,,,37.42385,,,,,,,
2026-04-22 12:47:00+00:00,presentValue,analogInput_205,analogInput,,,,,,,37.40032,,,,,,,
2026-04-22 12:48:00+00:00,presentValue,analogInput_205,analogInput,,,,,,,37.38463,,,,,,,
2026-04-22 12:49:00+00:00,presentValue,analogInput_205,analogInput,,,,,,,37.353252,,,,,,,
2026-04-22 12:50:00+00:00,presentValue,analogInput_205,analogInput,,,,,,,37.341488,,,,,,,
2026-04-22 12:51:00+00:00,presentValue,analogInput_205,analogInput,,,,,,,37.321877,,,,,,,
2026-04-22 12:52:00+00:00,presentValue,analogInput_205,analogInput,,,,,,,37.310112,,,,,,,
2026-04-22 12:53:00+00:00,presentValue,analogInput_205,analogInput,,,,,,,37.28658,,,,,,,
2026-04-22 12:54:00+00:00,presentValue,analogInput_205,analogInput,,,,,,,37.274815,,,,,,,
2026-04-22 12:55:00+00:00,presentValue,analogInput_205,analogInput,,,,,,,37.259125,,,,,,,
2026-04-22 12:56:00+00:00,presentValue,analogInput_205,analogInput,,,,,,,37.25128,,,,,,,
2026-04-22 12:57:00+00:00,presentValue,analogInput_205,analogInput,,,,,,,37.24344,,,,,,,
2026-04-22 12:58:00+00:00,presentValue,analogInput_205,analogInput,,,,,,,37.215984,,,,,,,
2026-04-22 12:59:00+00:00,presentValue,analogInput_205,analogInput,,,,,,,37.196373,,,,,,,
2026-04-22 13:00:00+00:00,presentValue,analogInput_205,analogInput,,,,,,,37.196373,,,,,,,
2026-04-22 13:01:00+00:00,presentValue,analogInput_205,analogInput,,,,,,,37.19245,,,,,,,
2026-04-22 13:02:00+00:00,presentValue,analogInput_205,analogInput,,,,,,,37.161076,,,,,,,
2026-04-22 13:03:00+00:00,presentValue,analogInput_205,analogInput,,,,,,,37.153233,,,,,,,
2026-04-22 13:04:00+00:00,presentValue,analogInput_205,analogInput,,,,,,,37.141464,,,,,,,
2026-04-22 13:05:00+00:00,presentValue,analogInput_205,analogInput,,,,,,,37.13362,,,,,,,
2026-04-22 13:06:00+00:00,presentValue,analogInput_205,analogInput,,,,,,,37.110092,,,,,,,
2026-04-22 13:07:00+00:00,presentValue,analogInput_205,analogInput,,,,,,,37.08656,,,,,,,
2026-04-22 13:08:00+00:00,presentValue,analogInput_205,analogInput,,,,,,,37.059105,,,,,,,
2026-04-22 13:09:00+00:00,presentValue,analogInput_205,analogInput,,,,,,,37.05126,,,,,,,
2026-04-22 13:10:00+00:00,presentValue,analogInput_205,analogInput,,,,,,,37.02773,,,,,,,
2026-04-22 13:11:00+00:00,presentValue,analogInput_205,analogInput,,,,,,,37.023808,,,,,,,
2026-04-22 13:12:00+00:00,presentValue,analogInput_205,analogInput,,,,,,,37.01596,,,,,,,
2026-04-22 13:13:00+00:00,presentValue,analogInput_205,analogInput,,,,,,,37.000275,,,,,,,
2026-04-22 13:14:00+00:00,presentValue,analogInput_205,analogInput,,,,,,,36.99243,,,,,,,
2026-04-22 13:15:00+00:00,presentValue,analogInput_205,analogInput,,,,,,,36.972828,,,,,,,
2026-04-22 13:16:00+00:00,presentValue,analogInput_205,analogInput,,,,,,,36.949295,,,,,,,
2026-04-22 13:17:00+00:00,presentValue,analogInput_205,analogInput,,,,,,,37.490517,,,,,,,
2026-04-22 13:18:00+00:00,presentValue,analogInput_205,analogInput,,,,,,,23.920626,,,,,,,
2026-04-22 13:19:00+00:00,presentValue,analogInput_205,analogInput,,,,,,,31.27033,,,,,,,
2026-04-22 13:20:00+00:00,presentValue,analogInput_205,analogInput,,,,,,,22.626389,,,,,,,
2026-04-22 13:21:00+00:00,presentValue,analogInput_205,analogInput,,,,,,,29.368193,,,,,,,
2026-04-22 13:22:00+00:00,presentValue,analogInput_205,analogInput,,,,,,,24.06966,,,,,,,
2026-04-22 13:23:00+00:00,presentValue,analogInput_205,analogInput,,,,,,,27.473896,,,,,,,
2026-04-22 13:24:00+00:00,presentValue,analogInput_205,analogInput,,,,,,,25.454103,,,,,,,
2026-04-22 13:25:00+00:00,presentValue,analogInput_205,analogInput,,,,,,,26.360071,,,,,,,
2026-04-22 13:26:00+00:00,presentValue,analogInput_205,analogInput,,,,,,,26.12083,,,,,,,
2026-04-22 13:27:00+00:00,presentValue,analogInput_205,analogInput,,,,,,,25.944345,,,,,,,
2026-04-22 13:28:00+00:00,presentValue,analogInput_205,analogInput,,,,,,,26.344383,,,,,,,
2026-04-22 13:29:00+00:00,presentValue,analogInput_205,analogInput,,,,,,,26.02278,,,,,,,
2026-04-22 13:30:00+00:00,presentValue,analogInput_205,analogInput,,,,,,,26.340462,,,,,,,
2026-04-22 13:31:00+00:00,presentValue,analogInput_205,analogInput,,,,,,,26.14044,,,,,,,
2026-04-22 13:32:00+00:00,presentValue,analogInput_205,analogInput,,,,,,,26.30124,,,,,,,
2026-04-22 13:33:00+00:00,presentValue,analogInput_205,analogInput,,,,,,,26.254177,,,,,,,
2026-04-22 13:34:00+00:00,presentValue,analogInput_205,analogInput,,,,,,,26.29732,,,,,,,
2026-04-22 13:35:00+00:00,presentValue,analogInput_205,analogInput,,,,,,,26.32085,,,,,,,
2026-04-22 13:36:00+00:00,presentValue,analogInput_205,analogInput,,,,,,,26.313007,,,,,,,
2026-04-22 13:37:00+00:00,presentValue,analogInput_205,analogInput,,,,,,,26.328695,,,,,,,
2026-04-22 13:38:00+00:00,presentValue,analogInput_205,analogInput,,,,,,,26.336538,,,,,,,
2026-04-22 13:39:00+00:00,presentValue,analogInput_205,analogInput,,,,,,,26.367914,,,,,,,
2026-04-22 13:40:00+00:00,presentValue,analogInput_205,analogInput,,,,,,,26.340462,,,,,,,
2026-04-22 13:41:00+00:00,presentValue,analogInput_205,analogInput,,,,,,,26.316929,,,,,,,
2026-04-22 13:42:00+00:00,presentValue,analogInput_205,analogInput,,,,,,,26.313007,,,,,,,
2026-04-22 13:43:00+00:00,presentValue,analogInput_205,analogInput,,,,,,,26.309086,,,,,,,
2026-04-22 13:44:00+00:00,presentValue,analogInput_205,analogInput,,,,,,,26.32085,,,,,,,
2026-04-22 13:45:00+00:00,presentValue,analogInput_205,analogInput,,,,,,,26.324772,,,,,,,
2026-04-22 13:46:00+00:00,presentValue,analogInput_205,analogInput,,,,,,,26.29732,,,,,,,
2026-04-22 13:47:00+00:00,presentValue,analogInput_205,analogInput,,,,,,,26.265944,,,,,,,
2026-04-22 13:48:00+00:00,presentValue,analogInput_205,analogInput,,,,,,,26.230644,,,,,,,
2026-04-22 13:49:00+00:00,presentValue,analogInput_205,analogInput,,,,,,,26.360071,,,,,,,
2026-04-22 13:50:00+00:00,presentValue,analogInput_205,analogInput,,,,,,,26.195347,,,,,,,
2026-04-22 13:51:00+00:00,presentValue,analogInput_205,analogInput,,,,,,,26.324772,,,,,,,
2026-04-22 13:52:00+00:00,presentValue,analogInput_205,analogInput,,,,,,,26.112986,,,,,,,
2026-04-22 13:53:00+00:00,presentValue,analogInput_205,analogInput,,,,,,,26.316929,,,,,,,
2026-04-22 13:54:00+00:00,presentValue,analogInput_205,analogInput,,,,,,,26.152206,,,,,,,
2026-04-22 13:55:00+00:00,presentValue,analogInput_205,analogInput,,,,,,,26.281631,,,,,,,
2026-04-22 13:56:00+00:00,presentValue,analogInput_205,analogInput,,,,,,,26.230644,,,,,,,
2026-04-22 13:57:00+00:00,presentValue,analogInput_205,analogInput,,,,,,,26.29732,,,,,,,
2026-04-22 13:58:00+00:00,presentValue,analogInput_205,analogInput,,,,,,,26.340462,,,,,,,
2026-04-22 13:59:00+00:00,presentValue,analogInput_205,analogInput,,,,,,,26.524788,,,,,,,
2026-04-22 14:00:00+00:00,presentValue,analogInput_205,analogInput,,,,,,,26.728731,,,,,,,
2026-04-22 14:01:00+00:00,presentValue,analogInput_205,analogInput,,,,,,,26.924824,,,,,,,
2026-04-22 14:02:00+00:00,presentValue,analogInput_205,analogInput,,,,,,,27.128769,,,,,,,
2026-04-22 14:03:00+00:00,presentValue,analogInput_205,analogInput,,,,,,,27.48174,,,,,,,
2026-04-22 14:04:00+00:00,presentValue,analogInput_205,analogInput,,,,,,,27.783733,,,,,,,
2026-04-22 14:05:00+00:00,presentValue,analogInput_205,analogInput,,,,,,,27.991592,,,,,,,
2026-04-22 14:06:00+00:00,presentValue,analogInput_205,analogInput,,,,,,,28.27397,,,,,,,
2026-04-22 14:07:00+00:00,presentValue,analogInput_205,analogInput,,,,,,,28.564198,,,,,,,
2026-04-22 14:08:00+00:00,presentValue,analogInput_205,analogInput,,,,,,,28.89756,,,,,,,
2026-04-22 14:09:00+00:00,presentValue,analogInput_205,analogInput,,,,,,,29.340738,,,,,,,
2026-04-22 14:10:00+00:00,presentValue,analogInput_205,analogInput,,,,,,,29.599588,,,,,,,
2026-04-22 14:11:00+00:00,presentValue,analogInput_205,analogInput,,,,,,,29.960405,,,,,,,
2026-04-22 14:12:00+00:00,presentValue,analogInput_205,analogInput,,,,,,,30.325144,,,,,,,
2026-04-22 14:13:00+00:00,presentValue,analogInput_205,analogInput,,,,,,,30.615366,,,,,,,
2026-04-22 14:14:00+00:00,presentValue,analogInput_205,analogInput,,,,,,,31.007565,,,,,,,
2026-04-22 14:15:00+00:00,presentValue,analogInput_205,analogInput,,,,,,,31.278175,,,,,,,
2026-04-22 14:16:00+00:00,presentValue,analogInput_205,analogInput,,,,,,,31.552708,,,,,,,
2026-04-22 14:17:00+00:00,presentValue,analogInput_205,analogInput,,,,,,,32.054718,,,,,,,
2026-04-22 14:18:00+00:00,presentValue,analogInput_205,analogInput,,,,,,,32.682228,,,,,,,
2026-04-22 14:19:00+00:00,presentValue,analogInput_205,analogInput,,,,,,,33.160706,,,,,,,
2026-04-22 14:20:00+00:00,presentValue,analogInput_205,analogInput,,,,,,,33.98431,,,,,,,
2026-04-22 14:21:00+00:00,presentValue,analogInput_205,analogInput,,,,,,,34.74124,,,,,,,
2026-04-22 14:22:00+00:00,presentValue,analogInput_205,analogInput,,,,,,,35.627598,,,,,,,
2026-04-22 14:23:00+00:00,presentValue,analogInput_205,analogInput,,,,,,,36.38846,,,,,,,
2026-04-22 14:24:00+00:00,presentValue,analogInput_205,analogInput,,,,,,,37.380707,,,,,,,
2026-04-22 14:25:00+00:00,presentValue,analogInput_205,analogInput,,,,,,,38.016056,,,,,,,
2026-04-22 14:26:00+00:00,presentValue,analogInput_205,analogInput,,,,,,,39.00831,,,,,,,
2026-04-22 14:27:00+00:00,presentValue,analogInput_205,analogInput,,,,,,,39.835835,,,,,,,
2026-04-22 14:28:00+00:00,presentValue,analogInput_205,analogInput,,,,,,,40.765335,,,,,,,
2026-04-22 14:29:00+00:00,presentValue,analogInput_205,analogInput,,,,,,,41.702675,,,,,,,
2026-04-22 14:30:00+00:00,presentValue,analogInput_205,analogInput,,,,,,,42.612564,,,,,,,
2026-04-22 14:31:00+00:00,presentValue,analogInput_205,analogInput,,,,,,,43.561672,,,,,,,
2026-04-22 14:32:00+00:00,presentValue,analogInput_205,analogInput,,,,,,,44.491173,,,,,,,
2026-04-22 14:33:00+00:00,presentValue,analogInput_205,analogInput,,,,,,,45.099075,,,,,,,
2026-04-22 14:34:00+00:00,presentValue,analogInput_205,analogInput,,,,,,,45.063774,,,,,,,
2026-04-22 14:35:00+00:00,presentValue,analogInput_205,analogInput,,,,,,,45.21281,,,,,,,
2026-04-22 14:36:00+00:00,presentValue,analogInput_205,analogInput,,,,,,,45.20889,,,,,,,
2026-04-22 14:37:00+00:00,presentValue,analogInput_205,analogInput,,,,,,,45.23242,,,,,,,
2026-04-22 14:38:00+00:00,presentValue,analogInput_205,analogInput,,,,,,,45.09123,,,,,,,
2026-04-22 14:39:00+00:00,presentValue,analogInput_205,analogInput,,,,,,,45.177513,,,,,,,
2026-04-22 14:40:00+00:00,presentValue,analogInput_205,analogInput,,,,,,,45.369686,,,,,,,
2026-04-22 14:41:00+00:00,presentValue,analogInput_205,analogInput,,,,,,,46.02465,,,,,,,
2026-04-22 14:42:00+00:00,presentValue,analogInput_205,analogInput,,,,,,,46.76197,,,,,,,
2026-04-22 14:43:00+00:00,presentValue,analogInput_205,analogInput,,,,,,,47.57381,,,,,,,
2026-04-22 14:44:00+00:00,presentValue,analogInput_205,analogInput,,,,,,,48.58567,,,,,,,
2026-04-22 14:45:00+00:00,presentValue,analogInput_205,analogInput,,,,,,,49.581844,,,,,,,
2026-04-22 14:46:00+00:00,presentValue,analogInput_205,analogInput,,,,,,,50.7545,,,,,,,
2026-04-22 14:47:00+00:00,presentValue,analogInput_205,analogInput,,,,,,,51.825188,,,,,,,
2026-04-22 14:48:00+00:00,presentValue,analogInput_205,analogInput,,,,,,,52.93118,,,,,,,
2026-04-22 14:49:00+00:00,presentValue,analogInput_205,analogInput,,,,,,,53.994022,,,,,,,
2026-04-22 14:50:00+00:00,presentValue,analogInput_205,analogInput,,,,,,,55.111767,,,,,,,
2026-04-22 14:51:00+00:00,presentValue,analogInput_205,analogInput,,,,,,,56.198143,,,,,,,
2026-04-22 14:52:00+00:00,presentValue,analogInput_205,analogInput,,,,,,,57.308052,,,,,,,
2026-04-22 14:53:00+00:00,presentValue,analogInput_205,analogInput,,,,,,,58.441498,,,,,,,
2026-04-22 14:54:00+00:00,presentValue,analogInput_205,analogInput,,,,,,,59.56317,,,,,,,
2026-04-22 14:55:00+00:00,presentValue,analogInput_205,analogInput,,,,,,,60.700523,,,,,,,
2026-04-22 14:56:00+00:00,presentValue,analogInput_205,analogInput,,,,,,,61.830044,,,,,,,
2026-04-22 14:57:00+00:00,presentValue,analogInput_205,analogInput,,,,,,,62.967407,,,,,,,
2026-04-22 14:58:00+00:00,presentValue,analogInput_205,analogInput,,,,,,,64.12438,,,,,,,
2026-04-22 14:59:00+00:00,presentValue,analogInput_205,analogInput,,,,,,,65.293106,,,,,,,
2026-04-22 15:00:00+00:00,presentValue,analogInput_205,analogInput,,,,,,,66.41479,,,,,,,
2026-04-22 15:01:00+00:00,presentValue,analogInput_205,analogInput,,,,,,,67.607056,,,,,,,
2026-04-22 15:02:00+00:00,presentValue,analogInput_205,analogInput,,,,,,,68.78756,,,,,,,
2026-04-22 15:03:00+00:00,presentValue,analogInput_205,analogInput,,,,,,,69.93276,,,,,,,
2026-04-22 15:04:00+00:00,presentValue,analogInput_205,analogInput,,,,,,,71.10542,,,,,,,
2026-04-22 15:05:00+00:00,presentValue,analogInput_205,analogInput,,,,,,,72.2624,,,,,,,
2026-04-22 15:06:00+00:00,presentValue,analogInput_205,analogInput,,,,,,,73.43898,,,,,,,
2026-04-22 15:07:00+00:00,presentValue,analogInput_205,analogInput,,,,,,,74.63124,,,,,,,
2026-04-22 15:08:00+00:00,presentValue,analogInput_205,analogInput,,,,,,,75.80782,,,,,,,
2026-04-22 15:09:00+00:00,presentValue,analogInput_205,analogInput,,,,,,,76.956955,,,,,,,
2026-04-22 15:10:00+00:00,presentValue,analogInput_205,analogInput,,,,,,,78.10607,,,,,,,
2026-04-22 15:11:00+00:00,presentValue,analogInput_205,analogInput,,,,,,,79.29442,,,,,,,
2026-04-22 15:12:00+00:00,presentValue,analogInput_205,analogInput,,,,,,,80.47492,,,,,,,
2026-04-22 15:13:00+00:00,presentValue,analogInput_205,analogInput,,,,,,,81.686806,,,,,,,
2026-04-22 15:14:00+00:00,presentValue,analogInput_205,analogInput,,,,,,,82.8673,,,,,,,
2026-04-22 15:15:00+00:00,presentValue,analogInput_205,analogInput,,,,,,,84.07526,,,,,,,
2026-04-22 15:16:00+00:00,presentValue,analogInput_205,analogInput,,,,,,,85.28714,,,,,,,
2026-04-22 15:17:00+00:00,presentValue,analogInput_205,analogInput,,,,,,,86.5147,,,,,,,
2026-04-22 15:18:00+00:00,presentValue,analogInput_205,analogInput,,,,,,,87.75796,,,,,,,
2026-04-22 15:19:00+00:00,presentValue,analogInput_205,analogInput,,,,,,,89.0169,,,,,,,
2026-04-22 15:20:00+00:00,presentValue,analogInput_205,analogInput,,,,,,,90.2327,,,,,,,
2026-04-22 15:21:00+00:00,presentValue,analogInput_205,analogInput,,,,,,,91.46811,,,,,,,
2026-04-22 15:22:00+00:00,presentValue,analogInput_205,analogInput,,,,,,,92.70352,,,,,,,
2026-04-22 15:23:00+00:00,presentValue,analogInput_205,analogInput,,,,,,,93.91147,,,,,,,
2026-04-22 15:24:00+00:00,presentValue,analogInput_205,analogInput,,,,,,,95.158646,,,,,,,
2026-04-22 15:25:00+00:00,presentValue,analogInput_205,analogInput,,,,,,,96.35092,,,,,,,
2026-04-22 15:26:00+00:00,presentValue,analogInput_205,analogInput,,,,,,,97.574554,,,,,,,
2026-04-22 15:27:00+00:00,presentValue,analogInput_205,analogInput,,,,,,,98.80997,,,,,,,
2026-04-22 15:28:00+00:00,presentValue,analogInput_205,analogInput,,,,,,,100.006165,,,,,,,
2026-04-22 15:29:00+00:00,presentValue,analogInput_205,analogInput,,,,,,,100.87683,,,,,,,
2026-04-22 15:30:00+00:00,presentValue,analogInput_205,analogInput,,,,,,,101.453354,,,,,,,
2026-04-22 15:31:00+00:00,presentValue,analogInput_205,analogInput,,,,,,,102.63778,,,,,,,
2026-04-22 15:32:00+00:00,presentValue,analogInput_205,analogInput,,,,,,,103.108406,,,,,,,
2026-04-22 15:33:00+00:00,presentValue,analogInput_205,analogInput,,,,,,,104.28891,,,,,,,
2026-04-22 15:34:00+00:00,presentValue,analogInput_205,analogInput,,,,,,,105.2341,,,,,,,
2026-04-22 15:35:00+00:00,presentValue,analogInput_205,analogInput,,,,,,,106.40284,,,,,,,
2026-04-22 15:36:00+00:00,presentValue,analogInput_205,analogInput,,,,,,,107.44998,,,,,,,
2026-04-22 15:37:00+00:00,presentValue,analogInput_205,analogInput,,,,,,,108.61872,,,,,,,
2026-04-22 15:38:00+00:00,presentValue,analogInput_205,analogInput,,,,,,,109.72472,,,,,,,
2026-04-22 15:39:00+00:00,presentValue,analogInput_205,analogInput,,,,,,,110.893456,,,,,,,
2026-04-22 15:40:00+00:00,presentValue,analogInput_205,analogInput,,,,,,,112.01905,,,,,,,
2026-04-22 15:41:00+00:00,presentValue,analogInput_205,analogInput,,,,,,,113.17209,,,,,,,
2026-04-22 15:42:00+00:00,presentValue,analogInput_205,analogInput,,,,,,,114.32122,,,,,,,
2026-04-22 15:43:00+00:00,presentValue,analogInput_205,analogInput,,,,,,,115.478195,,,,,,,
2026-04-22 15:44:00+00:00,presentValue,analogInput_205,analogInput,,,,,,,116.61555,,,,,,,
2026-04-22 15:45:00+00:00,presentValue,analogInput_205,analogInput,,,,,,,117.75683,,,,,,,
2026-04-22 15:46:00+00:00,presentValue,analogInput_205,analogInput,,,,,,,119.0197,,,,,,,
2026-04-22 15:47:00+00:00,presentValue,analogInput_205,analogInput,,,,,,,120.07862,,,,,,,
2026-04-22 15:48:00+00:00,presentValue,analogInput_205,analogInput,,,,,,,121.21597,,,,,,,
2026-04-22 15:49:00+00:00,presentValue,analogInput_205,analogInput,,,,,,,122.3455,,,,,,,
2026-04-22 15:50:00+00:00,presentValue,analogInput_205,analogInput,,,,,,,123.47109,,,,,,,
2026-04-22 15:51:00+00:00,presentValue,analogInput_205,analogInput,,,,,,,124.57708,,,,,,,
2026-04-22 15:52:00+00:00,presentValue,analogInput_205,analogInput,,,,,,,125.70268,,,,,,,
2026-04-22 15:53:00+00:00,presentValue,analogInput_205,analogInput,,,,,,,126.79297,,,,,,,
2026-04-22 15:54:00+00:00,presentValue,analogInput_205,analogInput,,,,,,,127.89896,,,,,,,
2026-04-22 15:55:00+00:00,presentValue,analogInput_205,analogInput,,,,,,,128.9775,,,,,,,
2026-04-22 15:56:00+00:00,presentValue,analogInput_205,analogInput,,,,,,,130.0874,,,,,,,
2026-04-22 15:57:00+00:00,presentValue,analogInput_205,analogInput,,,,,,,131.19339,,,,,,,
2026-04-22 15:58:00+00:00,presentValue,analogInput_205,analogInput,,,,,,,132.33858,,,,,,,
2026-04-22 15:59:00+00:00,presentValue,analogInput_205,analogInput,,,,,,,133.43672,,,,,,,
2026-04-22 16:00:00+00:00,presentValue,analogInput_205,analogInput,,,,,,,134.57018,,,,,,,
2026-04-22 16:01:00+00:00,presentValue,analogInput_205,analogInput,,,,,,,135.58987,,,,,,,
2026-04-22 16:02:00+00:00,presentValue,analogInput_205,analogInput,,,,,,,136.40172,,,,,,,
2026-04-22 16:03:00+00:00,presentValue,analogInput_205,analogInput,,,,,,,137.13512,,,,,,,
2026-04-22 16:04:00+00:00,presentValue,analogInput_205,analogInput,,,,,,,137.52339,,,,,,,
2026-04-22 16:05:00+00:00,presentValue,analogInput_205,analogInput,,,,,,,137.5979,,,,,,,
2026-04-22 16:06:00+00:00,presentValue,analogInput_205,analogInput,,,,,,,137.58614,,,,,,,
2026-04-22 16:07:00+00:00,presentValue,analogInput_205,analogInput,,,,,,,137.62144,,,,,,,
2026-04-22 16:08:00+00:00,presentValue,analogInput_205,analogInput,,,,,,,137.67242,,,,,,,
2026-04-22 16:09:00+00:00,presentValue,analogInput_205,analogInput,,,,,,,137.67242,,,,,,,
2026-04-22 16:10:00+00:00,presentValue,analogInput_205,analogInput,,,,,,,137.68027,,,,,,,
2026-04-22 16:11:00+00:00,presentValue,analogInput_205,analogInput,,,,,,,137.6685,,,,,,,
2026-04-22 16:12:00+00:00,presentValue,analogInput_205,analogInput,,,,,,,137.65674,,,,,,,
2026-04-22 16:13:00+00:00,presentValue,analogInput_205,analogInput,,,,,,,137.68419,,,,,,,
2026-04-22 16:14:00+00:00,presentValue,analogInput_205,analogInput,,,,,,,137.71164,,,,,,,
2026-04-22 16:15:00+00:00,presentValue,analogInput_205,analogInput,,,,,,,137.73909,,,,,,,
2026-04-22 16:16:00+00:00,presentValue,analogInput_205,analogInput,,,,,,,137.74301,,,,,,,
2026-04-22 16:17:00+00:00,presentValue,analogInput_205,analogInput,,,,,,,137.75478,,,,,,,
2026-04-22 16:18:00+00:00,presentValue,analogInput_205,analogInput,,,,,,,137.78223,,,,,,,
2026-04-22 16:19:00+00:00,presentValue,analogInput_205,analogInput,,,,,,,137.78223,,,,,,,
2026-04-22 16:20:00+00:00,presentValue,analogInput_205,analogInput,,,,,,,137.80183,,,,,,,
2026-04-22 16:21:00+00:00,presentValue,analogInput_205,analogInput,,,,,,,137.80183,,,,,,,
2026-04-22 16:22:00+00:00,presentValue,analogInput_205,analogInput,,,,,,,137.79007,,,,,,,
2026-04-22 16:23:00+00:00,presentValue,analogInput_205,analogInput,,,,,,,137.80968,,,,,,,
2026-04-22 16:24:00+00:00,presentValue,analogInput_205,analogInput,,,,,,,137.82536,,,,,,,
2026-04-22 16:25:00+00:00,presentValue,analogInput_205,analogInput,,,,,,,137.82928,,,,,,,
2026-04-22 16:26:00+00:00,presentValue,analogInput_205,analogInput,,,,,,,137.83714,,,,,,,
2026-04-22 16:27:00+00:00,presentValue,analogInput_205,analogInput,,,,,,,136.72331,,,,,,,
2026-04-22 16:28:00+00:00,presentValue,analogInput_205,analogInput,,,,,,,135.6644,,,,,,,
2026-04-22 16:29:00+00:00,presentValue,analogInput_205,analogInput,,,,,,,136.82135,,,,,,,
2026-04-22 16:30:00+00:00,presentValue,analogInput_205,analogInput,,,,,,,137.43318,,,,,,,
2026-04-22 16:31:00+00:00,presentValue,analogInput_205,analogInput,,,,,,,137.72733,,,,,,,
2026-04-22 16:32:00+00:00,presentValue,analogInput_205,analogInput,,,,,,,137.85283,,,,,,,
2026-04-22 16:33:00+00:00,presentValue,analogInput_205,analogInput,,,,,,,137.85283,,,,,,,
2026-04-22 16:34:00+00:00,presentValue,analogInput_205,analogInput,,,,,,,137.85675,,,,,,,
2026-04-22 16:35:00+00:00,presentValue,analogInput_205,analogInput,,,,,,,137.84499,,,,,,,
2026-04-22 16:36:00+00:00,presentValue,analogInput_205,analogInput,,,,,,,137.86067,,,,,,,
2026-04-22 16:37:00+00:00,presentValue,analogInput_205,analogInput,,,,,,,137.85675,,,,,,,
2026-04-22 16:38:00+00:00,presentValue,analogInput_205,analogInput,,,,,,,137.8842,,,,,,,
2026-04-22 16:39:00+00:00,presentValue,analogInput_205,analogInput,,,,,,,134.31525,,,,,,,
2026-04-22 16:40:00+00:00,presentValue,analogInput_205,analogInput,,,,,,,137.09981,,,,,,,
2026-04-22 16:41:00+00:00,presentValue,analogInput_205,analogInput,,,,,,,137.2057,,,,,,,
2026-04-22 16:42:00+00:00,presentValue,analogInput_205,analogInput,,,,,,,137.72733,,,,,,,
2026-04-22 16:43:00+00:00,presentValue,analogInput_205,analogInput,,,,,,,137.82928,,,,,,,
2026-04-22 16:44:00+00:00,presentValue,analogInput_205,analogInput,,,,,,,137.8842,,,,,,,
2026-04-22 16:45:00+00:00,presentValue,analogInput_205,analogInput,,,,,,,135.7546,,,,,,,
2026-04-22 16:46:00+00:00,presentValue,analogInput_205,analogInput,,,,,,,137.26454,,,,,,,
2026-04-22 16:47:00+00:00,presentValue,analogInput_205,analogInput,,,,,,,137.40965,,,,,,,
2026-04-22 16:48:00+00:00,presentValue,analogInput_205,analogInput,,,,,,,137.84106,,,,,,,
2026-04-22 16:49:00+00:00,presentValue,analogInput_205,analogInput,,,,,,,137.88028,,,,,,,
2026-04-22 16:50:00+00:00,presentValue,analogInput_205,analogInput,,,,,,,137.87636,,,,,,,
2026-04-22 16:51:00+00:00,presentValue,analogInput_205,analogInput,,,,,,,137.89597,,,,,,,
2026-04-22 16:52:00+00:00,presentValue,analogInput_205,analogInput,,,,,,,137.88812,,,,,,,
2026-04-22 16:53:00+00:00,presentValue,analogInput_205,analogInput,,,,,,,137.93518,,,,,,,
2026-04-22 16:54:00+00:00,presentValue,analogInput_205,analogInput,,,,,,,137.93126,,,,,,,
2026-04-22 16:55:00+00:00,presentValue,analogInput_205,analogInput,,,,,,,134.17404,,,,,,,
2026-04-22 16:56:00+00:00,presentValue,analogInput_205,analogInput,,,,,,,136.9743,,,,,,,
2026-04-22 16:57:00+00:00,presentValue,analogInput_205,analogInput,,,,,,,134.8604,,,,,,,
2026-04-22 16:58:00+00:00,presentValue,analogInput_205,analogInput,,,,,,,136.87234,,,,,,,
2026-04-22 16:59:00+00:00,presentValue,analogInput_205,analogInput,,,,,,,137.3822,,,,,,,
2026-04-22 17:00:00+00:00,presentValue,analogInput_205,analogInput,,,,,,,137.79791,,,,,,,
2026-04-22 17:01:00+00:00,presentValue,analogInput_205,analogInput,,,,,,,137.89597,,,,,,,
2026-04-22 17:02:00+00:00,presentValue,analogInput_205,analogInput,,,,,,,137.92734,,,,,,,
2026-04-22 17:03:00+00:00,presentValue,analogInput_205,analogInput,,,,,,,137.93518,,,,,,,
2026-04-22 17:04:00+00:00,presentValue,analogInput_205,analogInput,,,,,,,137.92342,,,,,,,
2026-04-22 17:05:00+00:00,presentValue,analogInput_205,analogInput,,,,,,,137.87636,,,,,,,
2026-04-22 17:06:00+00:00,presentValue,analogInput_205,analogInput,,,,,,,137.87244,,,,,,,
2026-04-22 17:07:00+00:00,presentValue,analogInput_205,analogInput,,,,,,,137.91557,,,,,,,
2026-04-22 17:08:00+00:00,presentValue,analogInput_205,analogInput,,,,,,,137.8842,,,,,,,
2026-04-22 17:09:00+00:00,presentValue,analogInput_205,analogInput,,,,,,,137.89204,,,,,,,
2026-04-22 17:10:00+00:00,presentValue,analogInput_205,analogInput,,,,,,,133.99757,,,,,,,
2026-04-22 17:11:00+00:00,presentValue,analogInput_205,analogInput,,,,,,,137.0253,,,,,,,
2026-04-22 17:12:00+00:00,presentValue,analogInput_205,analogInput,,,,,,,136.92725,,,,,,,
2026-04-22 17:13:00+00:00,presentValue,analogInput_205,analogInput,,,,,,,137.5783,,,,,,,
2026-04-22 17:14:00+00:00,presentValue,analogInput_205,analogInput,,,,,,,137.68811,,,,,,,
2026-04-22 17:15:00+00:00,presentValue,analogInput_205,analogInput,,,,,,,137.66458,,,,,,,
2026-04-22 17:16:00+00:00,presentValue,analogInput_205,analogInput,,,,,,,137.6685,,,,,,,
2026-04-22 17:17:00+00:00,presentValue,analogInput_205,analogInput,,,,,,,137.66458,,,,,,,
2026-04-22 17:18:00+00:00,presentValue,analogInput_205,analogInput,,,,,,,137.62537,,,,,,,
2026-04-22 17:19:00+00:00,presentValue,analogInput_205,analogInput,,,,,,,133.58969,,,,,,,
2026-04-22 17:20:00+00:00,presentValue,analogInput_205,analogInput,,,,,,,136.62526,,,,,,,
2026-04-22 17:21:00+00:00,presentValue,analogInput_205,analogInput,,,,,,,136.36641,,,,,,,
2026-04-22 17:22:00+00:00,presentValue,analogInput_205,analogInput,,,,,,,137.24886,,,,,,,
2026-04-22 17:23:00+00:00,presentValue,analogInput_205,analogInput,,,,,,,137.3116,,,,,,,
2026-04-22 17:24:00+00:00,presentValue,analogInput_205,analogInput,,,,,,,137.35081,,,,,,,
2026-04-22 17:25:00+00:00,presentValue,analogInput_205,analogInput,,,,,,,137.3469,,,,,,,
2026-04-22 17:26:00+00:00,presentValue,analogInput_205,analogInput,,,,,,,137.33905,,,,,,,
2026-04-22 17:27:00+00:00,presentValue,analogInput_205,analogInput,,,,,,,137.28807,,,,,,,
2026-04-22 17:28:00+00:00,presentValue,analogInput_205,analogInput,,,,,,,135.70753,,,,,,,
2026-04-22 17:29:00+00:00,presentValue,analogInput_205,analogInput,,,,,,,134.93492,,,,,,,
2026-04-22 17:30:00+00:00,presentValue,analogInput_205,analogInput,,,,,,,135.57811,,,,,,,
2026-04-22 17:31:00+00:00,presentValue,analogInput_205,analogInput,,,,,,,136.27621,,,,,,,
2026-04-22 17:32:00+00:00,presentValue,analogInput_205,analogInput,,,,,,,136.5782,,,,,,,
2026-04-22 17:33:00+00:00,presentValue,analogInput_205,analogInput,,,,,,,136.73508,,,,,,,
2026-04-22 17:34:00+00:00,presentValue,analogInput_205,analogInput,,,,,,,136.2723,,,,,,,
2026-04-22 17:35:00+00:00,presentValue,analogInput_205,analogInput,,,,,,,136.59389,,,,,,,
2026-04-22 17:36:00+00:00,presentValue,analogInput_205,analogInput,,,,,,,136.7037,,,,,,,
2026-04-22 17:37:00+00:00,presentValue,analogInput_205,analogInput,,,,,,,136.7743,,,,,,,
2026-04-22 17:38:00+00:00,presentValue,analogInput_205,analogInput,,,,,,,136.73116,,,,,,,
2026-04-22 17:39:00+00:00,presentValue,analogInput_205,analogInput,,,,,,,136.71547,,,,,,,
2026-04-22 17:40:00+00:00,presentValue,analogInput_205,analogInput,,,,,,,136.65273,,,,,,,
2026-04-22 17:41:00+00:00,presentValue,analogInput_205,analogInput,,,,,,,136.62134,,,,,,,
2026-04-22 17:42:00+00:00,presentValue,analogInput_205,analogInput,,,,,,,133.6838,,,,,,,
2026-04-22 17:43:00+00:00,presentValue,analogInput_205,analogInput,,,,,,,135.3075,,,,,,,
2026-04-22 17:44:00+00:00,presentValue,analogInput_205,analogInput,,,,,,,134.75842,,,,,,,
2026-04-22 17:45:00+00:00,presentValue,analogInput_205,analogInput,,,,,,,136.02129,,,,,,,
2026-04-22 17:46:00+00:00,presentValue,analogInput_205,analogInput,,,,,,,135.92715,,,,,,,
2026-04-22 17:47:00+00:00,presentValue,analogInput_205,analogInput,,,,,,,136.59781,,,,,,,
2026-04-22 17:48:00+00:00,presentValue,analogInput_205,analogInput,,,,,,,136.66449,,,,,,,
2026-04-22 17:49:00+00:00,presentValue,analogInput_205,analogInput,,,,,,,136.67625,,,,,,,
2026-04-22 17:50:00+00:00,presentValue,analogInput_205,analogInput,,,,,,,136.67233,,,,,,,
2026-04-22 17:51:00+00:00,presentValue,analogInput_205,analogInput,,,,,,,136.64488,,,,,,,
2026-04-22 17:52:00+00:00,presentValue,analogInput_205,analogInput,,,,,,,136.63312,,,,,,,
2026-04-22 17:53:00+00:00,presentValue,analogInput_205,analogInput,,,,,,,136.62526,,,,,,,
2026-04-22 17:54:00+00:00,presentValue,analogInput_205,analogInput,,,,,,,136.68802,,,,,,,
2026-04-22 17:55:00+00:00,presentValue,analogInput_205,analogInput,,,,,,,136.61742,,,,,,,
2026-04-22 17:56:00+00:00,presentValue,analogInput_205,analogInput,,,,,,,132.6445,,,,,,,
2026-04-22 17:57:00+00:00,presentValue,analogInput_205,analogInput,,,,,,,132.82883,,,,,,,
2026-04-22 17:58:00+00:00,presentValue,analogInput_205,analogInput,,,,,,,128.94218,,,,,,,
2026-04-22 17:59:00+00:00,presentValue,analogInput_205,analogInput,,,,,,,126.942,,,,,,,
2026-04-22 18:00:00+00:00,presentValue,analogInput_205,analogInput,,,,,,,128.31076,,,,,,,
2026-04-22 18:01:00+00:00,presentValue,analogInput_205,analogInput,,,,,,,122.60435,,,,,,,
2026-04-22 18:02:00+00:00,presentValue,analogInput_205,analogInput,,,,,,,128.33429,,,,,,,
2026-04-22 18:03:00+00:00,presentValue,analogInput_205,analogInput,,,,,,,126.365486,,,,,,,
2026-04-22 18:04:00+00:00,presentValue,analogInput_205,analogInput,,,,,,,129.20497,,,,,,,
2026-04-22 18:05:00+00:00,presentValue,analogInput_205,analogInput,,,,,,,128.64804,,,,,,,
2026-04-22 18:06:00+00:00,presentValue,analogInput_205,analogInput,,,,,,,130.3737,,,,,,,
2026-04-22 18:07:00+00:00,presentValue,analogInput_205,analogInput,,,,,,,130.54626,,,,,,,
2026-04-22 18:08:00+00:00,presentValue,analogInput_205,analogInput,,,,,,,131.72676,,,,,,,
2026-04-22 18:09:00+00:00,presentValue,analogInput_205,analogInput,,,,,,,132.28368,,,,,,,
2026-04-22 18:10:00+00:00,presentValue,analogInput_205,analogInput,,,,,,,133.20534,,,,,,,
2026-04-22 18:11:00+00:00,presentValue,analogInput_205,analogInput,,,,,,,133.9152,,,,,,,
2026-04-22 18:12:00+00:00,presentValue,analogInput_205,analogInput,,,,,,,134.81726,,,,,,,
2026-04-22 18:13:00+00:00,presentValue,analogInput_205,analogInput,,,,,,,135.35063,,,,,,,
2026-04-22 18:14:00+00:00,presentValue,analogInput_205,analogInput,,,,,,,135.87617,,,,,,,
2026-04-22 18:15:00+00:00,presentValue,analogInput_205,analogInput,,,,,,,136.23306,,,,,,,
2026-04-22 18:16:00+00:00,presentValue,analogInput_205,analogInput,,,,,,,136.53114,,,,,,,
2026-04-22 18:17:00+00:00,presentValue,analogInput_205,analogInput,,,,,,,136.63312,,,,,,,
2026-04-22 18:18:00+00:00,presentValue,analogInput_205,analogInput,,,,,,,136.5782,,,,,,,
2026-04-22 18:19:00+00:00,presentValue,analogInput_205,analogInput,,,,,,,136.59781,,,,,,,
2026-04-22 18:20:00+00:00,presentValue,analogInput_205,analogInput,,,,,,,136.69978,,,,,,,
2026-04-22 18:21:00+00:00,presentValue,analogInput_205,analogInput,,,,,,,136.78607,,,,,,,
2026-04-22 18:22:00+00:00,presentValue,analogInput_205,analogInput,,,,,,,136.76254,,,,,,,
2026-04-22 18:23:00+00:00,presentValue,analogInput_205,analogInput,,,,,,,136.68018,,,,,,,
2026-04-22 18:24:00+00:00,presentValue,analogInput_205,analogInput,,,,,,,136.77039,,,,,,,
2026-04-22 18:25:00+00:00,presentValue,analogInput_205,analogInput,,,,,,,136.8645,,,,,,,
2026-04-22 18:26:00+00:00,presentValue,analogInput_205,analogInput,,,,,,,136.82527,,,,,,,
2026-04-22 18:27:00+00:00,presentValue,analogInput_205,analogInput,,,,,,,136.80566,,,,,,,
2026-04-22 18:28:00+00:00,presentValue,analogInput_205,analogInput,,,,,,,136.72723,,,,,,,
2026-04-22 18:29:00+00:00,presentValue,analogInput_205,analogInput,,,,,,,136.65273,,,,,,,
2026-04-22 18:30:00+00:00,presentValue,analogInput_205,analogInput,,,,,,,136.58997,,,,,,,
2026-04-22 18:31:00+00:00,presentValue,analogInput_205,analogInput,,,,,,,136.56252,,,,,,,
2026-04-22 18:32:00+00:00,presentValue,analogInput_205,analogInput,,,,,,,136.51546,,,,,,,
2026-04-22 18:33:00+00:00,presentValue,analogInput_205,analogInput,,,,,,,136.48015,,,,,,,
2026-04-22 18:34:00+00:00,presentValue,analogInput_205,analogInput,,,,,,,136.3978,,,,,,,
2026-04-22 18:35:00+00:00,presentValue,analogInput_205,analogInput,,,,,,,136.37425,,,,,,,
2026-04-22 18:36:00+00:00,presentValue,analogInput_205,analogInput,,,,,,,133.60146,,,,,,,
2026-04-22 18:37:00+00:00,presentValue,analogInput_205,analogInput,,,,,,,135.41731,,,,,,,
2026-04-22 18:38:00+00:00,presentValue,analogInput_205,analogInput,,,,,,,134.64076,,,,,,,
2026-04-22 18:39:00+00:00,presentValue,analogInput_205,analogInput,,,,,,,135.77028,,,,,,,
2026-04-22 18:40:00+00:00,presentValue,analogInput_205,analogInput,,,,,,,135.39769,,,,,,,
2026-04-22 18:41:00+00:00,presentValue,analogInput_205,analogInput,,,,,,,135.83304,,,,,,,
2026-04-22 18:42:00+00:00,presentValue,analogInput_205,analogInput,,,,,,,135.74675,,,,,,,
2026-04-22 18:43:00+00:00,presentValue,analogInput_205,analogInput,,,,,,,136.00166,,,,,,,
2026-04-22 18:44:00+00:00,presentValue,analogInput_205,analogInput,,,,,,,136.03305,,,,,,,
2026-04-22 18:45:00+00:00,presentValue,analogInput_205,analogInput,,,,,,,136.06442,,,,,,,
2026-04-22 18:46:00+00:00,presentValue,analogInput_205,analogInput,,,,,,,136.15071,,,,,,,
2026-04-22 18:47:00+00:00,presentValue,analogInput_205,analogInput,,,,,,,136.20561,,,,,,,
2026-04-22 18:48:00+00:00,presentValue,analogInput_205,analogInput,,,,,,,136.24483,,,,,,,
2026-04-22 18:49:00+00:00,presentValue,analogInput_205,analogInput,,,,,,,136.15071,,,,,,,
2026-04-22 18:50:00+00:00,presentValue,analogInput_205,analogInput,,,,,,,136.0409,,,,,,,
2026-04-22 18:51:00+00:00,presentValue,analogInput_205,analogInput,,,,,,,136.0605,,,,,,,
2026-04-22 18:52:00+00:00,presentValue,analogInput_205,analogInput,,,,,,,135.95853,,,,,,,
2026-04-22 18:53:00+00:00,presentValue,analogInput_205,analogInput,,,,,,,135.9546,,,,,,,
2026-04-22 18:54:00+00:00,presentValue,analogInput_205,analogInput,,,,,,,135.87225,,,,,,,
2026-04-22 18:55:00+00:00,presentValue,analogInput_205,analogInput,,,,,,,132.29152,,,,,,,
2026-04-22 18:56:00+00:00,presentValue,analogInput_205,analogInput,,,,,,,134.98589,,,,,,,
2026-04-22 18:57:00+00:00,presentValue,analogInput_205,analogInput,,,,,,,133.81323,,,,,,,
2026-04-22 18:58:00+00:00,presentValue,analogInput_205,analogInput,,,,,,,134.89177,,,,,,,
2026-04-22 18:59:00+00:00,presentValue,analogInput_205,analogInput,,,,,,,134.53879,,,,,,,
2026-04-22 19:00:00+00:00,presentValue,analogInput_205,analogInput,,,,,,,134.92314,,,,,,,
2026-04-22 19:01:00+00:00,presentValue,analogInput_205,analogInput,,,,,,,134.82903,,,,,,,
2026-04-22 19:02:00+00:00,presentValue,analogInput_205,analogInput,,,,,,,134.9663,,,,,,,
2026-04-22 19:03:00+00:00,presentValue,analogInput_205,analogInput,,,,,,,134.92706,,,,,,,
2026-04-22 19:04:00+00:00,presentValue,analogInput_205,analogInput,,,,,,,134.99373,,,,,,,
2026-04-22 19:05:00+00:00,presentValue,analogInput_205,analogInput,,,,,,,135.01334,,,,,,,
2026-04-22 19:06:00+00:00,presentValue,analogInput_205,analogInput,,,,,,,134.99765,,,,,,,
2026-04-22 19:07:00+00:00,presentValue,analogInput_205,analogInput,,,,,,,134.98589,,,,,,,
2026-04-22 19:08:00+00:00,presentValue,analogInput_205,analogInput,,,,,,,134.93884,,,,,,,
2026-04-22 19:09:00+00:00,presentValue,analogInput_205,analogInput,,,,,,,134.81726,,,,,,,
2026-04-22 19:10:00+00:00,presentValue,analogInput_205,analogInput,,,,,,,134.78195,,,,,,,
2026-04-22 19:11:00+00:00,presentValue,analogInput_205,analogInput,,,,,,,134.63684,,,,,,,
2026-04-22 19:12:00+00:00,presentValue,analogInput_205,analogInput,,,,,,,134.55841,,,,,,,
2026-04-22 19:13:00+00:00,presentValue,analogInput_205,analogInput,,,,,,,134.5035,,,,,,,
2026-04-22 19:14:00+00:00,presentValue,analogInput_205,analogInput,,,,,,,134.4172,,,,,,,
2026-04-22 19:15:00+00:00,presentValue,analogInput_205,analogInput,,,,,,,134.34662,,,,,,,
2026-04-22 19:16:00+00:00,presentValue,analogInput_205,analogInput,,,,,,,134.25249,,,,,,,
2026-04-22 19:17:00+00:00,presentValue,analogInput_205,analogInput,,,,,,,134.15836,,,,,,,
2026-04-22 19:18:00+00:00,presentValue,analogInput_205,analogInput,,,,,,,134.02895,,,,,,,
2026-04-22 19:19:00+00:00,presentValue,analogInput_205,analogInput,,,,,,,132.76608,,,,,,,
2026-04-22 19:20:00+00:00,presentValue,analogInput_205,analogInput,,,,,,,132.03268,,,,,,,
2026-04-22 19:21:00+00:00,presentValue,analogInput_205,analogInput,,,,,,,131.79344,,,,,,,
2026-04-22 19:22:00+00:00,presentValue,analogInput_205,analogInput,,,,,,,132.20525,,,,,,,
2026-04-22 19:23:00+00:00,presentValue,analogInput_205,analogInput,,,,,,,131.97385,,,,,,,
2026-04-22 19:24:00+00:00,presentValue,analogInput_205,analogInput,,,,,,,132.32681,,,,,,,
2026-04-22 19:25:00+00:00,presentValue,analogInput_205,analogInput,,,,,,,132.18172,,,,,,,
2026-04-22 19:26:00+00:00,presentValue,analogInput_205,analogInput,,,,,,,132.45624,,,,,,,
2026-04-22 19:27:00+00:00,presentValue,analogInput_205,analogInput,,,,,,,132.36604,,,,,,,
2026-04-22 19:28:00+00:00,presentValue,analogInput_205,analogInput,,,,,,,132.55429,,,,,,,
2026-04-22 19:29:00+00:00,presentValue,analogInput_205,analogInput,,,,,,,132.53468,,,,,,,
2026-04-22 19:30:00+00:00,presentValue,analogInput_205,analogInput,,,,,,,132.6445,,,,,,,
2026-04-22 19:31:00+00:00,presentValue,analogInput_205,analogInput,,,,,,,132.6092,,,,,,,
2026-04-22 19:32:00+00:00,presentValue,analogInput_205,analogInput,,,,,,,132.62881,,,,,,,
2026-04-22 19:33:00+00:00,presentValue,analogInput_205,analogInput,,,,,,,132.60529,,,,,,,
2026-04-22 19:34:00+00:00,presentValue,analogInput_205,analogInput,,,,,,,132.62881,,,,,,,
2026-04-22 19:35:00+00:00,presentValue,analogInput_205,analogInput,,,,,,,132.62097,,,,,,,
2026-04-22 19:36:00+00:00,presentValue,analogInput_205,analogInput,,,,,,,132.60135,,,,,,,
2026-04-22 19:37:00+00:00,presentValue,analogInput_205,analogInput,,,,,,,132.56213,,,,,,,
2026-04-22 19:38:00+00:00,presentValue,analogInput_205,analogInput,,,,,,,132.49939,,,,,,,
2026-04-22 19:39:00+00:00,presentValue,analogInput_205,analogInput,,,,,,,132.47978,,,,,,,
2026-04-22 19:40:00+00:00,presentValue,analogInput_205,analogInput,,,,,,,132.40918,,,,,,,
2026-04-22 19:41:00+00:00,presentValue,analogInput_205,analogInput,,,,,,,132.40526,,,,,,,
2026-04-22 19:42:00+00:00,presentValue,analogInput_205,analogInput,,,,,,,132.3072,,,,,,,
2026-04-22 19:43:00+00:00,presentValue,analogInput_205,analogInput,,,,,,,132.20525,,,,,,,
2026-04-22 19:44:00+00:00,presentValue,analogInput_205,analogInput,,,,,,,132.10327,,,,,,,
2026-04-22 19:45:00+00:00,presentValue,analogInput_205,analogInput,,,,,,,131.99345,,,,,,,
2026-04-22 19:46:00+00:00,presentValue,analogInput_205,analogInput,,,,,,,131.91895,,,,,,,
2026-04-22 19:47:00+00:00,presentValue,analogInput_205,analogInput,,,,,,,131.78952,,,,,,,
2026-04-22 19:48:00+00:00,presentValue,analogInput_205,analogInput,,,,,,,131.63264,,,,,,,
2026-04-22 19:49:00+00:00,presentValue,analogInput_205,analogInput,,,,,,,131.49536,,,,,,,
2026-04-22 19:50:00+00:00,presentValue,analogInput_205,analogInput,,,,,,,131.29927,,,,,,,
2026-04-22 19:51:00+00:00,presentValue,analogInput_205,analogInput,,,,,,,131.12279,,,,,,,
2026-04-22 19:52:00+00:00,presentValue,analogInput_205,analogInput,,,,,,,130.95807,,,,,,,
2026-04-22 19:53:00+00:00,presentValue,analogInput_205,analogInput,,,,,,,130.8208,,,,,,,
2026-04-22 19:54:00+00:00,presentValue,analogInput_205,analogInput,,,,,,,130.67569,,,,,,,
2026-04-22 19:55:00+00:00,presentValue,analogInput_205,analogInput,,,,,,,130.52666,,,,,,,
2026-04-22 19:56:00+00:00,presentValue,analogInput_205,analogInput,,,,,,,130.3541,,,,,,,
2026-04-22 19:57:00+00:00,presentValue,analogInput_205,analogInput,,,,,,,130.16191,,,,,,,
2026-04-22 19:58:00+00:00,presentValue,analogInput_205,analogInput,,,,,,,129.96974,,,,,,,
2026-04-22 19:59:00+00:00,presentValue,analogInput_205,analogInput,,,,,,,129.77756,,,,,,,
2026-04-22 20:00:00+00:00,presentValue,analogInput_205,analogInput,,,,,,,129.57755,,,,,,,
2026-04-22 20:01:00+00:00,presentValue,analogInput_205,analogInput,,,,,,,129.3893,,,,,,,
2026-04-22 20:02:00+00:00,presentValue,analogInput_205,analogInput,,,,,,,129.20105,,,,,,,
2026-04-22 20:03:00+00:00,presentValue,analogInput_205,analogInput,,,,,,,129.03632,,,,,,,
2026-04-22 20:04:00+00:00,presentValue,analogInput_205,analogInput,,,,,,,128.84807,,,,,,,
2026-04-22 20:05:00+00:00,presentValue,analogInput_205,analogInput,,,,,,,128.6951,,,,,,,
2026-04-22 20:06:00+00:00,presentValue,analogInput_205,analogInput,,,,,,,128.51471,,,,,,,
2026-04-22 20:07:00+00:00,presentValue,analogInput_205,analogInput,,,,,,,128.31076,,,,,,,
2026-04-22 20:08:00+00:00,presentValue,analogInput_205,analogInput,,,,,,,128.1578,,,,,,,
2026-04-22 20:09:00+00:00,presentValue,analogInput_205,analogInput,,,,,,,127.91464,,,,,,,
2026-04-22 20:10:00+00:00,presentValue,analogInput_205,analogInput,,,,,,,127.718544,,,,,,,
2026-04-22 20:11:00+00:00,presentValue,analogInput_205,analogInput,,,,,,,127.48324,,,,,,,
2026-04-22 20:12:00+00:00,presentValue,analogInput_205,analogInput,,,,,,,127.27145,,,,,,,
2026-04-22 20:13:00+00:00,presentValue,analogInput_205,analogInput,,,,,,,127.067505,,,,,,,
2026-04-22 20:14:00+00:00,presentValue,analogInput_205,analogInput,,,,,,,126.84788,,,,,,,
2026-04-22 20:15:00+00:00,presentValue,analogInput_205,analogInput,,,,,,,126.60472,,,,,,,
2026-04-22 20:16:00+00:00,presentValue,analogInput_205,analogInput,,,,,,,126.33803,,,,,,,
2026-04-22 20:17:00+00:00,presentValue,analogInput_205,analogInput,,,,,,,126.10271,,,,,,,
2026-04-22 20:18:00+00:00,presentValue,analogInput_205,analogInput,,,,,,,125.92622,,,,,,,
2026-04-22 20:19:00+00:00,presentValue,analogInput_205,analogInput,,,,,,,125.66738,,,,,,,
2026-04-22 20:20:00+00:00,presentValue,analogInput_205,analogInput,,,,,,,125.03594,,,,,,,
2026-04-22 20:21:00+00:00,presentValue,analogInput_205,analogInput,,,,,,,122.84359,,,,,,,
2026-04-22 20:22:00+00:00,presentValue,analogInput_205,analogInput,,,,,,,123.17694,,,,,,,
2026-04-22 20:23:00+00:00,presentValue,analogInput_205,analogInput,,,,,,,122.62788,,,,,,,
2026-04-22 20:24:00+00:00,presentValue,analogInput_205,analogInput,,,,,,,122.38471,,,,,,,
2026-04-22 20:25:00+00:00,presentValue,analogInput_205,analogInput,,,,,,,122.251366,,,,,,,
2026-04-22 20:26:00+00:00,presentValue,analogInput_205,analogInput,,,,,,,121.886635,,,,,,,
2026-04-22 20:27:00+00:00,presentValue,analogInput_205,analogInput,,,,,,,121.76505,,,,,,,
2026-04-22 20:28:00+00:00,presentValue,analogInput_205,analogInput,,,,,,,121.41207,,,,,,,
2026-04-22 20:29:00+00:00,presentValue,analogInput_205,analogInput,,,,,,,121.251274,,,,,,,
2026-04-22 20:30:00+00:00,presentValue,analogInput_205,analogInput,,,,,,,120.98067,,,,,,,
2026-04-22 20:31:00+00:00,presentValue,analogInput_205,analogInput,,,,,,,120.75712,,,,,,,
2026-04-22 20:32:00+00:00,presentValue,analogInput_205,analogInput,,,,,,,120.427666,,,,,,,
2026-04-22 20:33:00+00:00,presentValue,analogInput_205,analogInput,,,,,,,120.2159,,,,,,,
2026-04-22 20:34:00+00:00,presentValue,analogInput_205,analogInput,,,,,,,119.91782,,,,,,,
2026-04-22 20:35:00+00:00,presentValue,analogInput_205,analogInput,,,,,,,119.69427,,,,,,,
2026-04-22 20:36:00+00:00,presentValue,analogInput_205,analogInput,,,,,,,119.43542,,,,,,,
2026-04-22 20:37:00+00:00,presentValue,analogInput_205,analogInput,,,,,,,119.20403,,,,,,,
2026-04-22 20:38:00+00:00,presentValue,analogInput_205,analogInput,,,,,,,118.921646,,,,,,,
2026-04-22 20:39:00+00:00,presentValue,analogInput_205,analogInput,,,,,,,118.658875,,,,,,,
2026-04-22 20:40:00+00:00,presentValue,analogInput_205,analogInput,,,,,,,118.3922,,,,,,,
2026-04-22 20:41:00+00:00,presentValue,analogInput_205,analogInput,,,,,,,118.10197,,,,,,,
2026-04-22 20:42:00+00:00,presentValue,analogInput_205,analogInput,,,,,,,117.82743,,,,,,,
2026-04-22 20:43:00+00:00,presentValue,analogInput_205,analogInput,,,,,,,117.548965,,,,,,,
2026-04-22 20:44:00+00:00,presentValue,analogInput_205,analogInput,,,,,,,117.30582,,,,,,,
2026-04-22 20:45:00+00:00,presentValue,analogInput_205,analogInput,,,,,,,117.00382,,,,,,,
2026-04-22 20:46:00+00:00,presentValue,analogInput_205,analogInput,,,,,,,116.76458,,,,,,,
2026-04-22 20:47:00+00:00,presentValue,analogInput_205,analogInput,,,,,,,116.474365,,,,,,,
2026-04-22 20:48:00+00:00,presentValue,analogInput_205,analogInput,,,,,,,116.20767,,,,,,,
2026-04-22 20:49:00+00:00,presentValue,analogInput_205,analogInput,,,,,,,115.87038,,,,,,,
2026-04-22 20:50:00+00:00,presentValue,analogInput_205,analogInput,,,,,,,115.58016,,,,,,,
2026-04-22 20:51:00+00:00,presentValue,analogInput_205,analogInput,,,,,,,115.270325,,,,,,,
2026-04-22 20:52:00+00:00,presentValue,analogInput_205,analogInput,,,,,,,114.9448,,,,,,,
2026-04-22 20:53:00+00:00,presentValue,analogInput_205,analogInput,,,,,,,114.64282,,,,,,,
2026-04-22 20:54:00+00:00,presentValue,analogInput_205,analogInput,,,,,,,114.309456,,,,,,,
2026-04-22 20:55:00+00:00,presentValue,analogInput_205,analogInput,,,,,,,113.98393,,,,,,,
2026-04-22 20:56:00+00:00,presentValue,analogInput_205,analogInput,,,,,,,113.61527,,,,,,,
2026-04-22 20:57:00+00:00,presentValue,analogInput_205,analogInput,,,,,,,113.16817,,,,,,,
2026-04-22 20:58:00+00:00,presentValue,analogInput_205,analogInput,,,,,,,112.72892,,,,,,,
2026-04-22 20:59:00+00:00,presentValue,analogInput_205,analogInput,,,,,,,112.30534,,,,,,,
2026-04-22 21:00:00+00:00,presentValue,analogInput_205,analogInput,,,,,,,111.858246,,,,,,,
2026-04-22 21:01:00+00:00,presentValue,analogInput_205,analogInput,,,,,,,111.41898,,,,,,,
2026-04-22 21:02:00+00:00,presentValue,analogInput_205,analogInput,,,,,,,110.95621,,,,,,,
2026-04-22 21:03:00+00:00,presentValue,analogInput_205,analogInput,,,,,,,110.53655,,,,,,,
2026-04-22 21:04:00+00:00,presentValue,analogInput_205,analogInput,,,,,,,110.11691,,,,,,,
2026-04-22 21:05:00+00:00,presentValue,analogInput_205,analogInput,,,,,,,109.68157,,,,,,,
2026-04-22 21:06:00+00:00,presentValue,analogInput_205,analogInput,,,,,,,109.2776,,,,,,,
2026-04-22 21:07:00+00:00,presentValue,analogInput_205,analogInput,,,,,,,108.8462,,,,,,,
2026-04-22 21:08:00+00:00,presentValue,analogInput_205,analogInput,,,,,,,108.44224,,,,,,,
2026-04-22 21:09:00+00:00,presentValue,analogInput_205,analogInput,,,,,,,108.01867,,,,,,,
2026-04-22 21:10:00+00:00,presentValue,analogInput_205,analogInput,,,,,,,107.59902,,,,,,,
2026-04-22 21:11:00+00:00,presentValue,analogInput_205,analogInput,,,,,,,107.19507,,,,,,,
2026-04-22 21:12:00+00:00,presentValue,analogInput_205,analogInput,,,,,,,106.779335,,,,,,,
2026-04-22 21:13:00+00:00,presentValue,analogInput_205,analogInput,,,,,,,106.38715,,,,,,,
2026-04-22 21:14:00+00:00,presentValue,analogInput_205,analogInput,,,,,,,105.97142,,,,,,,
2026-04-22 21:15:00+00:00,presentValue,analogInput_205,analogInput,,,,,,,105.587074,,,,,,,
2026-04-22 21:16:00+00:00,presentValue,analogInput_205,analogInput,,,,,,,105.2341,,,,,,,
2026-04-22 21:17:00+00:00,presentValue,analogInput_205,analogInput,,,,,,,104.837975,,,,,,,
2026-04-22 21:18:00+00:00,presentValue,analogInput_205,analogInput,,,,,,,104.45756,,,,,,,
2026-04-22 21:19:00+00:00,presentValue,analogInput_205,analogInput,,,,,,,104.05359,,,,,,,
2026-04-22 21:20:00+00:00,presentValue,analogInput_205,analogInput,,,,,,,103.657486,,,,,,,
2026-04-22 21:21:00+00:00,presentValue,analogInput_205,analogInput,,,,,,,103.245674,,,,,,,
2026-04-22 21:22:00+00:00,presentValue,analogInput_205,analogInput,,,,,,,102.8574,,,,,,,
2026-04-22 21:23:00+00:00,presentValue,analogInput_205,analogInput,,,,,,,102.45737,,,,,,,
2026-04-22 21:24:00+00:00,presentValue,analogInput_205,analogInput,,,,,,,102.07301,,,,,,,
2026-04-22 21:25:00+00:00,presentValue,analogInput_205,analogInput,,,,,,,101.6926,,,,,,,
2026-04-22 21:26:00+00:00,presentValue,analogInput_205,analogInput,,,,,,,101.28863,,,,,,,
2026-04-22 21:27:00+00:00,presentValue,analogInput_205,analogInput,,,,,,,100.92782,,,,,,,
2026-04-22 21:28:00+00:00,presentValue,analogInput_205,analogInput,,,,,,,100.59053,,,,,,,
2026-04-22 21:29:00+00:00,presentValue,analogInput_205,analogInput,,,,,,,100.48071,,,,,,,
2026-04-22 21:30:00+00:00,presentValue,analogInput_205,analogInput,,,,,,,99.90027,,,,,,,
2026-04-22 21:31:00+00:00,presentValue,analogInput_205,analogInput,,,,,,,99.4061,,,,,,,
2026-04-22 21:32:00+00:00,presentValue,analogInput_205,analogInput,,,,,,,99.05313,,,,,,,
2026-04-22 21:33:00+00:00,presentValue,analogInput_205,analogInput,,,,,,,98.78252,,,,,,,
2026-04-22 21:34:00+00:00,presentValue,analogInput_205,analogInput,,,,,,,98.52759,,,,,,,
2026-04-22 21:35:00+00:00,presentValue,analogInput_205,analogInput,,,,,,,98.30011,,,,,,,
2026-04-22 21:36:00+00:00,presentValue,analogInput_205,analogInput,,,,,,,98.14324,,,,,,,
2026-04-22 21:37:00+00:00,presentValue,analogInput_205,analogInput,,,,,,,97.89616,,,,,,,
2026-04-22 21:38:00+00:00,presentValue,analogInput_205,analogInput,,,,,,,97.331406,,,,,,,
2026-04-22 21:39:00+00:00,presentValue,analogInput_205,analogInput,,,,,,,96.79801,,,,,,,
2026-04-22 21:40:00+00:00,presentValue,analogInput_205,analogInput,,,,,,,96.50779,,,,,,,
2026-04-22 21:41:00+00:00,presentValue,analogInput_205,analogInput,,,,,,,96.25287,,,,,,,
2026-04-22 21:42:00+00:00,presentValue,analogInput_205,analogInput,,,,,,,95.93127,,,,,,,
2026-04-22 21:43:00+00:00,presentValue,analogInput_205,analogInput,,,,,,,95.50769,,,,,,,
2026-04-22 21:44:00+00:00,presentValue,analogInput_205,analogInput,,,,,,,95.095894,,,,,,,
2026-04-22 21:45:00+00:00,presentValue,analogInput_205,analogInput,,,,,,,94.70762,,,,,,,
2026-04-22 21:46:00+00:00,presentValue,analogInput_205,analogInput,,,,,,,94.31151,,,,,,,
2026-04-22 21:47:00+00:00,presentValue,analogInput_205,analogInput,,,,,,,93.931076,,,,,,,
2026-04-22 21:48:00+00:00,presentValue,analogInput_205,analogInput,,,,,,,93.483986,,,,,,,
2026-04-22 21:49:00+00:00,presentValue,analogInput_205,analogInput,,,,,,,93.248665,,,,,,,
2026-04-22 21:50:00+00:00,presentValue,analogInput_205,analogInput,,,,,,,93.46437,,,,,,,
2026-04-22 21:51:00+00:00,presentValue,analogInput_205,analogInput,,,,,,,94.46839,,,,,,,
2026-04-22 21:52:00+00:00,presentValue,analogInput_205,analogInput,,,,,,,93.433,,,,,,,
2026-04-22 21:53:00+00:00,presentValue,analogInput_205,analogInput,,,,,,,91.53478,,,,,,,
2026-04-22 21:54:00+00:00,presentValue,analogInput_205,analogInput,,,,,,,90.966095,,,,,,,
2026-04-22 21:55:00+00:00,presentValue,analogInput_205,analogInput,,,,,,,90.68372,,,,,,,
2026-04-22 21:56:00+00:00,presentValue,analogInput_205,analogInput,,,,,,,90.70333,,,,,,,
2026-04-22 21:57:00+00:00,presentValue,analogInput_205,analogInput,,,,,,,90.69549,,,,,,,
2026-04-22 21:58:00+00:00,presentValue,analogInput_205,analogInput,,,,,,,90.4484,,,,,,,
2026-04-22 21:59:00+00:00,presentValue,analogInput_205,analogInput,,,,,,,90.16602,,,,,,,
2026-04-22 22:00:00+00:00,presentValue,analogInput_205,analogInput,,,,,,,90.07581,,,,,,,
2026-04-22 22:01:00+00:00,presentValue,analogInput_205,analogInput,,,,,,,90.22093,,,,,,,
2026-04-22 22:02:00+00:00,presentValue,analogInput_205,analogInput,,,,,,,90.32682,,,,,,,
2026-04-22 22:03:00+00:00,presentValue,analogInput_205,analogInput,,,,,,,90.373886,,,,,,,
2026-04-22 22:04:00+00:00,presentValue,analogInput_205,analogInput,,,,,,,90.397415,,,,,,,
2026-04-22 22:05:00+00:00,presentValue,analogInput_205,analogInput,,,,,,,90.27583,,,,,,,
2026-04-22 22:06:00+00:00,presentValue,analogInput_205,analogInput,,,,,,,90.111115,,,,,,,
2026-04-22 22:07:00+00:00,presentValue,analogInput_205,analogInput,,,,,,,89.918945,,,,,,,
2026-04-22 22:08:00+00:00,presentValue,analogInput_205,analogInput,,,,,,,90.1268,,,,,,,
2026-04-22 22:09:00+00:00,presentValue,analogInput_205,analogInput,,,,,,,89.78952,,,,,,,
2026-04-22 22:10:00+00:00,presentValue,analogInput_205,analogInput,,,,,,,89.573814,,,,,,,
2026-04-22 22:11:00+00:00,presentValue,analogInput_205,analogInput,,,,,,,89.58166,,,,,,,
2026-04-22 22:12:00+00:00,presentValue,analogInput_205,analogInput,,,,,,,89.60911,,,,,,,
2026-04-22 22:13:00+00:00,presentValue,analogInput_205,analogInput,,,,,,,89.860115,,,,,,,
2026-04-22 22:14:00+00:00,presentValue,analogInput_205,analogInput,,,,,,,89.96601,,,,,,,
2026-04-22 22:15:00+00:00,presentValue,analogInput_205,analogInput,,,,,,,89.78168,,,,,,,
2026-04-22 22:16:00+00:00,presentValue,analogInput_205,analogInput,,,,,,,89.47968,,,,,,,
2026-04-22 22:17:00+00:00,presentValue,analogInput_205,analogInput,,,,,,,89.55028,,,,,,,
2026-04-22 22:18:00+00:00,presentValue,analogInput_205,analogInput,,,,,,,89.59342,,,,,,,
2026-04-22 22:19:00+00:00,presentValue,analogInput_205,analogInput,,,,,,,89.54636,,,,,,,
2026-04-22 22:20:00+00:00,presentValue,analogInput_205,analogInput,,,,,,,89.38556,,,,,,,
2026-04-22 22:21:00+00:00,presentValue,analogInput_205,analogInput,,,,,,,89.14632,,,,,,,
2026-04-22 22:22:00+00:00,presentValue,analogInput_205,analogInput,,,,,,,89.09925,,,,,,,
2026-04-22 22:23:00+00:00,presentValue,analogInput_205,analogInput,,,,,,,89.07572,,,,,,,
2026-04-22 22:24:00+00:00,presentValue,analogInput_205,analogInput,,,,,,,88.93846,,,,,,,
2026-04-22 22:25:00+00:00,presentValue,analogInput_205,analogInput,,,,,,,88.70314,,,,,,,
2026-04-22 22:26:00+00:00,presentValue,analogInput_205,analogInput,,,,,,,88.67177,,,,,,,
2026-04-22 22:27:00+00:00,presentValue,analogInput_205,analogInput,,,,,,,88.6247,,,,,,,
2026-04-22 22:28:00+00:00,presentValue,analogInput_205,analogInput,,,,,,,88.49528,,,,,,,
2026-04-22 22:29:00+00:00,presentValue,analogInput_205,analogInput,,,,,,,88.38546,,,,,,,
2026-04-22 22:30:00+00:00,presentValue,analogInput_205,analogInput,,,,,,,88.26781,,,,,,,
2026-04-22 22:31:00+00:00,presentValue,analogInput_205,analogInput,,,,,,,88.150154,,,,,,,
2026-04-22 22:32:00+00:00,presentValue,analogInput_205,analogInput,,,,,,,88.02857,,,,,,,
2026-04-22 22:33:00+00:00,presentValue,analogInput_205,analogInput,,,,,,,87.950134,,,,,,,
2026-04-22 22:34:00+00:00,presentValue,analogInput_205,analogInput,,,,,,,87.836395,,,,,,,
2026-04-22 22:35:00+00:00,presentValue,analogInput_205,analogInput,,,,,,,87.74619,,,,,,,
2026-04-22 22:36:00+00:00,presentValue,analogInput_205,analogInput,,,,,,,87.69913,,,,,,,
2026-04-22 22:37:00+00:00,presentValue,analogInput_205,analogInput,,,,,,,87.608925,,,,,,,
2026-04-22 22:38:00+00:00,presentValue,analogInput_205,analogInput,,,,,,,87.49911,,,,,,,
2026-04-22 22:39:00+00:00,presentValue,analogInput_205,analogInput,,,,,,,87.42851,,,,,,,
2026-04-22 22:40:00+00:00,presentValue,analogInput_205,analogInput,,,,,,,87.342224,,,,,,,
2026-04-22 22:41:00+00:00,presentValue,analogInput_205,analogInput,,,,,,,87.212814,,,,,,,
2026-04-22 22:42:00+00:00,presentValue,analogInput_205,analogInput,,,,,,,87.11084,,,,,,,
2026-04-22 22:43:00+00:00,presentValue,analogInput_205,analogInput,,,,,,,87.0324,,,,,,,
2026-04-22 22:44:00+00:00,presentValue,analogInput_205,analogInput,,,,,,,86.953964,,,,,,,
2026-04-22 22:45:00+00:00,presentValue,analogInput_205,analogInput,,,,,,,86.8716,,,,,,,
2026-04-22 22:46:00+00:00,presentValue,analogInput_205,analogInput,,,,,,,86.77355,,,,,,,
2026-04-22 22:47:00+00:00,presentValue,analogInput_205,analogInput,,,,,,,86.67942,,,,,,,
2026-04-22 22:48:00+00:00,presentValue,analogInput_205,analogInput,,,,,,,86.59706,,,,,,,
2026-04-22 22:49:00+00:00,presentValue,analogInput_205,analogInput,,,,,,,86.467636,,,,,,,
2026-04-22 22:50:00+00:00,presentValue,analogInput_205,analogInput,,,,,,,86.322525,,,,,,,
2026-04-22 22:51:00+00:00,presentValue,analogInput_205,analogInput,,,,,,,86.19311,,,,,,,
2026-04-22 22:52:00+00:00,presentValue,analogInput_205,analogInput,,,,,,,86.09898,,,,,,,
2026-04-22 22:53:00+00:00,presentValue,analogInput_205,analogInput,,,,,,,86.00877,,,,,,,
2026-04-22 22:54:00+00:00,presentValue,analogInput_205,analogInput,,,,,,,85.88327,,,,,,,
2026-04-22 22:55:00+00:00,presentValue,analogInput_205,analogInput,,,,,,,85.777374,,,,,,,
2026-04-22 22:56:00+00:00,presentValue,analogInput_205,analogInput,,,,,,,85.671486,,,,,,,
2026-04-22 22:57:00+00:00,presentValue,analogInput_205,analogInput,,,,,,,85.55775,,,,,,,
2026-04-22 22:58:00+00:00,presentValue,analogInput_205,analogInput,,,,,,,85.44401,,,,,,,
2026-04-22 22:59:00+00:00,presentValue,analogInput_205,analogInput,,,,,,,85.34989,,,,,,,
2026-04-22 23:00:00+00:00,presentValue,analogInput_205,analogInput,,,,,,,85.247925,,,,,,,
2026-04-22 11:01:00+00:00,presentValue,analogInput_206,analogInput,,,,,,,,0.0,,,,,,
2026-04-22 11:02:00+00:00,presentValue,analogInput_206,analogInput,,,,,,,,0.0,,,,,,
2026-04-22 11:03:00+00:00,presentValue,analogInput_206,analogInput,,,,,,,,0.0,,,,,,
2026-04-22 11:04:00+00:00,presentValue,analogInput_206,analogInput,,,,,,,,0.0,,,,,,
2026-04-22 11:05:00+00:00,presentValue,analogInput_206,analogInput,,,,,,,,0.0,,,,,,
2026-04-22 11:06:00+00:00,presentValue,analogInput_206,analogInput,,,,,,,,0.0,,,,,,
2026-04-22 11:07:00+00:00,presentValue,analogInput_206,analogInput,,,,,,,,0.0,,,,,,
2026-04-22 11:08:00+00:00,presentValue,analogInput_206,analogInput,,,,,,,,0.0,,,,,,
2026-04-22 11:09:00+00:00,presentValue,analogInput_206,analogInput,,,,,,,,0.0,,,,,,
2026-04-22 11:10:00+00:00,presentValue,analogInput_206,analogInput,,,,,,,,0.0,,,,,,
2026-04-22 11:11:00+00:00,presentValue,analogInput_206,analogInput,,,,,,,,0.0,,,,,,
2026-04-22 11:12:00+00:00,presentValue,analogInput_206,analogInput,,,,,,,,0.0,,,,,,
2026-04-22 11:13:00+00:00,presentValue,analogInput_206,analogInput,,,,,,,,0.0,,,,,,
2026-04-22 11:14:00+00:00,presentValue,analogInput_206,analogInput,,,,,,,,0.0,,,,,,
2026-04-22 11:15:00+00:00,presentValue,analogInput_206,analogInput,,,,,,,,0.0,,,,,,
2026-04-22 11:16:00+00:00,presentValue,analogInput_206,analogInput,,,,,,,,0.0,,,,,,
2026-04-22 11:17:00+00:00,presentValue,analogInput_206,analogInput,,,,,,,,0.0,,,,,,
2026-04-22 11:18:00+00:00,presentValue,analogInput_206,analogInput,,,,,,,,0.0,,,,,,
2026-04-22 11:19:00+00:00,presentValue,analogInput_206,analogInput,,,,,,,,0.0,,,,,,
2026-04-22 11:20:00+00:00,presentValue,analogInput_206,analogInput,,,,,,,,0.0,,,,,,
2026-04-22 11:21:00+00:00,presentValue,analogInput_206,analogInput,,,,,,,,0.0,,,,,,
2026-04-22 11:22:00+00:00,presentValue,analogInput_206,analogInput,,,,,,,,0.0,,,,,,
2026-04-22 11:23:00+00:00,presentValue,analogInput_206,analogInput,,,,,,,,0.0,,,,,,
2026-04-22 11:24:00+00:00,presentValue,analogInput_206,analogInput,,,,,,,,0.0,,,,,,
2026-04-22 11:25:00+00:00,presentValue,analogInput_206,analogInput,,,,,,,,0.0,,,,,,
2026-04-22 11:26:00+00:00,presentValue,analogInput_206,analogInput,,,,,,,,0.0,,,,,,
2026-04-22 11:27:00+00:00,presentValue,analogInput_206,analogInput,,,,,,,,0.0,,,,,,
2026-04-22 11:28:00+00:00,presentValue,analogInput_206,analogInput,,,,,,,,13.510808,,,,,,
2026-04-22 11:29:00+00:00,presentValue,analogInput_206,analogInput,,,,,,,,15.251189,,,,,,
2026-04-22 11:30:00+00:00,presentValue,analogInput_206,analogInput,,,,,,,,15.2757015,,,,,,
2026-04-22 11:31:00+00:00,presentValue,analogInput_206,analogInput,,,,,,,,15.2757015,,,,,,
2026-04-22 11:32:00+00:00,presentValue,analogInput_206,analogInput,,,,,,,,15.2757015,,,,,,
2026-04-22 11:33:00+00:00,presentValue,analogInput_206,analogInput,,,,,,,,23.92847,,,,,,
2026-04-22 11:34:00+00:00,presentValue,analogInput_206,analogInput,,,,,,,,23.952984,,,,,,
2026-04-22 11:35:00+00:00,presentValue,analogInput_206,analogInput,,,,,,,,15.251189,,,,,,
2026-04-22 11:36:00+00:00,presentValue,analogInput_206,analogInput,,,,,,,,15.251189,,,,,,
2026-04-22 11:37:00+00:00,presentValue,analogInput_206,analogInput,,,,,,,,15.2757015,,,,,,
2026-04-22 11:38:00+00:00,presentValue,analogInput_206,analogInput,,,,,,,,8.28974,,,,,,
2026-04-22 11:39:00+00:00,presentValue,analogInput_206,analogInput,,,,,,,,10.054633,,,,,,
2026-04-22 11:40:00+00:00,presentValue,analogInput_206,analogInput,,,,,,,,15.251189,,,,,,
2026-04-22 11:41:00+00:00,presentValue,analogInput_206,analogInput,,,,,,,,15.251189,,,,,,
2026-04-22 11:42:00+00:00,presentValue,analogInput_206,analogInput,,,,,,,,15.300215,,,,,,
2026-04-22 11:43:00+00:00,presentValue,analogInput_206,analogInput,,,,,,,,15.2757015,,,,,,
2026-04-22 11:44:00+00:00,presentValue,analogInput_206,analogInput,,,,,,,,15.251189,,,,,,
2026-04-22 11:45:00+00:00,presentValue,analogInput_206,analogInput,,,,,,,,15.2757015,,,,,,
2026-04-22 11:46:00+00:00,presentValue,analogInput_206,analogInput,,,,,,,,15.2757015,,,,,,
2026-04-22 11:47:00+00:00,presentValue,analogInput_206,analogInput,,,,,,,,15.2757015,,,,,,
2026-04-22 11:48:00+00:00,presentValue,analogInput_206,analogInput,,,,,,,,23.952984,,,,,,
2026-04-22 11:49:00+00:00,presentValue,analogInput_206,analogInput,,,,,,,,23.92847,,,,,,
2026-04-22 11:50:00+00:00,presentValue,analogInput_206,analogInput,,,,,,,,23.92847,,,,,,
2026-04-22 11:51:00+00:00,presentValue,analogInput_206,analogInput,,,,,,,,23.92847,,,,,,
2026-04-22 11:52:00+00:00,presentValue,analogInput_206,analogInput,,,,,,,,23.92847,,,,,,
2026-04-22 11:53:00+00:00,presentValue,analogInput_206,analogInput,,,,,,,,23.92847,,,,,,
2026-04-22 11:54:00+00:00,presentValue,analogInput_206,analogInput,,,,,,,,23.90396,,,,,,
2026-04-22 11:55:00+00:00,presentValue,analogInput_206,analogInput,,,,,,,,23.90396,,,,,,
2026-04-22 11:56:00+00:00,presentValue,analogInput_206,analogInput,,,,,,,,32.67929,,,,,,
2026-04-22 11:57:00+00:00,presentValue,analogInput_206,analogInput,,,,,,,,32.67929,,,,,,
2026-04-22 11:58:00+00:00,presentValue,analogInput_206,analogInput,,,,,,,,32.654778,,,,,,
2026-04-22 11:59:00+00:00,presentValue,analogInput_206,analogInput,,,,,,,,36.18449,,,,,,
2026-04-22 12:00:00+00:00,presentValue,analogInput_206,analogInput,,,,,,,,41.35657,,,,,,
2026-04-22 12:01:00+00:00,presentValue,analogInput_206,analogInput,,,,,,,,41.35657,,,,,,
2026-04-22 12:02:00+00:00,presentValue,analogInput_206,analogInput,,,,,,,,41.35657,,,,,,
2026-04-22 12:03:00+00:00,presentValue,analogInput_206,analogInput,,,,,,,,50.08288,,,,,,
2026-04-22 12:04:00+00:00,presentValue,analogInput_206,analogInput,,,,,,,,51.82322,,,,,,
2026-04-22 12:05:00+00:00,presentValue,analogInput_206,analogInput,,,,,,,,51.79871,,,,,,
2026-04-22 12:06:00+00:00,presentValue,analogInput_206,analogInput,,,,,,,,51.774197,,,,,,
2026-04-22 12:07:00+00:00,presentValue,analogInput_206,analogInput,,,,,,,,51.82322,,,,,,
2026-04-22 12:08:00+00:00,presentValue,analogInput_206,analogInput,,,,,,,,57.01978,,,,,,
2026-04-22 12:09:00+00:00,presentValue,analogInput_206,analogInput,,,,,,,,60.525017,,,,,,
2026-04-22 12:10:00+00:00,presentValue,analogInput_206,analogInput,,,,,,,,60.525017,,,,,,
2026-04-22 12:11:00+00:00,presentValue,analogInput_206,analogInput,,,,,,,,60.549526,,,,,,
2026-04-22 12:12:00+00:00,presentValue,analogInput_206,analogInput,,,,,,,,60.525017,,,,,,
2026-04-22 12:13:00+00:00,presentValue,analogInput_206,analogInput,,,,,,,,60.549526,,,,,,
2026-04-22 12:14:00+00:00,presentValue,analogInput_206,analogInput,,,,,,,,60.500504,,,,,,
2026-04-22 12:15:00+00:00,presentValue,analogInput_206,analogInput,,,,,,,,60.549526,,,,,,
2026-04-22 12:16:00+00:00,presentValue,analogInput_206,analogInput,,,,,,,,60.525017,,,,,,
2026-04-22 12:17:00+00:00,presentValue,analogInput_206,analogInput,,,,,,,,60.525017,,,,,,
2026-04-22 12:18:00+00:00,presentValue,analogInput_206,analogInput,,,,,,,,60.525017,,,,,,
2026-04-22 12:19:00+00:00,presentValue,analogInput_206,analogInput,,,,,,,,60.549526,,,,,,
2026-04-22 12:20:00+00:00,presentValue,analogInput_206,analogInput,,,,,,,,60.549526,,,,,,
2026-04-22 12:21:00+00:00,presentValue,analogInput_206,analogInput,,,,,,,,60.525017,,,,,,
2026-04-22 12:22:00+00:00,presentValue,analogInput_206,analogInput,,,,,,,,60.500504,,,,,,
2026-04-22 12:23:00+00:00,presentValue,analogInput_206,analogInput,,,,,,,,60.525017,,,,,,
2026-04-22 12:24:00+00:00,presentValue,analogInput_206,analogInput,,,,,,,,60.525017,,,,,,
2026-04-22 12:25:00+00:00,presentValue,analogInput_206,analogInput,,,,,,,,60.525017,,,,,,
2026-04-22 12:26:00+00:00,presentValue,analogInput_206,analogInput,,,,,,,,69.22681,,,,,,
2026-04-22 12:27:00+00:00,presentValue,analogInput_206,analogInput,,,,,,,,69.22681,,,,,,
2026-04-22 12:28:00+00:00,presentValue,analogInput_206,analogInput,,,,,,,,77.87958,,,,,,
2026-04-22 12:29:00+00:00,presentValue,analogInput_206,analogInput,,,,,,,,86.60588,,,,,,
2026-04-22 12:30:00+00:00,presentValue,analogInput_206,analogInput,,,,,,,,95.30768,,,,,,
2026-04-22 12:31:00+00:00,presentValue,analogInput_206,analogInput,,,,,,,,95.33219,,,,,,
2026-04-22 12:32:00+00:00,presentValue,analogInput_206,analogInput,,,,,,,,103.98496,,,,,,
2026-04-22 12:33:00+00:00,presentValue,analogInput_206,analogInput,,,,,,,,104.00947,,,,,,
2026-04-22 12:34:00+00:00,presentValue,analogInput_206,analogInput,,,,,,,,104.00947,,,,,,
2026-04-22 12:35:00+00:00,presentValue,analogInput_206,analogInput,,,,,,,,103.98496,,,,,,
2026-04-22 12:36:00+00:00,presentValue,analogInput_206,analogInput,,,,,,,,104.00947,,,,,,
2026-04-22 12:37:00+00:00,presentValue,analogInput_206,analogInput,,,,,,,,104.00947,,,,,,
2026-04-22 12:38:00+00:00,presentValue,analogInput_206,analogInput,,,,,,,,103.98496,,,,,,
2026-04-22 12:39:00+00:00,presentValue,analogInput_206,analogInput,,,,,,,,112.73578,,,,,,
2026-04-22 12:40:00+00:00,presentValue,analogInput_206,analogInput,,,,,,,,112.73578,,,,,,
2026-04-22 12:41:00+00:00,presentValue,analogInput_206,analogInput,,,,,,,,103.98496,,,,,,
2026-04-22 12:42:00+00:00,presentValue,analogInput_206,analogInput,,,,,,,,103.98496,,,,,,
2026-04-22 12:43:00+00:00,presentValue,analogInput_206,analogInput,,,,,,,,95.33219,,,,,,
2026-04-22 12:44:00+00:00,presentValue,analogInput_206,analogInput,,,,,,,,95.33219,,,,,,
2026-04-22 12:45:00+00:00,presentValue,analogInput_206,analogInput,,,,,,,,95.30768,,,,,,
2026-04-22 12:46:00+00:00,presentValue,analogInput_206,analogInput,,,,,,,,95.30768,,,,,,
2026-04-22 12:47:00+00:00,presentValue,analogInput_206,analogInput,,,,,,,,95.33219,,,,,,
2026-04-22 12:48:00+00:00,presentValue,analogInput_206,analogInput,,,,,,,,95.33219,,,,,,
2026-04-22 12:49:00+00:00,presentValue,analogInput_206,analogInput,,,,,,,,103.98496,,,,,,
2026-04-22 12:50:00+00:00,presentValue,analogInput_206,analogInput,,,,,,,,103.98496,,,,,,
2026-04-22 12:51:00+00:00,presentValue,analogInput_206,analogInput,,,,,,,,104.03398,,,,,,
2026-04-22 12:52:00+00:00,presentValue,analogInput_206,analogInput,,,,,,,,103.98496,,,,,,
2026-04-22 12:53:00+00:00,presentValue,analogInput_206,analogInput,,,,,,,,104.00947,,,,,,
2026-04-22 12:54:00+00:00,presentValue,analogInput_206,analogInput,,,,,,,,103.98496,,,,,,
2026-04-22 12:55:00+00:00,presentValue,analogInput_206,analogInput,,,,,,,,103.98496,,,,,,
2026-04-22 12:56:00+00:00,presentValue,analogInput_206,analogInput,,,,,,,,100.55326,,,,,,
2026-04-22 12:57:00+00:00,presentValue,analogInput_206,analogInput,,,,,,,,95.33219,,,,,,
2026-04-22 12:58:00+00:00,presentValue,analogInput_206,analogInput,,,,,,,,95.30768,,,,,,
2026-04-22 12:59:00+00:00,presentValue,analogInput_206,analogInput,,,,,,,,95.33219,,,,,,
2026-04-22 13:00:00+00:00,presentValue,analogInput_206,analogInput,,,,,,,,95.30768,,,,,,
2026-04-22 13:01:00+00:00,presentValue,analogInput_206,analogInput,,,,,,,,95.33219,,,,,,
2026-04-22 13:02:00+00:00,presentValue,analogInput_206,analogInput,,,,,,,,95.33219,,,,,,
2026-04-22 13:03:00+00:00,presentValue,analogInput_206,analogInput,,,,,,,,97.04802,,,,,,
2026-04-22 13:04:00+00:00,presentValue,analogInput_206,analogInput,,,,,,,,104.00947,,,,,,
2026-04-22 13:05:00+00:00,presentValue,analogInput_206,analogInput,,,,,,,,103.96045,,,,,,
2026-04-22 13:06:00+00:00,presentValue,analogInput_206,analogInput,,,,,,,,103.98496,,,,,,
2026-04-22 13:07:00+00:00,presentValue,analogInput_206,analogInput,,,,,,,,103.98496,,,,,,
2026-04-22 13:08:00+00:00,presentValue,analogInput_206,analogInput,,,,,,,,107.46568,,,,,,
2026-04-22 13:09:00+00:00,presentValue,analogInput_206,analogInput,,,,,,,,112.68675,,,,,,
2026-04-22 13:10:00+00:00,presentValue,analogInput_206,analogInput,,,,,,,,121.36404,,,,,,
2026-04-22 13:11:00+00:00,presentValue,analogInput_206,analogInput,,,,,,,,138.7186,,,,,,
2026-04-22 13:12:00+00:00,presentValue,analogInput_206,analogInput,,,,,,,,149.2833,,,,,,
2026-04-22 13:13:00+00:00,presentValue,analogInput_206,analogInput,,,,,,,,158.0096,,,,,,
2026-04-22 13:14:00+00:00,presentValue,analogInput_206,analogInput,,,,,,,,174.99648,,,,,,
2026-04-22 13:15:00+00:00,presentValue,analogInput_206,analogInput,,,,,,,,184.09047,,,,,,
2026-04-22 13:16:00+00:00,presentValue,analogInput_206,analogInput,,,,,,,,203.18538,,,,,,
2026-04-22 13:17:00+00:00,presentValue,analogInput_206,analogInput,,,,,,,,204.80319,,,,,,
2026-04-22 13:18:00+00:00,presentValue,analogInput_206,analogInput,,,,,,,,206.61708,,,,,,
2026-04-22 13:19:00+00:00,presentValue,analogInput_206,analogInput,,,,,,,,220.49092,,,,,,
2026-04-22 13:20:00+00:00,presentValue,analogInput_206,analogInput,,,,,,,,272.67715,,,,,,
2026-04-22 13:21:00+00:00,presentValue,analogInput_206,analogInput,,,,,,,,272.7017,,,,,,
2026-04-22 13:22:00+00:00,presentValue,analogInput_206,analogInput,,,,,,,,302.9496,,,,,,
2026-04-22 13:23:00+00:00,presentValue,analogInput_206,analogInput,,,,,,,,333.5652,,,,,,
2026-04-22 13:24:00+00:00,presentValue,analogInput_206,analogInput,,,,,,,,351.18936,,,,,,
2026-04-22 13:25:00+00:00,presentValue,analogInput_206,analogInput,,,,,,,,524.83307,,,,,,
2026-04-22 13:26:00+00:00,presentValue,analogInput_206,analogInput,,,,,,,,310.867,,,,,,
2026-04-22 13:27:00+00:00,presentValue,analogInput_206,analogInput,,,,,,,,485.02542,,,,,,
2026-04-22 13:28:00+00:00,presentValue,analogInput_206,analogInput,,,,,,,,292.06622,,,,,,
2026-04-22 13:29:00+00:00,presentValue,analogInput_206,analogInput,,,,,,,,225.7365,,,,,,
2026-04-22 13:30:00+00:00,presentValue,analogInput_206,analogInput,,,,,,,,227.64847,,,,,,
2026-04-22 13:31:00+00:00,presentValue,analogInput_206,analogInput,,,,,,,,208.33292,,,,,,
2026-04-22 13:32:00+00:00,presentValue,analogInput_206,analogInput,,,,,,,,210.02426,,,,,,
2026-04-22 13:33:00+00:00,presentValue,analogInput_206,analogInput,,,,,,,,206.59256,,,,,,
2026-04-22 13:34:00+00:00,presentValue,analogInput_206,analogInput,,,,,,,,206.56805,,,,,,
2026-04-22 13:35:00+00:00,presentValue,analogInput_206,analogInput,,,,,,,,203.08733,,,,,,
2026-04-22 13:36:00+00:00,presentValue,analogInput_206,analogInput,,,,,,,,197.89078,,,,,,
2026-04-22 13:37:00+00:00,presentValue,analogInput_206,analogInput,,,,,,,,197.86626,,,,,,
2026-04-22 13:38:00+00:00,presentValue,analogInput_206,analogInput,,,,,,,,201.3715,,,,,,
2026-04-22 13:39:00+00:00,presentValue,analogInput_206,analogInput,,,,,,,,197.89078,,,,,,
2026-04-22 13:40:00+00:00,presentValue,analogInput_206,analogInput,,,,,,,,197.84175,,,,,,
2026-04-22 13:41:00+00:00,presentValue,analogInput_206,analogInput,,,,,,,,192.76776,,,,,,
2026-04-22 13:42:00+00:00,presentValue,analogInput_206,analogInput,,,,,,,,192.76776,,,,,,
2026-04-22 13:43:00+00:00,presentValue,analogInput_206,analogInput,,,,,,,,192.76776,,,,,,
2026-04-22 13:44:00+00:00,presentValue,analogInput_206,analogInput,,,,,,,,192.74324,,,,,,
2026-04-22 13:45:00+00:00,presentValue,analogInput_206,analogInput,,,,,,,,192.74324,,,,,,
2026-04-22 13:46:00+00:00,presentValue,analogInput_206,analogInput,,,,,,,,192.74324,,,,,,
2026-04-22 13:47:00+00:00,presentValue,analogInput_206,analogInput,,,,,,,,192.76776,,,,,,
2026-04-22 13:48:00+00:00,presentValue,analogInput_206,analogInput,,,,,,,,192.76776,,,,,,
2026-04-22 13:49:00+00:00,presentValue,analogInput_206,analogInput,,,,,,,,201.32248,,,,,,
2026-04-22 13:50:00+00:00,presentValue,analogInput_206,analogInput,,,,,,,,223.72652,,,,,,
2026-04-22 13:51:00+00:00,presentValue,analogInput_206,analogInput,,,,,,,,218.84862,,,,,,
2026-04-22 13:52:00+00:00,presentValue,analogInput_206,analogInput,,,,,,,,223.94713,,,,,,
2026-04-22 13:53:00+00:00,presentValue,analogInput_206,analogInput,,,,,,,,237.79646,,,,,,
2026-04-22 13:54:00+00:00,presentValue,analogInput_206,analogInput,,,,,,,,255.17554,,,,,,
2026-04-22 13:55:00+00:00,presentValue,analogInput_206,analogInput,,,,,,,,277.89822,,,,,,
2026-04-22 13:56:00+00:00,presentValue,analogInput_206,analogInput,,,,,,,,297.0177,,,,,,
2026-04-22 13:57:00+00:00,presentValue,analogInput_206,analogInput,,,,,,,,421.80875,,,,,,
2026-04-22 13:58:00+00:00,presentValue,analogInput_206,analogInput,,,,,,,,534.4418,,,,,,
2026-04-22 13:59:00+00:00,presentValue,analogInput_206,analogInput,,,,,,,,462.2537,,,,,,
2026-04-22 14:00:00+00:00,presentValue,analogInput_206,analogInput,,,,,,,,393.05606,,,,,,
2026-04-22 14:01:00+00:00,presentValue,analogInput_206,analogInput,,,,,,,,316.1371,,,,,,
2026-04-22 14:02:00+00:00,presentValue,analogInput_206,analogInput,,,,,,,,396.21808,,,,,,
2026-04-22 14:03:00+00:00,presentValue,analogInput_206,analogInput,,,,,,,,356.23886,,,,,,
2026-04-22 14:04:00+00:00,presentValue,analogInput_206,analogInput,,,,,,,,357.7341,,,,,,
2026-04-22 14:05:00+00:00,presentValue,analogInput_206,analogInput,,,,,,,,343.98288,,,,,,
2026-04-22 14:06:00+00:00,presentValue,analogInput_206,analogInput,,,,,,,,360.23438,,,,,,
2026-04-22 14:07:00+00:00,presentValue,analogInput_206,analogInput,,,,,,,,405.8759,,,,,,
2026-04-22 14:08:00+00:00,presentValue,analogInput_206,analogInput,,,,,,,,429.28494,,,,,,
2026-04-22 14:09:00+00:00,presentValue,analogInput_206,analogInput,,,,,,,,372.09824,,,,,,
2026-04-22 14:10:00+00:00,presentValue,analogInput_206,analogInput,,,,,,,,326.65283,,,,,,
2026-04-22 14:11:00+00:00,presentValue,analogInput_206,analogInput,,,,,,,,357.66058,,,,,,
2026-04-22 14:12:00+00:00,presentValue,analogInput_206,analogInput,,,,,,,,363.07776,,,,,,
2026-04-22 14:13:00+00:00,presentValue,analogInput_206,analogInput,,,,,,,,330.5012,,,,,,
2026-04-22 14:14:00+00:00,presentValue,analogInput_206,analogInput,,,,,,,,377.76053,,,,,,
2026-04-22 14:15:00+00:00,presentValue,analogInput_206,analogInput,,,,,,,,362.29333,,,,,,
2026-04-22 14:16:00+00:00,presentValue,analogInput_206,analogInput,,,,,,,,445.97766,,,,,,
2026-04-22 14:17:00+00:00,presentValue,analogInput_206,analogInput,,,,,,,,500.8357,,,,,,
2026-04-22 14:18:00+00:00,presentValue,analogInput_206,analogInput,,,,,,,,403.5227,,,,,,
2026-04-22 14:19:00+00:00,presentValue,analogInput_206,analogInput,,,,,,,,501.64462,,,,,,
2026-04-22 14:20:00+00:00,presentValue,analogInput_206,analogInput,,,,,,,,581.1373,,,,,,
2026-04-22 14:21:00+00:00,presentValue,analogInput_206,analogInput,,,,,,,,516.81757,,,,,,
2026-04-22 14:22:00+00:00,presentValue,analogInput_206,analogInput,,,,,,,,562.8268,,,,,,
2026-04-22 14:23:00+00:00,presentValue,analogInput_206,analogInput,,,,,,,,580.6716,,,,,,
2026-04-22 14:24:00+00:00,presentValue,analogInput_206,analogInput,,,,,,,,483.43213,,,,,,
2026-04-22 14:25:00+00:00,presentValue,analogInput_206,analogInput,,,,,,,,564.42004,,,,,,
2026-04-22 14:26:00+00:00,presentValue,analogInput_206,analogInput,,,,,,,,514.7586,,,,,,
2026-04-22 14:27:00+00:00,presentValue,analogInput_206,analogInput,,,,,,,,590.9422,,,,,,
2026-04-22 14:28:00+00:00,presentValue,analogInput_206,analogInput,,,,,,,,589.1773,,,,,,
2026-04-22 14:29:00+00:00,presentValue,analogInput_206,analogInput,,,,,,,,589.1773,,,,,,
2026-04-22 14:30:00+00:00,presentValue,analogInput_206,analogInput,,,,,,,,590.8932,,,,,,
2026-04-22 14:31:00+00:00,presentValue,analogInput_206,analogInput,,,,,,,,590.8932,,,,,,
2026-04-22 14:32:00+00:00,presentValue,analogInput_206,analogInput,,,,,,,,589.1283,,,,,,
2026-04-22 14:33:00+00:00,presentValue,analogInput_206,analogInput,,,,,,,,589.1528,,,,,,
2026-04-22 14:34:00+00:00,presentValue,analogInput_206,analogInput,,,,,,,,590.8932,,,,,,
2026-04-22 14:35:00+00:00,presentValue,analogInput_206,analogInput,,,,,,,,590.8932,,,,,,
2026-04-22 14:36:00+00:00,presentValue,analogInput_206,analogInput,,,,,,,,594.4964,,,,,,
2026-04-22 14:37:00+00:00,presentValue,analogInput_206,analogInput,,,,,,,,592.6335,,,,,,
2026-04-22 14:38:00+00:00,presentValue,analogInput_206,analogInput,,,,,,,,592.60895,,,,,,
2026-04-22 14:39:00+00:00,presentValue,analogInput_206,analogInput,,,,,,,,596.11426,,,,,,
2026-04-22 14:40:00+00:00,presentValue,analogInput_206,analogInput,,,,,,,,599.61945,,,,,,
2026-04-22 14:41:00+00:00,presentValue,analogInput_206,analogInput,,,,,,,,601.2863,,,,,,
2026-04-22 14:42:00+00:00,presentValue,analogInput_206,analogInput,,,,,,,,604.76697,,,,,,
2026-04-22 14:43:00+00:00,presentValue,analogInput_206,analogInput,,,,,,,,604.76697,,,,,,
2026-04-22 14:44:00+00:00,presentValue,analogInput_206,analogInput,,,,,,,,606.48285,,,,,,
2026-04-22 14:45:00+00:00,presentValue,analogInput_206,analogInput,,,,,,,,608.2723,,,,,,
2026-04-22 14:46:00+00:00,presentValue,analogInput_206,analogInput,,,,,,,,610.99304,,,,,,
2026-04-22 14:47:00+00:00,presentValue,analogInput_206,analogInput,,,,,,,,611.72845,,,,,,
2026-04-22 14:48:00+00:00,presentValue,analogInput_206,analogInput,,,,,,,,613.4688,,,,,,
2026-04-22 14:49:00+00:00,presentValue,analogInput_206,analogInput,,,,,,,,615.18463,,,,,,
2026-04-22 14:50:00+00:00,presentValue,analogInput_206,analogInput,,,,,,,,616.9495,,,,,,
2026-04-22 14:51:00+00:00,presentValue,analogInput_206,analogInput,,,,,,,,618.6899,,,,,,
2026-04-22 14:52:00+00:00,presentValue,analogInput_206,analogInput,,,,,,,,622.1215,,,,,,
2026-04-22 14:53:00+00:00,presentValue,analogInput_206,analogInput,,,,,,,,625.6268,,,,,,
2026-04-22 14:54:00+00:00,presentValue,analogInput_206,analogInput,,,,,,,,625.5777,,,,,,
2026-04-22 14:55:00+00:00,presentValue,analogInput_206,analogInput,,,,,,,,627.3426,,,,,,
2026-04-22 14:56:00+00:00,presentValue,analogInput_206,analogInput,,,,,,,,629.034,,,,,,
2026-04-22 14:57:00+00:00,presentValue,analogInput_206,analogInput,,,,,,,,630.8479,,,,,,
2026-04-22 14:58:00+00:00,presentValue,analogInput_206,analogInput,,,,,,,,632.46564,,,,,,
2026-04-22 14:59:00+00:00,presentValue,analogInput_206,analogInput,,,,,,,,634.206,,,,,,
2026-04-22 15:00:00+00:00,presentValue,analogInput_206,analogInput,,,,,,,,635.9954,,,,,,
2026-04-22 15:01:00+00:00,presentValue,analogInput_206,analogInput,,,,,,,,637.6867,,,,,,
2026-04-22 15:02:00+00:00,presentValue,analogInput_206,analogInput,,,,,,,,637.7112,,,,,,
2026-04-22 15:03:00+00:00,presentValue,analogInput_206,analogInput,,,,,,,,642.9078,,,,,,
2026-04-22 15:04:00+00:00,presentValue,analogInput_206,analogInput,,,,,,,,643.0058,,,,,,
2026-04-22 15:05:00+00:00,presentValue,analogInput_206,analogInput,,,,,,,,644.64813,,,,,,
2026-04-22 15:06:00+00:00,presentValue,analogInput_206,analogInput,,,,,,,,646.0209,,,,,,
2026-04-22 15:07:00+00:00,presentValue,analogInput_206,analogInput,,,,,,,,644.67267,,,,,,
2026-04-22 15:08:00+00:00,presentValue,analogInput_206,analogInput,,,,,,,,646.1679,,,,,,
2026-04-22 15:09:00+00:00,presentValue,analogInput_206,analogInput,,,,,,,,646.364,,,,,,
2026-04-22 15:10:00+00:00,presentValue,analogInput_206,analogInput,,,,,,,,649.8447,,,,,,
2026-04-22 15:11:00+00:00,presentValue,analogInput_206,analogInput,,,,,,,,651.5851,,,,,,
2026-04-22 15:12:00+00:00,presentValue,analogInput_206,analogInput,,,,,,,,653.35,,,,,,
2026-04-22 15:13:00+00:00,presentValue,analogInput_206,analogInput,,,,,,,,655.0167,,,,,,
2026-04-22 15:14:00+00:00,presentValue,analogInput_206,analogInput,,,,,,,,656.80615,,,,,,
2026-04-22 15:15:00+00:00,presentValue,analogInput_206,analogInput,,,,,,,,656.7816,,,,,,
2026-04-22 15:16:00+00:00,presentValue,analogInput_206,analogInput,,,,,,,,660.2378,,,,,,
2026-04-22 15:17:00+00:00,presentValue,analogInput_206,analogInput,,,,,,,,660.2378,,,,,,
2026-04-22 15:18:00+00:00,presentValue,analogInput_206,analogInput,,,,,,,,660.1888,,,,,,
2026-04-22 15:19:00+00:00,presentValue,analogInput_206,analogInput,,,,,,,,663.71857,,,,,,
2026-04-22 15:20:00+00:00,presentValue,analogInput_206,analogInput,,,,,,,,663.71857,,,,,,
2026-04-22 15:21:00+00:00,presentValue,analogInput_206,analogInput,,,,,,,,667.1993,,,,,,
2026-04-22 15:22:00+00:00,presentValue,analogInput_206,analogInput,,,,,,,,667.2483,,,,,,
2026-04-22 15:23:00+00:00,presentValue,analogInput_206,analogInput,,,,,,,,668.9642,,,,,,
2026-04-22 15:24:00+00:00,presentValue,analogInput_206,analogInput,,,,,,,,668.93964,,,,,,
2026-04-22 15:25:00+00:00,presentValue,analogInput_206,analogInput,,,,,,,,670.6555,,,,,,
2026-04-22 15:26:00+00:00,presentValue,analogInput_206,analogInput,,,,,,,,672.42035,,,,,,
2026-04-22 15:27:00+00:00,presentValue,analogInput_206,analogInput,,,,,,,,672.3958,,,,,,
2026-04-22 15:28:00+00:00,presentValue,analogInput_206,analogInput,,,,,,,,674.1117,,,,,,
2026-04-22 15:29:00+00:00,presentValue,analogInput_206,analogInput,,,,,,,,674.1117,,,,,,
2026-04-22 15:30:00+00:00,presentValue,analogInput_206,analogInput,,,,,,,,674.08716,,,,,,
2026-04-22 15:31:00+00:00,presentValue,analogInput_206,analogInput,,,,,,,,674.1117,,,,,,
2026-04-22 15:32:00+00:00,presentValue,analogInput_206,analogInput,,,,,,,,674.1117,,,,,,
2026-04-22 15:33:00+00:00,presentValue,analogInput_206,analogInput,,,,,,,,675.80304,,,,,,
2026-04-22 15:34:00+00:00,presentValue,analogInput_206,analogInput,,,,,,,,677.5924,,,,,,
2026-04-22 15:35:00+00:00,presentValue,analogInput_206,analogInput,,,,,,,,679.2592,,,,,,
2026-04-22 15:36:00+00:00,presentValue,analogInput_206,analogInput,,,,,,,,679.28375,,,,,,
2026-04-22 15:37:00+00:00,presentValue,analogInput_206,analogInput,,,,,,,,681.04865,,,,,,
2026-04-22 15:38:00+00:00,presentValue,analogInput_206,analogInput,,,,,,,,684.5293,,,,,,
2026-04-22 15:39:00+00:00,presentValue,analogInput_206,analogInput,,,,,,,,686.2452,,,,,,
2026-04-22 15:40:00+00:00,presentValue,analogInput_206,analogInput,,,,,,,,686.2452,,,,,,
2026-04-22 15:41:00+00:00,presentValue,analogInput_206,analogInput,,,,,,,,686.19617,,,,,,
2026-04-22 15:42:00+00:00,presentValue,analogInput_206,analogInput,,,,,,,,686.2207,,,,,,
2026-04-22 15:43:00+00:00,presentValue,analogInput_206,analogInput,,,,,,,,687.96106,,,,,,
2026-04-22 15:44:00+00:00,presentValue,analogInput_206,analogInput,,,,,,,,691.04956,,,,,,
2026-04-22 15:45:00+00:00,presentValue,analogInput_206,analogInput,,,,,,,,693.0596,,,,,,
2026-04-22 15:46:00+00:00,presentValue,analogInput_206,analogInput,,,,,,,,693.1086,,,,,,
2026-04-22 15:47:00+00:00,presentValue,analogInput_206,analogInput,,,,,,,,693.1331,,,,,,
2026-04-22 15:48:00+00:00,presentValue,analogInput_206,analogInput,,,,,,,,694.8244,,,,,,
2026-04-22 15:49:00+00:00,presentValue,analogInput_206,analogInput,,,,,,,,694.8489,,,,,,
2026-04-22 15:50:00+00:00,presentValue,analogInput_206,analogInput,,,,,,,,696.4422,,,,,,
2026-04-22 15:51:00+00:00,presentValue,analogInput_206,analogInput,,,,,,,,696.5893,,,,,,
2026-04-22 15:52:00+00:00,presentValue,analogInput_206,analogInput,,,,,,,,698.32965,,,,,,
2026-04-22 15:53:00+00:00,presentValue,analogInput_206,analogInput,,,,,,,,698.3051,,,,,,
2026-04-22 15:54:00+00:00,presentValue,analogInput_206,analogInput,,,,,,,,698.3051,,,,,,
2026-04-22 15:55:00+00:00,presentValue,analogInput_206,analogInput,,,,,,,,700.07007,,,,,,
2026-04-22 15:56:00+00:00,presentValue,analogInput_206,analogInput,,,,,,,,700.07007,,,,,,
2026-04-22 15:57:00+00:00,presentValue,analogInput_206,analogInput,,,,,,,,701.81036,,,,,,
2026-04-22 15:58:00+00:00,presentValue,analogInput_206,analogInput,,,,,,,,703.57526,,,,,,
2026-04-22 15:59:00+00:00,presentValue,analogInput_206,analogInput,,,,,,,,705.2666,,,,,,
2026-04-22 16:00:00+00:00,presentValue,analogInput_206,analogInput,,,,,,,,705.3156,,,,,,
2026-04-22 16:01:00+00:00,presentValue,analogInput_206,analogInput,,,,,,,,707.0069,,,,,,
2026-04-22 16:02:00+00:00,presentValue,analogInput_206,analogInput,,,,,,,,639.23096,,,,,,
2026-04-22 16:03:00+00:00,presentValue,analogInput_206,analogInput,,,,,,,,719.45905,,,,,,
2026-04-22 16:04:00+00:00,presentValue,analogInput_206,analogInput,,,,,,,,731.5435,,,,,,
2026-04-22 16:05:00+00:00,presentValue,analogInput_206,analogInput,,,,,,,,645.45703,,,,,,
2026-04-22 16:06:00+00:00,presentValue,analogInput_206,analogInput,,,,,,,,573.7592,,,,,,
2026-04-22 16:07:00+00:00,presentValue,analogInput_206,analogInput,,,,,,,,731.27386,,,,,,
2026-04-22 16:08:00+00:00,presentValue,analogInput_206,analogInput,,,,,,,,717.6697,,,,,,
2026-04-22 16:09:00+00:00,presentValue,analogInput_206,analogInput,,,,,,,,712.17896,,,,,,
2026-04-22 16:10:00+00:00,presentValue,analogInput_206,analogInput,,,,,,,,712.2034,,,,,,
2026-04-22 16:11:00+00:00,presentValue,analogInput_206,analogInput,,,,,,,,714.0174,,,,,,
2026-04-22 16:12:00+00:00,presentValue,analogInput_206,analogInput,,,,,,,,715.61066,,,,,,
2026-04-22 16:13:00+00:00,presentValue,analogInput_206,analogInput,,,,,,,,747.05963,,,,,,
2026-04-22 16:14:00+00:00,presentValue,analogInput_206,analogInput,,,,,,,,681.9311,,,,,,
2026-04-22 16:15:00+00:00,presentValue,analogInput_206,analogInput,,,,,,,,641.2165,,,,,,
2026-04-22 16:16:00+00:00,presentValue,analogInput_206,analogInput,,,,,,,,599.42334,,,,,,
2026-04-22 16:17:00+00:00,presentValue,analogInput_206,analogInput,,,,,,,,721.05237,,,,,,
2026-04-22 16:18:00+00:00,presentValue,analogInput_206,analogInput,,,,,,,,716.4686,,,,,,
2026-04-22 16:19:00+00:00,presentValue,analogInput_206,analogInput,,,,,,,,712.1054,,,,,,
2026-04-22 16:20:00+00:00,presentValue,analogInput_206,analogInput,,,,,,,,717.7677,,,,,,
2026-04-22 16:21:00+00:00,presentValue,analogInput_206,analogInput,,,,,,,,719.1404,,,,,,
2026-04-22 16:22:00+00:00,presentValue,analogInput_206,analogInput,,,,,,,,717.3755,,,,,,
2026-04-22 16:23:00+00:00,presentValue,analogInput_206,analogInput,,,,,,,,432.3489,,,,,,
2026-04-22 16:24:00+00:00,presentValue,analogInput_206,analogInput,,,,,,,,591.653,,,,,,
2026-04-22 16:25:00+00:00,presentValue,analogInput_206,analogInput,,,,,,,,686.80896,,,,,,
2026-04-22 16:26:00+00:00,presentValue,analogInput_206,analogInput,,,,,,,,727.7932,,,,,,
2026-04-22 16:27:00+00:00,presentValue,analogInput_206,analogInput,,,,,,,,710.43866,,,,,,
2026-04-22 16:28:00+00:00,presentValue,analogInput_206,analogInput,,,,,,,,729.60706,,,,,,
2026-04-22 16:29:00+00:00,presentValue,analogInput_206,analogInput,,,,,,,,719.1649,,,,,,
2026-04-22 16:30:00+00:00,presentValue,analogInput_206,analogInput,,,,,,,,726.07733,,,,,,
2026-04-22 16:31:00+00:00,presentValue,analogInput_206,analogInput,,,,,,,,722.5966,,,,,,
2026-04-22 16:32:00+00:00,presentValue,analogInput_206,analogInput,,,,,,,,724.2879,,,,,,
2026-04-22 16:33:00+00:00,presentValue,analogInput_206,analogInput,,,,,,,,720.8808,,,,,,
2026-04-22 16:34:00+00:00,presentValue,analogInput_206,analogInput,,,,,,,,725.9548,,,,,,
2026-04-22 16:35:00+00:00,presentValue,analogInput_206,analogInput,,,,,,,,725.0723,,,,,,
2026-04-22 16:36:00+00:00,presentValue,analogInput_206,analogInput,,,,,,,,732.9653,,,,,,
2026-04-22 16:37:00+00:00,presentValue,analogInput_206,analogInput,,,,,,,,705.6588,,,,,,
2026-04-22 16:38:00+00:00,presentValue,analogInput_206,analogInput,,,,,,,,726.66565,,,,,,
2026-04-22 16:39:00+00:00,presentValue,analogInput_206,analogInput,,,,,,,,715.6352,,,,,,
2026-04-22 16:40:00+00:00,presentValue,analogInput_206,analogInput,,,,,,,,693.67236,,,,,,
2026-04-22 16:41:00+00:00,presentValue,analogInput_206,analogInput,,,,,,,,721.56714,,,,,,
2026-04-22 16:42:00+00:00,presentValue,analogInput_206,analogInput,,,,,,,,538.33923,,,,,,
2026-04-22 16:43:00+00:00,presentValue,analogInput_206,analogInput,,,,,,,,426.02478,,,,,,
2026-04-22 16:44:00+00:00,presentValue,analogInput_206,analogInput,,,,,,,,564.81226,,,,,,
2026-04-22 16:45:00+00:00,presentValue,analogInput_206,analogInput,,,,,,,,719.9248,,,,,,
2026-04-22 16:46:00+00:00,presentValue,analogInput_206,analogInput,,,,,,,,732.32794,,,,,,
2026-04-22 16:47:00+00:00,presentValue,analogInput_206,analogInput,,,,,,,,719.0178,,,,,,
2026-04-22 16:48:00+00:00,presentValue,analogInput_206,analogInput,,,,,,,,715.80676,,,,,,
2026-04-22 16:49:00+00:00,presentValue,analogInput_206,analogInput,,,,,,,,718.65015,,,,,,
2026-04-22 16:50:00+00:00,presentValue,analogInput_206,analogInput,,,,,,,,712.1054,,,,,,
2026-04-22 16:51:00+00:00,presentValue,analogInput_206,analogInput,,,,,,,,720.8317,,,,,,
2026-04-22 16:52:00+00:00,presentValue,analogInput_206,analogInput,,,,,,,,715.56165,,,,,,
2026-04-22 16:53:00+00:00,presentValue,analogInput_206,analogInput,,,,,,,,658.98773,,,,,,
2026-04-22 16:54:00+00:00,presentValue,analogInput_206,analogInput,,,,,,,,672.5184,,,,,,
2026-04-22 16:55:00+00:00,presentValue,analogInput_206,analogInput,,,,,,,,712.0564,,,,,,
2026-04-22 16:56:00+00:00,presentValue,analogInput_206,analogInput,,,,,,,,710.3896,,,,,,
2026-04-22 16:57:00+00:00,presentValue,analogInput_206,analogInput,,,,,,,,710.3406,,,,,,
2026-04-22 16:58:00+00:00,presentValue,analogInput_206,analogInput,,,,,,,,712.0564,,,,,,
2026-04-22 16:59:00+00:00,presentValue,analogInput_206,analogInput,,,,,,,,713.84576,,,,,,
2026-04-22 17:00:00+00:00,presentValue,analogInput_206,analogInput,,,,,,,,713.74774,,,,,,
2026-04-22 17:01:00+00:00,presentValue,analogInput_206,analogInput,,,,,,,,556.40466,,,,,,
2026-04-22 17:02:00+00:00,presentValue,analogInput_206,analogInput,,,,,,,,719.0178,,,,,,
2026-04-22 17:03:00+00:00,presentValue,analogInput_206,analogInput,,,,,,,,715.5372,,,,,,
2026-04-22 17:04:00+00:00,presentValue,analogInput_206,analogInput,,,,,,,,713.8703,,,,,,
2026-04-22 17:05:00+00:00,presentValue,analogInput_206,analogInput,,,,,,,,725.9548,,,,,,
2026-04-22 17:06:00+00:00,presentValue,analogInput_206,analogInput,,,,,,,,682.64197,,,,,,
2026-04-22 17:07:00+00:00,presentValue,analogInput_206,analogInput,,,,,,,,710.29156,,,,,,
2026-04-22 17:08:00+00:00,presentValue,analogInput_206,analogInput,,,,,,,,705.04596,,,,,,
2026-04-22 17:09:00+00:00,presentValue,analogInput_206,analogInput,,,,,,,,710.29156,,,,,,
2026-04-22 17:10:00+00:00,presentValue,analogInput_206,analogInput,,,,,,,,705.1195,,,,,,
2026-04-22 17:11:00+00:00,presentValue,analogInput_206,analogInput,,,,,,,,703.33014,,,,,,
2026-04-22 17:12:00+00:00,presentValue,analogInput_206,analogInput,,,,,,,,703.3056,,,,,,
2026-04-22 17:13:00+00:00,presentValue,analogInput_206,analogInput,,,,,,,,706.8353,,,,,,
2026-04-22 17:14:00+00:00,presentValue,analogInput_206,analogInput,,,,,,,,669.11127,,,,,,
2026-04-22 17:15:00+00:00,presentValue,analogInput_206,analogInput,,,,,,,,703.33014,,,,,,
2026-04-22 17:16:00+00:00,presentValue,analogInput_206,analogInput,,,,,,,,720.46405,,,,,,
2026-04-22 17:17:00+00:00,presentValue,analogInput_206,analogInput,,,,,,,,699.8249,,,,,,
2026-04-22 17:18:00+00:00,presentValue,analogInput_206,analogInput,,,,,,,,698.06,,,,,,
2026-04-22 17:19:00+00:00,presentValue,analogInput_206,analogInput,,,,,,,,698.08453,,,,,,
2026-04-22 17:20:00+00:00,presentValue,analogInput_206,analogInput,,,,,,,,696.3932,,,,,,
2026-04-22 17:21:00+00:00,presentValue,analogInput_206,analogInput,,,,,,,,696.3442,,,,,,
2026-04-22 17:22:00+00:00,presentValue,analogInput_206,analogInput,,,,,,,,696.41766,,,,,,
2026-04-22 17:23:00+00:00,presentValue,analogInput_206,analogInput,,,,,,,,692.937,,,,,,
2026-04-22 17:24:00+00:00,presentValue,analogInput_206,analogInput,,,,,,,,696.41766,,,,,,
2026-04-22 17:25:00+00:00,presentValue,analogInput_206,analogInput,,,,,,,,692.9125,,,,,,
2026-04-22 17:26:00+00:00,presentValue,analogInput_206,analogInput,,,,,,,,691.1721,,,,,,
2026-04-22 17:27:00+00:00,presentValue,analogInput_206,analogInput,,,,,,,,692.7899,,,,,,
2026-04-22 17:28:00+00:00,presentValue,analogInput_206,analogInput,,,,,,,,692.937,,,,,,
2026-04-22 17:29:00+00:00,presentValue,analogInput_206,analogInput,,,,,,,,692.937,,,,,,
2026-04-22 17:30:00+00:00,presentValue,analogInput_206,analogInput,,,,,,,,689.4317,,,,,,
2026-04-22 17:31:00+00:00,presentValue,analogInput_206,analogInput,,,,,,,,687.71594,,,,,,
2026-04-22 17:32:00+00:00,presentValue,analogInput_206,analogInput,,,,,,,,689.4317,,,,,,
2026-04-22 17:33:00+00:00,presentValue,analogInput_206,analogInput,,,,,,,,687.71594,,,,,,
2026-04-22 17:34:00+00:00,presentValue,analogInput_206,analogInput,,,,,,,,685.9755,,,,,,
2026-04-22 17:35:00+00:00,presentValue,analogInput_206,analogInput,,,,,,,,689.4317,,,,,,
2026-04-22 17:36:00+00:00,presentValue,analogInput_206,analogInput,,,,,,,,687.71594,,,,,,
2026-04-22 17:37:00+00:00,presentValue,analogInput_206,analogInput,,,,,,,,686.0246,,,,,,
2026-04-22 17:38:00+00:00,presentValue,analogInput_206,analogInput,,,,,,,,680.73,,,,,,
2026-04-22 17:39:00+00:00,presentValue,analogInput_206,analogInput,,,,,,,,680.73,,,,,,
2026-04-22 17:40:00+00:00,presentValue,analogInput_206,analogInput,,,,,,,,679.0141,,,,,,
2026-04-22 17:41:00+00:00,presentValue,analogInput_206,analogInput,,,,,,,,670.23883,,,,,,
2026-04-22 17:42:00+00:00,presentValue,analogInput_206,analogInput,,,,,,,,672.02814,,,,,,
2026-04-22 17:43:00+00:00,presentValue,analogInput_206,analogInput,,,,,,,,672.0527,,,,,,
2026-04-22 17:44:00+00:00,presentValue,analogInput_206,analogInput,,,,,,,,670.28784,,,,,,
2026-04-22 17:45:00+00:00,presentValue,analogInput_206,analogInput,,,,,,,,670.23883,,,,,,
2026-04-22 17:46:00+00:00,presentValue,analogInput_206,analogInput,,,,,,,,675.5089,,,,,,
2026-04-22 17:47:00+00:00,presentValue,analogInput_206,analogInput,,,,,,,,670.23883,,,,,,
2026-04-22 17:48:00+00:00,presentValue,analogInput_206,analogInput,,,,,,,,665.1158,,,,,,
2026-04-22 17:49:00+00:00,presentValue,analogInput_206,analogInput,,,,,,,,665.8511,,,,,,
2026-04-22 17:50:00+00:00,presentValue,analogInput_206,analogInput,,,,,,,,663.32635,,,,,,
2026-04-22 17:51:00+00:00,presentValue,analogInput_206,analogInput,,,,,,,,663.3509,,,,,,
2026-04-22 17:52:00+00:00,presentValue,analogInput_206,analogInput,,,,,,,,663.3509,,,,,,
2026-04-22 17:53:00+00:00,presentValue,analogInput_206,analogInput,,,,,,,,659.8947,,,,,,
2026-04-22 17:54:00+00:00,presentValue,analogInput_206,analogInput,,,,,,,,657.517,,,,,,
2026-04-22 17:55:00+00:00,presentValue,analogInput_206,analogInput,,,,,,,,658.15436,,,,,,
2026-04-22 17:56:00+00:00,presentValue,analogInput_206,analogInput,,,,,,,,654.69806,,,,,,
2026-04-22 17:57:00+00:00,presentValue,analogInput_206,analogInput,,,,,,,,647.7122,,,,,,
2026-04-22 17:58:00+00:00,presentValue,analogInput_206,analogInput,,,,,,,,651.1684,,,,,,
2026-04-22 17:59:00+00:00,presentValue,analogInput_206,analogInput,,,,,,,,656.3159,,,,,,
2026-04-22 18:00:00+00:00,presentValue,analogInput_206,analogInput,,,,,,,,651.14386,,,,,,
2026-04-22 18:01:00+00:00,presentValue,analogInput_206,analogInput,,,,,,,,651.1193,,,,,,
2026-04-22 18:02:00+00:00,presentValue,analogInput_206,analogInput,,,,,,,,649.4525,,,,,,
2026-04-22 18:03:00+00:00,presentValue,analogInput_206,analogInput,,,,,,,,647.7122,,,,,,
2026-04-22 18:04:00+00:00,presentValue,analogInput_206,analogInput,,,,,,,,647.7122,,,,,,
2026-04-22 18:05:00+00:00,presentValue,analogInput_206,analogInput,,,,,,,,644.18243,,,,,,
2026-04-22 18:06:00+00:00,presentValue,analogInput_206,analogInput,,,,,,,,638.96136,,,,,,
2026-04-22 18:07:00+00:00,presentValue,analogInput_206,analogInput,,,,,,,,638.9368,,,,,,
2026-04-22 18:08:00+00:00,presentValue,analogInput_206,analogInput,,,,,,,,642.39307,,,,,,
2026-04-22 18:09:00+00:00,presentValue,analogInput_206,analogInput,,,,,,,,638.9368,,,,,,
2026-04-22 18:10:00+00:00,presentValue,analogInput_206,analogInput,,,,,,,,637.22095,,,,,,
2026-04-22 18:11:00+00:00,presentValue,analogInput_206,analogInput,,,,,,,,637.2455,,,,,,
2026-04-22 18:12:00+00:00,presentValue,analogInput_206,analogInput,,,,,,,,633.7403,,,,,,
2026-04-22 18:13:00+00:00,presentValue,analogInput_206,analogInput,,,,,,,,633.7648,,,,,,
2026-04-22 18:14:00+00:00,presentValue,analogInput_206,analogInput,,,,,,,,630.2841,,,,,,
2026-04-22 18:15:00+00:00,presentValue,analogInput_206,analogInput,,,,,,,,628.5437,,,,,,
2026-04-22 18:16:00+00:00,presentValue,analogInput_206,analogInput,,,,,,,,630.23505,,,,,,
2026-04-22 18:17:00+00:00,presentValue,analogInput_206,analogInput,,,,,,,,626.8279,,,,,,
2026-04-22 18:18:00+00:00,presentValue,analogInput_206,analogInput,,,,,,,,625.0385,,,,,,
2026-04-22 18:19:00+00:00,presentValue,analogInput_206,analogInput,,,,,,,,623.34717,,,,,,
2026-04-22 18:20:00+00:00,presentValue,analogInput_206,analogInput,,,,,,,,616.4102,,,,,,
2026-04-22 18:21:00+00:00,presentValue,analogInput_206,analogInput,,,,,,,,614.66986,,,,,,
2026-04-22 18:22:00+00:00,presentValue,analogInput_206,analogInput,,,,,,,,618.1261,,,,,,
2026-04-22 18:23:00+00:00,presentValue,analogInput_206,analogInput,,,,,,,,621.6558,,,,,,
2026-04-22 18:24:00+00:00,presentValue,analogInput_206,analogInput,,,,,,,,623.32263,,,,,,
2026-04-22 18:25:00+00:00,presentValue,analogInput_206,analogInput,,,,,,,,616.4102,,,,,,
2026-04-22 18:26:00+00:00,presentValue,analogInput_206,analogInput,,,,,,,,616.38574,,,,,,
2026-04-22 18:27:00+00:00,presentValue,analogInput_206,analogInput,,,,,,,,614.66986,,,,,,
2026-04-22 18:28:00+00:00,presentValue,analogInput_206,analogInput,,,,,,,,611.1647,,,,,,
2026-04-22 18:29:00+00:00,presentValue,analogInput_206,analogInput,,,,,,,,609.4488,,,,,,
2026-04-22 18:30:00+00:00,presentValue,analogInput_206,analogInput,,,,,,,,605.9436,,,,,,
2026-04-22 18:31:00+00:00,presentValue,analogInput_206,analogInput,,,,,,,,599.0311,,,,,,
2026-04-22 18:32:00+00:00,presentValue,analogInput_206,analogInput,,,,,,,,597.2908,,,,,,
2026-04-22 18:33:00+00:00,presentValue,analogInput_206,analogInput,,,,,,,,599.00665,,,,,,
2026-04-22 18:34:00+00:00,presentValue,analogInput_206,analogInput,,,,,,,,599.00665,,,,,,
2026-04-22 18:35:00+00:00,presentValue,analogInput_206,analogInput,,,,,,,,597.2908,,,,,,
2026-04-22 18:36:00+00:00,presentValue,analogInput_206,analogInput,,,,,,,,592.04517,,,,,,
2026-04-22 18:37:00+00:00,presentValue,analogInput_206,analogInput,,,,,,,,592.0207,,,,,,
2026-04-22 18:38:00+00:00,presentValue,analogInput_206,analogInput,,,,,,,,590.25586,,,,,,
2026-04-22 18:39:00+00:00,presentValue,analogInput_206,analogInput,,,,,,,,583.417,,,,,,
2026-04-22 18:40:00+00:00,presentValue,analogInput_206,analogInput,,,,,,,,581.62756,,,,,,
2026-04-22 18:41:00+00:00,presentValue,analogInput_206,analogInput,,,,,,,,579.83813,,,,,,
2026-04-22 18:42:00+00:00,presentValue,analogInput_206,analogInput,,,,,,,,579.83813,,,,,,
2026-04-22 18:43:00+00:00,presentValue,analogInput_206,analogInput,,,,,,,,585.0593,,,,,,
2026-04-22 18:44:00+00:00,presentValue,analogInput_206,analogInput,,,,,,,,579.8627,,,,,,
2026-04-22 18:45:00+00:00,presentValue,analogInput_206,analogInput,,,,,,,,574.66614,,,,,,
2026-04-22 18:46:00+00:00,presentValue,analogInput_206,analogInput,,,,,,,,573.90625,,,,,,
2026-04-22 18:47:00+00:00,presentValue,analogInput_206,analogInput,,,,,,,,571.1364,,,,,,
2026-04-22 18:48:00+00:00,presentValue,analogInput_206,analogInput,,,,,,,,571.1609,,,,,,
2026-04-22 18:49:00+00:00,presentValue,analogInput_206,analogInput,,,,,,,,567.68024,,,,,,
2026-04-22 18:50:00+00:00,presentValue,analogInput_206,analogInput,,,,,,,,562.4836,,,,,,
2026-04-22 18:51:00+00:00,presentValue,analogInput_206,analogInput,,,,,,,,555.5222,,,,,,
2026-04-22 18:52:00+00:00,presentValue,analogInput_206,analogInput,,,,,,,,557.23804,,,,,,
2026-04-22 18:53:00+00:00,presentValue,analogInput_206,analogInput,,,,,,,,555.5222,,,,,,
2026-04-22 18:54:00+00:00,presentValue,analogInput_206,analogInput,,,,,,,,553.8309,,,,,,
2026-04-22 18:55:00+00:00,presentValue,analogInput_206,analogInput,,,,,,,,548.5608,,,,,,
2026-04-22 18:56:00+00:00,presentValue,analogInput_206,analogInput,,,,,,,,548.43823,,,,,,
2026-04-22 18:57:00+00:00,presentValue,analogInput_206,analogInput,,,,,,,,546.8449,,,,,,
2026-04-22 18:58:00+00:00,presentValue,analogInput_206,analogInput,,,,,,,,545.0801,,,,,,
2026-04-22 18:59:00+00:00,presentValue,analogInput_206,analogInput,,,,,,,,545.05554,,,,,,
2026-04-22 19:00:00+00:00,presentValue,analogInput_206,analogInput,,,,,,,,541.5748,,,,,,
2026-04-22 19:01:00+00:00,presentValue,analogInput_206,analogInput,,,,,,,,538.16766,,,,,,
2026-04-22 19:02:00+00:00,presentValue,analogInput_206,analogInput,,,,,,,,531.2062,,,,,,
2026-04-22 19:03:00+00:00,presentValue,analogInput_206,analogInput,,,,,,,,527.701,,,,,,
2026-04-22 19:04:00+00:00,presentValue,analogInput_206,analogInput,,,,,,,,531.2062,,,,,,
2026-04-22 19:05:00+00:00,presentValue,analogInput_206,analogInput,,,,,,,,527.6765,,,,,,
2026-04-22 19:06:00+00:00,presentValue,analogInput_206,analogInput,,,,,,,,525.96063,,,,,,
2026-04-22 19:07:00+00:00,presentValue,analogInput_206,analogInput,,,,,,,,524.2202,,,,,,
2026-04-22 19:08:00+00:00,presentValue,analogInput_206,analogInput,,,,,,,,518.9747,,,,,,
2026-04-22 19:09:00+00:00,presentValue,analogInput_206,analogInput,,,,,,,,517.3078,,,,,,
2026-04-22 19:10:00+00:00,presentValue,analogInput_206,analogInput,,,,,,,,512.08673,,,,,,
2026-04-22 19:11:00+00:00,presentValue,analogInput_206,analogInput,,,,,,,,510.22388,,,,,,
2026-04-22 19:12:00+00:00,presentValue,analogInput_206,analogInput,,,,,,,,508.58154,,,,,,
2026-04-22 19:13:00+00:00,presentValue,analogInput_206,analogInput,,,,,,,,505.1253,,,,,,
2026-04-22 19:14:00+00:00,presentValue,analogInput_206,analogInput,,,,,,,,499.8552,,,,,,
2026-04-22 19:15:00+00:00,presentValue,analogInput_206,analogInput,,,,,,,,499.87973,,,,,,
2026-04-22 19:16:00+00:00,presentValue,analogInput_206,analogInput,,,,,,,,499.87973,,,,,,
2026-04-22 19:17:00+00:00,presentValue,analogInput_206,analogInput,,,,,,,,496.3745,,,,,,
2026-04-22 19:18:00+00:00,presentValue,analogInput_206,analogInput,,,,,,,,492.86932,,,,,,
2026-04-22 19:19:00+00:00,presentValue,analogInput_206,analogInput,,,,,,,,491.227,,,,,,
2026-04-22 19:20:00+00:00,presentValue,analogInput_206,analogInput,,,,,,,,487.7708,,,,,,
2026-04-22 19:21:00+00:00,presentValue,analogInput_206,analogInput,,,,,,,,482.50064,,,,,,
2026-04-22 19:22:00+00:00,presentValue,analogInput_206,analogInput,,,,,,,,478.99545,,,,,,
2026-04-22 19:23:00+00:00,presentValue,analogInput_206,analogInput,,,,,,,,475.51474,,,,,,
2026-04-22 19:24:00+00:00,presentValue,analogInput_206,analogInput,,,,,,,,475.49023,,,,,,
2026-04-22 19:25:00+00:00,presentValue,analogInput_206,analogInput,,,,,,,,473.89694,,,,,,
2026-04-22 19:26:00+00:00,presentValue,analogInput_206,analogInput,,,,,,,,472.083,,,,,,
2026-04-22 19:27:00+00:00,presentValue,analogInput_206,analogInput,,,,,,,,457.5474,,,,,,
2026-04-22 19:28:00+00:00,presentValue,analogInput_206,analogInput,,,,,,,,465.12158,,,,,,
2026-04-22 19:29:00+00:00,presentValue,analogInput_206,analogInput,,,,,,,,465.1461,,,,,,
2026-04-22 19:30:00+00:00,presentValue,analogInput_206,analogInput,,,,,,,,458.1847,,,,,,
2026-04-22 19:31:00+00:00,presentValue,analogInput_206,analogInput,,,,,,,,454.70395,,,,,,
2026-04-22 19:32:00+00:00,presentValue,analogInput_206,analogInput,,,,,,,,454.72845,,,,,,
2026-04-22 19:33:00+00:00,presentValue,analogInput_206,analogInput,,,,,,,,449.5564,,,,,,
2026-04-22 19:34:00+00:00,presentValue,analogInput_206,analogInput,,,,,,,,454.70395,,,,,,
2026-04-22 19:35:00+00:00,presentValue,analogInput_206,analogInput,,,,,,,,442.59497,,,,,,
2026-04-22 19:36:00+00:00,presentValue,analogInput_206,analogInput,,,,,,,,440.80563,,,,,,
2026-04-22 19:37:00+00:00,presentValue,analogInput_206,analogInput,,,,,,,,440.80563,,,,,,
2026-04-22 19:38:00+00:00,presentValue,analogInput_206,analogInput,,,,,,,,432.15283,,,,,,
2026-04-22 19:39:00+00:00,presentValue,analogInput_206,analogInput,,,,,,,,432.17734,,,,,,
2026-04-22 19:40:00+00:00,presentValue,analogInput_206,analogInput,,,,,,,,432.2509,,,,,,
2026-04-22 19:41:00+00:00,presentValue,analogInput_206,analogInput,,,,,,,,423.45108,,,,,,
2026-04-22 19:42:00+00:00,presentValue,analogInput_206,analogInput,,,,,,,,423.42654,,,,,,
2026-04-22 19:43:00+00:00,presentValue,analogInput_206,analogInput,,,,,,,,420.04385,,,,,,
2026-04-22 19:44:00+00:00,presentValue,analogInput_206,analogInput,,,,,,,,415.63168,,,,,,
2026-04-22 19:45:00+00:00,presentValue,analogInput_206,analogInput,,,,,,,,411.34207,,,,,,
2026-04-22 19:46:00+00:00,presentValue,analogInput_206,analogInput,,,,,,,,415.14142,,,,,,
2026-04-22 19:47:00+00:00,presentValue,analogInput_206,analogInput,,,,,,,,407.86133,,,,,,
2026-04-22 19:48:00+00:00,presentValue,analogInput_206,analogInput,,,,,,,,407.83682,,,,,,
2026-04-22 19:49:00+00:00,presentValue,analogInput_206,analogInput,,,,,,,,400.92447,,,,,,
2026-04-22 19:50:00+00:00,presentValue,analogInput_206,analogInput,,,,,,,,399.18408,,,,,,
2026-04-22 19:51:00+00:00,presentValue,analogInput_206,analogInput,,,,,,,,400.92447,,,,,,
2026-04-22 19:52:00+00:00,presentValue,analogInput_206,analogInput,,,,,,,,397.4682,,,,,,
2026-04-22 19:53:00+00:00,presentValue,analogInput_206,analogInput,,,,,,,,392.24713,,,,,,
2026-04-22 19:54:00+00:00,presentValue,analogInput_206,analogInput,,,,,,,,385.23666,,,,,,
2026-04-22 19:55:00+00:00,presentValue,analogInput_206,analogInput,,,,,,,,385.26117,,,,,,
2026-04-22 19:56:00+00:00,presentValue,analogInput_206,analogInput,,,,,,,,385.26117,,,,,,
2026-04-22 19:57:00+00:00,presentValue,analogInput_206,analogInput,,,,,,,,378.34882,,,,,,
2026-04-22 19:58:00+00:00,presentValue,analogInput_206,analogInput,,,,,,,,381.82953,,,,,,
2026-04-22 19:59:00+00:00,presentValue,analogInput_206,analogInput,,,,,,,,380.13815,,,,,,
2026-04-22 20:00:00+00:00,presentValue,analogInput_206,analogInput,,,,,,,,378.37335,,,,,,
2026-04-22 20:01:00+00:00,presentValue,analogInput_206,analogInput,,,,,,,,374.89258,,,,,,
2026-04-22 20:02:00+00:00,presentValue,analogInput_206,analogInput,,,,,,,,371.4119,,,,,,
2026-04-22 20:03:00+00:00,presentValue,analogInput_206,analogInput,,,,,,,,366.16632,,,,,,
2026-04-22 20:04:00+00:00,presentValue,analogInput_206,analogInput,,,,,,,,362.73456,,,,,,
2026-04-22 20:05:00+00:00,presentValue,analogInput_206,analogInput,,,,,,,,362.71005,,,,,,
2026-04-22 20:06:00+00:00,presentValue,analogInput_206,analogInput,,,,,,,,357.5135,,,,,,
2026-04-22 20:07:00+00:00,presentValue,analogInput_206,analogInput,,,,,,,,355.7732,,,,,,
2026-04-22 20:08:00+00:00,presentValue,analogInput_206,analogInput,,,,,,,,350.57657,,,,,,
2026-04-22 20:09:00+00:00,presentValue,analogInput_206,analogInput,,,,,,,,352.34146,,,,,,
2026-04-22 20:10:00+00:00,presentValue,analogInput_206,analogInput,,,,,,,,350.57657,,,,,,
2026-04-22 20:11:00+00:00,presentValue,analogInput_206,analogInput,,,,,,,,347.07135,,,,,,
2026-04-22 20:12:00+00:00,presentValue,analogInput_206,analogInput,,,,,,,,341.89932,,,,,,
2026-04-22 20:13:00+00:00,presentValue,analogInput_206,analogInput,,,,,,,,338.39413,,,,,,
2026-04-22 20:14:00+00:00,presentValue,analogInput_206,analogInput,,,,,,,,334.96237,,,,,,
2026-04-22 20:15:00+00:00,presentValue,analogInput_206,analogInput,,,,,,,,333.17297,,,,,,
2026-04-22 20:16:00+00:00,presentValue,analogInput_206,analogInput,,,,,,,,331.40817,,,,,,
2026-04-22 20:17:00+00:00,presentValue,analogInput_206,analogInput,,,,,,,,328.00095,,,,,,
2026-04-22 20:18:00+00:00,presentValue,analogInput_206,analogInput,,,,,,,,324.47122,,,,,,
2026-04-22 20:19:00+00:00,presentValue,analogInput_206,analogInput,,,,,,,,319.25015,,,,,,
2026-04-22 20:20:00+00:00,presentValue,analogInput_206,analogInput,,,,,,,,315.81842,,,,,,
2026-04-22 20:21:00+00:00,presentValue,analogInput_206,analogInput,,,,,,,,315.7939,,,,,,
2026-04-22 20:22:00+00:00,presentValue,analogInput_206,analogInput,,,,,,,,312.3132,,,,,,
2026-04-22 20:23:00+00:00,presentValue,analogInput_206,analogInput,,,,,,,,308.857,,,,,,
2026-04-22 20:24:00+00:00,presentValue,analogInput_206,analogInput,,,,,,,,307.14117,,,,,,
2026-04-22 20:25:00+00:00,presentValue,analogInput_206,analogInput,,,,,,,,303.66043,,,,,,
2026-04-22 20:26:00+00:00,presentValue,analogInput_206,analogInput,,,,,,,,300.1552,,,,,,
2026-04-22 20:27:00+00:00,presentValue,analogInput_206,analogInput,,,,,,,,294.95865,,,,,,
2026-04-22 20:28:00+00:00,presentValue,analogInput_206,analogInput,,,,,,,,293.1938,,,,,,
2026-04-22 20:29:00+00:00,presentValue,analogInput_206,analogInput,,,,,,,,289.78662,,,,,,
2026-04-22 20:30:00+00:00,presentValue,analogInput_206,analogInput,,,,,,,,287.99725,,,,,,
2026-04-22 20:31:00+00:00,presentValue,analogInput_206,analogInput,,,,,,,,284.54102,,,,,,
2026-04-22 20:32:00+00:00,presentValue,analogInput_206,analogInput,,,,,,,,279.31995,,,,,,
2026-04-22 20:33:00+00:00,presentValue,analogInput_206,analogInput,,,,,,,,275.86374,,,,,,
2026-04-22 20:34:00+00:00,presentValue,analogInput_206,analogInput,,,,,,,,272.40753,,,,,,
2026-04-22 20:35:00+00:00,presentValue,analogInput_206,analogInput,,,,,,,,268.85327,,,,,,
2026-04-22 20:36:00+00:00,presentValue,analogInput_206,analogInput,,,,,,,,265.3726,,,,,,
2026-04-22 20:37:00+00:00,presentValue,analogInput_206,analogInput,,,,,,,,263.6812,,,,,,
2026-04-22 20:38:00+00:00,presentValue,analogInput_206,analogInput,,,,,,,,258.46014,,,,,,
2026-04-22 20:39:00+00:00,presentValue,analogInput_206,analogInput,,,,,,,,256.6953,,,,,,
2026-04-22 20:40:00+00:00,presentValue,analogInput_206,analogInput,,,,,,,,251.4987,,,,,,
2026-04-22 20:41:00+00:00,presentValue,analogInput_206,analogInput,,,,,,,,246.27763,,,,,,
2026-04-22 20:42:00+00:00,presentValue,analogInput_206,analogInput,,,,,,,,244.5373,,,,,,
2026-04-22 20:43:00+00:00,presentValue,analogInput_206,analogInput,,,,,,,,241.08109,,,,,,
2026-04-22 20:44:00+00:00,presentValue,analogInput_206,analogInput,,,,,,,,239.36525,,,,,,
2026-04-22 20:45:00+00:00,presentValue,analogInput_206,analogInput,,,,,,,,234.09512,,,,,,
2026-04-22 20:46:00+00:00,presentValue,analogInput_206,analogInput,,,,,,,,230.68797,,,,,,
2026-04-22 20:47:00+00:00,presentValue,analogInput_206,analogInput,,,,,,,,225.44235,,,,,,
2026-04-22 20:48:00+00:00,presentValue,analogInput_206,analogInput,,,,,,,,223.67749,,,,,,
2026-04-22 20:49:00+00:00,presentValue,analogInput_206,analogInput,,,,,,,,218.45642,,,,,,
2026-04-22 20:50:00+00:00,presentValue,analogInput_206,analogInput,,,,,,,,215.00021,,,,,,
2026-04-22 20:51:00+00:00,presentValue,analogInput_206,analogInput,,,,,,,,211.49498,,,,,,
2026-04-22 20:52:00+00:00,presentValue,analogInput_206,analogInput,,,,,,,,206.29842,,,,,,
2026-04-22 20:53:00+00:00,presentValue,analogInput_206,analogInput,,,,,,,,204.53357,,,,,,
2026-04-22 20:54:00+00:00,presentValue,analogInput_206,analogInput,,,,,,,,199.36151,,,,,,
2026-04-22 20:55:00+00:00,presentValue,analogInput_206,analogInput,,,,,,,,195.8808,,,,,,
2026-04-22 20:56:00+00:00,presentValue,analogInput_206,analogInput,,,,,,,,194.14041,,,,,,
2026-04-22 20:57:00+00:00,presentValue,analogInput_206,analogInput,,,,,,,,190.6107,,,,,,
2026-04-22 20:58:00+00:00,presentValue,analogInput_206,analogInput,,,,,,,,188.89484,,,,,,
2026-04-22 20:59:00+00:00,presentValue,analogInput_206,analogInput,,,,,,,,185.41411,,,,,,
2026-04-22 21:00:00+00:00,presentValue,analogInput_206,analogInput,,,,,,,,181.98244,,,,,,
2026-04-22 21:01:00+00:00,presentValue,analogInput_206,analogInput,,,,,,,,178.4527,,,,,,
2026-04-22 21:02:00+00:00,presentValue,analogInput_206,analogInput,,,,,,,,174.99648,,,,,,
2026-04-22 21:03:00+00:00,presentValue,analogInput_206,analogInput,,,,,,,,171.46674,,,,,,
2026-04-22 21:04:00+00:00,presentValue,analogInput_206,analogInput,,,,,,,,168.01051,,,,,,
2026-04-22 21:05:00+00:00,presentValue,analogInput_206,analogInput,,,,,,,,164.52983,,,,,,
2026-04-22 21:06:00+00:00,presentValue,analogInput_206,analogInput,,,,,,,,162.78944,,,,,,
2026-04-22 21:07:00+00:00,presentValue,analogInput_206,analogInput,,,,,,,,161.07362,,,,,,
2026-04-22 21:08:00+00:00,presentValue,analogInput_206,analogInput,,,,,,,,157.6174,,,,,,
2026-04-22 21:09:00+00:00,presentValue,analogInput_206,analogInput,,,,,,,,154.13667,,,,,,
2026-04-22 21:10:00+00:00,presentValue,analogInput_206,analogInput,,,,,,,,150.63148,,,,,,
2026-04-22 21:11:00+00:00,presentValue,analogInput_206,analogInput,,,,,,,,147.12624,,,,,,
2026-04-22 21:12:00+00:00,presentValue,analogInput_206,analogInput,,,,,,,,143.67003,,,,,,
2026-04-22 21:13:00+00:00,presentValue,analogInput_206,analogInput,,,,,,,,140.3854,,,,,,
2026-04-22 21:14:00+00:00,presentValue,analogInput_206,analogInput,,,,,,,,138.44896,,,,,,
2026-04-22 21:15:00+00:00,presentValue,analogInput_206,analogInput,,,,,,,,134.96823,,,,,,
2026-04-22 21:16:00+00:00,presentValue,analogInput_206,analogInput,,,,,,,,131.6591,,,,,,
2026-04-22 21:17:00+00:00,presentValue,analogInput_206,analogInput,,,,,,,,129.79619,,,,,,
2026-04-22 21:18:00+00:00,presentValue,analogInput_206,analogInput,,,,,,,,126.24193,,,,,,
2026-04-22 21:19:00+00:00,presentValue,analogInput_206,analogInput,,,,,,,,124.55061,,,,,,
2026-04-22 21:20:00+00:00,presentValue,analogInput_206,analogInput,,,,,,,,121.04537,,,,,,
2026-04-22 21:21:00+00:00,presentValue,analogInput_206,analogInput,,,,,,,,117.56465,,,,,,
2026-04-22 21:22:00+00:00,presentValue,analogInput_206,analogInput,,,,,,,,114.05941,,,,,,
2026-04-22 21:23:00+00:00,presentValue,analogInput_206,analogInput,,,,,,,,110.65222,,,,,,
2026-04-22 21:24:00+00:00,presentValue,analogInput_206,analogInput,,,,,,,,107.12251,,,,,,
2026-04-22 21:25:00+00:00,presentValue,analogInput_206,analogInput,,,,,,,,103.61727,,,,,,
2026-04-22 21:26:00+00:00,presentValue,analogInput_206,analogInput,,,,,,,,100.161064,,,,,,
2026-04-22 21:27:00+00:00,presentValue,analogInput_206,analogInput,,,,,,,,98.420715,,,,,,
2026-04-22 21:28:00+00:00,presentValue,analogInput_206,analogInput,,,,,,,,95.03804,,,,,,
2026-04-22 21:29:00+00:00,presentValue,analogInput_206,analogInput,,,,,,,,86.33625,,,,,,
2026-04-22 21:30:00+00:00,presentValue,analogInput_206,analogInput,,,,,,,,86.33625,,,,,,
2026-04-22 21:31:00+00:00,presentValue,analogInput_206,analogInput,,,,,,,,81.1642,,,,,,
2026-04-22 21:32:00+00:00,presentValue,analogInput_206,analogInput,,,,,,,,77.63445,,,,,,
2026-04-22 21:33:00+00:00,presentValue,analogInput_206,analogInput,,,,,,,,60.25538,,,,,,
2026-04-22 21:34:00+00:00,presentValue,analogInput_206,analogInput,,,,,,,,32.45868,,,,,,
2026-04-22 21:35:00+00:00,presentValue,analogInput_206,analogInput,,,,,,,,23.732372,,,,,,
2026-04-22 21:36:00+00:00,presentValue,analogInput_206,analogInput,,,,,,,,23.732372,,,,,,
2026-04-22 21:37:00+00:00,presentValue,analogInput_206,analogInput,,,,,,,,15.128628,,,,,,
2026-04-22 21:38:00+00:00,presentValue,analogInput_206,analogInput,,,,,,,,15.05509,,,,,,
2026-04-22 21:39:00+00:00,presentValue,analogInput_206,analogInput,,,,,,,,15.05509,,,,,,
2026-04-22 21:40:00+00:00,presentValue,analogInput_206,analogInput,,,,,,,,15.030578,,,,,,
2026-04-22 21:41:00+00:00,presentValue,analogInput_206,analogInput,,,,,,,,15.05509,,,,,,
2026-04-22 21:42:00+00:00,presentValue,analogInput_206,analogInput,,,,,,,,15.05509,,,,,,
2026-04-22 21:43:00+00:00,presentValue,analogInput_206,analogInput,,,,,,,,15.006065,,,,,,
2026-04-22 21:44:00+00:00,presentValue,analogInput_206,analogInput,,,,,,,,15.030578,,,,,,
2026-04-22 21:45:00+00:00,presentValue,analogInput_206,analogInput,,,,,,,,15.05509,,,,,,
2026-04-22 21:46:00+00:00,presentValue,analogInput_206,analogInput,,,,,,,,15.030578,,,,,,
2026-04-22 21:47:00+00:00,presentValue,analogInput_206,analogInput,,,,,,,,11.574366,,,,,,
2026-04-22 21:48:00+00:00,presentValue,analogInput_206,analogInput,,,,,,,,8.118153,,,,,,
2026-04-22 21:49:00+00:00,presentValue,analogInput_206,analogInput,,,,,,,,0.0,,,,,,
2026-04-22 21:50:00+00:00,presentValue,analogInput_206,analogInput,,,,,,,,0.0,,,,,,
2026-04-22 21:51:00+00:00,presentValue,analogInput_206,analogInput,,,,,,,,0.0,,,,,,
2026-04-22 21:52:00+00:00,presentValue,analogInput_206,analogInput,,,,,,,,0.0,,,,,,
2026-04-22 21:53:00+00:00,presentValue,analogInput_206,analogInput,,,,,,,,0.0,,,,,,
2026-04-22 21:54:00+00:00,presentValue,analogInput_206,analogInput,,,,,,,,0.0,,,,,,
2026-04-22 21:55:00+00:00,presentValue,analogInput_206,analogInput,,,,,,,,0.0,,,,,,
2026-04-22 21:56:00+00:00,presentValue,analogInput_206,analogInput,,,,,,,,0.0,,,,,,
2026-04-22 21:57:00+00:00,presentValue,analogInput_206,analogInput,,,,,,,,0.0,,,,,,
2026-04-22 21:58:00+00:00,presentValue,analogInput_206,analogInput,,,,,,,,0.0,,,,,,
2026-04-22 21:59:00+00:00,presentValue,analogInput_206,analogInput,,,,,,,,0.0,,,,,,
2026-04-22 22:00:00+00:00,presentValue,analogInput_206,analogInput,,,,,,,,0.0,,,,,,
2026-04-22 22:01:00+00:00,presentValue,analogInput_206,analogInput,,,,,,,,0.0,,,,,,
2026-04-22 22:02:00+00:00,presentValue,analogInput_206,analogInput,,,,,,,,0.0,,,,,,
2026-04-22 22:03:00+00:00,presentValue,analogInput_206,analogInput,,,,,,,,0.0,,,,,,
2026-04-22 22:04:00+00:00,presentValue,analogInput_206,analogInput,,,,,,,,0.0,,,,,,
2026-04-22 22:05:00+00:00,presentValue,analogInput_206,analogInput,,,,,,,,0.0,,,,,,
2026-04-22 22:06:00+00:00,presentValue,analogInput_206,analogInput,,,,,,,,0.0,,,,,,
2026-04-22 22:07:00+00:00,presentValue,analogInput_206,analogInput,,,,,,,,0.0,,,,,,
2026-04-22 22:08:00+00:00,presentValue,analogInput_206,analogInput,,,,,,,,0.0,,,,,,
2026-04-22 22:09:00+00:00,presentValue,analogInput_206,analogInput,,,,,,,,0.0,,,,,,
2026-04-22 22:10:00+00:00,presentValue,analogInput_206,analogInput,,,,,,,,0.0,,,,,,
2026-04-22 22:11:00+00:00,presentValue,analogInput_206,analogInput,,,,,,,,0.0,,,,,,
2026-04-22 22:12:00+00:00,presentValue,analogInput_206,analogInput,,,,,,,,0.0,,,,,,
2026-04-22 22:13:00+00:00,presentValue,analogInput_206,analogInput,,,,,,,,0.0,,,,,,
2026-04-22 22:14:00+00:00,presentValue,analogInput_206,analogInput,,,,,,,,0.0,,,,,,
2026-04-22 22:15:00+00:00,presentValue,analogInput_206,analogInput,,,,,,,,0.0,,,,,,
2026-04-22 22:16:00+00:00,presentValue,analogInput_206,analogInput,,,,,,,,0.0,,,,,,
2026-04-22 22:17:00+00:00,presentValue,analogInput_206,analogInput,,,,,,,,0.0,,,,,,
2026-04-22 22:18:00+00:00,presentValue,analogInput_206,analogInput,,,,,,,,0.0,,,,,,
2026-04-22 22:19:00+00:00,presentValue,analogInput_206,analogInput,,,,,,,,0.0,,,,,,
2026-04-22 22:20:00+00:00,presentValue,analogInput_206,analogInput,,,,,,,,0.0,,,,,,
2026-04-22 22:21:00+00:00,presentValue,analogInput_206,analogInput,,,,,,,,0.0,,,,,,
2026-04-22 22:22:00+00:00,presentValue,analogInput_206,analogInput,,,,,,,,0.0,,,,,,
2026-04-22 22:23:00+00:00,presentValue,analogInput_206,analogInput,,,,,,,,0.0,,,,,,
2026-04-22 22:24:00+00:00,presentValue,analogInput_206,analogInput,,,,,,,,0.0,,,,,,
2026-04-22 22:25:00+00:00,presentValue,analogInput_206,analogInput,,,,,,,,0.0,,,,,,
2026-04-22 22:26:00+00:00,presentValue,analogInput_206,analogInput,,,,,,,,0.0,,,,,,
2026-04-22 22:27:00+00:00,presentValue,analogInput_206,analogInput,,,,,,,,0.0,,,,,,
2026-04-22 22:28:00+00:00,presentValue,analogInput_206,analogInput,,,,,,,,0.0,,,,,,
2026-04-22 22:29:00+00:00,presentValue,analogInput_206,analogInput,,,,,,,,0.0,,,,,,
2026-04-22 22:30:00+00:00,presentValue,analogInput_206,analogInput,,,,,,,,0.0,,,,,,
2026-04-22 22:31:00+00:00,presentValue,analogInput_206,analogInput,,,,,,,,0.0,,,,,,
2026-04-22 22:32:00+00:00,presentValue,analogInput_206,analogInput,,,,,,,,0.0,,,,,,
2026-04-22 22:33:00+00:00,presentValue,analogInput_206,analogInput,,,,,,,,0.0,,,,,,
2026-04-22 22:34:00+00:00,presentValue,analogInput_206,analogInput,,,,,,,,0.0,,,,,,
2026-04-22 22:35:00+00:00,presentValue,analogInput_206,analogInput,,,,,,,,0.0,,,,,,
2026-04-22 22:36:00+00:00,presentValue,analogInput_206,analogInput,,,,,,,,0.0,,,,,,
2026-04-22 22:37:00+00:00,presentValue,analogInput_206,analogInput,,,,,,,,0.0,,,,,,
2026-04-22 22:38:00+00:00,presentValue,analogInput_206,analogInput,,,,,,,,0.0,,,,,,
2026-04-22 22:39:00+00:00,presentValue,analogInput_206,analogInput,,,,,,,,0.0,,,,,,
2026-04-22 22:40:00+00:00,presentValue,analogInput_206,analogInput,,,,,,,,0.0,,,,,,
2026-04-22 22:41:00+00:00,presentValue,analogInput_206,analogInput,,,,,,,,0.0,,,,,,
2026-04-22 22:42:00+00:00,presentValue,analogInput_206,analogInput,,,,,,,,0.0,,,,,,
2026-04-22 22:43:00+00:00,presentValue,analogInput_206,analogInput,,,,,,,,0.0,,,,,,
2026-04-22 22:44:00+00:00,presentValue,analogInput_206,analogInput,,,,,,,,0.0,,,,,,
2026-04-22 22:45:00+00:00,presentValue,analogInput_206,analogInput,,,,,,,,0.0,,,,,,
2026-04-22 22:46:00+00:00,presentValue,analogInput_206,analogInput,,,,,,,,0.0,,,,,,
2026-04-22 22:47:00+00:00,presentValue,analogInput_206,analogInput,,,,,,,,0.0,,,,,,
2026-04-22 22:48:00+00:00,presentValue,analogInput_206,analogInput,,,,,,,,0.0,,,,,,
2026-04-22 22:49:00+00:00,presentValue,analogInput_206,analogInput,,,,,,,,0.0,,,,,,
2026-04-22 22:50:00+00:00,presentValue,analogInput_206,analogInput,,,,,,,,0.0,,,,,,
2026-04-22 22:51:00+00:00,presentValue,analogInput_206,analogInput,,,,,,,,0.0,,,,,,
2026-04-22 22:52:00+00:00,presentValue,analogInput_206,analogInput,,,,,,,,0.0,,,,,,
2026-04-22 22:53:00+00:00,presentValue,analogInput_206,analogInput,,,,,,,,0.0,,,,,,
2026-04-22 22:54:00+00:00,presentValue,analogInput_206,analogInput,,,,,,,,0.0,,,,,,
2026-04-22 22:55:00+00:00,presentValue,analogInput_206,analogInput,,,,,,,,0.0,,,,,,
2026-04-22 22:56:00+00:00,presentValue,analogInput_206,analogInput,,,,,,,,0.0,,,,,,
2026-04-22 22:57:00+00:00,presentValue,analogInput_206,analogInput,,,,,,,,0.0,,,,,,
2026-04-22 22:58:00+00:00,presentValue,analogInput_206,analogInput,,,,,,,,0.0,,,,,,
2026-04-22 22:59:00+00:00,presentValue,analogInput_206,analogInput,,,,,,,,0.0,,,,,,
2026-04-22 23:00:00+00:00,presentValue,analogInput_206,analogInput,,,,,,,,0.0,,,,,,
2026-04-22 11:01:00+00:00,presentValue,analogInput_301,analogInput,,,,,,,,,0.45080104,,,,,
2026-04-22 11:02:00+00:00,presentValue,analogInput_301,analogInput,,,,,,,,,0.45094824,,,,,
2026-04-22 11:03:00+00:00,presentValue,analogInput_301,analogInput,,,,,,,,,0.45053363,,,,,
2026-04-22 11:04:00+00:00,presentValue,analogInput_301,analogInput,,,,,,,,,0.45059803,,,,,
2026-04-22 11:05:00+00:00,presentValue,analogInput_301,analogInput,,,,,,,,,0.4505266,,,,,
2026-04-22 11:06:00+00:00,presentValue,analogInput_301,analogInput,,,,,,,,,0.45062512,,,,,
2026-04-22 11:07:00+00:00,presentValue,analogInput_301,analogInput,,,,,,,,,0.45080432,,,,,
2026-04-22 11:08:00+00:00,presentValue,analogInput_301,analogInput,,,,,,,,,0.45055082,,,,,
2026-04-22 11:09:00+00:00,presentValue,analogInput_301,analogInput,,,,,,,,,0.45054328,,,,,
2026-04-22 11:10:00+00:00,presentValue,analogInput_301,analogInput,,,,,,,,,0.45040315,,,,,
2026-04-22 11:11:00+00:00,presentValue,analogInput_301,analogInput,,,,,,,,,0.45047778,,,,,
2026-04-22 11:12:00+00:00,presentValue,analogInput_301,analogInput,,,,,,,,,0.45055574,,,,,
2026-04-22 11:13:00+00:00,presentValue,analogInput_301,analogInput,,,,,,,,,0.45072117,,,,,
2026-04-22 11:14:00+00:00,presentValue,analogInput_301,analogInput,,,,,,,,,0.45037737,,,,,
2026-04-22 11:15:00+00:00,presentValue,analogInput_301,analogInput,,,,,,,,,0.45015028,,,,,
2026-04-22 11:16:00+00:00,presentValue,analogInput_301,analogInput,,,,,,,,,0.4505685,,,,,
2026-04-22 11:17:00+00:00,presentValue,analogInput_301,analogInput,,,,,,,,,0.45070308,,,,,
2026-04-22 11:18:00+00:00,presentValue,analogInput_301,analogInput,,,,,,,,,0.4503875,,,,,
2026-04-22 11:19:00+00:00,presentValue,analogInput_301,analogInput,,,,,,,,,0.4501998,,,,,
2026-04-22 11:20:00+00:00,presentValue,analogInput_301,analogInput,,,,,,,,,0.45071635,,,,,
2026-04-22 11:21:00+00:00,presentValue,analogInput_301,analogInput,,,,,,,,,0.45073912,,,,,
2026-04-22 11:22:00+00:00,presentValue,analogInput_301,analogInput,,,,,,,,,0.45031643,,,,,
2026-04-22 11:23:00+00:00,presentValue,analogInput_301,analogInput,,,,,,,,,0.45061713,,,,,
2026-04-22 11:24:00+00:00,presentValue,analogInput_301,analogInput,,,,,,,,,0.45069566,,,,,
2026-04-22 11:25:00+00:00,presentValue,analogInput_301,analogInput,,,,,,,,,0.45074674,,,,,
2026-04-22 11:26:00+00:00,presentValue,analogInput_301,analogInput,,,,,,,,,0.45056424,,,,,
2026-04-22 11:27:00+00:00,presentValue,analogInput_301,analogInput,,,,,,,,,0.45064577,,,,,
2026-04-22 11:28:00+00:00,presentValue,analogInput_301,analogInput,,,,,,,,,0.4502495,,,,,
2026-04-22 11:29:00+00:00,presentValue,analogInput_301,analogInput,,,,,,,,,0.45023075,,,,,
2026-04-22 11:30:00+00:00,presentValue,analogInput_301,analogInput,,,,,,,,,0.45061657,,,,,
2026-04-22 11:31:00+00:00,presentValue,analogInput_301,analogInput,,,,,,,,,0.4505282,,,,,
2026-04-22 11:32:00+00:00,presentValue,analogInput_301,analogInput,,,,,,,,,0.45036143,,,,,
2026-04-22 11:33:00+00:00,presentValue,analogInput_301,analogInput,,,,,,,,,0.45051223,,,,,
2026-04-22 11:34:00+00:00,presentValue,analogInput_301,analogInput,,,,,,,,,0.45043287,,,,,
2026-04-22 11:35:00+00:00,presentValue,analogInput_301,analogInput,,,,,,,,,0.45070034,,,,,
2026-04-22 11:36:00+00:00,presentValue,analogInput_301,analogInput,,,,,,,,,0.45027548,,,,,
2026-04-22 11:37:00+00:00,presentValue,analogInput_301,analogInput,,,,,,,,,0.4501586,,,,,
2026-04-22 11:38:00+00:00,presentValue,analogInput_301,analogInput,,,,,,,,,0.45050862,,,,,
2026-04-22 11:39:00+00:00,presentValue,analogInput_301,analogInput,,,,,,,,,0.4502207,,,,,
2026-04-22 11:40:00+00:00,presentValue,analogInput_301,analogInput,,,,,,,,,0.4504491,,,,,
2026-04-22 11:41:00+00:00,presentValue,analogInput_301,analogInput,,,,,,,,,0.4506966,,,,,
2026-04-22 11:42:00+00:00,presentValue,analogInput_301,analogInput,,,,,,,,,0.4503935,,,,,
2026-04-22 11:43:00+00:00,presentValue,analogInput_301,analogInput,,,,,,,,,0.45045808,,,,,
2026-04-22 11:44:00+00:00,presentValue,analogInput_301,analogInput,,,,,,,,,0.4503399,,,,,
2026-04-22 11:45:00+00:00,presentValue,analogInput_301,analogInput,,,,,,,,,0.4503036,,,,,
2026-04-22 11:46:00+00:00,presentValue,analogInput_301,analogInput,,,,,,,,,0.45017081,,,,,
2026-04-22 11:47:00+00:00,presentValue,analogInput_301,analogInput,,,,,,,,,0.45018202,,,,,
2026-04-22 11:48:00+00:00,presentValue,analogInput_301,analogInput,,,,,,,,,0.45012432,,,,,
2026-04-22 11:49:00+00:00,presentValue,analogInput_301,analogInput,,,,,,,,,0.45028484,,,,,
2026-04-22 11:50:00+00:00,presentValue,analogInput_301,analogInput,,,,,,,,,0.4502694,,,,,
2026-04-22 11:51:00+00:00,presentValue,analogInput_301,analogInput,,,,,,,,,0.4503106,,,,,
2026-04-22 11:52:00+00:00,presentValue,analogInput_301,analogInput,,,,,,,,,0.45058954,,,,,
2026-04-22 11:53:00+00:00,presentValue,analogInput_301,analogInput,,,,,,,,,0.4503605,,,,,
2026-04-22 11:54:00+00:00,presentValue,analogInput_301,analogInput,,,,,,,,,0.45026416,,,,,
2026-04-22 11:55:00+00:00,presentValue,analogInput_301,analogInput,,,,,,,,,0.45003164,,,,,
2026-04-22 11:56:00+00:00,presentValue,analogInput_301,analogInput,,,,,,,,,0.45016778,,,,,
2026-04-22 11:57:00+00:00,presentValue,analogInput_301,analogInput,,,,,,,,,0.45027575,,,,,
2026-04-22 11:58:00+00:00,presentValue,analogInput_301,analogInput,,,,,,,,,0.45018843,,,,,
2026-04-22 11:59:00+00:00,presentValue,analogInput_301,analogInput,,,,,,,,,0.44998085,,,,,
2026-04-22 12:00:00+00:00,presentValue,analogInput_301,analogInput,,,,,,,,,0.45026255,,,,,
2026-04-22 12:01:00+00:00,presentValue,analogInput_301,analogInput,,,,,,,,,0.4502489,,,,,
2026-04-22 12:02:00+00:00,presentValue,analogInput_301,analogInput,,,,,,,,,0.4500379,,,,,
2026-04-22 12:03:00+00:00,presentValue,analogInput_301,analogInput,,,,,,,,,0.45008373,,,,,
2026-04-22 12:04:00+00:00,presentValue,analogInput_301,analogInput,,,,,,,,,0.4500909,,,,,
2026-04-22 12:05:00+00:00,presentValue,analogInput_301,analogInput,,,,,,,,,0.45007873,,,,,
2026-04-22 12:06:00+00:00,presentValue,analogInput_301,analogInput,,,,,,,,,0.4501184,,,,,
2026-04-22 12:07:00+00:00,presentValue,analogInput_301,analogInput,,,,,,,,,0.4504027,,,,,
2026-04-22 12:08:00+00:00,presentValue,analogInput_301,analogInput,,,,,,,,,0.45018193,,,,,
2026-04-22 12:09:00+00:00,presentValue,analogInput_301,analogInput,,,,,,,,,0.45034528,,,,,
2026-04-22 12:10:00+00:00,presentValue,analogInput_301,analogInput,,,,,,,,,0.4501339,,,,,
2026-04-22 12:11:00+00:00,presentValue,analogInput_301,analogInput,,,,,,,,,0.44984204,,,,,
2026-04-22 12:12:00+00:00,presentValue,analogInput_301,analogInput,,,,,,,,,0.4501621,,,,,
2026-04-22 12:13:00+00:00,presentValue,analogInput_301,analogInput,,,,,,,,,0.45007476,,,,,
2026-04-22 12:14:00+00:00,presentValue,analogInput_301,analogInput,,,,,,,,,0.4501719,,,,,
2026-04-22 12:15:00+00:00,presentValue,analogInput_301,analogInput,,,,,,,,,0.4499564,,,,,
2026-04-22 12:16:00+00:00,presentValue,analogInput_301,analogInput,,,,,,,,,0.4500946,,,,,
2026-04-22 12:17:00+00:00,presentValue,analogInput_301,analogInput,,,,,,,,,0.4501976,,,,,
2026-04-22 12:18:00+00:00,presentValue,analogInput_301,analogInput,,,,,,,,,0.4499279,,,,,
2026-04-22 12:19:00+00:00,presentValue,analogInput_301,analogInput,,,,,,,,,0.45012334,,,,,
2026-04-22 12:20:00+00:00,presentValue,analogInput_301,analogInput,,,,,,,,,0.45023826,,,,,
2026-04-22 12:21:00+00:00,presentValue,analogInput_301,analogInput,,,,,,,,,0.45012015,,,,,
2026-04-22 12:22:00+00:00,presentValue,analogInput_301,analogInput,,,,,,,,,0.45004562,,,,,
2026-04-22 12:23:00+00:00,presentValue,analogInput_301,analogInput,,,,,,,,,0.45014974,,,,,
2026-04-22 12:24:00+00:00,presentValue,analogInput_301,analogInput,,,,,,,,,0.4499478,,,,,
2026-04-22 12:25:00+00:00,presentValue,analogInput_301,analogInput,,,,,,,,,0.45015192,,,,,
2026-04-22 12:26:00+00:00,presentValue,analogInput_301,analogInput,,,,,,,,,0.44994214,,,,,
2026-04-22 12:27:00+00:00,presentValue,analogInput_301,analogInput,,,,,,,,,0.45012236,,,,,
2026-04-22 12:28:00+00:00,presentValue,analogInput_301,analogInput,,,,,,,,,0.45013386,,,,,
2026-04-22 12:29:00+00:00,presentValue,analogInput_301,analogInput,,,,,,,,,0.45041794,,,,,
2026-04-22 12:30:00+00:00,presentValue,analogInput_301,analogInput,,,,,,,,,0.45008385,,,,,
2026-04-22 12:31:00+00:00,presentValue,analogInput_301,analogInput,,,,,,,,,0.4503415,,,,,
2026-04-22 12:32:00+00:00,presentValue,analogInput_301,analogInput,,,,,,,,,0.4500974,,,,,
2026-04-22 12:33:00+00:00,presentValue,analogInput_301,analogInput,,,,,,,,,0.4502369,,,,,
2026-04-22 12:34:00+00:00,presentValue,analogInput_301,analogInput,,,,,,,,,0.4501989,,,,,
2026-04-22 12:35:00+00:00,presentValue,analogInput_301,analogInput,,,,,,,,,0.45019057,,,,,
2026-04-22 12:36:00+00:00,presentValue,analogInput_301,analogInput,,,,,,,,,0.45036376,,,,,
2026-04-22 12:37:00+00:00,presentValue,analogInput_301,analogInput,,,,,,,,,0.44998184,,,,,
2026-04-22 12:38:00+00:00,presentValue,analogInput_301,analogInput,,,,,,,,,0.45042273,,,,,
2026-04-22 12:39:00+00:00,presentValue,analogInput_301,analogInput,,,,,,,,,0.45031023,,,,,
2026-04-22 12:40:00+00:00,presentValue,analogInput_301,analogInput,,,,,,,,,0.45045885,,,,,
2026-04-22 12:41:00+00:00,presentValue,analogInput_301,analogInput,,,,,,,,,0.45029813,,,,,
2026-04-22 12:42:00+00:00,presentValue,analogInput_301,analogInput,,,,,,,,,0.4502509,,,,,
2026-04-22 12:43:00+00:00,presentValue,analogInput_301,analogInput,,,,,,,,,0.45053884,,,,,
2026-04-22 12:44:00+00:00,presentValue,analogInput_301,analogInput,,,,,,,,,0.450574,,,,,
2026-04-22 12:45:00+00:00,presentValue,analogInput_301,analogInput,,,,,,,,,0.45032406,,,,,
2026-04-22 12:46:00+00:00,presentValue,analogInput_301,analogInput,,,,,,,,,0.45063713,,,,,
2026-04-22 12:47:00+00:00,presentValue,analogInput_301,analogInput,,,,,,,,,0.45078647,,,,,
2026-04-22 12:48:00+00:00,presentValue,analogInput_301,analogInput,,,,,,,,,0.4503467,,,,,
2026-04-22 12:49:00+00:00,presentValue,analogInput_301,analogInput,,,,,,,,,0.4505466,,,,,
2026-04-22 12:50:00+00:00,presentValue,analogInput_301,analogInput,,,,,,,,,0.45060042,,,,,
2026-04-22 12:51:00+00:00,presentValue,analogInput_301,analogInput,,,,,,,,,0.45049733,,,,,
2026-04-22 12:52:00+00:00,presentValue,analogInput_301,analogInput,,,,,,,,,0.45062917,,,,,
2026-04-22 12:53:00+00:00,presentValue,analogInput_301,analogInput,,,,,,,,,0.45048395,,,,,
2026-04-22 12:54:00+00:00,presentValue,analogInput_301,analogInput,,,,,,,,,0.45053142,,,,,
2026-04-22 12:55:00+00:00,presentValue,analogInput_301,analogInput,,,,,,,,,0.45080465,,,,,
2026-04-22 12:56:00+00:00,presentValue,analogInput_301,analogInput,,,,,,,,,0.45071465,,,,,
2026-04-22 12:57:00+00:00,presentValue,analogInput_301,analogInput,,,,,,,,,0.45073807,,,,,
2026-04-22 12:58:00+00:00,presentValue,analogInput_301,analogInput,,,,,,,,,0.45070153,,,,,
2026-04-22 12:59:00+00:00,presentValue,analogInput_301,analogInput,,,,,,,,,0.45065546,,,,,
2026-04-22 13:00:00+00:00,presentValue,analogInput_301,analogInput,,,,,,,,,0.45074716,,,,,
2026-04-22 13:01:00+00:00,presentValue,analogInput_301,analogInput,,,,,,,,,0.4509713,,,,,
2026-04-22 13:02:00+00:00,presentValue,analogInput_301,analogInput,,,,,,,,,0.45100993,,,,,
2026-04-22 13:03:00+00:00,presentValue,analogInput_301,analogInput,,,,,,,,,0.45086166,,,,,
2026-04-22 13:04:00+00:00,presentValue,analogInput_301,analogInput,,,,,,,,,0.45078492,,,,,
2026-04-22 13:05:00+00:00,presentValue,analogInput_301,analogInput,,,,,,,,,0.4505811,,,,,
2026-04-22 13:06:00+00:00,presentValue,analogInput_301,analogInput,,,,,,,,,0.45085418,,,,,
2026-04-22 13:07:00+00:00,presentValue,analogInput_301,analogInput,,,,,,,,,0.4509065,,,,,
2026-04-22 13:08:00+00:00,presentValue,analogInput_301,analogInput,,,,,,,,,0.4506731,,,,,
2026-04-22 13:09:00+00:00,presentValue,analogInput_301,analogInput,,,,,,,,,0.45096165,,,,,
2026-04-22 13:10:00+00:00,presentValue,analogInput_301,analogInput,,,,,,,,,0.450738,,,,,
2026-04-22 13:11:00+00:00,presentValue,analogInput_301,analogInput,,,,,,,,,0.45105344,,,,,
2026-04-22 13:12:00+00:00,presentValue,analogInput_301,analogInput,,,,,,,,,0.450723,,,,,
2026-04-22 13:13:00+00:00,presentValue,analogInput_301,analogInput,,,,,,,,,0.45086426,,,,,
2026-04-22 13:14:00+00:00,presentValue,analogInput_301,analogInput,,,,,,,,,0.4508762,,,,,
2026-04-22 13:15:00+00:00,presentValue,analogInput_301,analogInput,,,,,,,,,0.45092174,,,,,
2026-04-22 13:16:00+00:00,presentValue,analogInput_301,analogInput,,,,,,,,,0.4509487,,,,,
2026-04-22 13:17:00+00:00,presentValue,analogInput_301,analogInput,,,,,,,,,0.4901805,,,,,
2026-04-22 13:18:00+00:00,presentValue,analogInput_301,analogInput,,,,,,,,,0.48888394,,,,,
2026-04-22 13:19:00+00:00,presentValue,analogInput_301,analogInput,,,,,,,,,0.48635548,,,,,
2026-04-22 13:20:00+00:00,presentValue,analogInput_301,analogInput,,,,,,,,,0.4892323,,,,,
2026-04-22 13:21:00+00:00,presentValue,analogInput_301,analogInput,,,,,,,,,0.48872018,,,,,
2026-04-22 13:22:00+00:00,presentValue,analogInput_301,analogInput,,,,,,,,,0.48674747,,,,,
2026-04-22 13:23:00+00:00,presentValue,analogInput_301,analogInput,,,,,,,,,0.48694864,,,,,
2026-04-22 13:24:00+00:00,presentValue,analogInput_301,analogInput,,,,,,,,,0.4856381,,,,,
2026-04-22 13:25:00+00:00,presentValue,analogInput_301,analogInput,,,,,,,,,0.4852516,,,,,
2026-04-22 13:26:00+00:00,presentValue,analogInput_301,analogInput,,,,,,,,,0.48520547,,,,,
2026-04-22 13:27:00+00:00,presentValue,analogInput_301,analogInput,,,,,,,,,0.48166203,,,,,
2026-04-22 13:28:00+00:00,presentValue,analogInput_301,analogInput,,,,,,,,,0.48340717,,,,,
2026-04-22 13:29:00+00:00,presentValue,analogInput_301,analogInput,,,,,,,,,0.48236752,,,,,
2026-04-22 13:30:00+00:00,presentValue,analogInput_301,analogInput,,,,,,,,,0.48230675,,,,,
2026-04-22 13:31:00+00:00,presentValue,analogInput_301,analogInput,,,,,,,,,0.4794562,,,,,
2026-04-22 13:32:00+00:00,presentValue,analogInput_301,analogInput,,,,,,,,,0.47903532,,,,,
2026-04-22 13:33:00+00:00,presentValue,analogInput_301,analogInput,,,,,,,,,0.47840244,,,,,
2026-04-22 13:34:00+00:00,presentValue,analogInput_301,analogInput,,,,,,,,,0.47777843,,,,,
2026-04-22 13:35:00+00:00,presentValue,analogInput_301,analogInput,,,,,,,,,0.47982132,,,,,
2026-04-22 13:36:00+00:00,presentValue,analogInput_301,analogInput,,,,,,,,,0.48012236,,,,,
2026-04-22 13:37:00+00:00,presentValue,analogInput_301,analogInput,,,,,,,,,0.47954407,,,,,
2026-04-22 13:38:00+00:00,presentValue,analogInput_301,analogInput,,,,,,,,,0.4514928,,,,,
2026-04-22 13:39:00+00:00,presentValue,analogInput_301,analogInput,,,,,,,,,0.48088348,,,,,
2026-04-22 13:40:00+00:00,presentValue,analogInput_301,analogInput,,,,,,,,,0.47867453,,,,,
2026-04-22 13:41:00+00:00,presentValue,analogInput_301,analogInput,,,,,,,,,0.45108688,,,,,
2026-04-22 13:42:00+00:00,presentValue,analogInput_301,analogInput,,,,,,,,,0.45139802,,,,,
2026-04-22 13:43:00+00:00,presentValue,analogInput_301,analogInput,,,,,,,,,0.45148003,,,,,
2026-04-22 13:44:00+00:00,presentValue,analogInput_301,analogInput,,,,,,,,,0.4516801,,,,,
2026-04-22 13:45:00+00:00,presentValue,analogInput_301,analogInput,,,,,,,,,0.45144802,,,,,
2026-04-22 13:46:00+00:00,presentValue,analogInput_301,analogInput,,,,,,,,,0.45165277,,,,,
2026-04-22 13:47:00+00:00,presentValue,analogInput_301,analogInput,,,,,,,,,0.4515885,,,,,
2026-04-22 13:48:00+00:00,presentValue,analogInput_301,analogInput,,,,,,,,,0.45171723,,,,,
2026-04-22 13:49:00+00:00,presentValue,analogInput_301,analogInput,,,,,,,,,0.4835157,,,,,
2026-04-22 13:50:00+00:00,presentValue,analogInput_301,analogInput,,,,,,,,,0.4828373,,,,,
2026-04-22 13:51:00+00:00,presentValue,analogInput_301,analogInput,,,,,,,,,0.48346314,,,,,
2026-04-22 13:52:00+00:00,presentValue,analogInput_301,analogInput,,,,,,,,,0.4816865,,,,,
2026-04-22 13:53:00+00:00,presentValue,analogInput_301,analogInput,,,,,,,,,0.4812938,,,,,
2026-04-22 13:54:00+00:00,presentValue,analogInput_301,analogInput,,,,,,,,,0.4812478,,,,,
2026-04-22 13:55:00+00:00,presentValue,analogInput_301,analogInput,,,,,,,,,0.4803483,,,,,
2026-04-22 13:56:00+00:00,presentValue,analogInput_301,analogInput,,,,,,,,,0.48072314,,,,,
2026-04-22 13:57:00+00:00,presentValue,analogInput_301,analogInput,,,,,,,,,0.48004016,,,,,
2026-04-22 13:58:00+00:00,presentValue,analogInput_301,analogInput,,,,,,,,,0.47876573,,,,,
2026-04-22 13:59:00+00:00,presentValue,analogInput_301,analogInput,,,,,,,,,0.47808594,,,,,
2026-04-22 14:00:00+00:00,presentValue,analogInput_301,analogInput,,,,,,,,,0.47818005,,,,,
2026-04-22 14:01:00+00:00,presentValue,analogInput_301,analogInput,,,,,,,,,0.47732437,,,,,
2026-04-22 14:02:00+00:00,presentValue,analogInput_301,analogInput,,,,,,,,,0.47707194,,,,,
2026-04-22 14:03:00+00:00,presentValue,analogInput_301,analogInput,,,,,,,,,0.47702774,,,,,
2026-04-22 14:04:00+00:00,presentValue,analogInput_301,analogInput,,,,,,,,,0.47750396,,,,,
2026-04-22 14:05:00+00:00,presentValue,analogInput_301,analogInput,,,,,,,,,0.4767642,,,,,
2026-04-22 14:06:00+00:00,presentValue,analogInput_301,analogInput,,,,,,,,,0.47695345,,,,,
2026-04-22 14:07:00+00:00,presentValue,analogInput_301,analogInput,,,,,,,,,0.47640178,,,,,
2026-04-22 14:08:00+00:00,presentValue,analogInput_301,analogInput,,,,,,,,,0.4759417,,,,,
2026-04-22 14:09:00+00:00,presentValue,analogInput_301,analogInput,,,,,,,,,0.47597277,,,,,
2026-04-22 14:10:00+00:00,presentValue,analogInput_301,analogInput,,,,,,,,,0.47571832,,,,,
2026-04-22 14:11:00+00:00,presentValue,analogInput_301,analogInput,,,,,,,,,0.47757557,,,,,
2026-04-22 14:12:00+00:00,presentValue,analogInput_301,analogInput,,,,,,,,,0.4775932,,,,,
2026-04-22 14:13:00+00:00,presentValue,analogInput_301,analogInput,,,,,,,,,0.47745654,,,,,
2026-04-22 14:14:00+00:00,presentValue,analogInput_301,analogInput,,,,,,,,,0.47680533,,,,,
2026-04-22 14:15:00+00:00,presentValue,analogInput_301,analogInput,,,,,,,,,0.47629294,,,,,
2026-04-22 14:16:00+00:00,presentValue,analogInput_301,analogInput,,,,,,,,,0.4765331,,,,,
2026-04-22 14:17:00+00:00,presentValue,analogInput_301,analogInput,,,,,,,,,0.47534972,,,,,
2026-04-22 14:18:00+00:00,presentValue,analogInput_301,analogInput,,,,,,,,,0.47600713,,,,,
2026-04-22 14:19:00+00:00,presentValue,analogInput_301,analogInput,,,,,,,,,0.47641188,,,,,
2026-04-22 14:20:00+00:00,presentValue,analogInput_301,analogInput,,,,,,,,,0.47488394,,,,,
2026-04-22 14:21:00+00:00,presentValue,analogInput_301,analogInput,,,,,,,,,0.47488335,,,,,
2026-04-22 14:22:00+00:00,presentValue,analogInput_301,analogInput,,,,,,,,,0.47421053,,,,,
2026-04-22 14:23:00+00:00,presentValue,analogInput_301,analogInput,,,,,,,,,0.4743085,,,,,
2026-04-22 14:24:00+00:00,presentValue,analogInput_301,analogInput,,,,,,,,,0.47455317,,,,,
2026-04-22 14:25:00+00:00,presentValue,analogInput_301,analogInput,,,,,,,,,0.47483027,,,,,
2026-04-22 14:26:00+00:00,presentValue,analogInput_301,analogInput,,,,,,,,,0.47457913,,,,,
2026-04-22 14:27:00+00:00,presentValue,analogInput_301,analogInput,,,,,,,,,0.47430775,,,,,
2026-04-22 14:28:00+00:00,presentValue,analogInput_301,analogInput,,,,,,,,,0.47408968,,,,,
2026-04-22 14:29:00+00:00,presentValue,analogInput_301,analogInput,,,,,,,,,0.473762,,,,,
2026-04-22 14:30:00+00:00,presentValue,analogInput_301,analogInput,,,,,,,,,0.47364548,,,,,
2026-04-22 14:31:00+00:00,presentValue,analogInput_301,analogInput,,,,,,,,,0.47423542,,,,,
2026-04-22 14:32:00+00:00,presentValue,analogInput_301,analogInput,,,,,,,,,0.47342956,,,,,
2026-04-22 14:33:00+00:00,presentValue,analogInput_301,analogInput,,,,,,,,,0.47385433,,,,,
2026-04-22 14:34:00+00:00,presentValue,analogInput_301,analogInput,,,,,,,,,0.47390512,,,,,
2026-04-22 14:35:00+00:00,presentValue,analogInput_301,analogInput,,,,,,,,,0.47293037,,,,,
2026-04-22 14:36:00+00:00,presentValue,analogInput_301,analogInput,,,,,,,,,0.45321488,,,,,
2026-04-22 14:37:00+00:00,presentValue,analogInput_301,analogInput,,,,,,,,,0.47436392,,,,,
2026-04-22 14:38:00+00:00,presentValue,analogInput_301,analogInput,,,,,,,,,0.47496122,,,,,
2026-04-22 14:39:00+00:00,presentValue,analogInput_301,analogInput,,,,,,,,,0.4752078,,,,,
2026-04-22 14:40:00+00:00,presentValue,analogInput_301,analogInput,,,,,,,,,0.47436,,,,,
2026-04-22 14:41:00+00:00,presentValue,analogInput_301,analogInput,,,,,,,,,0.4751887,,,,,
2026-04-22 14:42:00+00:00,presentValue,analogInput_301,analogInput,,,,,,,,,0.47449666,,,,,
2026-04-22 14:43:00+00:00,presentValue,analogInput_301,analogInput,,,,,,,,,0.47451818,,,,,
2026-04-22 14:44:00+00:00,presentValue,analogInput_301,analogInput,,,,,,,,,0.47453114,,,,,
2026-04-22 14:45:00+00:00,presentValue,analogInput_301,analogInput,,,,,,,,,0.47427192,,,,,
2026-04-22 14:46:00+00:00,presentValue,analogInput_301,analogInput,,,,,,,,,0.4740452,,,,,
2026-04-22 14:47:00+00:00,presentValue,analogInput_301,analogInput,,,,,,,,,0.474449,,,,,
2026-04-22 14:48:00+00:00,presentValue,analogInput_301,analogInput,,,,,,,,,0.47424906,,,,,
2026-04-22 14:49:00+00:00,presentValue,analogInput_301,analogInput,,,,,,,,,0.47374675,,,,,
2026-04-22 14:50:00+00:00,presentValue,analogInput_301,analogInput,,,,,,,,,0.47403523,,,,,
2026-04-22 14:51:00+00:00,presentValue,analogInput_301,analogInput,,,,,,,,,0.4737537,,,,,
2026-04-22 14:52:00+00:00,presentValue,analogInput_301,analogInput,,,,,,,,,0.47386014,,,,,
2026-04-22 14:53:00+00:00,presentValue,analogInput_301,analogInput,,,,,,,,,0.47338963,,,,,
2026-04-22 14:54:00+00:00,presentValue,analogInput_301,analogInput,,,,,,,,,0.47360337,,,,,
2026-04-22 14:55:00+00:00,presentValue,analogInput_301,analogInput,,,,,,,,,0.4740766,,,,,
2026-04-22 14:56:00+00:00,presentValue,analogInput_301,analogInput,,,,,,,,,0.4738664,,,,,
2026-04-22 14:57:00+00:00,presentValue,analogInput_301,analogInput,,,,,,,,,0.47402745,,,,,
2026-04-22 14:58:00+00:00,presentValue,analogInput_301,analogInput,,,,,,,,,0.47364095,,,,,
2026-04-22 14:59:00+00:00,presentValue,analogInput_301,analogInput,,,,,,,,,0.47321925,,,,,
2026-04-22 15:00:00+00:00,presentValue,analogInput_301,analogInput,,,,,,,,,0.4732776,,,,,
2026-04-22 15:01:00+00:00,presentValue,analogInput_301,analogInput,,,,,,,,,0.47343552,,,,,
2026-04-22 15:02:00+00:00,presentValue,analogInput_301,analogInput,,,,,,,,,0.47327152,,,,,
2026-04-22 15:03:00+00:00,presentValue,analogInput_301,analogInput,,,,,,,,,0.47340047,,,,,
2026-04-22 15:04:00+00:00,presentValue,analogInput_301,analogInput,,,,,,,,,0.47330704,,,,,
2026-04-22 15:05:00+00:00,presentValue,analogInput_301,analogInput,,,,,,,,,0.47379166,,,,,
2026-04-22 15:06:00+00:00,presentValue,analogInput_301,analogInput,,,,,,,,,0.47364464,,,,,
2026-04-22 15:07:00+00:00,presentValue,analogInput_301,analogInput,,,,,,,,,0.47366,,,,,
2026-04-22 15:08:00+00:00,presentValue,analogInput_301,analogInput,,,,,,,,,0.47405928,,,,,
2026-04-22 15:09:00+00:00,presentValue,analogInput_301,analogInput,,,,,,,,,0.47351032,,,,,
2026-04-22 15:10:00+00:00,presentValue,analogInput_301,analogInput,,,,,,,,,0.47329473,,,,,
2026-04-22 15:11:00+00:00,presentValue,analogInput_301,analogInput,,,,,,,,,0.47355944,,,,,
2026-04-22 15:12:00+00:00,presentValue,analogInput_301,analogInput,,,,,,,,,0.47353595,,,,,
2026-04-22 15:13:00+00:00,presentValue,analogInput_301,analogInput,,,,,,,,,0.47370186,,,,,
2026-04-22 15:14:00+00:00,presentValue,analogInput_301,analogInput,,,,,,,,,0.47433186,,,,,
2026-04-22 15:15:00+00:00,presentValue,analogInput_301,analogInput,,,,,,,,,0.4747858,,,,,
2026-04-22 15:16:00+00:00,presentValue,analogInput_301,analogInput,,,,,,,,,0.4749424,,,,,
2026-04-22 15:17:00+00:00,presentValue,analogInput_301,analogInput,,,,,,,,,0.474322,,,,,
2026-04-22 15:18:00+00:00,presentValue,analogInput_301,analogInput,,,,,,,,,0.4744806,,,,,
2026-04-22 15:19:00+00:00,presentValue,analogInput_301,analogInput,,,,,,,,,0.47486588,,,,,
2026-04-22 15:20:00+00:00,presentValue,analogInput_301,analogInput,,,,,,,,,0.47424668,,,,,
2026-04-22 15:21:00+00:00,presentValue,analogInput_301,analogInput,,,,,,,,,0.47465867,,,,,
2026-04-22 15:22:00+00:00,presentValue,analogInput_301,analogInput,,,,,,,,,0.47425836,,,,,
2026-04-22 15:23:00+00:00,presentValue,analogInput_301,analogInput,,,,,,,,,0.4743942,,,,,
2026-04-22 15:24:00+00:00,presentValue,analogInput_301,analogInput,,,,,,,,,0.47410068,,,,,
2026-04-22 15:25:00+00:00,presentValue,analogInput_301,analogInput,,,,,,,,,0.47482988,,,,,
2026-04-22 15:26:00+00:00,presentValue,analogInput_301,analogInput,,,,,,,,,0.47380063,,,,,
2026-04-22 15:27:00+00:00,presentValue,analogInput_301,analogInput,,,,,,,,,0.47442266,,,,,
2026-04-22 15:28:00+00:00,presentValue,analogInput_301,analogInput,,,,,,,,,0.4740462,,,,,
2026-04-22 15:29:00+00:00,presentValue,analogInput_301,analogInput,,,,,,,,,0.47435567,,,,,
2026-04-22 15:30:00+00:00,presentValue,analogInput_301,analogInput,,,,,,,,,0.473897,,,,,
2026-04-22 15:31:00+00:00,presentValue,analogInput_301,analogInput,,,,,,,,,0.4739151,,,,,
2026-04-22 15:32:00+00:00,presentValue,analogInput_301,analogInput,,,,,,,,,0.47343293,,,,,
2026-04-22 15:33:00+00:00,presentValue,analogInput_301,analogInput,,,,,,,,,0.4740556,,,,,
2026-04-22 15:34:00+00:00,presentValue,analogInput_301,analogInput,,,,,,,,,0.47475708,,,,,
2026-04-22 15:35:00+00:00,presentValue,analogInput_301,analogInput,,,,,,,,,0.47550797,,,,,
2026-04-22 15:36:00+00:00,presentValue,analogInput_301,analogInput,,,,,,,,,0.474985,,,,,
2026-04-22 15:37:00+00:00,presentValue,analogInput_301,analogInput,,,,,,,,,0.47543213,,,,,
2026-04-22 15:38:00+00:00,presentValue,analogInput_301,analogInput,,,,,,,,,0.47505713,,,,,
2026-04-22 15:39:00+00:00,presentValue,analogInput_301,analogInput,,,,,,,,,0.47509462,,,,,
2026-04-22 15:40:00+00:00,presentValue,analogInput_301,analogInput,,,,,,,,,0.47505173,,,,,
2026-04-22 15:41:00+00:00,presentValue,analogInput_301,analogInput,,,,,,,,,0.47497374,,,,,
2026-04-22 15:42:00+00:00,presentValue,analogInput_301,analogInput,,,,,,,,,0.4748775,,,,,
2026-04-22 15:43:00+00:00,presentValue,analogInput_301,analogInput,,,,,,,,,0.49026385,,,,,
2026-04-22 15:44:00+00:00,presentValue,analogInput_301,analogInput,,,,,,,,,0.47449896,,,,,
2026-04-22 15:45:00+00:00,presentValue,analogInput_301,analogInput,,,,,,,,,0.56505835,,,,,
2026-04-22 15:46:00+00:00,presentValue,analogInput_301,analogInput,,,,,,,,,0.6773454,,,,,
2026-04-22 15:47:00+00:00,presentValue,analogInput_301,analogInput,,,,,,,,,0.76765925,,,,,
2026-04-22 15:48:00+00:00,presentValue,analogInput_301,analogInput,,,,,,,,,0.6590155,,,,,
2026-04-22 15:49:00+00:00,presentValue,analogInput_301,analogInput,,,,,,,,,0.7283016,,,,,
2026-04-22 15:50:00+00:00,presentValue,analogInput_301,analogInput,,,,,,,,,0.90806824,,,,,
2026-04-22 15:51:00+00:00,presentValue,analogInput_301,analogInput,,,,,,,,,0.8520963,,,,,
2026-04-22 15:52:00+00:00,presentValue,analogInput_301,analogInput,,,,,,,,,0.8124241,,,,,
2026-04-22 15:53:00+00:00,presentValue,analogInput_301,analogInput,,,,,,,,,0.8611796,,,,,
2026-04-22 15:54:00+00:00,presentValue,analogInput_301,analogInput,,,,,,,,,0.94895905,,,,,
2026-04-22 15:55:00+00:00,presentValue,analogInput_301,analogInput,,,,,,,,,1.0336055,,,,,
2026-04-22 15:56:00+00:00,presentValue,analogInput_301,analogInput,,,,,,,,,0.9441732,,,,,
2026-04-22 15:57:00+00:00,presentValue,analogInput_301,analogInput,,,,,,,,,0.9554729,,,,,
2026-04-22 15:58:00+00:00,presentValue,analogInput_301,analogInput,,,,,,,,,1.0204643,,,,,
2026-04-22 15:59:00+00:00,presentValue,analogInput_301,analogInput,,,,,,,,,2.4784172,,,,,
2026-04-22 16:00:00+00:00,presentValue,analogInput_301,analogInput,,,,,,,,,15.671313,,,,,
2026-04-22 16:01:00+00:00,presentValue,analogInput_301,analogInput,,,,,,,,,30.909168,,,,,
2026-04-22 16:02:00+00:00,presentValue,analogInput_301,analogInput,,,,,,,,,38.13724,,,,,
2026-04-22 16:03:00+00:00,presentValue,analogInput_301,analogInput,,,,,,,,,37.998333,,,,,
2026-04-22 16:04:00+00:00,presentValue,analogInput_301,analogInput,,,,,,,,,39.65385,,,,,
2026-04-22 16:05:00+00:00,presentValue,analogInput_301,analogInput,,,,,,,,,39.640545,,,,,
2026-04-22 16:06:00+00:00,presentValue,analogInput_301,analogInput,,,,,,,,,39.579247,,,,,
2026-04-22 16:07:00+00:00,presentValue,analogInput_301,analogInput,,,,,,,,,39.704323,,,,,
2026-04-22 16:08:00+00:00,presentValue,analogInput_301,analogInput,,,,,,,,,39.787407,,,,,
2026-04-22 16:09:00+00:00,presentValue,analogInput_301,analogInput,,,,,,,,,41.776775,,,,,
2026-04-22 16:10:00+00:00,presentValue,analogInput_301,analogInput,,,,,,,,,41.856735,,,,,
2026-04-22 16:11:00+00:00,presentValue,analogInput_301,analogInput,,,,,,,,,41.739174,,,,,
2026-04-22 16:12:00+00:00,presentValue,analogInput_301,analogInput,,,,,,,,,41.595955,,,,,
2026-04-22 16:13:00+00:00,presentValue,analogInput_301,analogInput,,,,,,,,,42.945805,,,,,
2026-04-22 16:14:00+00:00,presentValue,analogInput_301,analogInput,,,,,,,,,41.394985,,,,,
2026-04-22 16:15:00+00:00,presentValue,analogInput_301,analogInput,,,,,,,,,41.97999,,,,,
2026-04-22 16:16:00+00:00,presentValue,analogInput_301,analogInput,,,,,,,,,42.472397,,,,,
2026-04-22 16:17:00+00:00,presentValue,analogInput_301,analogInput,,,,,,,,,40.27547,,,,,
2026-04-22 16:18:00+00:00,presentValue,analogInput_301,analogInput,,,,,,,,,42.44958,,,,,
2026-04-22 16:19:00+00:00,presentValue,analogInput_301,analogInput,,,,,,,,,42.660946,,,,,
2026-04-22 16:20:00+00:00,presentValue,analogInput_301,analogInput,,,,,,,,,39.64981,,,,,
2026-04-22 16:21:00+00:00,presentValue,analogInput_301,analogInput,,,,,,,,,40.079002,,,,,
2026-04-22 16:22:00+00:00,presentValue,analogInput_301,analogInput,,,,,,,,,41.00589,,,,,
2026-04-22 16:23:00+00:00,presentValue,analogInput_301,analogInput,,,,,,,,,40.730507,,,,,
2026-04-22 16:24:00+00:00,presentValue,analogInput_301,analogInput,,,,,,,,,41.953995,,,,,
2026-04-22 16:25:00+00:00,presentValue,analogInput_301,analogInput,,,,,,,,,41.038303,,,,,
2026-04-22 16:26:00+00:00,presentValue,analogInput_301,analogInput,,,,,,,,,41.82558,,,,,
2026-04-22 16:27:00+00:00,presentValue,analogInput_301,analogInput,,,,,,,,,28.713129,,,,,
2026-04-22 16:28:00+00:00,presentValue,analogInput_301,analogInput,,,,,,,,,41.046196,,,,,
2026-04-22 16:29:00+00:00,presentValue,analogInput_301,analogInput,,,,,,,,,38.308277,,,,,
2026-04-22 16:30:00+00:00,presentValue,analogInput_301,analogInput,,,,,,,,,42.706806,,,,,
2026-04-22 16:31:00+00:00,presentValue,analogInput_301,analogInput,,,,,,,,,43.326057,,,,,
2026-04-22 16:32:00+00:00,presentValue,analogInput_301,analogInput,,,,,,,,,43.30381,,,,,
2026-04-22 16:33:00+00:00,presentValue,analogInput_301,analogInput,,,,,,,,,42.581913,,,,,
2026-04-22 16:34:00+00:00,presentValue,analogInput_301,analogInput,,,,,,,,,44.136948,,,,,
2026-04-22 16:35:00+00:00,presentValue,analogInput_301,analogInput,,,,,,,,,42.8766,,,,,
2026-04-22 16:36:00+00:00,presentValue,analogInput_301,analogInput,,,,,,,,,44.114338,,,,,
2026-04-22 16:37:00+00:00,presentValue,analogInput_301,analogInput,,,,,,,,,41.37894,,,,,
2026-04-22 16:38:00+00:00,presentValue,analogInput_301,analogInput,,,,,,,,,39.511326,,,,,
2026-04-22 16:39:00+00:00,presentValue,analogInput_301,analogInput,,,,,,,,,18.594576,,,,,
2026-04-22 16:40:00+00:00,presentValue,analogInput_301,analogInput,,,,,,,,,39.510273,,,,,
2026-04-22 16:41:00+00:00,presentValue,analogInput_301,analogInput,,,,,,,,,42.901894,,,,,
2026-04-22 16:42:00+00:00,presentValue,analogInput_301,analogInput,,,,,,,,,43.048042,,,,,
2026-04-22 16:43:00+00:00,presentValue,analogInput_301,analogInput,,,,,,,,,43.0293,,,,,
2026-04-22 16:44:00+00:00,presentValue,analogInput_301,analogInput,,,,,,,,,42.864746,,,,,
2026-04-22 16:45:00+00:00,presentValue,analogInput_301,analogInput,,,,,,,,,14.692003,,,,,
2026-04-22 16:46:00+00:00,presentValue,analogInput_301,analogInput,,,,,,,,,43.4105,,,,,
2026-04-22 16:47:00+00:00,presentValue,analogInput_301,analogInput,,,,,,,,,43.064243,,,,,
2026-04-22 16:48:00+00:00,presentValue,analogInput_301,analogInput,,,,,,,,,44.43495,,,,,
2026-04-22 16:49:00+00:00,presentValue,analogInput_301,analogInput,,,,,,,,,45.186016,,,,,
2026-04-22 16:50:00+00:00,presentValue,analogInput_301,analogInput,,,,,,,,,44.912067,,,,,
2026-04-22 16:51:00+00:00,presentValue,analogInput_301,analogInput,,,,,,,,,42.187603,,,,,
2026-04-22 16:52:00+00:00,presentValue,analogInput_301,analogInput,,,,,,,,,45.340874,,,,,
2026-04-22 16:53:00+00:00,presentValue,analogInput_301,analogInput,,,,,,,,,42.620728,,,,,
2026-04-22 16:54:00+00:00,presentValue,analogInput_301,analogInput,,,,,,,,,42.52392,,,,,
2026-04-22 16:55:00+00:00,presentValue,analogInput_301,analogInput,,,,,,,,,17.093193,,,,,
2026-04-22 16:56:00+00:00,presentValue,analogInput_301,analogInput,,,,,,,,,37.60067,,,,,
2026-04-22 16:57:00+00:00,presentValue,analogInput_301,analogInput,,,,,,,,,36.508755,,,,,
2026-04-22 16:58:00+00:00,presentValue,analogInput_301,analogInput,,,,,,,,,41.00674,,,,,
2026-04-22 16:59:00+00:00,presentValue,analogInput_301,analogInput,,,,,,,,,45.071205,,,,,
2026-04-22 17:00:00+00:00,presentValue,analogInput_301,analogInput,,,,,,,,,45.122093,,,,,
2026-04-22 17:01:00+00:00,presentValue,analogInput_301,analogInput,,,,,,,,,45.298134,,,,,
2026-04-22 17:02:00+00:00,presentValue,analogInput_301,analogInput,,,,,,,,,44.31018,,,,,
2026-04-22 17:03:00+00:00,presentValue,analogInput_301,analogInput,,,,,,,,,44.131657,,,,,
2026-04-22 17:04:00+00:00,presentValue,analogInput_301,analogInput,,,,,,,,,44.196606,,,,,
2026-04-22 17:05:00+00:00,presentValue,analogInput_301,analogInput,,,,,,,,,45.315056,,,,,
2026-04-22 17:06:00+00:00,presentValue,analogInput_301,analogInput,,,,,,,,,41.445473,,,,,
2026-04-22 17:07:00+00:00,presentValue,analogInput_301,analogInput,,,,,,,,,44.610344,,,,,
2026-04-22 17:08:00+00:00,presentValue,analogInput_301,analogInput,,,,,,,,,45.208523,,,,,
2026-04-22 17:09:00+00:00,presentValue,analogInput_301,analogInput,,,,,,,,,41.2934,,,,,
2026-04-22 17:10:00+00:00,presentValue,analogInput_301,analogInput,,,,,,,,,10.168727,,,,,
2026-04-22 17:11:00+00:00,presentValue,analogInput_301,analogInput,,,,,,,,,42.531666,,,,,
2026-04-22 17:12:00+00:00,presentValue,analogInput_301,analogInput,,,,,,,,,41.616707,,,,,
2026-04-22 17:13:00+00:00,presentValue,analogInput_301,analogInput,,,,,,,,,44.788864,,,,,
2026-04-22 17:14:00+00:00,presentValue,analogInput_301,analogInput,,,,,,,,,44.473114,,,,,
2026-04-22 17:15:00+00:00,presentValue,analogInput_301,analogInput,,,,,,,,,41.882042,,,,,
2026-04-22 17:16:00+00:00,presentValue,analogInput_301,analogInput,,,,,,,,,45.27138,,,,,
2026-04-22 17:17:00+00:00,presentValue,analogInput_301,analogInput,,,,,,,,,44.573833,,,,,
2026-04-22 17:18:00+00:00,presentValue,analogInput_301,analogInput,,,,,,,,,42.526432,,,,,
2026-04-22 17:19:00+00:00,presentValue,analogInput_301,analogInput,,,,,,,,,4.803623,,,,,
2026-04-22 17:20:00+00:00,presentValue,analogInput_301,analogInput,,,,,,,,,39.76325,,,,,
2026-04-22 17:21:00+00:00,presentValue,analogInput_301,analogInput,,,,,,,,,42.104004,,,,,
2026-04-22 17:22:00+00:00,presentValue,analogInput_301,analogInput,,,,,,,,,40.53392,,,,,
2026-04-22 17:23:00+00:00,presentValue,analogInput_301,analogInput,,,,,,,,,42.484318,,,,,
2026-04-22 17:24:00+00:00,presentValue,analogInput_301,analogInput,,,,,,,,,41.726376,,,,,
2026-04-22 17:25:00+00:00,presentValue,analogInput_301,analogInput,,,,,,,,,40.178154,,,,,
2026-04-22 17:26:00+00:00,presentValue,analogInput_301,analogInput,,,,,,,,,43.270557,,,,,
2026-04-22 17:27:00+00:00,presentValue,analogInput_301,analogInput,,,,,,,,,41.514736,,,,,
2026-04-22 17:28:00+00:00,presentValue,analogInput_301,analogInput,,,,,,,,,17.684366,,,,,
2026-04-22 17:29:00+00:00,presentValue,analogInput_301,analogInput,,,,,,,,,32.03535,,,,,
2026-04-22 17:30:00+00:00,presentValue,analogInput_301,analogInput,,,,,,,,,25.689192,,,,,
2026-04-22 17:31:00+00:00,presentValue,analogInput_301,analogInput,,,,,,,,,40.200512,,,,,
2026-04-22 17:32:00+00:00,presentValue,analogInput_301,analogInput,,,,,,,,,39.33671,,,,,
2026-04-22 17:33:00+00:00,presentValue,analogInput_301,analogInput,,,,,,,,,40.397602,,,,,
2026-04-22 17:34:00+00:00,presentValue,analogInput_301,analogInput,,,,,,,,,39.13796,,,,,
2026-04-22 17:35:00+00:00,presentValue,analogInput_301,analogInput,,,,,,,,,40.734623,,,,,
2026-04-22 17:36:00+00:00,presentValue,analogInput_301,analogInput,,,,,,,,,40.225174,,,,,
2026-04-22 17:37:00+00:00,presentValue,analogInput_301,analogInput,,,,,,,,,39.83073,,,,,
2026-04-22 17:38:00+00:00,presentValue,analogInput_301,analogInput,,,,,,,,,41.2246,,,,,
2026-04-22 17:39:00+00:00,presentValue,analogInput_301,analogInput,,,,,,,,,37.29283,,,,,
2026-04-22 17:40:00+00:00,presentValue,analogInput_301,analogInput,,,,,,,,,40.885765,,,,,
2026-04-22 17:41:00+00:00,presentValue,analogInput_301,analogInput,,,,,,,,,40.344116,,,,,
2026-04-22 17:42:00+00:00,presentValue,analogInput_301,analogInput,,,,,,,,,5.226033,,,,,
2026-04-22 17:43:00+00:00,presentValue,analogInput_301,analogInput,,,,,,,,,34.688915,,,,,
2026-04-22 17:44:00+00:00,presentValue,analogInput_301,analogInput,,,,,,,,,17.12251,,,,,
2026-04-22 17:45:00+00:00,presentValue,analogInput_301,analogInput,,,,,,,,,38.967606,,,,,
2026-04-22 17:46:00+00:00,presentValue,analogInput_301,analogInput,,,,,,,,,36.726917,,,,,
2026-04-22 17:47:00+00:00,presentValue,analogInput_301,analogInput,,,,,,,,,38.913857,,,,,
2026-04-22 17:48:00+00:00,presentValue,analogInput_301,analogInput,,,,,,,,,39.678852,,,,,
2026-04-22 17:49:00+00:00,presentValue,analogInput_301,analogInput,,,,,,,,,39.486412,,,,,
2026-04-22 17:50:00+00:00,presentValue,analogInput_301,analogInput,,,,,,,,,41.666077,,,,,
2026-04-22 17:51:00+00:00,presentValue,analogInput_301,analogInput,,,,,,,,,40.258644,,,,,
2026-04-22 17:52:00+00:00,presentValue,analogInput_301,analogInput,,,,,,,,,39.86549,,,,,
2026-04-22 17:53:00+00:00,presentValue,analogInput_301,analogInput,,,,,,,,,41.67412,,,,,
2026-04-22 17:54:00+00:00,presentValue,analogInput_301,analogInput,,,,,,,,,39.077564,,,,,
2026-04-22 17:55:00+00:00,presentValue,analogInput_301,analogInput,,,,,,,,,37.22321,,,,,
2026-04-22 17:56:00+00:00,presentValue,analogInput_301,analogInput,,,,,,,,,5.5482035,,,,,
2026-04-22 17:57:00+00:00,presentValue,analogInput_301,analogInput,,,,,,,,,4.953659,,,,,
2026-04-22 17:58:00+00:00,presentValue,analogInput_301,analogInput,,,,,,,,,4.933747,,,,,
2026-04-22 17:59:00+00:00,presentValue,analogInput_301,analogInput,,,,,,,,,4.873403,,,,,
2026-04-22 18:00:00+00:00,presentValue,analogInput_301,analogInput,,,,,,,,,4.897056,,,,,
2026-04-22 18:01:00+00:00,presentValue,analogInput_301,analogInput,,,,,,,,,4.870025,,,,,
2026-04-22 18:02:00+00:00,presentValue,analogInput_301,analogInput,,,,,,,,,4.8938065,,,,,
2026-04-22 18:03:00+00:00,presentValue,analogInput_301,analogInput,,,,,,,,,4.8936133,,,,,
2026-04-22 18:04:00+00:00,presentValue,analogInput_301,analogInput,,,,,,,,,4.8911433,,,,,
2026-04-22 18:05:00+00:00,presentValue,analogInput_301,analogInput,,,,,,,,,4.953506,,,,,
2026-04-22 18:06:00+00:00,presentValue,analogInput_301,analogInput,,,,,,,,,4.879792,,,,,
2026-04-22 18:07:00+00:00,presentValue,analogInput_301,analogInput,,,,,,,,,4.846923,,,,,
2026-04-22 18:08:00+00:00,presentValue,analogInput_301,analogInput,,,,,,,,,4.9684763,,,,,
2026-04-22 18:09:00+00:00,presentValue,analogInput_301,analogInput,,,,,,,,,4.886031,,,,,
2026-04-22 18:10:00+00:00,presentValue,analogInput_301,analogInput,,,,,,,,,4.839103,,,,,
2026-04-22 18:11:00+00:00,presentValue,analogInput_301,analogInput,,,,,,,,,8.0615225,,,,,
2026-04-22 18:12:00+00:00,presentValue,analogInput_301,analogInput,,,,,,,,,22.099884,,,,,
2026-04-22 18:13:00+00:00,presentValue,analogInput_301,analogInput,,,,,,,,,28.642437,,,,,
2026-04-22 18:14:00+00:00,presentValue,analogInput_301,analogInput,,,,,,,,,36.87847,,,,,
2026-04-22 18:15:00+00:00,presentValue,analogInput_301,analogInput,,,,,,,,,38.696465,,,,,
2026-04-22 18:16:00+00:00,presentValue,analogInput_301,analogInput,,,,,,,,,40.489902,,,,,
2026-04-22 18:17:00+00:00,presentValue,analogInput_301,analogInput,,,,,,,,,40.498356,,,,,
2026-04-22 18:18:00+00:00,presentValue,analogInput_301,analogInput,,,,,,,,,40.348328,,,,,
2026-04-22 18:19:00+00:00,presentValue,analogInput_301,analogInput,,,,,,,,,40.29376,,,,,
2026-04-22 18:20:00+00:00,presentValue,analogInput_301,analogInput,,,,,,,,,40.269493,,,,,
2026-04-22 18:21:00+00:00,presentValue,analogInput_301,analogInput,,,,,,,,,41.49935,,,,,
2026-04-22 18:22:00+00:00,presentValue,analogInput_301,analogInput,,,,,,,,,41.62629,,,,,
2026-04-22 18:23:00+00:00,presentValue,analogInput_301,analogInput,,,,,,,,,37.707443,,,,,
2026-04-22 18:24:00+00:00,presentValue,analogInput_301,analogInput,,,,,,,,,40.463142,,,,,
2026-04-22 18:25:00+00:00,presentValue,analogInput_301,analogInput,,,,,,,,,39.837963,,,,,
2026-04-22 18:26:00+00:00,presentValue,analogInput_301,analogInput,,,,,,,,,37.526207,,,,,
2026-04-22 18:27:00+00:00,presentValue,analogInput_301,analogInput,,,,,,,,,41.301018,,,,,
2026-04-22 18:28:00+00:00,presentValue,analogInput_301,analogInput,,,,,,,,,41.447533,,,,,
2026-04-22 18:29:00+00:00,presentValue,analogInput_301,analogInput,,,,,,,,,41.943405,,,,,
2026-04-22 18:30:00+00:00,presentValue,analogInput_301,analogInput,,,,,,,,,39.234455,,,,,
2026-04-22 18:31:00+00:00,presentValue,analogInput_301,analogInput,,,,,,,,,37.931072,,,,,
2026-04-22 18:32:00+00:00,presentValue,analogInput_301,analogInput,,,,,,,,,40.499268,,,,,
2026-04-22 18:33:00+00:00,presentValue,analogInput_301,analogInput,,,,,,,,,39.77339,,,,,
2026-04-22 18:34:00+00:00,presentValue,analogInput_301,analogInput,,,,,,,,,39.15958,,,,,
2026-04-22 18:35:00+00:00,presentValue,analogInput_301,analogInput,,,,,,,,,39.151512,,,,,
2026-04-22 18:36:00+00:00,presentValue,analogInput_301,analogInput,,,,,,,,,4.884234,,,,,
2026-04-22 18:37:00+00:00,presentValue,analogInput_301,analogInput,,,,,,,,,33.96471,,,,,
2026-04-22 18:38:00+00:00,presentValue,analogInput_301,analogInput,,,,,,,,,12.976989,,,,,
2026-04-22 18:39:00+00:00,presentValue,analogInput_301,analogInput,,,,,,,,,36.28621,,,,,
2026-04-22 18:40:00+00:00,presentValue,analogInput_301,analogInput,,,,,,,,,26.730444,,,,,
2026-04-22 18:41:00+00:00,presentValue,analogInput_301,analogInput,,,,,,,,,35.23688,,,,,
2026-04-22 18:42:00+00:00,presentValue,analogInput_301,analogInput,,,,,,,,,35.260323,,,,,
2026-04-22 18:43:00+00:00,presentValue,analogInput_301,analogInput,,,,,,,,,37.357567,,,,,
2026-04-22 18:44:00+00:00,presentValue,analogInput_301,analogInput,,,,,,,,,37.35032,,,,,
2026-04-22 18:45:00+00:00,presentValue,analogInput_301,analogInput,,,,,,,,,37.393093,,,,,
2026-04-22 18:46:00+00:00,presentValue,analogInput_301,analogInput,,,,,,,,,39.565815,,,,,
2026-04-22 18:47:00+00:00,presentValue,analogInput_301,analogInput,,,,,,,,,39.424686,,,,,
2026-04-22 18:48:00+00:00,presentValue,analogInput_301,analogInput,,,,,,,,,39.299374,,,,,
2026-04-22 18:49:00+00:00,presentValue,analogInput_301,analogInput,,,,,,,,,35.373768,,,,,
2026-04-22 18:50:00+00:00,presentValue,analogInput_301,analogInput,,,,,,,,,35.419952,,,,,
2026-04-22 18:51:00+00:00,presentValue,analogInput_301,analogInput,,,,,,,,,35.58627,,,,,
2026-04-22 18:52:00+00:00,presentValue,analogInput_301,analogInput,,,,,,,,,35.534225,,,,,
2026-04-22 18:53:00+00:00,presentValue,analogInput_301,analogInput,,,,,,,,,35.587284,,,,,
2026-04-22 18:54:00+00:00,presentValue,analogInput_301,analogInput,,,,,,,,,35.621033,,,,,
2026-04-22 18:55:00+00:00,presentValue,analogInput_301,analogInput,,,,,,,,,6.601403,,,,,
2026-04-22 18:56:00+00:00,presentValue,analogInput_301,analogInput,,,,,,,,,27.61934,,,,,
2026-04-22 18:57:00+00:00,presentValue,analogInput_301,analogInput,,,,,,,,,6.4338293,,,,,
2026-04-22 18:58:00+00:00,presentValue,analogInput_301,analogInput,,,,,,,,,23.446415,,,,,
2026-04-22 18:59:00+00:00,presentValue,analogInput_301,analogInput,,,,,,,,,15.524117,,,,,
2026-04-22 19:00:00+00:00,presentValue,analogInput_301,analogInput,,,,,,,,,22.484224,,,,,
2026-04-22 19:01:00+00:00,presentValue,analogInput_301,analogInput,,,,,,,,,21.82483,,,,,
2026-04-22 19:02:00+00:00,presentValue,analogInput_301,analogInput,,,,,,,,,22.08196,,,,,
2026-04-22 19:03:00+00:00,presentValue,analogInput_301,analogInput,,,,,,,,,21.966301,,,,,
2026-04-22 19:04:00+00:00,presentValue,analogInput_301,analogInput,,,,,,,,,23.806637,,,,,
2026-04-22 19:05:00+00:00,presentValue,analogInput_301,analogInput,,,,,,,,,23.869293,,,,,
2026-04-22 19:06:00+00:00,presentValue,analogInput_301,analogInput,,,,,,,,,23.841469,,,,,
2026-04-22 19:07:00+00:00,presentValue,analogInput_301,analogInput,,,,,,,,,23.72863,,,,,
2026-04-22 19:08:00+00:00,presentValue,analogInput_301,analogInput,,,,,,,,,20.014744,,,,,
2026-04-22 19:09:00+00:00,presentValue,analogInput_301,analogInput,,,,,,,,,19.993208,,,,,
2026-04-22 19:10:00+00:00,presentValue,analogInput_301,analogInput,,,,,,,,,20.112085,,,,,
2026-04-22 19:11:00+00:00,presentValue,analogInput_301,analogInput,,,,,,,,,16.612877,,,,,
2026-04-22 19:12:00+00:00,presentValue,analogInput_301,analogInput,,,,,,,,,16.921041,,,,,
2026-04-22 19:13:00+00:00,presentValue,analogInput_301,analogInput,,,,,,,,,13.708687,,,,,
2026-04-22 19:14:00+00:00,presentValue,analogInput_301,analogInput,,,,,,,,,13.689589,,,,,
2026-04-22 19:15:00+00:00,presentValue,analogInput_301,analogInput,,,,,,,,,13.790064,,,,,
2026-04-22 19:16:00+00:00,presentValue,analogInput_301,analogInput,,,,,,,,,11.858472,,,,,
2026-04-22 19:17:00+00:00,presentValue,analogInput_301,analogInput,,,,,,,,,11.64413,,,,,
2026-04-22 19:18:00+00:00,presentValue,analogInput_301,analogInput,,,,,,,,,7.7077985,,,,,
2026-04-22 19:19:00+00:00,presentValue,analogInput_301,analogInput,,,,,,,,,4.936003,,,,,
2026-04-22 19:20:00+00:00,presentValue,analogInput_301,analogInput,,,,,,,,,4.8774114,,,,,
2026-04-22 19:21:00+00:00,presentValue,analogInput_301,analogInput,,,,,,,,,4.7619634,,,,,
2026-04-22 19:22:00+00:00,presentValue,analogInput_301,analogInput,,,,,,,,,4.749381,,,,,
2026-04-22 19:23:00+00:00,presentValue,analogInput_301,analogInput,,,,,,,,,4.784368,,,,,
2026-04-22 19:24:00+00:00,presentValue,analogInput_301,analogInput,,,,,,,,,4.8308396,,,,,
2026-04-22 19:25:00+00:00,presentValue,analogInput_301,analogInput,,,,,,,,,4.8035135,,,,,
2026-04-22 19:26:00+00:00,presentValue,analogInput_301,analogInput,,,,,,,,,4.815153,,,,,
2026-04-22 19:27:00+00:00,presentValue,analogInput_301,analogInput,,,,,,,,,4.791323,,,,,
2026-04-22 19:28:00+00:00,presentValue,analogInput_301,analogInput,,,,,,,,,4.814689,,,,,
2026-04-22 19:29:00+00:00,presentValue,analogInput_301,analogInput,,,,,,,,,4.8244524,,,,,
2026-04-22 19:30:00+00:00,presentValue,analogInput_301,analogInput,,,,,,,,,4.9102874,,,,,
2026-04-22 19:31:00+00:00,presentValue,analogInput_301,analogInput,,,,,,,,,4.940556,,,,,
2026-04-22 19:32:00+00:00,presentValue,analogInput_301,analogInput,,,,,,,,,4.9158382,,,,,
2026-04-22 19:33:00+00:00,presentValue,analogInput_301,analogInput,,,,,,,,,4.82412,,,,,
2026-04-22 19:34:00+00:00,presentValue,analogInput_301,analogInput,,,,,,,,,4.866924,,,,,
2026-04-22 19:35:00+00:00,presentValue,analogInput_301,analogInput,,,,,,,,,4.8689,,,,,
2026-04-22 19:36:00+00:00,presentValue,analogInput_301,analogInput,,,,,,,,,4.777424,,,,,
2026-04-22 19:37:00+00:00,presentValue,analogInput_301,analogInput,,,,,,,,,4.764466,,,,,
2026-04-22 19:38:00+00:00,presentValue,analogInput_301,analogInput,,,,,,,,,4.770374,,,,,
2026-04-22 19:39:00+00:00,presentValue,analogInput_301,analogInput,,,,,,,,,4.775717,,,,,
2026-04-22 19:40:00+00:00,presentValue,analogInput_301,analogInput,,,,,,,,,4.777474,,,,,
2026-04-22 19:41:00+00:00,presentValue,analogInput_301,analogInput,,,,,,,,,4.860347,,,,,
2026-04-22 19:42:00+00:00,presentValue,analogInput_301,analogInput,,,,,,,,,4.846388,,,,,
2026-04-22 19:43:00+00:00,presentValue,analogInput_301,analogInput,,,,,,,,,4.8422637,,,,,
2026-04-22 19:44:00+00:00,presentValue,analogInput_301,analogInput,,,,,,,,,4.813758,,,,,
2026-04-22 19:45:00+00:00,presentValue,analogInput_301,analogInput,,,,,,,,,4.7836056,,,,,
2026-04-22 19:46:00+00:00,presentValue,analogInput_301,analogInput,,,,,,,,,4.883381,,,,,
2026-04-22 19:47:00+00:00,presentValue,analogInput_301,analogInput,,,,,,,,,4.9302897,,,,,
2026-04-22 19:48:00+00:00,presentValue,analogInput_301,analogInput,,,,,,,,,4.836249,,,,,
2026-04-22 19:49:00+00:00,presentValue,analogInput_301,analogInput,,,,,,,,,4.812485,,,,,
2026-04-22 19:50:00+00:00,presentValue,analogInput_301,analogInput,,,,,,,,,4.761317,,,,,
2026-04-22 19:51:00+00:00,presentValue,analogInput_301,analogInput,,,,,,,,,4.8691034,,,,,
2026-04-22 19:52:00+00:00,presentValue,analogInput_301,analogInput,,,,,,,,,4.893003,,,,,
2026-04-22 19:53:00+00:00,presentValue,analogInput_301,analogInput,,,,,,,,,5.0004144,,,,,
2026-04-22 19:54:00+00:00,presentValue,analogInput_301,analogInput,,,,,,,,,5.121068,,,,,
2026-04-22 19:55:00+00:00,presentValue,analogInput_301,analogInput,,,,,,,,,5.000528,,,,,
2026-04-22 19:56:00+00:00,presentValue,analogInput_301,analogInput,,,,,,,,,4.9526997,,,,,
2026-04-22 19:57:00+00:00,presentValue,analogInput_301,analogInput,,,,,,,,,4.873055,,,,,
2026-04-22 19:58:00+00:00,presentValue,analogInput_301,analogInput,,,,,,,,,4.941428,,,,,
2026-04-22 19:59:00+00:00,presentValue,analogInput_301,analogInput,,,,,,,,,4.8799367,,,,,
2026-04-22 20:00:00+00:00,presentValue,analogInput_301,analogInput,,,,,,,,,4.933355,,,,,
2026-04-22 20:01:00+00:00,presentValue,analogInput_301,analogInput,,,,,,,,,4.9648266,,,,,
2026-04-22 20:02:00+00:00,presentValue,analogInput_301,analogInput,,,,,,,,,5.1181808,,,,,
2026-04-22 20:03:00+00:00,presentValue,analogInput_301,analogInput,,,,,,,,,5.088785,,,,,
2026-04-22 20:04:00+00:00,presentValue,analogInput_301,analogInput,,,,,,,,,5.0827017,,,,,
2026-04-22 20:05:00+00:00,presentValue,analogInput_301,analogInput,,,,,,,,,5.0572815,,,,,
2026-04-22 20:06:00+00:00,presentValue,analogInput_301,analogInput,,,,,,,,,4.9394307,,,,,
2026-04-22 20:07:00+00:00,presentValue,analogInput_301,analogInput,,,,,,,,,4.9128246,,,,,
2026-04-22 20:08:00+00:00,presentValue,analogInput_301,analogInput,,,,,,,,,4.806792,,,,,
2026-04-22 20:09:00+00:00,presentValue,analogInput_301,analogInput,,,,,,,,,4.777844,,,,,
2026-04-22 20:10:00+00:00,presentValue,analogInput_301,analogInput,,,,,,,,,4.857848,,,,,
2026-04-22 20:11:00+00:00,presentValue,analogInput_301,analogInput,,,,,,,,,4.8128934,,,,,
2026-04-22 20:12:00+00:00,presentValue,analogInput_301,analogInput,,,,,,,,,4.8359804,,,,,
2026-04-22 20:13:00+00:00,presentValue,analogInput_301,analogInput,,,,,,,,,4.822209,,,,,
2026-04-22 20:14:00+00:00,presentValue,analogInput_301,analogInput,,,,,,,,,4.853495,,,,,
2026-04-22 20:15:00+00:00,presentValue,analogInput_301,analogInput,,,,,,,,,4.839225,,,,,
2026-04-22 20:16:00+00:00,presentValue,analogInput_301,analogInput,,,,,,,,,4.8946548,,,,,
2026-04-22 20:17:00+00:00,presentValue,analogInput_301,analogInput,,,,,,,,,4.9372745,,,,,
2026-04-22 20:18:00+00:00,presentValue,analogInput_301,analogInput,,,,,,,,,4.9484086,,,,,
2026-04-22 20:19:00+00:00,presentValue,analogInput_301,analogInput,,,,,,,,,5.088092,,,,,
2026-04-22 20:20:00+00:00,presentValue,analogInput_301,analogInput,,,,,,,,,4.979206,,,,,
2026-04-22 20:21:00+00:00,presentValue,analogInput_301,analogInput,,,,,,,,,4.9467607,,,,,
2026-04-22 20:22:00+00:00,presentValue,analogInput_301,analogInput,,,,,,,,,4.9903092,,,,,
2026-04-22 20:23:00+00:00,presentValue,analogInput_301,analogInput,,,,,,,,,5.0446196,,,,,
2026-04-22 20:24:00+00:00,presentValue,analogInput_301,analogInput,,,,,,,,,5.0304003,,,,,
2026-04-22 20:25:00+00:00,presentValue,analogInput_301,analogInput,,,,,,,,,4.9633775,,,,,
2026-04-22 20:26:00+00:00,presentValue,analogInput_301,analogInput,,,,,,,,,4.9090886,,,,,
2026-04-22 20:27:00+00:00,presentValue,analogInput_301,analogInput,,,,,,,,,4.835792,,,,,
2026-04-22 20:28:00+00:00,presentValue,analogInput_301,analogInput,,,,,,,,,4.8257766,,,,,
2026-04-22 20:29:00+00:00,presentValue,analogInput_301,analogInput,,,,,,,,,4.8583474,,,,,
2026-04-22 20:30:00+00:00,presentValue,analogInput_301,analogInput,,,,,,,,,4.8273587,,,,,
2026-04-22 20:31:00+00:00,presentValue,analogInput_301,analogInput,,,,,,,,,4.901524,,,,,
2026-04-22 20:32:00+00:00,presentValue,analogInput_301,analogInput,,,,,,,,,4.868189,,,,,
2026-04-22 20:33:00+00:00,presentValue,analogInput_301,analogInput,,,,,,,,,4.8313932,,,,,
2026-04-22 20:34:00+00:00,presentValue,analogInput_301,analogInput,,,,,,,,,4.828287,,,,,
2026-04-22 20:35:00+00:00,presentValue,analogInput_301,analogInput,,,,,,,,,4.8447447,,,,,
2026-04-22 20:36:00+00:00,presentValue,analogInput_301,analogInput,,,,,,,,,4.904493,,,,,
2026-04-22 20:37:00+00:00,presentValue,analogInput_301,analogInput,,,,,,,,,4.943699,,,,,
2026-04-22 20:38:00+00:00,presentValue,analogInput_301,analogInput,,,,,,,,,4.9127564,,,,,
2026-04-22 20:39:00+00:00,presentValue,analogInput_301,analogInput,,,,,,,,,4.9327445,,,,,
2026-04-22 20:40:00+00:00,presentValue,analogInput_301,analogInput,,,,,,,,,4.8906746,,,,,
2026-04-22 20:41:00+00:00,presentValue,analogInput_301,analogInput,,,,,,,,,4.893739,,,,,
2026-04-22 20:42:00+00:00,presentValue,analogInput_301,analogInput,,,,,,,,,4.9077435,,,,,
2026-04-22 20:43:00+00:00,presentValue,analogInput_301,analogInput,,,,,,,,,5.0005693,,,,,
2026-04-22 20:44:00+00:00,presentValue,analogInput_301,analogInput,,,,,,,,,4.9127483,,,,,
2026-04-22 20:45:00+00:00,presentValue,analogInput_301,analogInput,,,,,,,,,4.924296,,,,,
2026-04-22 20:46:00+00:00,presentValue,analogInput_301,analogInput,,,,,,,,,4.9002256,,,,,
2026-04-22 20:47:00+00:00,presentValue,analogInput_301,analogInput,,,,,,,,,4.922629,,,,,
2026-04-22 20:48:00+00:00,presentValue,analogInput_301,analogInput,,,,,,,,,4.843948,,,,,
2026-04-22 20:49:00+00:00,presentValue,analogInput_301,analogInput,,,,,,,,,4.8672686,,,,,
2026-04-22 20:50:00+00:00,presentValue,analogInput_301,analogInput,,,,,,,,,4.9031696,,,,,
2026-04-22 20:51:00+00:00,presentValue,analogInput_301,analogInput,,,,,,,,,4.847911,,,,,
2026-04-22 20:52:00+00:00,presentValue,analogInput_301,analogInput,,,,,,,,,4.8746123,,,,,
2026-04-22 20:53:00+00:00,presentValue,analogInput_301,analogInput,,,,,,,,,4.86257,,,,,
2026-04-22 20:54:00+00:00,presentValue,analogInput_301,analogInput,,,,,,,,,4.798319,,,,,
2026-04-22 20:55:00+00:00,presentValue,analogInput_301,analogInput,,,,,,,,,4.8019614,,,,,
2026-04-22 20:56:00+00:00,presentValue,analogInput_301,analogInput,,,,,,,,,4.8013673,,,,,
2026-04-22 20:57:00+00:00,presentValue,analogInput_301,analogInput,,,,,,,,,4.7347717,,,,,
2026-04-22 20:58:00+00:00,presentValue,analogInput_301,analogInput,,,,,,,,,4.7432933,,,,,
2026-04-22 20:59:00+00:00,presentValue,analogInput_301,analogInput,,,,,,,,,4.727219,,,,,
2026-04-22 21:00:00+00:00,presentValue,analogInput_301,analogInput,,,,,,,,,4.688739,,,,,
2026-04-22 21:01:00+00:00,presentValue,analogInput_301,analogInput,,,,,,,,,4.7274995,,,,,
2026-04-22 21:02:00+00:00,presentValue,analogInput_301,analogInput,,,,,,,,,4.6623325,,,,,
2026-04-22 21:03:00+00:00,presentValue,analogInput_301,analogInput,,,,,,,,,4.641772,,,,,
2026-04-22 21:04:00+00:00,presentValue,analogInput_301,analogInput,,,,,,,,,4.6550064,,,,,
2026-04-22 21:05:00+00:00,presentValue,analogInput_301,analogInput,,,,,,,,,4.6428385,,,,,
2026-04-22 21:06:00+00:00,presentValue,analogInput_301,analogInput,,,,,,,,,4.61483,,,,,
2026-04-22 21:07:00+00:00,presentValue,analogInput_301,analogInput,,,,,,,,,4.6989584,,,,,
2026-04-22 21:08:00+00:00,presentValue,analogInput_301,analogInput,,,,,,,,,4.673533,,,,,
2026-04-22 21:09:00+00:00,presentValue,analogInput_301,analogInput,,,,,,,,,4.634236,,,,,
2026-04-22 21:10:00+00:00,presentValue,analogInput_301,analogInput,,,,,,,,,4.6198616,,,,,
2026-04-22 21:11:00+00:00,presentValue,analogInput_301,analogInput,,,,,,,,,4.702885,,,,,
2026-04-22 21:12:00+00:00,presentValue,analogInput_301,analogInput,,,,,,,,,4.624853,,,,,
2026-04-22 21:13:00+00:00,presentValue,analogInput_301,analogInput,,,,,,,,,4.7217736,,,,,
2026-04-22 21:14:00+00:00,presentValue,analogInput_301,analogInput,,,,,,,,,4.603542,,,,,
2026-04-22 21:15:00+00:00,presentValue,analogInput_301,analogInput,,,,,,,,,4.6809335,,,,,
2026-04-22 21:16:00+00:00,presentValue,analogInput_301,analogInput,,,,,,,,,4.7208996,,,,,
2026-04-22 21:17:00+00:00,presentValue,analogInput_301,analogInput,,,,,,,,,4.684019,,,,,
2026-04-22 21:18:00+00:00,presentValue,analogInput_301,analogInput,,,,,,,,,4.735798,,,,,
2026-04-22 21:19:00+00:00,presentValue,analogInput_301,analogInput,,,,,,,,,4.699571,,,,,
2026-04-22 21:20:00+00:00,presentValue,analogInput_301,analogInput,,,,,,,,,4.742731,,,,,
2026-04-22 21:21:00+00:00,presentValue,analogInput_301,analogInput,,,,,,,,,4.7505574,,,,,
2026-04-22 21:22:00+00:00,presentValue,analogInput_301,analogInput,,,,,,,,,4.7353272,,,,,
2026-04-22 21:23:00+00:00,presentValue,analogInput_301,analogInput,,,,,,,,,4.7089744,,,,,
2026-04-22 21:24:00+00:00,presentValue,analogInput_301,analogInput,,,,,,,,,4.6229944,,,,,
2026-04-22 21:25:00+00:00,presentValue,analogInput_301,analogInput,,,,,,,,,4.598198,,,,,
2026-04-22 21:26:00+00:00,presentValue,analogInput_301,analogInput,,,,,,,,,4.5712895,,,,,
2026-04-22 21:27:00+00:00,presentValue,analogInput_301,analogInput,,,,,,,,,4.5757565,,,,,
2026-04-22 21:28:00+00:00,presentValue,analogInput_301,analogInput,,,,,,,,,4.6390038,,,,,
2026-04-22 21:29:00+00:00,presentValue,analogInput_301,analogInput,,,,,,,,,4.711806,,,,,
2026-04-22 21:30:00+00:00,presentValue,analogInput_301,analogInput,,,,,,,,,4.723896,,,,,
2026-04-22 21:31:00+00:00,presentValue,analogInput_301,analogInput,,,,,,,,,4.7310038,,,,,
2026-04-22 21:32:00+00:00,presentValue,analogInput_301,analogInput,,,,,,,,,4.6983194,,,,,
2026-04-22 21:33:00+00:00,presentValue,analogInput_301,analogInput,,,,,,,,,4.577222,,,,,
2026-04-22 21:34:00+00:00,presentValue,analogInput_301,analogInput,,,,,,,,,4.5589776,,,,,
2026-04-22 21:35:00+00:00,presentValue,analogInput_301,analogInput,,,,,,,,,4.6022153,,,,,
2026-04-22 21:36:00+00:00,presentValue,analogInput_301,analogInput,,,,,,,,,4.7211995,,,,,
2026-04-22 21:37:00+00:00,presentValue,analogInput_301,analogInput,,,,,,,,,4.733642,,,,,
2026-04-22 21:38:00+00:00,presentValue,analogInput_301,analogInput,,,,,,,,,4.7015753,,,,,
2026-04-22 21:39:00+00:00,presentValue,analogInput_301,analogInput,,,,,,,,,4.6333523,,,,,
2026-04-22 21:40:00+00:00,presentValue,analogInput_301,analogInput,,,,,,,,,4.6696644,,,,,
2026-04-22 21:41:00+00:00,presentValue,analogInput_301,analogInput,,,,,,,,,4.6915817,,,,,
2026-04-22 21:42:00+00:00,presentValue,analogInput_301,analogInput,,,,,,,,,4.6195,,,,,
2026-04-22 21:43:00+00:00,presentValue,analogInput_301,analogInput,,,,,,,,,4.6045375,,,,,
2026-04-22 21:44:00+00:00,presentValue,analogInput_301,analogInput,,,,,,,,,4.523872,,,,,
2026-04-22 21:45:00+00:00,presentValue,analogInput_301,analogInput,,,,,,,,,4.7162848,,,,,
2026-04-22 21:46:00+00:00,presentValue,analogInput_301,analogInput,,,,,,,,,4.674957,,,,,
2026-04-22 21:47:00+00:00,presentValue,analogInput_301,analogInput,,,,,,,,,4.567269,,,,,
2026-04-22 21:48:00+00:00,presentValue,analogInput_301,analogInput,,,,,,,,,4.561554,,,,,
2026-04-22 21:49:00+00:00,presentValue,analogInput_301,analogInput,,,,,,,,,4.7355843,,,,,
2026-04-22 21:50:00+00:00,presentValue,analogInput_301,analogInput,,,,,,,,,4.7515516,,,,,
2026-04-22 21:51:00+00:00,presentValue,analogInput_301,analogInput,,,,,,,,,4.654982,,,,,
2026-04-22 21:52:00+00:00,presentValue,analogInput_301,analogInput,,,,,,,,,4.585475,,,,,
2026-04-22 21:53:00+00:00,presentValue,analogInput_301,analogInput,,,,,,,,,4.670196,,,,,
2026-04-22 21:54:00+00:00,presentValue,analogInput_301,analogInput,,,,,,,,,4.7284427,,,,,
2026-04-22 21:55:00+00:00,presentValue,analogInput_301,analogInput,,,,,,,,,4.755934,,,,,
2026-04-22 21:56:00+00:00,presentValue,analogInput_301,analogInput,,,,,,,,,4.6254,,,,,
2026-04-22 21:57:00+00:00,presentValue,analogInput_301,analogInput,,,,,,,,,4.7381096,,,,,
2026-04-22 21:58:00+00:00,presentValue,analogInput_301,analogInput,,,,,,,,,4.7831035,,,,,
2026-04-22 21:59:00+00:00,presentValue,analogInput_301,analogInput,,,,,,,,,4.7473335,,,,,
2026-04-22 22:00:00+00:00,presentValue,analogInput_301,analogInput,,,,,,,,,4.6679683,,,,,
2026-04-22 22:01:00+00:00,presentValue,analogInput_301,analogInput,,,,,,,,,4.653997,,,,,
2026-04-22 22:02:00+00:00,presentValue,analogInput_301,analogInput,,,,,,,,,4.7802896,,,,,
2026-04-22 22:03:00+00:00,presentValue,analogInput_301,analogInput,,,,,,,,,4.5948167,,,,,
2026-04-22 22:04:00+00:00,presentValue,analogInput_301,analogInput,,,,,,,,,4.5658855,,,,,
2026-04-22 22:05:00+00:00,presentValue,analogInput_301,analogInput,,,,,,,,,4.4632382,,,,,
2026-04-22 22:06:00+00:00,presentValue,analogInput_301,analogInput,,,,,,,,,4.583212,,,,,
2026-04-22 22:07:00+00:00,presentValue,analogInput_301,analogInput,,,,,,,,,4.6829267,,,,,
2026-04-22 22:08:00+00:00,presentValue,analogInput_301,analogInput,,,,,,,,,4.6626453,,,,,
2026-04-22 22:09:00+00:00,presentValue,analogInput_301,analogInput,,,,,,,,,4.769449,,,,,
2026-04-22 22:10:00+00:00,presentValue,analogInput_301,analogInput,,,,,,,,,4.6643977,,,,,
2026-04-22 22:11:00+00:00,presentValue,analogInput_301,analogInput,,,,,,,,,4.794133,,,,,
2026-04-22 22:12:00+00:00,presentValue,analogInput_301,analogInput,,,,,,,,,4.8224583,,,,,
2026-04-22 22:13:00+00:00,presentValue,analogInput_301,analogInput,,,,,,,,,4.8376737,,,,,
2026-04-22 22:14:00+00:00,presentValue,analogInput_301,analogInput,,,,,,,,,4.7950044,,,,,
2026-04-22 22:15:00+00:00,presentValue,analogInput_301,analogInput,,,,,,,,,4.758418,,,,,
2026-04-22 22:16:00+00:00,presentValue,analogInput_301,analogInput,,,,,,,,,4.7677083,,,,,
2026-04-22 22:17:00+00:00,presentValue,analogInput_301,analogInput,,,,,,,,,4.772131,,,,,
2026-04-22 22:18:00+00:00,presentValue,analogInput_301,analogInput,,,,,,,,,4.8722324,,,,,
2026-04-22 22:19:00+00:00,presentValue,analogInput_301,analogInput,,,,,,,,,4.8943143,,,,,
2026-04-22 22:20:00+00:00,presentValue,analogInput_301,analogInput,,,,,,,,,4.7780914,,,,,
2026-04-22 22:21:00+00:00,presentValue,analogInput_301,analogInput,,,,,,,,,4.7877073,,,,,
2026-04-22 22:22:00+00:00,presentValue,analogInput_301,analogInput,,,,,,,,,4.9995017,,,,,
2026-04-22 22:23:00+00:00,presentValue,analogInput_301,analogInput,,,,,,,,,5.089831,,,,,
2026-04-22 22:24:00+00:00,presentValue,analogInput_301,analogInput,,,,,,,,,5.1780653,,,,,
2026-04-22 22:25:00+00:00,presentValue,analogInput_301,analogInput,,,,,,,,,5.0203333,,,,,
2026-04-22 22:26:00+00:00,presentValue,analogInput_301,analogInput,,,,,,,,,4.874982,,,,,
2026-04-22 22:27:00+00:00,presentValue,analogInput_301,analogInput,,,,,,,,,4.926288,,,,,
2026-04-22 22:28:00+00:00,presentValue,analogInput_301,analogInput,,,,,,,,,5.1450934,,,,,
2026-04-22 22:29:00+00:00,presentValue,analogInput_301,analogInput,,,,,,,,,5.325856,,,,,
2026-04-22 22:30:00+00:00,presentValue,analogInput_301,analogInput,,,,,,,,,5.3269773,,,,,
2026-04-22 22:31:00+00:00,presentValue,analogInput_301,analogInput,,,,,,,,,5.2279534,,,,,
2026-04-22 22:32:00+00:00,presentValue,analogInput_301,analogInput,,,,,,,,,5.224316,,,,,
2026-04-22 22:33:00+00:00,presentValue,analogInput_301,analogInput,,,,,,,,,5.398243,,,,,
2026-04-22 22:34:00+00:00,presentValue,analogInput_301,analogInput,,,,,,,,,5.6147556,,,,,
2026-04-22 22:35:00+00:00,presentValue,analogInput_301,analogInput,,,,,,,,,5.686611,,,,,
2026-04-22 22:36:00+00:00,presentValue,analogInput_301,analogInput,,,,,,,,,5.718829,,,,,
2026-04-22 22:37:00+00:00,presentValue,analogInput_301,analogInput,,,,,,,,,5.626763,,,,,
2026-04-22 22:38:00+00:00,presentValue,analogInput_301,analogInput,,,,,,,,,5.5920086,,,,,
2026-04-22 22:39:00+00:00,presentValue,analogInput_301,analogInput,,,,,,,,,5.4856653,,,,,
2026-04-22 22:40:00+00:00,presentValue,analogInput_301,analogInput,,,,,,,,,5.504216,,,,,
2026-04-22 22:41:00+00:00,presentValue,analogInput_301,analogInput,,,,,,,,,5.5372252,,,,,
2026-04-22 22:42:00+00:00,presentValue,analogInput_301,analogInput,,,,,,,,,5.4501476,,,,,
2026-04-22 22:43:00+00:00,presentValue,analogInput_301,analogInput,,,,,,,,,5.385729,,,,,
2026-04-22 22:44:00+00:00,presentValue,analogInput_301,analogInput,,,,,,,,,5.3816805,,,,,
2026-04-22 22:45:00+00:00,presentValue,analogInput_301,analogInput,,,,,,,,,5.318404,,,,,
2026-04-22 22:46:00+00:00,presentValue,analogInput_301,analogInput,,,,,,,,,5.3000994,,,,,
2026-04-22 22:47:00+00:00,presentValue,analogInput_301,analogInput,,,,,,,,,5.342047,,,,,
2026-04-22 22:48:00+00:00,presentValue,analogInput_301,analogInput,,,,,,,,,5.3145866,,,,,
2026-04-22 22:49:00+00:00,presentValue,analogInput_301,analogInput,,,,,,,,,5.3609843,,,,,
2026-04-22 22:50:00+00:00,presentValue,analogInput_301,analogInput,,,,,,,,,5.378318,,,,,
2026-04-22 22:51:00+00:00,presentValue,analogInput_301,analogInput,,,,,,,,,5.482961,,,,,
2026-04-22 22:52:00+00:00,presentValue,analogInput_301,analogInput,,,,,,,,,5.5393457,,,,,
2026-04-22 22:53:00+00:00,presentValue,analogInput_301,analogInput,,,,,,,,,5.4760857,,,,,
2026-04-22 22:54:00+00:00,presentValue,analogInput_301,analogInput,,,,,,,,,5.4504185,,,,,
2026-04-22 22:55:00+00:00,presentValue,analogInput_301,analogInput,,,,,,,,,5.4588284,,,,,
2026-04-22 22:56:00+00:00,presentValue,analogInput_301,analogInput,,,,,,,,,5.4078813,,,,,
2026-04-22 22:57:00+00:00,presentValue,analogInput_301,analogInput,,,,,,,,,5.4031873,,,,,
2026-04-22 22:58:00+00:00,presentValue,analogInput_301,analogInput,,,,,,,,,5.601031,,,,,
2026-04-22 22:59:00+00:00,presentValue,analogInput_301,analogInput,,,,,,,,,5.696923,,,,,
2026-04-22 23:00:00+00:00,presentValue,analogInput_301,analogInput,,,,,,,,,5.85425,,,,,
2026-04-22 11:01:00+00:00,presentValue,analogValue_13,analogValue,,,,,,,,,,0.29471686,,,,
2026-04-22 11:02:00+00:00,presentValue,analogValue_13,analogValue,,,,,,,,,,0.29476127,,,,
2026-04-22 11:03:00+00:00,presentValue,analogValue_13,analogValue,,,,,,,,,,0.2943615,,,,
2026-04-22 11:04:00+00:00,presentValue,analogValue_13,analogValue,,,,,,,,,,0.2943171,,,,
2026-04-22 11:05:00+00:00,presentValue,analogValue_13,analogValue,,,,,,,,,,0.29445046,,,,
2026-04-22 11:06:00+00:00,presentValue,analogValue_13,analogValue,,,,,,,,,,0.29480553,,,,
2026-04-22 11:07:00+00:00,presentValue,analogValue_13,analogValue,,,,,,,,,,0.29418388,,,,
2026-04-22 11:08:00+00:00,presentValue,analogValue_13,analogValue,,,,,,,,,,0.29418388,,,,
2026-04-22 11:09:00+00:00,presentValue,analogValue_13,analogValue,,,,,,,,,,0.2944947,,,,
2026-04-22 11:10:00+00:00,presentValue,analogValue_13,analogValue,,,,,,,,,,0.29400626,,,,
2026-04-22 11:11:00+00:00,presentValue,analogValue_13,analogValue,,,,,,,,,,0.2943171,,,,
2026-04-22 11:12:00+00:00,presentValue,analogValue_13,analogValue,,,,,,,,,,0.29453924,,,,
2026-04-22 11:13:00+00:00,presentValue,analogValue_13,analogValue,,,,,,,,,,0.2943615,,,,
2026-04-22 11:14:00+00:00,presentValue,analogValue_13,analogValue,,,,,,,,,,0.29418388,,,,
2026-04-22 11:15:00+00:00,presentValue,analogValue_13,analogValue,,,,,,,,,,0.2951609,,,,
2026-04-22 11:16:00+00:00,presentValue,analogValue_13,analogValue,,,,,,,,,,0.29396185,,,,
2026-04-22 11:17:00+00:00,presentValue,analogValue_13,analogValue,,,,,,,,,,0.29458365,,,,
2026-04-22 11:18:00+00:00,presentValue,analogValue_13,analogValue,,,,,,,,,,0.29485008,,,,
2026-04-22 11:19:00+00:00,presentValue,analogValue_13,analogValue,,,,,,,,,,0.29453924,,,,
2026-04-22 11:20:00+00:00,presentValue,analogValue_13,analogValue,,,,,,,,,,0.29511648,,,,
2026-04-22 11:21:00+00:00,presentValue,analogValue_13,analogValue,,,,,,,,,,0.29418388,,,,
2026-04-22 11:22:00+00:00,presentValue,analogValue_13,analogValue,,,,,,,,,,0.29471686,,,,
2026-04-22 11:23:00+00:00,presentValue,analogValue_13,analogValue,,,,,,,,,,0.2939176,,,,
2026-04-22 11:24:00+00:00,presentValue,analogValue_13,analogValue,,,,,,,,,,0.29480553,,,,
2026-04-22 11:25:00+00:00,presentValue,analogValue_13,analogValue,,,,,,,,,,0.29422843,,,,
2026-04-22 11:26:00+00:00,presentValue,analogValue_13,analogValue,,,,,,,,,,0.29405066,,,,
2026-04-22 11:27:00+00:00,presentValue,analogValue_13,analogValue,,,,,,,,,,0.29498312,,,,
2026-04-22 11:28:00+00:00,presentValue,analogValue_13,analogValue,,,,,,,,,,0.2943171,,,,
2026-04-22 11:29:00+00:00,presentValue,analogValue_13,analogValue,,,,,,,,,,0.29507208,,,,
2026-04-22 11:30:00+00:00,presentValue,analogValue_13,analogValue,,,,,,,,,,0.2949389,,,,
2026-04-22 11:31:00+00:00,presentValue,analogValue_13,analogValue,,,,,,,,,,0.29440606,,,,
2026-04-22 11:32:00+00:00,presentValue,analogValue_13,analogValue,,,,,,,,,,0.29453924,,,,
2026-04-22 11:33:00+00:00,presentValue,analogValue_13,analogValue,,,,,,,,,,0.29462805,,,,
2026-04-22 11:34:00+00:00,presentValue,analogValue_13,analogValue,,,,,,,,,,0.29422843,,,,
2026-04-22 11:35:00+00:00,presentValue,analogValue_13,analogValue,,,,,,,,,,0.2948945,,,,
2026-04-22 11:36:00+00:00,presentValue,analogValue_13,analogValue,,,,,,,,,,0.29445046,,,,
2026-04-22 11:37:00+00:00,presentValue,analogValue_13,analogValue,,,,,,,,,,0.29409522,,,,
2026-04-22 11:38:00+00:00,presentValue,analogValue_13,analogValue,,,,,,,,,,0.29462805,,,,
2026-04-22 11:39:00+00:00,presentValue,analogValue_13,analogValue,,,,,,,,,,0.29422843,,,,
2026-04-22 11:40:00+00:00,presentValue,analogValue_13,analogValue,,,,,,,,,,0.2952497,,,,
2026-04-22 11:41:00+00:00,presentValue,analogValue_13,analogValue,,,,,,,,,,0.29458365,,,,
2026-04-22 11:42:00+00:00,presentValue,analogValue_13,analogValue,,,,,,,,,,0.29498312,,,,
2026-04-22 11:43:00+00:00,presentValue,analogValue_13,analogValue,,,,,,,,,,0.2944947,,,,
2026-04-22 11:44:00+00:00,presentValue,analogValue_13,analogValue,,,,,,,,,,0.2943615,,,,
2026-04-22 11:45:00+00:00,presentValue,analogValue_13,analogValue,,,,,,,,,,0.29453924,,,,
2026-04-22 11:46:00+00:00,presentValue,analogValue_13,analogValue,,,,,,,,,,0.29511648,,,,
2026-04-22 11:47:00+00:00,presentValue,analogValue_13,analogValue,,,,,,,,,,0.29480553,,,,
2026-04-22 11:48:00+00:00,presentValue,analogValue_13,analogValue,,,,,,,,,,0.29471686,,,,
2026-04-22 11:49:00+00:00,presentValue,analogValue_13,analogValue,,,,,,,,,,0.29440606,,,,
2026-04-22 11:50:00+00:00,presentValue,analogValue_13,analogValue,,,,,,,,,,0.29498312,,,,
2026-04-22 11:51:00+00:00,presentValue,analogValue_13,analogValue,,,,,,,,,,0.2948945,,,,
2026-04-22 11:52:00+00:00,presentValue,analogValue_13,analogValue,,,,,,,,,,0.29498312,,,,
2026-04-22 11:53:00+00:00,presentValue,analogValue_13,analogValue,,,,,,,,,,0.2944947,,,,
2026-04-22 11:54:00+00:00,presentValue,analogValue_13,analogValue,,,,,,,,,,0.29507208,,,,
2026-04-22 11:55:00+00:00,presentValue,analogValue_13,analogValue,,,,,,,,,,0.2948945,,,,
2026-04-22 11:56:00+00:00,presentValue,analogValue_13,analogValue,,,,,,,,,,0.29480553,,,,
2026-04-22 11:57:00+00:00,presentValue,analogValue_13,analogValue,,,,,,,,,,0.29498312,,,,
2026-04-22 11:58:00+00:00,presentValue,analogValue_13,analogValue,,,,,,,,,,0.2953385,,,,
2026-04-22 11:59:00+00:00,presentValue,analogValue_13,analogValue,,,,,,,,,,0.29498312,,,,
2026-04-22 12:00:00+00:00,presentValue,analogValue_13,analogValue,,,,,,,,,,0.29471686,,,,
2026-04-22 12:01:00+00:00,presentValue,analogValue_13,analogValue,,,,,,,,,,0.2948945,,,,
2026-04-22 12:02:00+00:00,presentValue,analogValue_13,analogValue,,,,,,,,,,0.29471686,,,,
2026-04-22 12:03:00+00:00,presentValue,analogValue_13,analogValue,,,,,,,,,,0.29498312,,,,
2026-04-22 12:04:00+00:00,presentValue,analogValue_13,analogValue,,,,,,,,,,0.2946723,,,,
2026-04-22 12:05:00+00:00,presentValue,analogValue_13,analogValue,,,,,,,,,,0.2952497,,,,
2026-04-22 12:06:00+00:00,presentValue,analogValue_13,analogValue,,,,,,,,,,0.2944947,,,,
2026-04-22 12:07:00+00:00,presentValue,analogValue_13,analogValue,,,,,,,,,,0.29445046,,,,
2026-04-22 12:08:00+00:00,presentValue,analogValue_13,analogValue,,,,,,,,,,0.2951609,,,,
2026-04-22 12:09:00+00:00,presentValue,analogValue_13,analogValue,,,,,,,,,,0.29511648,,,,
2026-04-22 12:10:00+00:00,presentValue,analogValue_13,analogValue,,,,,,,,,,0.29462805,,,,
2026-04-22 12:11:00+00:00,presentValue,analogValue_13,analogValue,,,,,,,,,,0.29511648,,,,
2026-04-22 12:12:00+00:00,presentValue,analogValue_13,analogValue,,,,,,,,,,0.2953385,,,,
2026-04-22 12:13:00+00:00,presentValue,analogValue_13,analogValue,,,,,,,,,,0.29480553,,,,
2026-04-22 12:14:00+00:00,presentValue,analogValue_13,analogValue,,,,,,,,,,0.29485008,,,,
2026-04-22 12:15:00+00:00,presentValue,analogValue_13,analogValue,,,,,,,,,,0.29498312,,,,
2026-04-22 12:16:00+00:00,presentValue,analogValue_13,analogValue,,,,,,,,,,0.29551613,,,,
2026-04-22 12:17:00+00:00,presentValue,analogValue_13,analogValue,,,,,,,,,,0.2948945,,,,
2026-04-22 12:18:00+00:00,presentValue,analogValue_13,analogValue,,,,,,,,,,0.29507208,,,,
2026-04-22 12:19:00+00:00,presentValue,analogValue_13,analogValue,,,,,,,,,,0.2944947,,,,
2026-04-22 12:20:00+00:00,presentValue,analogValue_13,analogValue,,,,,,,,,,0.29507208,,,,
2026-04-22 12:21:00+00:00,presentValue,analogValue_13,analogValue,,,,,,,,,,0.2948945,,,,
2026-04-22 12:22:00+00:00,presentValue,analogValue_13,analogValue,,,,,,,,,,0.29498312,,,,
2026-04-22 12:23:00+00:00,presentValue,analogValue_13,analogValue,,,,,,,,,,0.29507208,,,,
2026-04-22 12:24:00+00:00,presentValue,analogValue_13,analogValue,,,,,,,,,,0.29507208,,,,
2026-04-22 12:25:00+00:00,presentValue,analogValue_13,analogValue,,,,,,,,,,0.29502767,,,,
2026-04-22 12:26:00+00:00,presentValue,analogValue_13,analogValue,,,,,,,,,,0.2951609,,,,
2026-04-22 12:27:00+00:00,presentValue,analogValue_13,analogValue,,,,,,,,,,0.29498312,,,,
2026-04-22 12:28:00+00:00,presentValue,analogValue_13,analogValue,,,,,,,,,,0.29498312,,,,
2026-04-22 12:29:00+00:00,presentValue,analogValue_13,analogValue,,,,,,,,,,0.29507208,,,,
2026-04-22 12:30:00+00:00,presentValue,analogValue_13,analogValue,,,,,,,,,,0.29502767,,,,
2026-04-22 12:31:00+00:00,presentValue,analogValue_13,analogValue,,,,,,,,,,0.29542732,,,,
2026-04-22 12:32:00+00:00,presentValue,analogValue_13,analogValue,,,,,,,,,,0.2952497,,,,
2026-04-22 12:33:00+00:00,presentValue,analogValue_13,analogValue,,,,,,,,,,0.29480553,,,,
2026-04-22 12:34:00+00:00,presentValue,analogValue_13,analogValue,,,,,,,,,,0.29502767,,,,
2026-04-22 12:35:00+00:00,presentValue,analogValue_13,analogValue,,,,,,,,,,0.29480553,,,,
2026-04-22 12:36:00+00:00,presentValue,analogValue_13,analogValue,,,,,,,,,,0.29480553,,,,
2026-04-22 12:37:00+00:00,presentValue,analogValue_13,analogValue,,,,,,,,,,0.29471686,,,,
2026-04-22 12:38:00+00:00,presentValue,analogValue_13,analogValue,,,,,,,,,,0.2951609,,,,
2026-04-22 12:39:00+00:00,presentValue,analogValue_13,analogValue,,,,,,,,,,0.2948945,,,,
2026-04-22 12:40:00+00:00,presentValue,analogValue_13,analogValue,,,,,,,,,,0.29507208,,,,
2026-04-22 12:41:00+00:00,presentValue,analogValue_13,analogValue,,,,,,,,,,0.29453924,,,,
2026-04-22 12:42:00+00:00,presentValue,analogValue_13,analogValue,,,,,,,,,,0.29511648,,,,
2026-04-22 12:43:00+00:00,presentValue,analogValue_13,analogValue,,,,,,,,,,0.29462805,,,,
2026-04-22 12:44:00+00:00,presentValue,analogValue_13,analogValue,,,,,,,,,,0.2948945,,,,
2026-04-22 12:45:00+00:00,presentValue,analogValue_13,analogValue,,,,,,,,,,0.2952497,,,,
2026-04-22 12:46:00+00:00,presentValue,analogValue_13,analogValue,,,,,,,,,,0.2952497,,,,
2026-04-22 12:47:00+00:00,presentValue,analogValue_13,analogValue,,,,,,,,,,0.2949389,,,,
2026-04-22 12:48:00+00:00,presentValue,analogValue_13,analogValue,,,,,,,,,,0.29502767,,,,
2026-04-22 12:49:00+00:00,presentValue,analogValue_13,analogValue,,,,,,,,,,0.29498312,,,,
2026-04-22 12:50:00+00:00,presentValue,analogValue_13,analogValue,,,,,,,,,,0.2951609,,,,
2026-04-22 12:51:00+00:00,presentValue,analogValue_13,analogValue,,,,,,,,,,0.29507208,,,,
2026-04-22 12:52:00+00:00,presentValue,analogValue_13,analogValue,,,,,,,,,,0.29498312,,,,
2026-04-22 12:53:00+00:00,presentValue,analogValue_13,analogValue,,,,,,,,,,0.29511648,,,,
2026-04-22 12:54:00+00:00,presentValue,analogValue_13,analogValue,,,,,,,,,,0.2953385,,,,
2026-04-22 12:55:00+00:00,presentValue,analogValue_13,analogValue,,,,,,,,,,0.2952941,,,,
2026-04-22 12:56:00+00:00,presentValue,analogValue_13,analogValue,,,,,,,,,,0.29498312,,,,
2026-04-22 12:57:00+00:00,presentValue,analogValue_13,analogValue,,,,,,,,,,0.2952053,,,,
2026-04-22 12:58:00+00:00,presentValue,analogValue_13,analogValue,,,,,,,,,,0.2952497,,,,
2026-04-22 12:59:00+00:00,presentValue,analogValue_13,analogValue,,,,,,,,,,0.29507208,,,,
2026-04-22 13:00:00+00:00,presentValue,analogValue_13,analogValue,,,,,,,,,,0.2949389,,,,
2026-04-22 13:01:00+00:00,presentValue,analogValue_13,analogValue,,,,,,,,,,0.2948945,,,,
2026-04-22 13:02:00+00:00,presentValue,analogValue_13,analogValue,,,,,,,,,,0.29507208,,,,
2026-04-22 13:03:00+00:00,presentValue,analogValue_13,analogValue,,,,,,,,,,0.29507208,,,,
2026-04-22 13:04:00+00:00,presentValue,analogValue_13,analogValue,,,,,,,,,,0.2952053,,,,
2026-04-22 13:05:00+00:00,presentValue,analogValue_13,analogValue,,,,,,,,,,0.2948945,,,,
2026-04-22 13:06:00+00:00,presentValue,analogValue_13,analogValue,,,,,,,,,,0.2952497,,,,
2026-04-22 13:07:00+00:00,presentValue,analogValue_13,analogValue,,,,,,,,,,0.29507208,,,,
2026-04-22 13:08:00+00:00,presentValue,analogValue_13,analogValue,,,,,,,,,,0.2953385,,,,
2026-04-22 13:09:00+00:00,presentValue,analogValue_13,analogValue,,,,,,,,,,0.2956049,,,,
2026-04-22 13:10:00+00:00,presentValue,analogValue_13,analogValue,,,,,,,,,,0.29511648,,,,
2026-04-22 13:11:00+00:00,presentValue,analogValue_13,analogValue,,,,,,,,,,0.2951609,,,,
2026-04-22 13:12:00+00:00,presentValue,analogValue_13,analogValue,,,,,,,,,,0.2948945,,,,
2026-04-22 13:13:00+00:00,presentValue,analogValue_13,analogValue,,,,,,,,,,0.2951609,,,,
2026-04-22 13:14:00+00:00,presentValue,analogValue_13,analogValue,,,,,,,,,,0.29578254,,,,
2026-04-22 13:15:00+00:00,presentValue,analogValue_13,analogValue,,,,,,,,,,0.2951609,,,,
2026-04-22 13:16:00+00:00,presentValue,analogValue_13,analogValue,,,,,,,,,,0.2952497,,,,
2026-04-22 13:17:00+00:00,presentValue,analogValue_13,analogValue,,,,,,,,,,0.5644346,,,,
2026-04-22 13:18:00+00:00,presentValue,analogValue_13,analogValue,,,,,,,,,,0.5697631,,,,
2026-04-22 13:19:00+00:00,presentValue,analogValue_13,analogValue,,,,,,,,,,0.563724,,,,
2026-04-22 13:20:00+00:00,presentValue,analogValue_13,analogValue,,,,,,,,,,0.5583953,,,,
2026-04-22 13:21:00+00:00,presentValue,analogValue_13,analogValue,,,,,,,,,,0.5610598,,,,
2026-04-22 13:22:00+00:00,presentValue,analogValue_13,analogValue,,,,,,,,,,0.56283575,,,,
2026-04-22 13:23:00+00:00,presentValue,analogValue_13,analogValue,,,,,,,,,,0.5649673,,,,
2026-04-22 13:24:00+00:00,presentValue,analogValue_13,analogValue,,,,,,,,,,0.5645676,,,,
2026-04-22 13:25:00+00:00,presentValue,analogValue_13,analogValue,,,,,,,,,,0.5650562,,,,
2026-04-22 13:26:00+00:00,presentValue,analogValue_13,analogValue,,,,,,,,,,0.5584841,,,,
2026-04-22 13:27:00+00:00,presentValue,analogValue_13,analogValue,,,,,,,,,,0.5595055,,,,
2026-04-22 13:28:00+00:00,presentValue,analogValue_13,analogValue,,,,,,,,,,0.5636796,,,,
2026-04-22 13:29:00+00:00,presentValue,analogValue_13,analogValue,,,,,,,,,,0.56159246,,,,
2026-04-22 13:30:00+00:00,presentValue,analogValue_13,analogValue,,,,,,,,,,0.56021595,,,,
2026-04-22 13:31:00+00:00,presentValue,analogValue_13,analogValue,,,,,,,,,,0.5640792,,,,
2026-04-22 13:32:00+00:00,presentValue,analogValue_13,analogValue,,,,,,,,,,0.56026036,,,,
2026-04-22 13:33:00+00:00,presentValue,analogValue_13,analogValue,,,,,,,,,,0.5606156,,,,
2026-04-22 13:34:00+00:00,presentValue,analogValue_13,analogValue,,,,,,,,,,0.5632799,,,,
2026-04-22 13:35:00+00:00,presentValue,analogValue_13,analogValue,,,,,,,,,,0.5627471,,,,
2026-04-22 13:36:00+00:00,presentValue,analogValue_13,analogValue,,,,,,,,,,0.5607044,,,,
2026-04-22 13:37:00+00:00,presentValue,analogValue_13,analogValue,,,,,,,,,,0.5618589,,,,
2026-04-22 13:38:00+00:00,presentValue,analogValue_13,analogValue,,,,,,,,,,0.29347342,,,,
2026-04-22 13:39:00+00:00,presentValue,analogValue_13,analogValue,,,,,,,,,,-1.0,,,,
2026-04-22 13:40:00+00:00,presentValue,analogValue_13,analogValue,,,,,,,,,,-1.0,,,,
2026-04-22 13:41:00+00:00,presentValue,analogValue_13,analogValue,,,,,,,,,,0.29387304,,,,
2026-04-22 13:42:00+00:00,presentValue,analogValue_13,analogValue,,,,,,,,,,0.29378426,,,,
2026-04-22 13:43:00+00:00,presentValue,analogValue_13,analogValue,,,,,,,,,,0.29365104,,,,
2026-04-22 13:44:00+00:00,presentValue,analogValue_13,analogValue,,,,,,,,,,0.29382867,,,,
2026-04-22 13:45:00+00:00,presentValue,analogValue_13,analogValue,,,,,,,,,,0.29400626,,,,
2026-04-22 13:46:00+00:00,presentValue,analogValue_13,analogValue,,,,,,,,,,0.29329583,,,,
2026-04-22 13:47:00+00:00,presentValue,analogValue_13,analogValue,,,,,,,,,,0.2931182,,,,
2026-04-22 13:48:00+00:00,presentValue,analogValue_13,analogValue,,,,,,,,,,0.29356223,,,,
2026-04-22 13:49:00+00:00,presentValue,analogValue_13,analogValue,,,,,,,,,,0.5591947,,,,
2026-04-22 13:50:00+00:00,presentValue,analogValue_13,analogValue,,,,,,,,,,0.5610598,,,,
2026-04-22 13:51:00+00:00,presentValue,analogValue_13,analogValue,,,,,,,,,,0.55715203,,,,
2026-04-22 13:52:00+00:00,presentValue,analogValue_13,analogValue,,,,,,,,,,0.55724084,,,,
2026-04-22 13:53:00+00:00,presentValue,analogValue_13,analogValue,,,,,,,,,,0.56168145,,,,
2026-04-22 13:54:00+00:00,presentValue,analogValue_13,analogValue,,,,,,,,,,0.5591947,,,,
2026-04-22 13:55:00+00:00,presentValue,analogValue_13,analogValue,,,,,,,,,,0.56168145,,,,
2026-04-22 13:56:00+00:00,presentValue,analogValue_13,analogValue,,,,,,,,,,0.55777365,,,,
2026-04-22 13:57:00+00:00,presentValue,analogValue_13,analogValue,,,,,,,,,,0.5632799,,,,
2026-04-22 13:58:00+00:00,presentValue,analogValue_13,analogValue,,,,,,,,,,0.5590171,,,,
2026-04-22 13:59:00+00:00,presentValue,analogValue_13,analogValue,,,,,,,,,,0.5618145,,,,
2026-04-22 14:00:00+00:00,presentValue,analogValue_13,analogValue,,,,,,,,,,0.55777365,,,,
2026-04-22 14:01:00+00:00,presentValue,analogValue_13,analogValue,,,,,,,,,,0.5600384,,,,
2026-04-22 14:02:00+00:00,presentValue,analogValue_13,analogValue,,,,,,,,,,0.5605712,,,,
2026-04-22 14:03:00+00:00,presentValue,analogValue_13,analogValue,,,,,,,,,,0.5573298,,,,
2026-04-22 14:04:00+00:00,presentValue,analogValue_13,analogValue,,,,,,,,,,-1.0,,,,
2026-04-22 14:05:00+00:00,presentValue,analogValue_13,analogValue,,,,,,,,,,0.55573094,,,,
2026-04-22 14:06:00+00:00,presentValue,analogValue_13,analogValue,,,,,,,,,,0.56017154,,,,
2026-04-22 14:07:00+00:00,presentValue,analogValue_13,analogValue,,,,,,,,,,0.55786246,,,,
2026-04-22 14:08:00+00:00,presentValue,analogValue_13,analogValue,,,,,,,,,,0.557685,,,,
2026-04-22 14:09:00+00:00,presentValue,analogValue_13,analogValue,,,,,,,,,,-1.0,,,,
2026-04-22 14:10:00+00:00,presentValue,analogValue_13,analogValue,,,,,,,,,,-1.0,,,,
2026-04-22 14:11:00+00:00,presentValue,analogValue_13,analogValue,,,,,,,,,,0.5583953,,,,
2026-04-22 14:12:00+00:00,presentValue,analogValue_13,analogValue,,,,,,,,,,0.5581289,,,,
2026-04-22 14:13:00+00:00,presentValue,analogValue_13,analogValue,,,,,,,,,,0.55448765,,,,
2026-04-22 14:14:00+00:00,presentValue,analogValue_13,analogValue,,,,,,,,,,0.5551537,,,,
2026-04-22 14:15:00+00:00,presentValue,analogValue_13,analogValue,,,,,,,,,,0.5535108,,,,
2026-04-22 14:16:00+00:00,presentValue,analogValue_13,analogValue,,,,,,,,,,-1.0,,,,
2026-04-22 14:17:00+00:00,presentValue,analogValue_13,analogValue,,,,,,,,,,0.55448765,,,,
2026-04-22 14:18:00+00:00,presentValue,analogValue_13,analogValue,,,,,,,,,,0.5556421,,,,
2026-04-22 14:19:00+00:00,presentValue,analogValue_13,analogValue,,,,,,,,,,0.5550649,,,,
2026-04-22 14:20:00+00:00,presentValue,analogValue_13,analogValue,,,,,,,,,,0.5524895,,,,
2026-04-22 14:21:00+00:00,presentValue,analogValue_13,analogValue,,,,,,,,,,0.55568653,,,,
2026-04-22 14:22:00+00:00,presentValue,analogValue_13,analogValue,,,,,,,,,,0.55395484,,,,
2026-04-22 14:23:00+00:00,presentValue,analogValue_13,analogValue,,,,,,,,,,0.5551093,,,,
2026-04-22 14:24:00+00:00,presentValue,analogValue_13,analogValue,,,,,,,,,,0.5530224,,,,
2026-04-22 14:25:00+00:00,presentValue,analogValue_13,analogValue,,,,,,,,,,0.55457664,,,,
2026-04-22 14:26:00+00:00,presentValue,analogValue_13,analogValue,,,,,,,,,,0.5492922,,,,
2026-04-22 14:27:00+00:00,presentValue,analogValue_13,analogValue,,,,,,,,,,0.5517791,,,,
2026-04-22 14:28:00+00:00,presentValue,analogValue_13,analogValue,,,,,,,,,,0.55200094,,,,
2026-04-22 14:29:00+00:00,presentValue,analogValue_13,analogValue,,,,,,,,,,-1.0,,,,
2026-04-22 14:30:00+00:00,presentValue,analogValue_13,analogValue,,,,,,,,,,0.5522674,,,,
2026-04-22 14:31:00+00:00,presentValue,analogValue_13,analogValue,,,,,,,,,,0.5524451,,,,
2026-04-22 14:32:00+00:00,presentValue,analogValue_13,analogValue,,,,,,,,,,0.55013585,,,,
2026-04-22 14:33:00+00:00,presentValue,analogValue_13,analogValue,,,,,,,,,,0.55040246,,,,
2026-04-22 14:34:00+00:00,presentValue,analogValue_13,analogValue,,,,,,,,,,-1.0,,,,
2026-04-22 14:35:00+00:00,presentValue,analogValue_13,analogValue,,,,,,,,,,0.5500472,,,,
2026-04-22 14:36:00+00:00,presentValue,analogValue_13,analogValue,,,,,,,,,,0.5383686,,,,
2026-04-22 14:37:00+00:00,presentValue,analogValue_13,analogValue,,,,,,,,,,0.41860756,,,,
2026-04-22 14:38:00+00:00,presentValue,analogValue_13,analogValue,,,,,,,,,,0.5492478,,,,
2026-04-22 14:39:00+00:00,presentValue,analogValue_13,analogValue,,,,,,,,,,0.5514237,,,,
2026-04-22 14:40:00+00:00,presentValue,analogValue_13,analogValue,,,,,,,,,,0.5526226,,,,
2026-04-22 14:41:00+00:00,presentValue,analogValue_13,analogValue,,,,,,,,,,0.5517345,,,,
2026-04-22 14:42:00+00:00,presentValue,analogValue_13,analogValue,,,,,,,,,,0.5549319,,,,
2026-04-22 14:43:00+00:00,presentValue,analogValue_13,analogValue,,,,,,,,,,0.5486262,,,,
2026-04-22 14:44:00+00:00,presentValue,analogValue_13,analogValue,,,,,,,,,,0.55022484,,,,
2026-04-22 14:45:00+00:00,presentValue,analogValue_13,analogValue,,,,,,,,,,0.5497808,,,,
2026-04-22 14:46:00+00:00,presentValue,analogValue_13,analogValue,,,,,,,,,,0.55084646,,,,
2026-04-22 14:47:00+00:00,presentValue,analogValue_13,analogValue,,,,,,,,,,0.55040246,,,,
2026-04-22 14:48:00+00:00,presentValue,analogValue_13,analogValue,,,,,,,,,,0.54893696,,,,
2026-04-22 14:49:00+00:00,presentValue,analogValue_13,analogValue,,,,,,,,,,0.55146825,,,,
2026-04-22 14:50:00+00:00,presentValue,analogValue_13,analogValue,,,,,,,,,,0.5479601,,,,
2026-04-22 14:51:00+00:00,presentValue,analogValue_13,analogValue,,,,,,,,,,0.55040246,,,,
2026-04-22 14:52:00+00:00,presentValue,analogValue_13,analogValue,,,,,,,,,,0.54649466,,,,
2026-04-22 14:53:00+00:00,presentValue,analogValue_13,analogValue,,,,,,,,,,0.5478713,,,,
2026-04-22 14:54:00+00:00,presentValue,analogValue_13,analogValue,,,,,,,,,,0.54898137,,,,
2026-04-22 14:55:00+00:00,presentValue,analogValue_13,analogValue,,,,,,,,,,0.54898137,,,,
2026-04-22 14:56:00+00:00,presentValue,analogValue_13,analogValue,,,,,,,,,,0.54445213,,,,
2026-04-22 14:57:00+00:00,presentValue,analogValue_13,analogValue,,,,,,,,,,0.5473829,,,,
2026-04-22 14:58:00+00:00,presentValue,analogValue_13,analogValue,,,,,,,,,,0.54822654,,,,
2026-04-22 14:59:00+00:00,presentValue,analogValue_13,analogValue,,,,,,,,,,0.5456954,,,,
2026-04-22 15:00:00+00:00,presentValue,analogValue_13,analogValue,,,,,,,,,,0.5462728,,,,
2026-04-22 15:01:00+00:00,presentValue,analogValue_13,analogValue,,,,,,,,,,0.54507375,,,,
2026-04-22 15:02:00+00:00,presentValue,analogValue_13,analogValue,,,,,,,,,,0.54320884,,,,
2026-04-22 15:03:00+00:00,presentValue,analogValue_13,analogValue,,,,,,,,,,0.54272026,,,,
2026-04-22 15:04:00+00:00,presentValue,analogValue_13,analogValue,,,,,,,,,,0.54400796,,,,
2026-04-22 15:05:00+00:00,presentValue,analogValue_13,analogValue,,,,,,,,,,0.54773796,,,,
2026-04-22 15:06:00+00:00,presentValue,analogValue_13,analogValue,,,,,,,,,,0.54587305,,,,
2026-04-22 15:07:00+00:00,presentValue,analogValue_13,analogValue,,,,,,,,,,0.54454094,,,,
2026-04-22 15:08:00+00:00,presentValue,analogValue_13,analogValue,,,,,,,,,,0.54311985,,,,
2026-04-22 15:09:00+00:00,presentValue,analogValue_13,analogValue,,,,,,,,,,0.54147696,,,,
2026-04-22 15:10:00+00:00,presentValue,analogValue_13,analogValue,,,,,,,,,,0.54280907,,,,
2026-04-22 15:11:00+00:00,presentValue,analogValue_13,analogValue,,,,,,,,,,0.54378605,,,,
2026-04-22 15:12:00+00:00,presentValue,analogValue_13,analogValue,,,,,,,,,,0.54018927,,,,
2026-04-22 15:13:00+00:00,presentValue,analogValue_13,analogValue,,,,,,,,,,0.5422762,,,,
2026-04-22 15:14:00+00:00,presentValue,analogValue_13,analogValue,,,,,,,,,,0.53930104,,,,
2026-04-22 15:15:00+00:00,presentValue,analogValue_13,analogValue,,,,,,,,,,0.5412548,,,,
2026-04-22 15:16:00+00:00,presentValue,analogValue_13,analogValue,,,,,,,,,,0.53885704,,,,
2026-04-22 15:17:00+00:00,presentValue,analogValue_13,analogValue,,,,,,,,,,0.5397453,,,,
2026-04-22 15:18:00+00:00,presentValue,analogValue_13,analogValue,,,,,,,,,,0.53876823,,,,
2026-04-22 15:19:00+00:00,presentValue,analogValue_13,analogValue,,,,,,,,,,0.54010046,,,,
2026-04-22 15:20:00+00:00,presentValue,analogValue_13,analogValue,,,,,,,,,,0.54010046,,,,
2026-04-22 15:21:00+00:00,presentValue,analogValue_13,analogValue,,,,,,,,,,0.5385017,,,,
2026-04-22 15:22:00+00:00,presentValue,analogValue_13,analogValue,,,,,,,,,,0.5385017,,,,
2026-04-22 15:23:00+00:00,presentValue,analogValue_13,analogValue,,,,,,,,,,0.538635,,,,
2026-04-22 15:24:00+00:00,presentValue,analogValue_13,analogValue,,,,,,,,,,0.53814644,,,,
2026-04-22 15:25:00+00:00,presentValue,analogValue_13,analogValue,,,,,,,,,,0.54058874,,,,
2026-04-22 15:26:00+00:00,presentValue,analogValue_13,analogValue,,,,,,,,,,0.5485374,,,,
2026-04-22 15:27:00+00:00,presentValue,analogValue_13,analogValue,,,,,,,,,,0.5555535,,,,
2026-04-22 15:28:00+00:00,presentValue,analogValue_13,analogValue,,,,,,,,,,0.5726494,,,,
2026-04-22 15:29:00+00:00,presentValue,analogValue_13,analogValue,,,,,,,,,,0.61532295,,,,
2026-04-22 15:30:00+00:00,presentValue,analogValue_13,analogValue,,,,,,,,,,0.5827294,,,,
2026-04-22 15:31:00+00:00,presentValue,analogValue_13,analogValue,,,,,,,,,,0.6753588,,,,
2026-04-22 15:32:00+00:00,presentValue,analogValue_13,analogValue,,,,,,,,,,0.6985386,,,,
2026-04-22 15:33:00+00:00,presentValue,analogValue_13,analogValue,,,,,,,,,,0.7576418,,,,
2026-04-22 15:34:00+00:00,presentValue,analogValue_13,analogValue,,,,,,,,,,0.7911234,,,,
2026-04-22 15:35:00+00:00,presentValue,analogValue_13,analogValue,,,,,,,,,,0.84827304,,,,
2026-04-22 15:36:00+00:00,presentValue,analogValue_13,analogValue,,,,,,,,,,0.89569783,,,,
2026-04-22 15:37:00+00:00,presentValue,analogValue_13,analogValue,,,,,,,,,,0.9493395,,,,
2026-04-22 15:38:00+00:00,presentValue,analogValue_13,analogValue,,,,,,,,,,1.0004057,,,,
2026-04-22 15:39:00+00:00,presentValue,analogValue_13,analogValue,,,,,,,,,,1.0543134,,,,
2026-04-22 15:40:00+00:00,presentValue,analogValue_13,analogValue,,,,,,,,,,1.110353,,,,
2026-04-22 15:41:00+00:00,presentValue,analogValue_13,analogValue,,,,,,,,,,1.1698116,,,,
2026-04-22 15:42:00+00:00,presentValue,analogValue_13,analogValue,,,,,,,,,,1.2316682,,,,
2026-04-22 15:43:00+00:00,presentValue,analogValue_13,analogValue,,,,,,,,,,1.292681,,,,
2026-04-22 15:44:00+00:00,presentValue,analogValue_13,analogValue,,,,,,,,,,1.3362873,,,,
2026-04-22 15:45:00+00:00,presentValue,analogValue_13,analogValue,,,,,,,,,,1.4207458,,,,
2026-04-22 15:46:00+00:00,presentValue,analogValue_13,analogValue,,,,,,,,,,1.5033398,,,,
2026-04-22 15:47:00+00:00,presentValue,analogValue_13,analogValue,,,,,,,,,,1.5635977,,,,
2026-04-22 15:48:00+00:00,presentValue,analogValue_13,analogValue,,,,,,,,,,1.6358005,,,,
2026-04-22 15:49:00+00:00,presentValue,analogValue_13,analogValue,,,,,,,,,,1.7139093,,,,
2026-04-22 15:50:00+00:00,presentValue,analogValue_13,analogValue,,,,,,,,,,1.7894872,,,,
2026-04-22 15:51:00+00:00,presentValue,analogValue_13,analogValue,,,,,,,,,,1.8628448,,,,
2026-04-22 15:52:00+00:00,presentValue,analogValue_13,analogValue,,,,,,,,,,1.9005004,,,,
2026-04-22 15:53:00+00:00,presentValue,analogValue_13,analogValue,,,,,,,,,,2.020217,,,,
2026-04-22 15:54:00+00:00,presentValue,analogValue_13,analogValue,,,,,,,,,,2.1054754,,,,
2026-04-22 15:55:00+00:00,presentValue,analogValue_13,analogValue,,,,,,,,,,2.189224,,,,
2026-04-22 15:56:00+00:00,presentValue,analogValue_13,analogValue,,,,,,,,,,2.2789223,,,,
2026-04-22 15:57:00+00:00,presentValue,analogValue_13,analogValue,,,,,,,,,,2.3724399,,,,
2026-04-22 15:58:00+00:00,presentValue,analogValue_13,analogValue,,,,,,,,,,2.4676003,,,,
2026-04-22 15:59:00+00:00,presentValue,analogValue_13,analogValue,,,,,,,,,,2.5592084,,,,
2026-04-22 16:00:00+00:00,presentValue,analogValue_13,analogValue,,,,,,,,,,2.6179569,,,,
2026-04-22 16:01:00+00:00,presentValue,analogValue_13,analogValue,,,,,,,,,,2.6942003,,,,
2026-04-22 16:02:00+00:00,presentValue,analogValue_13,analogValue,,,,,,,,,,2.7226195,,,,
2026-04-22 16:03:00+00:00,presentValue,analogValue_13,analogValue,,,,,,,,,,2.7395382,,,,
2026-04-22 16:04:00+00:00,presentValue,analogValue_13,analogValue,,,,,,,,,,2.7410038,,,,
2026-04-22 16:05:00+00:00,presentValue,analogValue_13,analogValue,,,,,,,,,,2.7443786,,,,
2026-04-22 16:06:00+00:00,presentValue,analogValue_13,analogValue,,,,,,,,,,2.7375846,,,,
2026-04-22 16:07:00+00:00,presentValue,analogValue_13,analogValue,,,,,,,,,,2.7409148,,,,
2026-04-22 16:08:00+00:00,presentValue,analogValue_13,analogValue,,,,,,,,,,2.7640502,,,,
2026-04-22 16:09:00+00:00,presentValue,analogValue_13,analogValue,,,,,,,,,,2.7567232,,,,
2026-04-22 16:10:00+00:00,presentValue,analogValue_13,analogValue,,,,,,,,,,2.7348757,,,,
2026-04-22 16:11:00+00:00,presentValue,analogValue_13,analogValue,,,,,,,,,,2.7446446,,,,
2026-04-22 16:12:00+00:00,presentValue,analogValue_13,analogValue,,,,,,,,,,2.754725,,,,
2026-04-22 16:13:00+00:00,presentValue,analogValue_13,analogValue,,,,,,,,,,2.7587214,,,,
2026-04-22 16:14:00+00:00,presentValue,analogValue_13,analogValue,,,,,,,,,,2.7569005,,,,
2026-04-22 16:15:00+00:00,presentValue,analogValue_13,analogValue,,,,,,,,,,2.745444,,,,
2026-04-22 16:16:00+00:00,presentValue,analogValue_13,analogValue,,,,,,,,,,2.747309,,,,
2026-04-22 16:17:00+00:00,presentValue,analogValue_13,analogValue,,,,,,,,,,2.7321227,,,,
2026-04-22 16:18:00+00:00,presentValue,analogValue_13,analogValue,,,,,,,,,,2.7253728,,,,
2026-04-22 16:19:00+00:00,presentValue,analogValue_13,analogValue,,,,,,,,,,2.7379396,,,,
2026-04-22 16:20:00+00:00,presentValue,analogValue_13,analogValue,,,,,,,,,,2.74651,,,,
2026-04-22 16:21:00+00:00,presentValue,analogValue_13,analogValue,,,,,,,,,,2.736297,,,,
2026-04-22 16:22:00+00:00,presentValue,analogValue_13,analogValue,,,,,,,,,,2.7348757,,,,
2026-04-22 16:23:00+00:00,presentValue,analogValue_13,analogValue,,,,,,,,,,2.727904,,,,
2026-04-22 16:24:00+00:00,presentValue,analogValue_13,analogValue,,,,,,,,,,2.7406485,,,,
2026-04-22 16:25:00+00:00,presentValue,analogValue_13,analogValue,,,,,,,,,,2.7484636,,,,
2026-04-22 16:26:00+00:00,presentValue,analogValue_13,analogValue,,,,,,,,,,2.7606308,,,,
2026-04-22 16:27:00+00:00,presentValue,analogValue_13,analogValue,,,,,,,,,,2.718801,,,,
2026-04-22 16:28:00+00:00,presentValue,analogValue_13,analogValue,,,,,,,,,,2.7287476,,,,
2026-04-22 16:29:00+00:00,presentValue,analogValue_13,analogValue,,,,,,,,,,2.7091208,,,,
2026-04-22 16:30:00+00:00,presentValue,analogValue_13,analogValue,,,,,,,,,,2.7684016,,,,
2026-04-22 16:31:00+00:00,presentValue,analogValue_13,analogValue,,,,,,,,,,2.7463324,,,,
2026-04-22 16:32:00+00:00,presentValue,analogValue_13,analogValue,,,,,,,,,,2.7489965,,,,
2026-04-22 16:33:00+00:00,presentValue,analogValue_13,analogValue,,,,,,,,,,2.7524602,,,,
2026-04-22 16:34:00+00:00,presentValue,analogValue_13,analogValue,,,,,,,,,,2.7506838,,,,
2026-04-22 16:35:00+00:00,presentValue,analogValue_13,analogValue,,,,,,,,,,2.7581441,,,,
2026-04-22 16:36:00+00:00,presentValue,analogValue_13,analogValue,,,,,,,,,,2.7377176,,,,
2026-04-22 16:37:00+00:00,presentValue,analogValue_13,analogValue,,,,,,,,,,2.7528152,,,,
2026-04-22 16:38:00+00:00,presentValue,analogValue_13,analogValue,,,,,,,,,,2.730879,,,,
2026-04-22 16:39:00+00:00,presentValue,analogValue_13,analogValue,,,,,,,,,,2.631145,,,,
2026-04-22 16:40:00+00:00,presentValue,analogValue_13,analogValue,,,,,,,,,,2.732611,,,,
2026-04-22 16:41:00+00:00,presentValue,analogValue_13,analogValue,,,,,,,,,,2.7460656,,,,
2026-04-22 16:42:00+00:00,presentValue,analogValue_13,analogValue,,,,,,,,,,2.7604532,,,,
2026-04-22 16:43:00+00:00,presentValue,analogValue_13,analogValue,,,,,,,,,,2.760009,,,,
2026-04-22 16:44:00+00:00,presentValue,analogValue_13,analogValue,,,,,,,,,,2.7719095,,,,
2026-04-22 16:45:00+00:00,presentValue,analogValue_13,analogValue,,,,,,,,,,2.609164,,,,
2026-04-22 16:46:00+00:00,presentValue,analogValue_13,analogValue,,,,,,,,,,2.7628067,,,,
2026-04-22 16:47:00+00:00,presentValue,analogValue_13,analogValue,,,,,,,,,,2.7441118,,,,
2026-04-22 16:48:00+00:00,presentValue,analogValue_13,analogValue,,,,,,,,,,2.774663,,,,
2026-04-22 16:49:00+00:00,presentValue,analogValue_13,analogValue,,,,,,,,,,2.7641833,,,,
2026-04-22 16:50:00+00:00,presentValue,analogValue_13,analogValue,,,,,,,,,,2.762007,,,,
2026-04-22 16:51:00+00:00,presentValue,analogValue_13,analogValue,,,,,,,,,,2.7506838,,,,
2026-04-22 16:52:00+00:00,presentValue,analogValue_13,analogValue,,,,,,,,,,2.7647161,,,,
2026-04-22 16:53:00+00:00,presentValue,analogValue_13,analogValue,,,,,,,,,,2.7654707,,,,
2026-04-22 16:54:00+00:00,presentValue,analogValue_13,analogValue,,,,,,,,,,2.7607195,,,,
2026-04-22 16:55:00+00:00,presentValue,analogValue_13,analogValue,,,,,,,,,,2.6335874,,,,
2026-04-22 16:56:00+00:00,presentValue,analogValue_13,analogValue,,,,,,,,,,2.7007723,,,,
2026-04-22 16:57:00+00:00,presentValue,analogValue_13,analogValue,,,,,,,,,,2.6902928,,,,
2026-04-22 16:58:00+00:00,presentValue,analogValue_13,analogValue,,,,,,,,,,2.7344317,,,,
2026-04-22 16:59:00+00:00,presentValue,analogValue_13,analogValue,,,,,,,,,,2.724485,,,,
2026-04-22 17:00:00+00:00,presentValue,analogValue_13,analogValue,,,,,,,,,,2.7564566,,,,
2026-04-22 17:01:00+00:00,presentValue,analogValue_13,analogValue,,,,,,,,,,2.7608974,,,,
2026-04-22 17:02:00+00:00,presentValue,analogValue_13,analogValue,,,,,,,,,,2.761741,,,,
2026-04-22 17:03:00+00:00,presentValue,analogValue_13,analogValue,,,,,,,,,,2.7598314,,,,
2026-04-22 17:04:00+00:00,presentValue,analogValue_13,analogValue,,,,,,,,,,2.7492633,,,,
2026-04-22 17:05:00+00:00,presentValue,analogValue_13,analogValue,,,,,,,,,,2.754281,,,,
2026-04-22 17:06:00+00:00,presentValue,analogValue_13,analogValue,,,,,,,,,,2.773153,,,,
2026-04-22 17:07:00+00:00,presentValue,analogValue_13,analogValue,,,,,,,,,,2.7542365,,,,
2026-04-22 17:08:00+00:00,presentValue,analogValue_13,analogValue,,,,,,,,,,2.7468653,,,,
2026-04-22 17:09:00+00:00,presentValue,analogValue_13,analogValue,,,,,,,,,,2.7434902,,,,
2026-04-22 17:10:00+00:00,presentValue,analogValue_13,analogValue,,,,,,,,,,2.589759,,,,
2026-04-22 17:11:00+00:00,presentValue,analogValue_13,analogValue,,,,,,,,,,2.7252843,,,,
2026-04-22 17:12:00+00:00,presentValue,analogValue_13,analogValue,,,,,,,,,,2.7588546,,,,
2026-04-22 17:13:00+00:00,presentValue,analogValue_13,analogValue,,,,,,,,,,2.7442453,,,,
2026-04-22 17:14:00+00:00,presentValue,analogValue_13,analogValue,,,,,,,,,,2.7338989,,,,
2026-04-22 17:15:00+00:00,presentValue,analogValue_13,analogValue,,,,,,,,,,2.752993,,,,
2026-04-22 17:16:00+00:00,presentValue,analogValue_13,analogValue,,,,,,,,,,2.7559237,,,,
2026-04-22 17:17:00+00:00,presentValue,analogValue_13,analogValue,,,,,,,,,,2.7541475,,,,
2026-04-22 17:18:00+00:00,presentValue,analogValue_13,analogValue,,,,,,,,,,2.742558,,,,
2026-04-22 17:19:00+00:00,presentValue,analogValue_13,analogValue,,,,,,,,,,2.5746615,,,,
2026-04-22 17:20:00+00:00,presentValue,analogValue_13,analogValue,,,,,,,,,,2.7277267,,,,
2026-04-22 17:21:00+00:00,presentValue,analogValue_13,analogValue,,,,,,,,,,2.7397602,,,,
2026-04-22 17:22:00+00:00,presentValue,analogValue_13,analogValue,,,,,,,,,,2.7195556,,,,
2026-04-22 17:23:00+00:00,presentValue,analogValue_13,analogValue,,,,,,,,,,2.7550356,,,,
2026-04-22 17:24:00+00:00,presentValue,analogValue_13,analogValue,,,,,,,,,,2.7409148,,,,
2026-04-22 17:25:00+00:00,presentValue,analogValue_13,analogValue,,,,,,,,,,2.7397602,,,,
2026-04-22 17:26:00+00:00,presentValue,analogValue_13,analogValue,,,,,,,,,,2.7382507,,,,
2026-04-22 17:27:00+00:00,presentValue,analogValue_13,analogValue,,,,,,,,,,2.7442453,,,,
2026-04-22 17:28:00+00:00,presentValue,analogValue_13,analogValue,,,,,,,,,,2.6235962,,,,
2026-04-22 17:29:00+00:00,presentValue,analogValue_13,analogValue,,,,,,,,,,2.6625397,,,,
2026-04-22 17:30:00+00:00,presentValue,analogValue_13,analogValue,,,,,,,,,,2.661518,,,,
2026-04-22 17:31:00+00:00,presentValue,analogValue_13,analogValue,,,,,,,,,,2.733721,,,,
2026-04-22 17:32:00+00:00,presentValue,analogValue_13,analogValue,,,,,,,,,,2.7239523,,,,
2026-04-22 17:33:00+00:00,presentValue,analogValue_13,analogValue,,,,,,,,,,2.7211986,,,,
2026-04-22 17:34:00+00:00,presentValue,analogValue_13,analogValue,,,,,,,,,,2.708321,,,,
2026-04-22 17:35:00+00:00,presentValue,analogValue_13,analogValue,,,,,,,,,,2.7362077,,,,
2026-04-22 17:36:00+00:00,presentValue,analogValue_13,analogValue,,,,,,,,,,2.7254617,,,,
2026-04-22 17:37:00+00:00,presentValue,analogValue_13,analogValue,,,,,,,,,,2.7169359,,,,
2026-04-22 17:38:00+00:00,presentValue,analogValue_13,analogValue,,,,,,,,,,2.7281704,,,,
2026-04-22 17:39:00+00:00,presentValue,analogValue_13,analogValue,,,,,,,,,,2.720133,,,,
2026-04-22 17:40:00+00:00,presentValue,analogValue_13,analogValue,,,,,,,,,,2.72484,,,,
2026-04-22 17:41:00+00:00,presentValue,analogValue_13,analogValue,,,,,,,,,,2.731945,,,,
2026-04-22 17:42:00+00:00,presentValue,analogValue_13,analogValue,,,,,,,,,,2.5515707,,,,
2026-04-22 17:43:00+00:00,presentValue,analogValue_13,analogValue,,,,,,,,,,2.6649818,,,,
2026-04-22 17:44:00+00:00,presentValue,analogValue_13,analogValue,,,,,,,,,,2.611074,,,,
2026-04-22 17:45:00+00:00,presentValue,analogValue_13,analogValue,,,,,,,,,,2.7220428,,,,
2026-04-22 17:46:00+00:00,presentValue,analogValue_13,analogValue,,,,,,,,,,2.7107193,,,,
2026-04-22 17:47:00+00:00,presentValue,analogValue_13,analogValue,,,,,,,,,,2.7323446,,,,
2026-04-22 17:48:00+00:00,presentValue,analogValue_13,analogValue,,,,,,,,,,2.7354975,,,,
2026-04-22 17:49:00+00:00,presentValue,analogValue_13,analogValue,,,,,,,,,,2.7358527,,,,
2026-04-22 17:50:00+00:00,presentValue,analogValue_13,analogValue,,,,,,,,,,2.7062786,,,,
2026-04-22 17:51:00+00:00,presentValue,analogValue_13,analogValue,,,,,,,,,,2.7182682,,,,
2026-04-22 17:52:00+00:00,presentValue,analogValue_13,analogValue,,,,,,,,,,2.7328331,,,,
2026-04-22 17:53:00+00:00,presentValue,analogValue_13,analogValue,,,,,,,,,,2.7307906,,,,
2026-04-22 17:54:00+00:00,presentValue,analogValue_13,analogValue,,,,,,,,,,2.7190676,,,,
2026-04-22 17:55:00+00:00,presentValue,analogValue_13,analogValue,,,,,,,,,,2.7212431,,,,
2026-04-22 17:56:00+00:00,presentValue,analogValue_13,analogValue,,,,,,,,,,2.315823,,,,
2026-04-22 17:57:00+00:00,presentValue,analogValue_13,analogValue,,,,,,,,,,2.516668,,,,
2026-04-22 17:58:00+00:00,presentValue,analogValue_13,analogValue,,,,,,,,,,2.2029893,,,,
2026-04-22 17:59:00+00:00,presentValue,analogValue_13,analogValue,,,,,,,,,,2.1493478,,,,
2026-04-22 18:00:00+00:00,presentValue,analogValue_13,analogValue,,,,,,,,,,2.1133795,,,,
2026-04-22 18:01:00+00:00,presentValue,analogValue_13,analogValue,,,,,,,,,,1.9023653,,,,
2026-04-22 18:02:00+00:00,presentValue,analogValue_13,analogValue,,,,,,,,,,2.0847824,,,,
2026-04-22 18:03:00+00:00,presentValue,analogValue_13,analogValue,,,,,,,,,,1.9866467,,,,
2026-04-22 18:04:00+00:00,presentValue,analogValue_13,analogValue,,,,,,,,,,2.2221725,,,,
2026-04-22 18:05:00+00:00,presentValue,analogValue_13,analogValue,,,,,,,,,,2.1623583,,,,
2026-04-22 18:06:00+00:00,presentValue,analogValue_13,analogValue,,,,,,,,,,2.309651,,,,
2026-04-22 18:07:00+00:00,presentValue,analogValue_13,analogValue,,,,,,,,,,2.3143134,,,,
2026-04-22 18:08:00+00:00,presentValue,analogValue_13,analogValue,,,,,,,,,,2.4152465,,,,
2026-04-22 18:09:00+00:00,presentValue,analogValue_13,analogValue,,,,,,,,,,2.4579642,,,,
2026-04-22 18:10:00+00:00,presentValue,analogValue_13,analogValue,,,,,,,,,,2.540203,,,,
2026-04-22 18:11:00+00:00,presentValue,analogValue_13,analogValue,,,,,,,,,,2.576793,,,,
2026-04-22 18:12:00+00:00,presentValue,analogValue_13,analogValue,,,,,,,,,,2.6422462,,,,
2026-04-22 18:13:00+00:00,presentValue,analogValue_13,analogValue,,,,,,,,,,2.672442,,,,
2026-04-22 18:14:00+00:00,presentValue,analogValue_13,analogValue,,,,,,,,,,2.7116518,,,,
2026-04-22 18:15:00+00:00,presentValue,analogValue_13,analogValue,,,,,,,,,,2.7223978,,,,
2026-04-22 18:16:00+00:00,presentValue,analogValue_13,analogValue,,,,,,,,,,2.725595,,,,
2026-04-22 18:17:00+00:00,presentValue,analogValue_13,analogValue,,,,,,,,,,2.7180462,,,,
2026-04-22 18:18:00+00:00,presentValue,analogValue_13,analogValue,,,,,,,,,,2.7146268,,,,
2026-04-22 18:19:00+00:00,presentValue,analogValue_13,analogValue,,,,,,,,,,2.7264388,,,,
2026-04-22 18:20:00+00:00,presentValue,analogValue_13,analogValue,,,,,,,,,,2.7323,,,,
2026-04-22 18:21:00+00:00,presentValue,analogValue_13,analogValue,,,,,,,,,,2.7343874,,,,
2026-04-22 18:22:00+00:00,presentValue,analogValue_13,analogValue,,,,,,,,,,2.7284813,,,,
2026-04-22 18:23:00+00:00,presentValue,analogValue_13,analogValue,,,,,,,,,,2.725728,,,,
2026-04-22 18:24:00+00:00,presentValue,analogValue_13,analogValue,,,,,,,,,,2.7264388,,,,
2026-04-22 18:25:00+00:00,presentValue,analogValue_13,analogValue,,,,,,,,,,2.726927,,,,
2026-04-22 18:26:00+00:00,presentValue,analogValue_13,analogValue,,,,,,,,,,2.724396,,,,
2026-04-22 18:27:00+00:00,presentValue,analogValue_13,analogValue,,,,,,,,,,2.728437,,,,
2026-04-22 18:28:00+00:00,presentValue,analogValue_13,analogValue,,,,,,,,,,2.7228863,,,,
2026-04-22 18:29:00+00:00,presentValue,analogValue_13,analogValue,,,,,,,,,,2.7224422,,,,
2026-04-22 18:30:00+00:00,presentValue,analogValue_13,analogValue,,,,,,,,,,2.7261279,,,,
2026-04-22 18:31:00+00:00,presentValue,analogValue_13,analogValue,,,,,,,,,,2.723064,,,,
2026-04-22 18:32:00+00:00,presentValue,analogValue_13,analogValue,,,,,,,,,,2.7120068,,,,
2026-04-22 18:33:00+00:00,presentValue,analogValue_13,analogValue,,,,,,,,,,2.7166696,,,,
2026-04-22 18:34:00+00:00,presentValue,analogValue_13,analogValue,,,,,,,,,,2.720133,,,,
2026-04-22 18:35:00+00:00,presentValue,analogValue_13,analogValue,,,,,,,,,,2.7252843,,,,
2026-04-22 18:36:00+00:00,presentValue,analogValue_13,analogValue,,,,,,,,,,2.5197766,,,,
2026-04-22 18:37:00+00:00,presentValue,analogValue_13,analogValue,,,,,,,,,,2.6769269,,,,
2026-04-22 18:38:00+00:00,presentValue,analogValue_13,analogValue,,,,,,,,,,2.5977523,,,,
2026-04-22 18:39:00+00:00,presentValue,analogValue_13,analogValue,,,,,,,,,,2.7041469,,,,
2026-04-22 18:40:00+00:00,presentValue,analogValue_13,analogValue,,,,,,,,,,2.6644487,,,,
2026-04-22 18:41:00+00:00,presentValue,analogValue_13,analogValue,,,,,,,,,,2.7061014,,,,
2026-04-22 18:42:00+00:00,presentValue,analogValue_13,analogValue,,,,,,,,,,2.6885164,,,,
2026-04-22 18:43:00+00:00,presentValue,analogValue_13,analogValue,,,,,,,,,,2.7116077,,,,
2026-04-22 18:44:00+00:00,presentValue,analogValue_13,analogValue,,,,,,,,,,2.7058787,,,,
2026-04-22 18:45:00+00:00,presentValue,analogValue_13,analogValue,,,,,,,,,,2.709387,,,,
2026-04-22 18:46:00+00:00,presentValue,analogValue_13,analogValue,,,,,,,,,,2.7179575,,,,
2026-04-22 18:47:00+00:00,presentValue,analogValue_13,analogValue,,,,,,,,,,2.7076106,,,,
2026-04-22 18:48:00+00:00,presentValue,analogValue_13,analogValue,,,,,,,,,,2.7059677,,,,
2026-04-22 18:49:00+00:00,presentValue,analogValue_13,analogValue,,,,,,,,,,2.7129397,,,,
2026-04-22 18:50:00+00:00,presentValue,analogValue_13,analogValue,,,,,,,,,,2.7079217,,,,
2026-04-22 18:51:00+00:00,presentValue,analogValue_13,analogValue,,,,,,,,,,2.7122293,,,,
2026-04-22 18:52:00+00:00,presentValue,analogValue_13,analogValue,,,,,,,,,,2.7009058,,,,
2026-04-22 18:53:00+00:00,presentValue,analogValue_13,analogValue,,,,,,,,,,2.7061899,,,,
2026-04-22 18:54:00+00:00,presentValue,analogValue_13,analogValue,,,,,,,,,,2.696998,,,,
2026-04-22 18:55:00+00:00,presentValue,analogValue_13,analogValue,,,,,,,,,,2.4678223,,,,
2026-04-22 18:56:00+00:00,presentValue,analogValue_13,analogValue,,,,,,,,,,2.6554346,,,,
2026-04-22 18:57:00+00:00,presentValue,analogValue_13,analogValue,,,,,,,,,,2.5617397,,,,
2026-04-22 18:58:00+00:00,presentValue,analogValue_13,analogValue,,,,,,,,,,2.6421576,,,,
2026-04-22 18:59:00+00:00,presentValue,analogValue_13,analogValue,,,,,,,,,,2.6080098,,,,
2026-04-22 19:00:00+00:00,presentValue,analogValue_13,analogValue,,,,,,,,,,2.6409142,,,,
2026-04-22 19:01:00+00:00,presentValue,analogValue_13,analogValue,,,,,,,,,,2.632655,,,,
2026-04-22 19:02:00+00:00,presentValue,analogValue_13,analogValue,,,,,,,,,,2.6379833,,,,
2026-04-22 19:03:00+00:00,presentValue,analogValue_13,analogValue,,,,,,,,,,2.6355853,,,,
2026-04-22 19:04:00+00:00,presentValue,analogValue_13,analogValue,,,,,,,,,,2.6413584,,,,
2026-04-22 19:05:00+00:00,presentValue,analogValue_13,analogValue,,,,,,,,,,2.6389606,,,,
2026-04-22 19:06:00+00:00,presentValue,analogValue_13,analogValue,,,,,,,,,,2.6348748,,,,
2026-04-22 19:07:00+00:00,presentValue,analogValue_13,analogValue,,,,,,,,,,2.6328323,,,,
2026-04-22 19:08:00+00:00,presentValue,analogValue_13,analogValue,,,,,,,,,,2.6284807,,,,
2026-04-22 19:09:00+00:00,presentValue,analogValue_13,analogValue,,,,,,,,,,2.6230633,,,,
2026-04-22 19:10:00+00:00,presentValue,analogValue_13,analogValue,,,,,,,,,,2.6224418,,,,
2026-04-22 19:11:00+00:00,presentValue,analogValue_13,analogValue,,,,,,,,,,2.6108959,,,,
2026-04-22 19:12:00+00:00,presentValue,analogValue_13,analogValue,,,,,,,,,,2.611429,,,,
2026-04-22 19:13:00+00:00,presentValue,analogValue_13,analogValue,,,,,,,,,,2.6022813,,,,
2026-04-22 19:14:00+00:00,presentValue,analogValue_13,analogValue,,,,,,,,,,2.5951767,,,,
2026-04-22 19:15:00+00:00,presentValue,analogValue_13,analogValue,,,,,,,,,,2.587095,,,,
2026-04-22 19:16:00+00:00,presentValue,analogValue_13,analogValue,,,,,,,,,,2.5798125,,,,
2026-04-22 19:17:00+00:00,presentValue,analogValue_13,analogValue,,,,,,,,,,2.5780807,,,,
2026-04-22 19:18:00+00:00,presentValue,analogValue_13,analogValue,,,,,,,,,,2.57626,,,,
2026-04-22 19:19:00+00:00,presentValue,analogValue_13,analogValue,,,,,,,,,,2.4973962,,,,
2026-04-22 19:20:00+00:00,presentValue,analogValue_13,analogValue,,,,,,,,,,2.4187992,,,,
2026-04-22 19:21:00+00:00,presentValue,analogValue_13,analogValue,,,,,,,,,,2.4104507,,,,
2026-04-22 19:22:00+00:00,presentValue,analogValue_13,analogValue,,,,,,,,,,2.4524581,,,,
2026-04-22 19:23:00+00:00,presentValue,analogValue_13,analogValue,,,,,,,,,,2.4299002,,,,
2026-04-22 19:24:00+00:00,presentValue,analogValue_13,analogValue,,,,,,,,,,2.4576092,,,,
2026-04-22 19:25:00+00:00,presentValue,analogValue_13,analogValue,,,,,,,,,,2.4506817,,,,
2026-04-22 19:26:00+00:00,presentValue,analogValue_13,analogValue,,,,,,,,,,2.4747498,,,,
2026-04-22 19:27:00+00:00,presentValue,analogValue_13,analogValue,,,,,,,,,,2.4635592,,,,
2026-04-22 19:28:00+00:00,presentValue,analogValue_13,analogValue,,,,,,,,,,2.4805667,,,,
2026-04-22 19:29:00+00:00,presentValue,analogValue_13,analogValue,,,,,,,,,,2.479412,,,,
2026-04-22 19:30:00+00:00,presentValue,analogValue_13,analogValue,,,,,,,,,,2.479412,,,,
2026-04-22 19:31:00+00:00,presentValue,analogValue_13,analogValue,,,,,,,,,,2.4822097,,,,
2026-04-22 19:32:00+00:00,presentValue,analogValue_13,analogValue,,,,,,,,,,2.4846075,,,,
2026-04-22 19:33:00+00:00,presentValue,analogValue_13,analogValue,,,,,,,,,,2.4840746,,,,
2026-04-22 19:34:00+00:00,presentValue,analogValue_13,analogValue,,,,,,,,,,2.487272,,,,
2026-04-22 19:35:00+00:00,presentValue,analogValue_13,analogValue,,,,,,,,,,2.4841635,,,,
2026-04-22 19:36:00+00:00,presentValue,analogValue_13,analogValue,,,,,,,,,,2.4813213,,,,
2026-04-22 19:37:00+00:00,presentValue,analogValue_13,analogValue,,,,,,,,,,2.4784799,,,,
2026-04-22 19:38:00+00:00,presentValue,analogValue_13,analogValue,,,,,,,,,,2.4720852,,,,
2026-04-22 19:39:00+00:00,presentValue,analogValue_13,analogValue,,,,,,,,,,2.4743946,,,,
2026-04-22 19:40:00+00:00,presentValue,analogValue_13,analogValue,,,,,,,,,,2.4671118,,,,
2026-04-22 19:41:00+00:00,presentValue,analogValue_13,analogValue,,,,,,,,,,2.4667568,,,,
2026-04-22 19:42:00+00:00,presentValue,analogValue_13,analogValue,,,,,,,,,,2.4554775,,,,
2026-04-22 19:43:00+00:00,presentValue,analogValue_13,analogValue,,,,,,,,,,2.4467742,,,,
2026-04-22 19:44:00+00:00,presentValue,analogValue_13,analogValue,,,,,,,,,,2.440735,,,,
2026-04-22 19:45:00+00:00,presentValue,analogValue_13,analogValue,,,,,,,,,,2.4304333,,,,
2026-04-22 19:46:00+00:00,presentValue,analogValue_13,analogValue,,,,,,,,,,2.4224846,,,,
2026-04-22 19:47:00+00:00,presentValue,analogValue_13,analogValue,,,,,,,,,,2.4101844,,,,
2026-04-22 19:48:00+00:00,presentValue,analogValue_13,analogValue,,,,,,,,,,2.3995714,,,,
2026-04-22 19:49:00+00:00,presentValue,analogValue_13,analogValue,,,,,,,,,,2.3917117,,,,
2026-04-22 19:50:00+00:00,presentValue,analogValue_13,analogValue,,,,,,,,,,2.3722622,,,,
2026-04-22 19:51:00+00:00,presentValue,analogValue_13,analogValue,,,,,,,,,,2.357653,,,,
2026-04-22 19:52:00+00:00,presentValue,analogValue_13,analogValue,,,,,,,,,,2.3444643,,,,
2026-04-22 19:53:00+00:00,presentValue,analogValue_13,analogValue,,,,,,,,,,2.3339403,,,,
2026-04-22 19:54:00+00:00,presentValue,analogValue_13,analogValue,,,,,,,,,,2.3205743,,,,
2026-04-22 19:55:00+00:00,presentValue,analogValue_13,analogValue,,,,,,,,,,-1.0,,,,
2026-04-22 19:56:00+00:00,presentValue,analogValue_13,analogValue,,,,,,,,,,2.293443,,,,
2026-04-22 19:57:00+00:00,presentValue,analogValue_13,analogValue,,,,,,,,,,2.2762582,,,,
2026-04-22 19:58:00+00:00,presentValue,analogValue_13,analogValue,,,,,,,,,,2.2625365,,,,
2026-04-22 19:59:00+00:00,presentValue,analogValue_13,analogValue,,,,,,,,,,2.2484603,,,,
2026-04-22 20:00:00+00:00,presentValue,analogValue_13,analogValue,,,,,,,,,,2.2342508,,,,
2026-04-22 20:01:00+00:00,presentValue,analogValue_13,analogValue,,,,,,,,,,2.2187088,,,,
2026-04-22 20:02:00+00:00,presentValue,analogValue_13,analogValue,,,,,,,,,,2.2038329,,,,
2026-04-22 20:03:00+00:00,presentValue,analogValue_13,analogValue,,,,,,,,,,2.1876693,,,,
2026-04-22 20:04:00+00:00,presentValue,analogValue_13,analogValue,,,,,,,,,,2.1770566,,,,
2026-04-22 20:05:00+00:00,presentValue,analogValue_13,analogValue,,,,,,,,,,2.1636462,,,,
2026-04-22 20:06:00+00:00,presentValue,analogValue_13,analogValue,,,,,,,,,,2.1495697,,,,
2026-04-22 20:07:00+00:00,presentValue,analogValue_13,analogValue,,,,,,,,,,2.1338947,,,,
2026-04-22 20:08:00+00:00,presentValue,analogValue_13,analogValue,,,,,,,,,,2.1214168,,,,
2026-04-22 20:09:00+00:00,presentValue,analogValue_13,analogValue,,,,,,,,,,2.1024115,,,,
2026-04-22 20:10:00+00:00,presentValue,analogValue_13,analogValue,,,,,,,,,,2.0905554,,,,
2026-04-22 20:11:00+00:00,presentValue,analogValue_13,analogValue,,,,,,,,,,2.0674644,,,,
2026-04-22 20:12:00+00:00,presentValue,analogValue_13,analogValue,,,,,,,,,,2.0492585,,,,
2026-04-22 20:13:00+00:00,presentValue,analogValue_13,analogValue,,,,,,,,,,2.0391338,,,,
2026-04-22 20:14:00+00:00,presentValue,analogValue_13,analogValue,,,,,,,,,,2.0195954,,,,
2026-04-22 20:15:00+00:00,presentValue,analogValue_13,analogValue,,,,,,,,,,2.0044088,,,,
2026-04-22 20:16:00+00:00,presentValue,analogValue_13,analogValue,,,,,,,,,,1.982517,,,,
2026-04-22 20:17:00+00:00,presentValue,analogValue_13,analogValue,,,,,,,,,,1.964977,,,,
2026-04-22 20:18:00+00:00,presentValue,analogValue_13,analogValue,,,,,,,,,,1.955563,,,,
2026-04-22 20:19:00+00:00,presentValue,analogValue_13,analogValue,,,,,,,,,,1.9484582,,,,
2026-04-22 20:20:00+00:00,presentValue,analogValue_13,analogValue,,,,,,,,,,1.9187067,,,,
2026-04-22 20:21:00+00:00,presentValue,analogValue_13,analogValue,,,,,,,,,,1.7345135,,,,
2026-04-22 20:22:00+00:00,presentValue,analogValue_13,analogValue,,,,,,,,,,1.7736789,,,,
2026-04-22 20:23:00+00:00,presentValue,analogValue_13,analogValue,,,,,,,,,,1.7145312,,,,
2026-04-22 20:24:00+00:00,presentValue,analogValue_13,analogValue,,,,,,,,,,1.7091137,,,,
2026-04-22 20:25:00+00:00,presentValue,analogValue_13,analogValue,,,,,,,,,,1.70081,,,,
2026-04-22 20:26:00+00:00,presentValue,analogValue_13,analogValue,,,,,,,,,,1.675188,,,,
2026-04-22 20:27:00+00:00,presentValue,analogValue_13,analogValue,,,,,,,,,,1.6674615,,,,
2026-04-22 20:28:00+00:00,presentValue,analogValue_13,analogValue,,,,,,,,,,1.6411737,,,,
2026-04-22 20:29:00+00:00,presentValue,analogValue_13,analogValue,,,,,,,,,,1.635845,,,,
2026-04-22 20:30:00+00:00,presentValue,analogValue_13,analogValue,,,,,,,,,,1.6119549,,,,
2026-04-22 20:31:00+00:00,presentValue,analogValue_13,analogValue,,,,,,,,,,1.6044949,,,,
2026-04-22 20:32:00+00:00,presentValue,analogValue_13,analogValue,,,,,,,,,,1.5839797,,,,
2026-04-22 20:33:00+00:00,presentValue,analogValue_13,analogValue,,,,,,,,,,1.5689706,,,,
2026-04-22 20:34:00+00:00,presentValue,analogValue_13,analogValue,,,,,,,,,,1.5482779,,,,
2026-04-22 20:35:00+00:00,presentValue,analogValue_13,analogValue,,,,,,,,,,1.536022,,,,
2026-04-22 20:36:00+00:00,presentValue,analogValue_13,analogValue,,,,,,,,,,1.516217,,,,
2026-04-22 20:37:00+00:00,presentValue,analogValue_13,analogValue,,,,,,,,,,1.503695,,,,
2026-04-22 20:38:00+00:00,presentValue,analogValue_13,analogValue,,,,,,,,,,1.4867767,,,,
2026-04-22 20:39:00+00:00,presentValue,analogValue_13,analogValue,,,,,,,,,,1.4675491,,,,
2026-04-22 20:40:00+00:00,presentValue,analogValue_13,analogValue,,,,,,,,,,1.4560037,,,,
2026-04-22 20:41:00+00:00,presentValue,analogValue_13,analogValue,,,,,,,,,,1.4359326,,,,
2026-04-22 20:42:00+00:00,presentValue,analogValue_13,analogValue,,,,,,,,,,1.4224331,,,,
2026-04-22 20:43:00+00:00,presentValue,analogValue_13,analogValue,,,,,,,,,,1.4050708,,,,
2026-04-22 20:44:00+00:00,presentValue,analogValue_13,analogValue,,,,,,,,,,1.396545,,,,
2026-04-22 20:45:00+00:00,presentValue,analogValue_13,analogValue,,,,,,,,,,1.3691025,,,,
2026-04-22 20:46:00+00:00,presentValue,analogValue_13,analogValue,,,,,,,,,,1.3505856,,,,
2026-04-22 20:47:00+00:00,presentValue,analogValue_13,analogValue,,,,,,,,,,1.3361984,,,,
2026-04-22 20:48:00+00:00,presentValue,analogValue_13,analogValue,,,,,,,,,,1.3218554,,,,
2026-04-22 20:49:00+00:00,presentValue,analogValue_13,analogValue,,,,,,,,,,1.3040932,,,,
2026-04-22 20:50:00+00:00,presentValue,analogValue_13,analogValue,,,,,,,,,,1.2851322,,,,
2026-04-22 20:51:00+00:00,presentValue,analogValue_13,analogValue,,,,,,,,,,1.2656827,,,,
2026-04-22 20:52:00+00:00,presentValue,analogValue_13,analogValue,,,,,,,,,,1.248187,,,,
2026-04-22 20:53:00+00:00,presentValue,analogValue_13,analogValue,,,,,,,,,,1.2338886,,,,
2026-04-22 20:54:00+00:00,presentValue,analogValue_13,analogValue,,,,,,,,,,1.2152382,,,,
2026-04-22 20:55:00+00:00,presentValue,analogValue_13,analogValue,,,,,,,,,,1.1982753,,,,
2026-04-22 20:56:00+00:00,presentValue,analogValue_13,analogValue,,,,,,,,,,1.1777602,,,,
2026-04-22 20:57:00+00:00,presentValue,analogValue_13,analogValue,,,,,,,,,,1.1551135,,,,
2026-04-22 20:58:00+00:00,presentValue,analogValue_13,analogValue,,,,,,,,,,1.1316231,,,,
2026-04-22 20:59:00+00:00,presentValue,analogValue_13,analogValue,,,,,,,,,,1.1049356,,,,
2026-04-22 21:00:00+00:00,presentValue,analogValue_13,analogValue,,,,,,,,,,1.0825108,,,,
2026-04-22 21:01:00+00:00,presentValue,analogValue_13,analogValue,,,,,,,,,,1.0586652,,,,
2026-04-22 21:02:00+00:00,presentValue,analogValue_13,analogValue,,,,,,,,,,1.0301126,,,,
2026-04-22 21:03:00+00:00,presentValue,analogValue_13,analogValue,,,,,,,,,,1.0164803,,,,
2026-04-22 21:04:00+00:00,presentValue,analogValue_13,analogValue,,,,,,,,,,0.9901923,,,,
2026-04-22 21:05:00+00:00,presentValue,analogValue_13,analogValue,,,,,,,,,,0.9711425,,,,
2026-04-22 21:06:00+00:00,presentValue,analogValue_13,analogValue,,,,,,,,,,0.9524479,,,,
2026-04-22 21:07:00+00:00,presentValue,analogValue_13,analogValue,,,,,,,,,,0.9251385,,,,
2026-04-22 21:08:00+00:00,presentValue,analogValue_13,analogValue,,,,,,,,,,0.9138152,,,,
2026-04-22 21:09:00+00:00,presentValue,analogValue_13,analogValue,,,,,,,,,,0.8925008,,,,
2026-04-22 21:10:00+00:00,presentValue,analogValue_13,analogValue,,,,,,,,,,0.879712,,,,
2026-04-22 21:11:00+00:00,presentValue,analogValue_13,analogValue,,,,,,,,,,0.8480065,,,,
2026-04-22 21:12:00+00:00,presentValue,analogValue_13,analogValue,,,,,,,,,,0.8290012,,,,
2026-04-22 21:13:00+00:00,presentValue,analogValue_13,analogValue,,,,,,,,,,0.8063544,,,,
2026-04-22 21:14:00+00:00,presentValue,analogValue_13,analogValue,,,,,,,,,,0.79405415,,,,
2026-04-22 21:15:00+00:00,presentValue,analogValue_13,analogValue,,,,,,,,,,0.7615052,,,,
2026-04-22 21:16:00+00:00,presentValue,analogValue_13,analogValue,,,,,,,,,,0.7400573,,,,
2026-04-22 21:17:00+00:00,presentValue,analogValue_13,analogValue,,,,,,,,,,0.7459632,,,,
2026-04-22 21:18:00+00:00,presentValue,analogValue_13,analogValue,,,,,,,,,,0.7237162,,,,
2026-04-22 21:19:00+00:00,presentValue,analogValue_13,analogValue,,,,,,,,,,0.7166558,,,,
2026-04-22 21:20:00+00:00,presentValue,analogValue_13,analogValue,,,,,,,,,,0.695208,,,,
2026-04-22 21:21:00+00:00,presentValue,analogValue_13,analogValue,,,,,,,,,,0.6782009,,,,
2026-04-22 21:22:00+00:00,presentValue,analogValue_13,analogValue,,,,,,,,,,0.65835166,,,,
2026-04-22 21:23:00+00:00,presentValue,analogValue_13,analogValue,,,,,,,,,,0.6390354,,,,
2026-04-22 21:24:00+00:00,presentValue,analogValue_13,analogValue,,,,,,,,,,0.608529,,,,
2026-04-22 21:25:00+00:00,presentValue,analogValue_13,analogValue,,,,,,,,,,0.5726494,,,,
2026-04-22 21:26:00+00:00,presentValue,analogValue_13,analogValue,,,,,,,,,,0.597472,,,,
2026-04-22 21:27:00+00:00,presentValue,analogValue_13,analogValue,,,,,,,,,,0.55915016,,,,
2026-04-22 21:28:00+00:00,presentValue,analogValue_13,analogValue,,,,,,,,,,0.32127112,,,,
2026-04-22 21:29:00+00:00,presentValue,analogValue_13,analogValue,,,,,,,,,,0.3081716,,,,
2026-04-22 21:30:00+00:00,presentValue,analogValue_13,analogValue,,,,,,,,,,0.32060507,,,,
2026-04-22 21:31:00+00:00,presentValue,analogValue_13,analogValue,,,,,,,,,,0.31203482,,,,
2026-04-22 21:32:00+00:00,presentValue,analogValue_13,analogValue,,,,,,,,,,0.304486,,,,
2026-04-22 21:33:00+00:00,presentValue,analogValue_13,analogValue,,,,,,,,,,0.29738104,,,,
2026-04-22 21:34:00+00:00,presentValue,analogValue_13,analogValue,,,,,,,,,,0.2952497,,,,
2026-04-22 21:35:00+00:00,presentValue,analogValue_13,analogValue,,,,,,,,,,0.29063147,,,,
2026-04-22 21:36:00+00:00,presentValue,analogValue_13,analogValue,,,,,,,,,,0.289477,,,,
2026-04-22 21:37:00+00:00,presentValue,analogValue_13,analogValue,,,,,,,,,,0.28814477,,,,
2026-04-22 21:38:00+00:00,presentValue,analogValue_13,analogValue,,,,,,,,,,0.28787833,,,,
2026-04-22 21:39:00+00:00,presentValue,analogValue_13,analogValue,,,,,,,,,,0.28659064,,,,
2026-04-22 21:40:00+00:00,presentValue,analogValue_13,analogValue,,,,,,,,,,0.28494757,,,,
2026-04-22 21:41:00+00:00,presentValue,analogValue_13,analogValue,,,,,,,,,,0.28348228,,,,
2026-04-22 21:42:00+00:00,presentValue,analogValue_13,analogValue,,,,,,,,,,0.28206137,,,,
2026-04-22 21:43:00+00:00,presentValue,analogValue_13,analogValue,,,,,,,,,,0.28117317,,,,
2026-04-22 21:44:00+00:00,presentValue,analogValue_13,analogValue,,,,,,,,,,0.27890846,,,,
2026-04-22 21:45:00+00:00,presentValue,analogValue_13,analogValue,,,,,,,,,,0.2782868,,,,
2026-04-22 21:46:00+00:00,presentValue,analogValue_13,analogValue,,,,,,,,,,0.27713233,,,,
2026-04-22 21:47:00+00:00,presentValue,analogValue_13,analogValue,,,,,,,,,,0.27637747,,,,
2026-04-22 21:48:00+00:00,presentValue,analogValue_13,analogValue,,,,,,,,,,0.27535605,,,,
2026-04-22 21:49:00+00:00,presentValue,analogValue_13,analogValue,,,,,,,,,,0.27522284,,,,
2026-04-22 21:50:00+00:00,presentValue,analogValue_13,analogValue,,,,,,,,,,0.27611107,,,,
2026-04-22 21:51:00+00:00,presentValue,analogValue_13,analogValue,,,,,,,,,,0.27837563,,,,
2026-04-22 21:52:00+00:00,presentValue,analogValue_13,analogValue,,,,,,,,,,0.28299385,,,,
2026-04-22 21:53:00+00:00,presentValue,analogValue_13,analogValue,,,,,,,,,,0.28281623,,,,
2026-04-22 21:54:00+00:00,presentValue,analogValue_13,analogValue,,,,,,,,,,0.28246087,,,,
2026-04-22 21:55:00+00:00,presentValue,analogValue_13,analogValue,,,,,,,,,,0.28263846,,,,
2026-04-22 21:56:00+00:00,presentValue,analogValue_13,analogValue,,,,,,,,,,0.28330466,,,,
2026-04-22 21:57:00+00:00,presentValue,analogValue_13,analogValue,,,,,,,,,,0.2825942,,,,
2026-04-22 21:58:00+00:00,presentValue,analogValue_13,analogValue,,,,,,,,,,0.28246087,,,,
2026-04-22 21:59:00+00:00,presentValue,analogValue_13,analogValue,,,,,,,,,,0.28308266,,,,
2026-04-22 22:00:00+00:00,presentValue,analogValue_13,analogValue,,,,,,,,,,0.28290504,,,,
2026-04-22 22:01:00+00:00,presentValue,analogValue_13,analogValue,,,,,,,,,,0.28281623,,,,
2026-04-22 22:02:00+00:00,presentValue,analogValue_13,analogValue,,,,,,,,,,0.28339347,,,,
2026-04-22 22:03:00+00:00,presentValue,analogValue_13,analogValue,,,,,,,,,,0.2835267,,,,
2026-04-22 22:04:00+00:00,presentValue,analogValue_13,analogValue,,,,,,,,,,0.28348228,,,,
2026-04-22 22:05:00+00:00,presentValue,analogValue_13,analogValue,,,,,,,,,,0.2837931,,,,
2026-04-22 22:06:00+00:00,presentValue,analogValue_13,analogValue,,,,,,,,,,0.2839263,,,,
2026-04-22 22:07:00+00:00,presentValue,analogValue_13,analogValue,,,,,,,,,,0.2838819,,,,
2026-04-22 22:08:00+00:00,presentValue,analogValue_13,analogValue,,,,,,,,,,0.28308266,,,,
2026-04-22 22:09:00+00:00,presentValue,analogValue_13,analogValue,,,,,,,,,,0.28419274,,,,
2026-04-22 22:10:00+00:00,presentValue,analogValue_13,analogValue,,,,,,,,,,0.2837487,,,,
2026-04-22 22:11:00+00:00,presentValue,analogValue_13,analogValue,,,,,,,,,,0.2838819,,,,
2026-04-22 22:12:00+00:00,presentValue,analogValue_13,analogValue,,,,,,,,,,0.28463677,,,,
2026-04-22 22:13:00+00:00,presentValue,analogValue_13,analogValue,,,,,,,,,,0.2839707,,,,
2026-04-22 22:14:00+00:00,presentValue,analogValue_13,analogValue,,,,,,,,,,0.28414834,,,,
2026-04-22 22:15:00+00:00,presentValue,analogValue_13,analogValue,,,,,,,,,,0.28423712,,,,
2026-04-22 22:16:00+00:00,presentValue,analogValue_13,analogValue,,,,,,,,,,0.28437033,,,,
2026-04-22 22:17:00+00:00,presentValue,analogValue_13,analogValue,,,,,,,,,,0.28450355,,,,
2026-04-22 22:18:00+00:00,presentValue,analogValue_13,analogValue,,,,,,,,,,0.28441474,,,,
2026-04-22 22:19:00+00:00,presentValue,analogValue_13,analogValue,,,,,,,,,,0.28499213,,,,
2026-04-22 22:20:00+00:00,presentValue,analogValue_13,analogValue,,,,,,,,,,0.2848589,,,,
2026-04-22 22:21:00+00:00,presentValue,analogValue_13,analogValue,,,,,,,,,,0.28499213,,,,
2026-04-22 22:22:00+00:00,presentValue,analogValue_13,analogValue,,,,,,,,,,0.28459236,,,,
2026-04-22 22:23:00+00:00,presentValue,analogValue_13,analogValue,,,,,,,,,,0.28459236,,,,
2026-04-22 22:24:00+00:00,presentValue,analogValue_13,analogValue,,,,,,,,,,0.28503639,,,,
2026-04-22 22:25:00+00:00,presentValue,analogValue_13,analogValue,,,,,,,,,,0.28490317,,,,
2026-04-22 22:26:00+00:00,presentValue,analogValue_13,analogValue,,,,,,,,,,0.2853916,,,,
2026-04-22 22:27:00+00:00,presentValue,analogValue_13,analogValue,,,,,,,,,,0.28530297,,,,
2026-04-22 22:28:00+00:00,presentValue,analogValue_13,analogValue,,,,,,,,,,0.28548056,,,,
2026-04-22 22:29:00+00:00,presentValue,analogValue_13,analogValue,,,,,,,,,,0.28561378,,,,
2026-04-22 22:30:00+00:00,presentValue,analogValue_13,analogValue,,,,,,,,,,0.2853916,,,,
2026-04-22 22:31:00+00:00,presentValue,analogValue_13,analogValue,,,,,,,,,,0.28543615,,,,
2026-04-22 22:32:00+00:00,presentValue,analogValue_13,analogValue,,,,,,,,,,0.28503639,,,,
2026-04-22 22:33:00+00:00,presentValue,analogValue_13,analogValue,,,,,,,,,,0.28556922,,,,
2026-04-22 22:34:00+00:00,presentValue,analogValue_13,analogValue,,,,,,,,,,0.2860134,,,,
2026-04-22 22:35:00+00:00,presentValue,analogValue_13,analogValue,,,,,,,,,,0.2858358,,,,
2026-04-22 22:36:00+00:00,presentValue,analogValue_13,analogValue,,,,,,,,,,0.28627983,,,,
2026-04-22 22:37:00+00:00,presentValue,analogValue_13,analogValue,,,,,,,,,,0.28641304,,,,
2026-04-22 22:38:00+00:00,presentValue,analogValue_13,analogValue,,,,,,,,,,0.2859246,,,,
2026-04-22 22:39:00+00:00,presentValue,analogValue_13,analogValue,,,,,,,,,,0.28636864,,,,
2026-04-22 22:40:00+00:00,presentValue,analogValue_13,analogValue,,,,,,,,,,0.28636864,,,,
2026-04-22 22:41:00+00:00,presentValue,analogValue_13,analogValue,,,,,,,,,,0.28654623,,,,
2026-04-22 22:42:00+00:00,presentValue,analogValue_13,analogValue,,,,,,,,,,0.28641304,,,,
2026-04-22 22:43:00+00:00,presentValue,analogValue_13,analogValue,,,,,,,,,,0.28654623,,,,
2026-04-22 22:44:00+00:00,presentValue,analogValue_13,analogValue,,,,,,,,,,0.28690147,,,,
2026-04-22 22:45:00+00:00,presentValue,analogValue_13,analogValue,,,,,,,,,,0.28707907,,,,
2026-04-22 22:46:00+00:00,presentValue,analogValue_13,analogValue,,,,,,,,,,0.2872567,,,,
2026-04-22 22:47:00+00:00,presentValue,analogValue_13,analogValue,,,,,,,,,,0.28663504,,,,
2026-04-22 22:48:00+00:00,presentValue,analogValue_13,analogValue,,,,,,,,,,0.28667945,,,,
2026-04-22 22:49:00+00:00,presentValue,analogValue_13,analogValue,,,,,,,,,,0.28659064,,,,
2026-04-22 22:50:00+00:00,presentValue,analogValue_13,analogValue,,,,,,,,,,0.2873011,,,,
2026-04-22 22:51:00+00:00,presentValue,analogValue_13,analogValue,,,,,,,,,,0.28681266,,,,
2026-04-22 22:52:00+00:00,presentValue,analogValue_13,analogValue,,,,,,,,,,0.2873011,,,,
2026-04-22 22:53:00+00:00,presentValue,analogValue_13,analogValue,,,,,,,,,,0.28716788,,,,
2026-04-22 22:54:00+00:00,presentValue,analogValue_13,analogValue,,,,,,,,,,0.28690147,,,,
2026-04-22 22:55:00+00:00,presentValue,analogValue_13,analogValue,,,,,,,,,,0.28667945,,,,
2026-04-22 22:56:00+00:00,presentValue,analogValue_13,analogValue,,,,,,,,,,0.2874343,,,,
2026-04-22 22:57:00+00:00,presentValue,analogValue_13,analogValue,,,,,,,,,,0.28707907,,,,
2026-04-22 22:58:00+00:00,presentValue,analogValue_13,analogValue,,,,,,,,,,0.28707907,,,,
2026-04-22 22:59:00+00:00,presentValue,analogValue_13,analogValue,,,,,,,,,,0.28676826,,,,
2026-04-22 23:00:00+00:00,presentValue,analogValue_13,analogValue,,,,,,,,,,0.2872567,,,,
2026-04-22 11:01:00+00:00,presentValue,analogValue_15,analogValue,,,,,,,,,,,0.0,,,
2026-04-22 11:02:00+00:00,presentValue,analogValue_15,analogValue,,,,,,,,,,,0.0,,,
2026-04-22 11:03:00+00:00,presentValue,analogValue_15,analogValue,,,,,,,,,,,0.0,,,
2026-04-22 11:04:00+00:00,presentValue,analogValue_15,analogValue,,,,,,,,,,,0.0,,,
2026-04-22 11:05:00+00:00,presentValue,analogValue_15,analogValue,,,,,,,,,,,0.0,,,
2026-04-22 11:06:00+00:00,presentValue,analogValue_15,analogValue,,,,,,,,,,,0.0,,,
2026-04-22 11:07:00+00:00,presentValue,analogValue_15,analogValue,,,,,,,,,,,0.0,,,
2026-04-22 11:08:00+00:00,presentValue,analogValue_15,analogValue,,,,,,,,,,,0.0,,,
2026-04-22 11:09:00+00:00,presentValue,analogValue_15,analogValue,,,,,,,,,,,0.0,,,
2026-04-22 11:10:00+00:00,presentValue,analogValue_15,analogValue,,,,,,,,,,,0.0,,,
2026-04-22 11:11:00+00:00,presentValue,analogValue_15,analogValue,,,,,,,,,,,0.0,,,
2026-04-22 11:12:00+00:00,presentValue,analogValue_15,analogValue,,,,,,,,,,,0.0,,,
2026-04-22 11:13:00+00:00,presentValue,analogValue_15,analogValue,,,,,,,,,,,0.0,,,
2026-04-22 11:14:00+00:00,presentValue,analogValue_15,analogValue,,,,,,,,,,,0.0,,,
2026-04-22 11:15:00+00:00,presentValue,analogValue_15,analogValue,,,,,,,,,,,0.0,,,
2026-04-22 11:16:00+00:00,presentValue,analogValue_15,analogValue,,,,,,,,,,,0.0,,,
2026-04-22 11:17:00+00:00,presentValue,analogValue_15,analogValue,,,,,,,,,,,0.0,,,
2026-04-22 11:18:00+00:00,presentValue,analogValue_15,analogValue,,,,,,,,,,,0.0,,,
2026-04-22 11:19:00+00:00,presentValue,analogValue_15,analogValue,,,,,,,,,,,0.0,,,
2026-04-22 11:20:00+00:00,presentValue,analogValue_15,analogValue,,,,,,,,,,,0.0,,,
2026-04-22 11:21:00+00:00,presentValue,analogValue_15,analogValue,,,,,,,,,,,0.0,,,
2026-04-22 11:22:00+00:00,presentValue,analogValue_15,analogValue,,,,,,,,,,,0.0,,,
2026-04-22 11:23:00+00:00,presentValue,analogValue_15,analogValue,,,,,,,,,,,0.0,,,
2026-04-22 11:24:00+00:00,presentValue,analogValue_15,analogValue,,,,,,,,,,,0.0,,,
2026-04-22 11:25:00+00:00,presentValue,analogValue_15,analogValue,,,,,,,,,,,0.0,,,
2026-04-22 11:26:00+00:00,presentValue,analogValue_15,analogValue,,,,,,,,,,,0.0,,,
2026-04-22 11:27:00+00:00,presentValue,analogValue_15,analogValue,,,,,,,,,,,0.0,,,
2026-04-22 11:28:00+00:00,presentValue,analogValue_15,analogValue,,,,,,,,,,,0.0,,,
2026-04-22 11:29:00+00:00,presentValue,analogValue_15,analogValue,,,,,,,,,,,0.0,,,
2026-04-22 11:30:00+00:00,presentValue,analogValue_15,analogValue,,,,,,,,,,,0.0,,,
2026-04-22 11:31:00+00:00,presentValue,analogValue_15,analogValue,,,,,,,,,,,0.0,,,
2026-04-22 11:32:00+00:00,presentValue,analogValue_15,analogValue,,,,,,,,,,,0.0,,,
2026-04-22 11:33:00+00:00,presentValue,analogValue_15,analogValue,,,,,,,,,,,0.0,,,
2026-04-22 11:34:00+00:00,presentValue,analogValue_15,analogValue,,,,,,,,,,,0.0,,,
2026-04-22 11:35:00+00:00,presentValue,analogValue_15,analogValue,,,,,,,,,,,0.0,,,
2026-04-22 11:36:00+00:00,presentValue,analogValue_15,analogValue,,,,,,,,,,,0.0,,,
2026-04-22 11:37:00+00:00,presentValue,analogValue_15,analogValue,,,,,,,,,,,0.0,,,
2026-04-22 11:38:00+00:00,presentValue,analogValue_15,analogValue,,,,,,,,,,,0.0,,,
2026-04-22 11:39:00+00:00,presentValue,analogValue_15,analogValue,,,,,,,,,,,0.0,,,
2026-04-22 11:40:00+00:00,presentValue,analogValue_15,analogValue,,,,,,,,,,,0.0,,,
2026-04-22 11:41:00+00:00,presentValue,analogValue_15,analogValue,,,,,,,,,,,0.0,,,
2026-04-22 11:42:00+00:00,presentValue,analogValue_15,analogValue,,,,,,,,,,,0.0,,,
2026-04-22 11:43:00+00:00,presentValue,analogValue_15,analogValue,,,,,,,,,,,0.0,,,
2026-04-22 11:44:00+00:00,presentValue,analogValue_15,analogValue,,,,,,,,,,,0.0,,,
2026-04-22 11:45:00+00:00,presentValue,analogValue_15,analogValue,,,,,,,,,,,0.0,,,
2026-04-22 11:46:00+00:00,presentValue,analogValue_15,analogValue,,,,,,,,,,,0.0,,,
2026-04-22 11:47:00+00:00,presentValue,analogValue_15,analogValue,,,,,,,,,,,0.0,,,
2026-04-22 11:48:00+00:00,presentValue,analogValue_15,analogValue,,,,,,,,,,,0.0,,,
2026-04-22 11:49:00+00:00,presentValue,analogValue_15,analogValue,,,,,,,,,,,0.0,,,
2026-04-22 11:50:00+00:00,presentValue,analogValue_15,analogValue,,,,,,,,,,,0.0,,,
2026-04-22 11:51:00+00:00,presentValue,analogValue_15,analogValue,,,,,,,,,,,0.0,,,
2026-04-22 11:52:00+00:00,presentValue,analogValue_15,analogValue,,,,,,,,,,,0.0,,,
2026-04-22 11:53:00+00:00,presentValue,analogValue_15,analogValue,,,,,,,,,,,0.0,,,
2026-04-22 11:54:00+00:00,presentValue,analogValue_15,analogValue,,,,,,,,,,,0.0,,,
2026-04-22 11:55:00+00:00,presentValue,analogValue_15,analogValue,,,,,,,,,,,0.0,,,
2026-04-22 11:56:00+00:00,presentValue,analogValue_15,analogValue,,,,,,,,,,,0.0,,,
2026-04-22 11:57:00+00:00,presentValue,analogValue_15,analogValue,,,,,,,,,,,0.0,,,
2026-04-22 11:58:00+00:00,presentValue,analogValue_15,analogValue,,,,,,,,,,,0.0,,,
2026-04-22 11:59:00+00:00,presentValue,analogValue_15,analogValue,,,,,,,,,,,0.0,,,
2026-04-22 12:00:00+00:00,presentValue,analogValue_15,analogValue,,,,,,,,,,,0.0,,,
2026-04-22 12:01:00+00:00,presentValue,analogValue_15,analogValue,,,,,,,,,,,0.0,,,
2026-04-22 12:02:00+00:00,presentValue,analogValue_15,analogValue,,,,,,,,,,,0.0,,,
2026-04-22 12:03:00+00:00,presentValue,analogValue_15,analogValue,,,,,,,,,,,0.0,,,
2026-04-22 12:04:00+00:00,presentValue,analogValue_15,analogValue,,,,,,,,,,,0.0,,,
2026-04-22 12:05:00+00:00,presentValue,analogValue_15,analogValue,,,,,,,,,,,0.0,,,
2026-04-22 12:06:00+00:00,presentValue,analogValue_15,analogValue,,,,,,,,,,,0.0,,,
2026-04-22 12:07:00+00:00,presentValue,analogValue_15,analogValue,,,,,,,,,,,0.0,,,
2026-04-22 12:08:00+00:00,presentValue,analogValue_15,analogValue,,,,,,,,,,,0.0,,,
2026-04-22 12:09:00+00:00,presentValue,analogValue_15,analogValue,,,,,,,,,,,0.0,,,
2026-04-22 12:10:00+00:00,presentValue,analogValue_15,analogValue,,,,,,,,,,,0.0,,,
2026-04-22 12:11:00+00:00,presentValue,analogValue_15,analogValue,,,,,,,,,,,0.0,,,
2026-04-22 12:12:00+00:00,presentValue,analogValue_15,analogValue,,,,,,,,,,,0.0,,,
2026-04-22 12:13:00+00:00,presentValue,analogValue_15,analogValue,,,,,,,,,,,0.0,,,
2026-04-22 12:14:00+00:00,presentValue,analogValue_15,analogValue,,,,,,,,,,,0.0,,,
2026-04-22 12:15:00+00:00,presentValue,analogValue_15,analogValue,,,,,,,,,,,0.0,,,
2026-04-22 12:16:00+00:00,presentValue,analogValue_15,analogValue,,,,,,,,,,,0.0,,,
2026-04-22 12:17:00+00:00,presentValue,analogValue_15,analogValue,,,,,,,,,,,0.0,,,
2026-04-22 12:18:00+00:00,presentValue,analogValue_15,analogValue,,,,,,,,,,,0.0,,,
2026-04-22 12:19:00+00:00,presentValue,analogValue_15,analogValue,,,,,,,,,,,0.0,,,
2026-04-22 12:20:00+00:00,presentValue,analogValue_15,analogValue,,,,,,,,,,,0.0,,,
2026-04-22 12:21:00+00:00,presentValue,analogValue_15,analogValue,,,,,,,,,,,0.0,,,
2026-04-22 12:22:00+00:00,presentValue,analogValue_15,analogValue,,,,,,,,,,,0.0,,,
2026-04-22 12:23:00+00:00,presentValue,analogValue_15,analogValue,,,,,,,,,,,0.0,,,
2026-04-22 12:24:00+00:00,presentValue,analogValue_15,analogValue,,,,,,,,,,,0.0,,,
2026-04-22 12:25:00+00:00,presentValue,analogValue_15,analogValue,,,,,,,,,,,0.0,,,
2026-04-22 12:26:00+00:00,presentValue,analogValue_15,analogValue,,,,,,,,,,,0.0,,,
2026-04-22 12:27:00+00:00,presentValue,analogValue_15,analogValue,,,,,,,,,,,0.0,,,
2026-04-22 12:28:00+00:00,presentValue,analogValue_15,analogValue,,,,,,,,,,,0.0,,,
2026-04-22 12:29:00+00:00,presentValue,analogValue_15,analogValue,,,,,,,,,,,0.0,,,
2026-04-22 12:30:00+00:00,presentValue,analogValue_15,analogValue,,,,,,,,,,,0.0,,,
2026-04-22 12:31:00+00:00,presentValue,analogValue_15,analogValue,,,,,,,,,,,0.0,,,
2026-04-22 12:32:00+00:00,presentValue,analogValue_15,analogValue,,,,,,,,,,,0.0,,,
2026-04-22 12:33:00+00:00,presentValue,analogValue_15,analogValue,,,,,,,,,,,0.0,,,
2026-04-22 12:34:00+00:00,presentValue,analogValue_15,analogValue,,,,,,,,,,,0.0,,,
2026-04-22 12:35:00+00:00,presentValue,analogValue_15,analogValue,,,,,,,,,,,0.0,,,
2026-04-22 12:36:00+00:00,presentValue,analogValue_15,analogValue,,,,,,,,,,,0.0,,,
2026-04-22 12:37:00+00:00,presentValue,analogValue_15,analogValue,,,,,,,,,,,0.0,,,
2026-04-22 12:38:00+00:00,presentValue,analogValue_15,analogValue,,,,,,,,,,,0.0,,,
2026-04-22 12:39:00+00:00,presentValue,analogValue_15,analogValue,,,,,,,,,,,0.0,,,
2026-04-22 12:40:00+00:00,presentValue,analogValue_15,analogValue,,,,,,,,,,,0.0,,,
2026-04-22 12:41:00+00:00,presentValue,analogValue_15,analogValue,,,,,,,,,,,0.0,,,
2026-04-22 12:42:00+00:00,presentValue,analogValue_15,analogValue,,,,,,,,,,,0.0,,,
2026-04-22 12:43:00+00:00,presentValue,analogValue_15,analogValue,,,,,,,,,,,0.0,,,
2026-04-22 12:44:00+00:00,presentValue,analogValue_15,analogValue,,,,,,,,,,,0.0,,,
2026-04-22 12:45:00+00:00,presentValue,analogValue_15,analogValue,,,,,,,,,,,0.0,,,
2026-04-22 12:46:00+00:00,presentValue,analogValue_15,analogValue,,,,,,,,,,,0.0,,,
2026-04-22 12:47:00+00:00,presentValue,analogValue_15,analogValue,,,,,,,,,,,0.0,,,
2026-04-22 12:48:00+00:00,presentValue,analogValue_15,analogValue,,,,,,,,,,,0.0,,,
2026-04-22 12:49:00+00:00,presentValue,analogValue_15,analogValue,,,,,,,,,,,0.0,,,
2026-04-22 12:50:00+00:00,presentValue,analogValue_15,analogValue,,,,,,,,,,,0.0,,,
2026-04-22 12:51:00+00:00,presentValue,analogValue_15,analogValue,,,,,,,,,,,0.0,,,
2026-04-22 12:52:00+00:00,presentValue,analogValue_15,analogValue,,,,,,,,,,,0.0,,,
2026-04-22 12:53:00+00:00,presentValue,analogValue_15,analogValue,,,,,,,,,,,0.0,,,
2026-04-22 12:54:00+00:00,presentValue,analogValue_15,analogValue,,,,,,,,,,,0.0,,,
2026-04-22 12:55:00+00:00,presentValue,analogValue_15,analogValue,,,,,,,,,,,0.0,,,
2026-04-22 12:56:00+00:00,presentValue,analogValue_15,analogValue,,,,,,,,,,,0.0,,,
2026-04-22 12:57:00+00:00,presentValue,analogValue_15,analogValue,,,,,,,,,,,0.0,,,
2026-04-22 12:58:00+00:00,presentValue,analogValue_15,analogValue,,,,,,,,,,,0.0,,,
2026-04-22 12:59:00+00:00,presentValue,analogValue_15,analogValue,,,,,,,,,,,0.0,,,
2026-04-22 13:00:00+00:00,presentValue,analogValue_15,analogValue,,,,,,,,,,,0.0,,,
2026-04-22 13:01:00+00:00,presentValue,analogValue_15,analogValue,,,,,,,,,,,0.0,,,
2026-04-22 13:02:00+00:00,presentValue,analogValue_15,analogValue,,,,,,,,,,,0.0,,,
2026-04-22 13:03:00+00:00,presentValue,analogValue_15,analogValue,,,,,,,,,,,0.0,,,
2026-04-22 13:04:00+00:00,presentValue,analogValue_15,analogValue,,,,,,,,,,,0.0,,,
2026-04-22 13:05:00+00:00,presentValue,analogValue_15,analogValue,,,,,,,,,,,0.0,,,
2026-04-22 13:06:00+00:00,presentValue,analogValue_15,analogValue,,,,,,,,,,,0.0,,,
2026-04-22 13:07:00+00:00,presentValue,analogValue_15,analogValue,,,,,,,,,,,0.0,,,
2026-04-22 13:08:00+00:00,presentValue,analogValue_15,analogValue,,,,,,,,,,,0.0,,,
2026-04-22 13:09:00+00:00,presentValue,analogValue_15,analogValue,,,,,,,,,,,0.0,,,
2026-04-22 13:10:00+00:00,presentValue,analogValue_15,analogValue,,,,,,,,,,,0.0,,,
2026-04-22 13:11:00+00:00,presentValue,analogValue_15,analogValue,,,,,,,,,,,0.0,,,
2026-04-22 13:12:00+00:00,presentValue,analogValue_15,analogValue,,,,,,,,,,,0.0,,,
2026-04-22 13:13:00+00:00,presentValue,analogValue_15,analogValue,,,,,,,,,,,0.0,,,
2026-04-22 13:14:00+00:00,presentValue,analogValue_15,analogValue,,,,,,,,,,,0.0,,,
2026-04-22 13:15:00+00:00,presentValue,analogValue_15,analogValue,,,,,,,,,,,0.0,,,
2026-04-22 13:16:00+00:00,presentValue,analogValue_15,analogValue,,,,,,,,,,,0.0,,,
2026-04-22 13:17:00+00:00,presentValue,analogValue_15,analogValue,,,,,,,,,,,0.0,,,
2026-04-22 13:18:00+00:00,presentValue,analogValue_15,analogValue,,,,,,,,,,,0.0,,,
2026-04-22 13:19:00+00:00,presentValue,analogValue_15,analogValue,,,,,,,,,,,0.0,,,
2026-04-22 13:20:00+00:00,presentValue,analogValue_15,analogValue,,,,,,,,,,,0.0,,,
2026-04-22 13:21:00+00:00,presentValue,analogValue_15,analogValue,,,,,,,,,,,0.0,,,
2026-04-22 13:22:00+00:00,presentValue,analogValue_15,analogValue,,,,,,,,,,,0.0,,,
2026-04-22 13:23:00+00:00,presentValue,analogValue_15,analogValue,,,,,,,,,,,0.0,,,
2026-04-22 13:24:00+00:00,presentValue,analogValue_15,analogValue,,,,,,,,,,,0.0,,,
2026-04-22 13:25:00+00:00,presentValue,analogValue_15,analogValue,,,,,,,,,,,0.0,,,
2026-04-22 13:26:00+00:00,presentValue,analogValue_15,analogValue,,,,,,,,,,,0.0,,,
2026-04-22 13:27:00+00:00,presentValue,analogValue_15,analogValue,,,,,,,,,,,0.0,,,
2026-04-22 13:28:00+00:00,presentValue,analogValue_15,analogValue,,,,,,,,,,,0.0,,,
2026-04-22 13:29:00+00:00,presentValue,analogValue_15,analogValue,,,,,,,,,,,0.0,,,
2026-04-22 13:30:00+00:00,presentValue,analogValue_15,analogValue,,,,,,,,,,,0.0,,,
2026-04-22 13:31:00+00:00,presentValue,analogValue_15,analogValue,,,,,,,,,,,0.0,,,
2026-04-22 13:32:00+00:00,presentValue,analogValue_15,analogValue,,,,,,,,,,,0.0,,,
2026-04-22 13:33:00+00:00,presentValue,analogValue_15,analogValue,,,,,,,,,,,0.0,,,
2026-04-22 13:34:00+00:00,presentValue,analogValue_15,analogValue,,,,,,,,,,,0.0,,,
2026-04-22 13:35:00+00:00,presentValue,analogValue_15,analogValue,,,,,,,,,,,0.0,,,
2026-04-22 13:36:00+00:00,presentValue,analogValue_15,analogValue,,,,,,,,,,,0.0,,,
2026-04-22 13:37:00+00:00,presentValue,analogValue_15,analogValue,,,,,,,,,,,0.0,,,
2026-04-22 13:38:00+00:00,presentValue,analogValue_15,analogValue,,,,,,,,,,,0.0,,,
2026-04-22 13:39:00+00:00,presentValue,analogValue_15,analogValue,,,,,,,,,,,0.0,,,
2026-04-22 13:40:00+00:00,presentValue,analogValue_15,analogValue,,,,,,,,,,,0.0,,,
2026-04-22 13:41:00+00:00,presentValue,analogValue_15,analogValue,,,,,,,,,,,0.0,,,
2026-04-22 13:42:00+00:00,presentValue,analogValue_15,analogValue,,,,,,,,,,,0.0,,,
2026-04-22 13:43:00+00:00,presentValue,analogValue_15,analogValue,,,,,,,,,,,0.0,,,
2026-04-22 13:44:00+00:00,presentValue,analogValue_15,analogValue,,,,,,,,,,,0.0,,,
2026-04-22 13:45:00+00:00,presentValue,analogValue_15,analogValue,,,,,,,,,,,0.0,,,
2026-04-22 13:46:00+00:00,presentValue,analogValue_15,analogValue,,,,,,,,,,,0.0,,,
2026-04-22 13:47:00+00:00,presentValue,analogValue_15,analogValue,,,,,,,,,,,0.0,,,
2026-04-22 13:48:00+00:00,presentValue,analogValue_15,analogValue,,,,,,,,,,,0.0,,,
2026-04-22 13:49:00+00:00,presentValue,analogValue_15,analogValue,,,,,,,,,,,0.0,,,
2026-04-22 13:50:00+00:00,presentValue,analogValue_15,analogValue,,,,,,,,,,,0.0,,,
2026-04-22 13:51:00+00:00,presentValue,analogValue_15,analogValue,,,,,,,,,,,0.0,,,
2026-04-22 13:52:00+00:00,presentValue,analogValue_15,analogValue,,,,,,,,,,,0.0,,,
2026-04-22 13:53:00+00:00,presentValue,analogValue_15,analogValue,,,,,,,,,,,0.0,,,
2026-04-22 13:54:00+00:00,presentValue,analogValue_15,analogValue,,,,,,,,,,,0.0,,,
2026-04-22 13:55:00+00:00,presentValue,analogValue_15,analogValue,,,,,,,,,,,0.0,,,
2026-04-22 13:56:00+00:00,presentValue,analogValue_15,analogValue,,,,,,,,,,,0.0,,,
2026-04-22 13:57:00+00:00,presentValue,analogValue_15,analogValue,,,,,,,,,,,0.0,,,
2026-04-22 13:58:00+00:00,presentValue,analogValue_15,analogValue,,,,,,,,,,,0.0,,,
2026-04-22 13:59:00+00:00,presentValue,analogValue_15,analogValue,,,,,,,,,,,0.0,,,
2026-04-22 14:00:00+00:00,presentValue,analogValue_15,analogValue,,,,,,,,,,,0.0,,,
2026-04-22 14:01:00+00:00,presentValue,analogValue_15,analogValue,,,,,,,,,,,0.0,,,
2026-04-22 14:02:00+00:00,presentValue,analogValue_15,analogValue,,,,,,,,,,,0.0,,,
2026-04-22 14:03:00+00:00,presentValue,analogValue_15,analogValue,,,,,,,,,,,0.0,,,
2026-04-22 14:04:00+00:00,presentValue,analogValue_15,analogValue,,,,,,,,,,,0.0,,,
2026-04-22 14:05:00+00:00,presentValue,analogValue_15,analogValue,,,,,,,,,,,0.0,,,
2026-04-22 14:06:00+00:00,presentValue,analogValue_15,analogValue,,,,,,,,,,,0.0,,,
2026-04-22 14:07:00+00:00,presentValue,analogValue_15,analogValue,,,,,,,,,,,0.0,,,
2026-04-22 14:08:00+00:00,presentValue,analogValue_15,analogValue,,,,,,,,,,,0.0,,,
2026-04-22 14:09:00+00:00,presentValue,analogValue_15,analogValue,,,,,,,,,,,0.0,,,
2026-04-22 14:10:00+00:00,presentValue,analogValue_15,analogValue,,,,,,,,,,,0.0,,,
2026-04-22 14:11:00+00:00,presentValue,analogValue_15,analogValue,,,,,,,,,,,0.0,,,
2026-04-22 14:12:00+00:00,presentValue,analogValue_15,analogValue,,,,,,,,,,,0.0,,,
2026-04-22 14:13:00+00:00,presentValue,analogValue_15,analogValue,,,,,,,,,,,0.0,,,
2026-04-22 14:14:00+00:00,presentValue,analogValue_15,analogValue,,,,,,,,,,,0.0,,,
2026-04-22 14:15:00+00:00,presentValue,analogValue_15,analogValue,,,,,,,,,,,0.0,,,
2026-04-22 14:16:00+00:00,presentValue,analogValue_15,analogValue,,,,,,,,,,,0.0,,,
2026-04-22 14:17:00+00:00,presentValue,analogValue_15,analogValue,,,,,,,,,,,0.0,,,
2026-04-22 14:18:00+00:00,presentValue,analogValue_15,analogValue,,,,,,,,,,,0.0,,,
2026-04-22 14:19:00+00:00,presentValue,analogValue_15,analogValue,,,,,,,,,,,0.0,,,
2026-04-22 14:20:00+00:00,presentValue,analogValue_15,analogValue,,,,,,,,,,,0.0,,,
2026-04-22 14:21:00+00:00,presentValue,analogValue_15,analogValue,,,,,,,,,,,0.0,,,
2026-04-22 14:22:00+00:00,presentValue,analogValue_15,analogValue,,,,,,,,,,,0.0,,,
2026-04-22 14:23:00+00:00,presentValue,analogValue_15,analogValue,,,,,,,,,,,0.0,,,
2026-04-22 14:24:00+00:00,presentValue,analogValue_15,analogValue,,,,,,,,,,,0.0,,,
2026-04-22 14:25:00+00:00,presentValue,analogValue_15,analogValue,,,,,,,,,,,0.0,,,
2026-04-22 14:26:00+00:00,presentValue,analogValue_15,analogValue,,,,,,,,,,,0.0,,,
2026-04-22 14:27:00+00:00,presentValue,analogValue_15,analogValue,,,,,,,,,,,0.0,,,
2026-04-22 14:28:00+00:00,presentValue,analogValue_15,analogValue,,,,,,,,,,,0.0,,,
2026-04-22 14:29:00+00:00,presentValue,analogValue_15,analogValue,,,,,,,,,,,0.0,,,
2026-04-22 14:30:00+00:00,presentValue,analogValue_15,analogValue,,,,,,,,,,,0.0,,,
2026-04-22 14:31:00+00:00,presentValue,analogValue_15,analogValue,,,,,,,,,,,0.0,,,
2026-04-22 14:32:00+00:00,presentValue,analogValue_15,analogValue,,,,,,,,,,,0.0,,,
2026-04-22 14:33:00+00:00,presentValue,analogValue_15,analogValue,,,,,,,,,,,0.0,,,
2026-04-22 14:34:00+00:00,presentValue,analogValue_15,analogValue,,,,,,,,,,,0.0,,,
2026-04-22 14:35:00+00:00,presentValue,analogValue_15,analogValue,,,,,,,,,,,0.0,,,
2026-04-22 14:36:00+00:00,presentValue,analogValue_15,analogValue,,,,,,,,,,,0.0,,,
2026-04-22 14:37:00+00:00,presentValue,analogValue_15,analogValue,,,,,,,,,,,0.0,,,
2026-04-22 14:38:00+00:00,presentValue,analogValue_15,analogValue,,,,,,,,,,,0.0,,,
2026-04-22 14:39:00+00:00,presentValue,analogValue_15,analogValue,,,,,,,,,,,0.0,,,
2026-04-22 14:40:00+00:00,presentValue,analogValue_15,analogValue,,,,,,,,,,,0.0,,,
2026-04-22 14:41:00+00:00,presentValue,analogValue_15,analogValue,,,,,,,,,,,0.0,,,
2026-04-22 14:42:00+00:00,presentValue,analogValue_15,analogValue,,,,,,,,,,,0.0,,,
2026-04-22 14:43:00+00:00,presentValue,analogValue_15,analogValue,,,,,,,,,,,0.0,,,
2026-04-22 14:44:00+00:00,presentValue,analogValue_15,analogValue,,,,,,,,,,,0.0,,,
2026-04-22 14:45:00+00:00,presentValue,analogValue_15,analogValue,,,,,,,,,,,0.0,,,
2026-04-22 14:46:00+00:00,presentValue,analogValue_15,analogValue,,,,,,,,,,,0.0,,,
2026-04-22 14:47:00+00:00,presentValue,analogValue_15,analogValue,,,,,,,,,,,0.0,,,
2026-04-22 14:48:00+00:00,presentValue,analogValue_15,analogValue,,,,,,,,,,,0.0,,,
2026-04-22 14:49:00+00:00,presentValue,analogValue_15,analogValue,,,,,,,,,,,0.0,,,
2026-04-22 14:50:00+00:00,presentValue,analogValue_15,analogValue,,,,,,,,,,,0.0,,,
2026-04-22 14:51:00+00:00,presentValue,analogValue_15,analogValue,,,,,,,,,,,0.0,,,
2026-04-22 14:52:00+00:00,presentValue,analogValue_15,analogValue,,,,,,,,,,,0.0,,,
2026-04-22 14:53:00+00:00,presentValue,analogValue_15,analogValue,,,,,,,,,,,0.0,,,
2026-04-22 14:54:00+00:00,presentValue,analogValue_15,analogValue,,,,,,,,,,,0.0,,,
2026-04-22 14:55:00+00:00,presentValue,analogValue_15,analogValue,,,,,,,,,,,0.0,,,
2026-04-22 14:56:00+00:00,presentValue,analogValue_15,analogValue,,,,,,,,,,,0.0,,,
2026-04-22 14:57:00+00:00,presentValue,analogValue_15,analogValue,,,,,,,,,,,0.0,,,
2026-04-22 14:58:00+00:00,presentValue,analogValue_15,analogValue,,,,,,,,,,,0.0,,,
2026-04-22 14:59:00+00:00,presentValue,analogValue_15,analogValue,,,,,,,,,,,0.0,,,
2026-04-22 15:00:00+00:00,presentValue,analogValue_15,analogValue,,,,,,,,,,,0.0,,,
2026-04-22 15:01:00+00:00,presentValue,analogValue_15,analogValue,,,,,,,,,,,0.0,,,
2026-04-22 15:02:00+00:00,presentValue,analogValue_15,analogValue,,,,,,,,,,,0.0,,,
2026-04-22 15:03:00+00:00,presentValue,analogValue_15,analogValue,,,,,,,,,,,0.0,,,
2026-04-22 15:04:00+00:00,presentValue,analogValue_15,analogValue,,,,,,,,,,,0.0,,,
2026-04-22 15:05:00+00:00,presentValue,analogValue_15,analogValue,,,,,,,,,,,0.0,,,
2026-04-22 15:06:00+00:00,presentValue,analogValue_15,analogValue,,,,,,,,,,,0.0,,,
2026-04-22 15:07:00+00:00,presentValue,analogValue_15,analogValue,,,,,,,,,,,0.0,,,
2026-04-22 15:08:00+00:00,presentValue,analogValue_15,analogValue,,,,,,,,,,,0.0,,,
2026-04-22 15:09:00+00:00,presentValue,analogValue_15,analogValue,,,,,,,,,,,0.0,,,
2026-04-22 15:10:00+00:00,presentValue,analogValue_15,analogValue,,,,,,,,,,,0.0,,,
2026-04-22 15:11:00+00:00,presentValue,analogValue_15,analogValue,,,,,,,,,,,0.0,,,
2026-04-22 15:12:00+00:00,presentValue,analogValue_15,analogValue,,,,,,,,,,,0.0,,,
2026-04-22 15:13:00+00:00,presentValue,analogValue_15,analogValue,,,,,,,,,,,0.0,,,
2026-04-22 15:14:00+00:00,presentValue,analogValue_15,analogValue,,,,,,,,,,,0.0,,,
2026-04-22 15:15:00+00:00,presentValue,analogValue_15,analogValue,,,,,,,,,,,0.0,,,
2026-04-22 15:16:00+00:00,presentValue,analogValue_15,analogValue,,,,,,,,,,,0.0,,,
2026-04-22 15:17:00+00:00,presentValue,analogValue_15,analogValue,,,,,,,,,,,0.0,,,
2026-04-22 15:18:00+00:00,presentValue,analogValue_15,analogValue,,,,,,,,,,,0.0,,,
2026-04-22 15:19:00+00:00,presentValue,analogValue_15,analogValue,,,,,,,,,,,0.0,,,
2026-04-22 15:20:00+00:00,presentValue,analogValue_15,analogValue,,,,,,,,,,,0.0,,,
2026-04-22 15:21:00+00:00,presentValue,analogValue_15,analogValue,,,,,,,,,,,0.0,,,
2026-04-22 15:22:00+00:00,presentValue,analogValue_15,analogValue,,,,,,,,,,,0.0,,,
2026-04-22 15:23:00+00:00,presentValue,analogValue_15,analogValue,,,,,,,,,,,0.0,,,
2026-04-22 15:24:00+00:00,presentValue,analogValue_15,analogValue,,,,,,,,,,,0.0,,,
2026-04-22 15:25:00+00:00,presentValue,analogValue_15,analogValue,,,,,,,,,,,0.0,,,
2026-04-22 15:26:00+00:00,presentValue,analogValue_15,analogValue,,,,,,,,,,,0.0,,,
2026-04-22 15:27:00+00:00,presentValue,analogValue_15,analogValue,,,,,,,,,,,0.0,,,
2026-04-22 15:28:00+00:00,presentValue,analogValue_15,analogValue,,,,,,,,,,,0.0,,,
2026-04-22 15:29:00+00:00,presentValue,analogValue_15,analogValue,,,,,,,,,,,0.0,,,
2026-04-22 15:30:00+00:00,presentValue,analogValue_15,analogValue,,,,,,,,,,,0.0,,,
2026-04-22 15:31:00+00:00,presentValue,analogValue_15,analogValue,,,,,,,,,,,0.0,,,
2026-04-22 15:32:00+00:00,presentValue,analogValue_15,analogValue,,,,,,,,,,,0.0,,,
2026-04-22 15:33:00+00:00,presentValue,analogValue_15,analogValue,,,,,,,,,,,0.0,,,
2026-04-22 15:34:00+00:00,presentValue,analogValue_15,analogValue,,,,,,,,,,,0.0,,,
2026-04-22 15:35:00+00:00,presentValue,analogValue_15,analogValue,,,,,,,,,,,0.0,,,
2026-04-22 15:36:00+00:00,presentValue,analogValue_15,analogValue,,,,,,,,,,,0.0,,,
2026-04-22 15:37:00+00:00,presentValue,analogValue_15,analogValue,,,,,,,,,,,0.0,,,
2026-04-22 15:38:00+00:00,presentValue,analogValue_15,analogValue,,,,,,,,,,,0.0,,,
2026-04-22 15:39:00+00:00,presentValue,analogValue_15,analogValue,,,,,,,,,,,0.0,,,
2026-04-22 15:40:00+00:00,presentValue,analogValue_15,analogValue,,,,,,,,,,,0.0,,,
2026-04-22 15:41:00+00:00,presentValue,analogValue_15,analogValue,,,,,,,,,,,0.0,,,
2026-04-22 15:42:00+00:00,presentValue,analogValue_15,analogValue,,,,,,,,,,,0.0,,,
2026-04-22 15:43:00+00:00,presentValue,analogValue_15,analogValue,,,,,,,,,,,0.0,,,
2026-04-22 15:44:00+00:00,presentValue,analogValue_15,analogValue,,,,,,,,,,,0.0,,,
2026-04-22 15:45:00+00:00,presentValue,analogValue_15,analogValue,,,,,,,,,,,0.0,,,
2026-04-22 15:46:00+00:00,presentValue,analogValue_15,analogValue,,,,,,,,,,,0.0,,,
2026-04-22 15:47:00+00:00,presentValue,analogValue_15,analogValue,,,,,,,,,,,0.0,,,
2026-04-22 15:48:00+00:00,presentValue,analogValue_15,analogValue,,,,,,,,,,,0.0,,,
2026-04-22 15:49:00+00:00,presentValue,analogValue_15,analogValue,,,,,,,,,,,0.0,,,
2026-04-22 15:50:00+00:00,presentValue,analogValue_15,analogValue,,,,,,,,,,,0.0,,,
2026-04-22 15:51:00+00:00,presentValue,analogValue_15,analogValue,,,,,,,,,,,0.0,,,
2026-04-22 15:52:00+00:00,presentValue,analogValue_15,analogValue,,,,,,,,,,,0.0,,,
2026-04-22 15:53:00+00:00,presentValue,analogValue_15,analogValue,,,,,,,,,,,0.0,,,
2026-04-22 15:54:00+00:00,presentValue,analogValue_15,analogValue,,,,,,,,,,,0.0,,,
2026-04-22 15:55:00+00:00,presentValue,analogValue_15,analogValue,,,,,,,,,,,0.0,,,
2026-04-22 15:56:00+00:00,presentValue,analogValue_15,analogValue,,,,,,,,,,,0.0,,,
2026-04-22 15:57:00+00:00,presentValue,analogValue_15,analogValue,,,,,,,,,,,0.0,,,
2026-04-22 15:58:00+00:00,presentValue,analogValue_15,analogValue,,,,,,,,,,,0.0,,,
2026-04-22 15:59:00+00:00,presentValue,analogValue_15,analogValue,,,,,,,,,,,0.0,,,
2026-04-22 16:00:00+00:00,presentValue,analogValue_15,analogValue,,,,,,,,,,,0.0,,,
2026-04-22 16:01:00+00:00,presentValue,analogValue_15,analogValue,,,,,,,,,,,3.8939078,,,
2026-04-22 16:02:00+00:00,presentValue,analogValue_15,analogValue,,,,,,,,,,,11.29659,,,
2026-04-22 16:03:00+00:00,presentValue,analogValue_15,analogValue,,,,,,,,,,,19.86827,,,
2026-04-22 16:04:00+00:00,presentValue,analogValue_15,analogValue,,,,,,,,,,,24.429201,,,
2026-04-22 16:05:00+00:00,presentValue,analogValue_15,analogValue,,,,,,,,,,,25.522648,,,
2026-04-22 16:06:00+00:00,presentValue,analogValue_15,analogValue,,,,,,,,,,,25.44988,,,
2026-04-22 16:07:00+00:00,presentValue,analogValue_15,analogValue,,,,,,,,,,,23.876497,,,
2026-04-22 16:08:00+00:00,presentValue,analogValue_15,analogValue,,,,,,,,,,,24.00619,,,
2026-04-22 16:09:00+00:00,presentValue,analogValue_15,analogValue,,,,,,,,,,,26.60046,,,
2026-04-22 16:10:00+00:00,presentValue,analogValue_15,analogValue,,,,,,,,,,,28.102808,,,
2026-04-22 16:11:00+00:00,presentValue,analogValue_15,analogValue,,,,,,,,,,,27.711908,,,
2026-04-22 16:12:00+00:00,presentValue,analogValue_15,analogValue,,,,,,,,,,,27.649412,,,
2026-04-22 16:13:00+00:00,presentValue,analogValue_15,analogValue,,,,,,,,,,,25.094627,,,
2026-04-22 16:14:00+00:00,presentValue,analogValue_15,analogValue,,,,,,,,,,,22.949003,,,
2026-04-22 16:15:00+00:00,presentValue,analogValue_15,analogValue,,,,,,,,,,,22.861824,,,
2026-04-22 16:16:00+00:00,presentValue,analogValue_15,analogValue,,,,,,,,,,,22.77104,,,
2026-04-22 16:17:00+00:00,presentValue,analogValue_15,analogValue,,,,,,,,,,,16.0124,,,
2026-04-22 16:18:00+00:00,presentValue,analogValue_15,analogValue,,,,,,,,,,,18.698763,,,
2026-04-22 16:19:00+00:00,presentValue,analogValue_15,analogValue,,,,,,,,,,,29.096544,,,
2026-04-22 16:20:00+00:00,presentValue,analogValue_15,analogValue,,,,,,,,,,,33.245934,,,
2026-04-22 16:21:00+00:00,presentValue,analogValue_15,analogValue,,,,,,,,,,,23.668139,,,
2026-04-22 16:22:00+00:00,presentValue,analogValue_15,analogValue,,,,,,,,,,,26.419863,,,
2026-04-22 16:23:00+00:00,presentValue,analogValue_15,analogValue,,,,,,,,,,,0.0,,,
2026-04-22 16:24:00+00:00,presentValue,analogValue_15,analogValue,,,,,,,,,,,18.235943,,,
2026-04-22 16:25:00+00:00,presentValue,analogValue_15,analogValue,,,,,,,,,,,0.0,,,
2026-04-22 16:26:00+00:00,presentValue,analogValue_15,analogValue,,,,,,,,,,,0.0,,,
2026-04-22 16:27:00+00:00,presentValue,analogValue_15,analogValue,,,,,,,,,,,16.037104,,,
2026-04-22 16:28:00+00:00,presentValue,analogValue_15,analogValue,,,,,,,,,,,10.157206,,,
2026-04-22 16:29:00+00:00,presentValue,analogValue_15,analogValue,,,,,,,,,,,13.266538,,,
2026-04-22 16:30:00+00:00,presentValue,analogValue_15,analogValue,,,,,,,,,,,28.465168,,,
2026-04-22 16:31:00+00:00,presentValue,analogValue_15,analogValue,,,,,,,,,,,27.715036,,,
2026-04-22 16:32:00+00:00,presentValue,analogValue_15,analogValue,,,,,,,,,,,26.06154,,,
2026-04-22 16:33:00+00:00,presentValue,analogValue_15,analogValue,,,,,,,,,,,23.715282,,,
2026-04-22 16:34:00+00:00,presentValue,analogValue_15,analogValue,,,,,,,,,,,16.044353,,,
2026-04-22 16:35:00+00:00,presentValue,analogValue_15,analogValue,,,,,,,,,,,0.0,,,
2026-04-22 16:36:00+00:00,presentValue,analogValue_15,analogValue,,,,,,,,,,,0.0,,,
2026-04-22 16:37:00+00:00,presentValue,analogValue_15,analogValue,,,,,,,,,,,0.0,,,
2026-04-22 16:38:00+00:00,presentValue,analogValue_15,analogValue,,,,,,,,,,,18.690113,,,
2026-04-22 16:39:00+00:00,presentValue,analogValue_15,analogValue,,,,,,,,,,,5.3105044,,,
2026-04-22 16:40:00+00:00,presentValue,analogValue_15,analogValue,,,,,,,,,,,23.231094,,,
2026-04-22 16:41:00+00:00,presentValue,analogValue_15,analogValue,,,,,,,,,,,26.336914,,,
2026-04-22 16:42:00+00:00,presentValue,analogValue_15,analogValue,,,,,,,,,,,30.5124,,,
2026-04-22 16:43:00+00:00,presentValue,analogValue_15,analogValue,,,,,,,,,,,33.280582,,,
2026-04-22 16:44:00+00:00,presentValue,analogValue_15,analogValue,,,,,,,,,,,34.08264,,,
2026-04-22 16:45:00+00:00,presentValue,analogValue_15,analogValue,,,,,,,,,,,8.291748,,,
2026-04-22 16:46:00+00:00,presentValue,analogValue_15,analogValue,,,,,,,,,,,34.30025,,,
2026-04-22 16:47:00+00:00,presentValue,analogValue_15,analogValue,,,,,,,,,,,26.163855,,,
2026-04-22 16:48:00+00:00,presentValue,analogValue_15,analogValue,,,,,,,,,,,23.959558,,,
2026-04-22 16:49:00+00:00,presentValue,analogValue_15,analogValue,,,,,,,,,,,26.283579,,,
2026-04-22 16:50:00+00:00,presentValue,analogValue_15,analogValue,,,,,,,,,,,0.0,,,
2026-04-22 16:51:00+00:00,presentValue,analogValue_15,analogValue,,,,,,,,,,,0.0,,,
2026-04-22 16:52:00+00:00,presentValue,analogValue_15,analogValue,,,,,,,,,,,0.0,,,
2026-04-22 16:53:00+00:00,presentValue,analogValue_15,analogValue,,,,,,,,,,,0.0,,,
2026-04-22 16:54:00+00:00,presentValue,analogValue_15,analogValue,,,,,,,,,,,28.134186,,,
2026-04-22 16:55:00+00:00,presentValue,analogValue_15,analogValue,,,,,,,,,,,0.0,,,
2026-04-22 16:56:00+00:00,presentValue,analogValue_15,analogValue,,,,,,,,,,,28.171705,,,
2026-04-22 16:57:00+00:00,presentValue,analogValue_15,analogValue,,,,,,,,,,,6.633217,,,
2026-04-22 16:58:00+00:00,presentValue,analogValue_15,analogValue,,,,,,,,,,,18.87859,,,
2026-04-22 16:59:00+00:00,presentValue,analogValue_15,analogValue,,,,,,,,,,,26.682035,,,
2026-04-22 17:00:00+00:00,presentValue,analogValue_15,analogValue,,,,,,,,,,,20.985378,,,
2026-04-22 17:01:00+00:00,presentValue,analogValue_15,analogValue,,,,,,,,,,,19.566278,,,
2026-04-22 17:02:00+00:00,presentValue,analogValue_15,analogValue,,,,,,,,,,,0.0,,,
2026-04-22 17:03:00+00:00,presentValue,analogValue_15,analogValue,,,,,,,,,,,17.871542,,,
2026-04-22 17:04:00+00:00,presentValue,analogValue_15,analogValue,,,,,,,,,,,0.0,,,
2026-04-22 17:05:00+00:00,presentValue,analogValue_15,analogValue,,,,,,,,,,,0.0,,,
2026-04-22 17:06:00+00:00,presentValue,analogValue_15,analogValue,,,,,,,,,,,0.0,,,
2026-04-22 17:07:00+00:00,presentValue,analogValue_15,analogValue,,,,,,,,,,,0.0,,,
2026-04-22 17:08:00+00:00,presentValue,analogValue_15,analogValue,,,,,,,,,,,23.222055,,,
2026-04-22 17:09:00+00:00,presentValue,analogValue_15,analogValue,,,,,,,,,,,23.64069,,,
2026-04-22 17:10:00+00:00,presentValue,analogValue_15,analogValue,,,,,,,,,,,0.0,,,
2026-04-22 17:11:00+00:00,presentValue,analogValue_15,analogValue,,,,,,,,,,,22.240955,,,
2026-04-22 17:12:00+00:00,presentValue,analogValue_15,analogValue,,,,,,,,,,,20.747293,,,
2026-04-22 17:13:00+00:00,presentValue,analogValue_15,analogValue,,,,,,,,,,,27.912035,,,
2026-04-22 17:14:00+00:00,presentValue,analogValue_15,analogValue,,,,,,,,,,,25.97406,,,
2026-04-22 17:15:00+00:00,presentValue,analogValue_15,analogValue,,,,,,,,,,,0.0,,,
2026-04-22 17:16:00+00:00,presentValue,analogValue_15,analogValue,,,,,,,,,,,18.860023,,,
2026-04-22 17:17:00+00:00,presentValue,analogValue_15,analogValue,,,,,,,,,,,22.909424,,,
2026-04-22 17:18:00+00:00,presentValue,analogValue_15,analogValue,,,,,,,,,,,17.97594,,,
2026-04-22 17:19:00+00:00,presentValue,analogValue_15,analogValue,,,,,,,,,,,0.0,,,
2026-04-22 17:20:00+00:00,presentValue,analogValue_15,analogValue,,,,,,,,,,,17.184044,,,
2026-04-22 17:21:00+00:00,presentValue,analogValue_15,analogValue,,,,,,,,,,,14.149441,,,
2026-04-22 17:22:00+00:00,presentValue,analogValue_15,analogValue,,,,,,,,,,,19.459967,,,
2026-04-22 17:23:00+00:00,presentValue,analogValue_15,analogValue,,,,,,,,,,,22.685448,,,
2026-04-22 17:24:00+00:00,presentValue,analogValue_15,analogValue,,,,,,,,,,,22.940063,,,
2026-04-22 17:25:00+00:00,presentValue,analogValue_15,analogValue,,,,,,,,,,,24.36421,,,
2026-04-22 17:26:00+00:00,presentValue,analogValue_15,analogValue,,,,,,,,,,,22.577024,,,
2026-04-22 17:27:00+00:00,presentValue,analogValue_15,analogValue,,,,,,,,,,,21.233078,,,
2026-04-22 17:28:00+00:00,presentValue,analogValue_15,analogValue,,,,,,,,,,,9.373392,,,
2026-04-22 17:29:00+00:00,presentValue,analogValue_15,analogValue,,,,,,,,,,,6.518996,,,
2026-04-22 17:30:00+00:00,presentValue,analogValue_15,analogValue,,,,,,,,,,,8.353459,,,
2026-04-22 17:31:00+00:00,presentValue,analogValue_15,analogValue,,,,,,,,,,,16.286987,,,
2026-04-22 17:32:00+00:00,presentValue,analogValue_15,analogValue,,,,,,,,,,,15.209604,,,
2026-04-22 17:33:00+00:00,presentValue,analogValue_15,analogValue,,,,,,,,,,,17.466427,,,
2026-04-22 17:34:00+00:00,presentValue,analogValue_15,analogValue,,,,,,,,,,,12.102046,,,
2026-04-22 17:35:00+00:00,presentValue,analogValue_15,analogValue,,,,,,,,,,,14.531413,,,
2026-04-22 17:36:00+00:00,presentValue,analogValue_15,analogValue,,,,,,,,,,,15.998644,,,
2026-04-22 17:37:00+00:00,presentValue,analogValue_15,analogValue,,,,,,,,,,,16.072573,,,
2026-04-22 17:38:00+00:00,presentValue,analogValue_15,analogValue,,,,,,,,,,,14.555544,,,
2026-04-22 17:39:00+00:00,presentValue,analogValue_15,analogValue,,,,,,,,,,,14.283205,,,
2026-04-22 17:40:00+00:00,presentValue,analogValue_15,analogValue,,,,,,,,,,,17.42511,,,
2026-04-22 17:41:00+00:00,presentValue,analogValue_15,analogValue,,,,,,,,,,,18.094648,,,
2026-04-22 17:42:00+00:00,presentValue,analogValue_15,analogValue,,,,,,,,,,,0.0,,,
2026-04-22 17:43:00+00:00,presentValue,analogValue_15,analogValue,,,,,,,,,,,7.575979,,,
2026-04-22 17:44:00+00:00,presentValue,analogValue_15,analogValue,,,,,,,,,,,5.701925,,,
2026-04-22 17:45:00+00:00,presentValue,analogValue_15,analogValue,,,,,,,,,,,5.701925,,,
2026-04-22 17:46:00+00:00,presentValue,analogValue_15,analogValue,,,,,,,,,,,9.416997,,,
2026-04-22 17:47:00+00:00,presentValue,analogValue_15,analogValue,,,,,,,,,,,13.964701,,,
2026-04-22 17:48:00+00:00,presentValue,analogValue_15,analogValue,,,,,,,,,,,14.535392,,,
2026-04-22 17:49:00+00:00,presentValue,analogValue_15,analogValue,,,,,,,,,,,14.029517,,,
2026-04-22 17:50:00+00:00,presentValue,analogValue_15,analogValue,,,,,,,,,,,15.049439,,,
2026-04-22 17:51:00+00:00,presentValue,analogValue_15,analogValue,,,,,,,,,,,13.4528,,,
2026-04-22 17:52:00+00:00,presentValue,analogValue_15,analogValue,,,,,,,,,,,14.851179,,,
2026-04-22 17:53:00+00:00,presentValue,analogValue_15,analogValue,,,,,,,,,,,14.743692,,,
2026-04-22 17:54:00+00:00,presentValue,analogValue_15,analogValue,,,,,,,,,,,15.980011,,,
2026-04-22 17:55:00+00:00,presentValue,analogValue_15,analogValue,,,,,,,,,,,15.267191,,,
2026-04-22 17:56:00+00:00,presentValue,analogValue_15,analogValue,,,,,,,,,,,0.0,,,
2026-04-22 17:57:00+00:00,presentValue,analogValue_15,analogValue,,,,,,,,,,,0.0,,,
2026-04-22 17:58:00+00:00,presentValue,analogValue_15,analogValue,,,,,,,,,,,0.0,,,
2026-04-22 17:59:00+00:00,presentValue,analogValue_15,analogValue,,,,,,,,,,,0.0,,,
2026-04-22 18:00:00+00:00,presentValue,analogValue_15,analogValue,,,,,,,,,,,0.0,,,
2026-04-22 18:01:00+00:00,presentValue,analogValue_15,analogValue,,,,,,,,,,,0.0,,,
2026-04-22 18:02:00+00:00,presentValue,analogValue_15,analogValue,,,,,,,,,,,0.0,,,
2026-04-22 18:03:00+00:00,presentValue,analogValue_15,analogValue,,,,,,,,,,,0.0,,,
2026-04-22 18:04:00+00:00,presentValue,analogValue_15,analogValue,,,,,,,,,,,0.0,,,
2026-04-22 18:05:00+00:00,presentValue,analogValue_15,analogValue,,,,,,,,,,,0.0,,,
2026-04-22 18:06:00+00:00,presentValue,analogValue_15,analogValue,,,,,,,,,,,0.0,,,
2026-04-22 18:07:00+00:00,presentValue,analogValue_15,analogValue,,,,,,,,,,,0.0,,,
2026-04-22 18:08:00+00:00,presentValue,analogValue_15,analogValue,,,,,,,,,,,0.0,,,
2026-04-22 18:09:00+00:00,presentValue,analogValue_15,analogValue,,,,,,,,,,,0.0,,,
2026-04-22 18:10:00+00:00,presentValue,analogValue_15,analogValue,,,,,,,,,,,0.0,,,
2026-04-22 18:11:00+00:00,presentValue,analogValue_15,analogValue,,,,,,,,,,,2.7960625,,,
2026-04-22 18:12:00+00:00,presentValue,analogValue_15,analogValue,,,,,,,,,,,5.391875,,,
2026-04-22 18:13:00+00:00,presentValue,analogValue_15,analogValue,,,,,,,,,,,6.749262,,,
2026-04-22 18:14:00+00:00,presentValue,analogValue_15,analogValue,,,,,,,,,,,8.233226,,,
2026-04-22 18:15:00+00:00,presentValue,analogValue_15,analogValue,,,,,,,,,,,10.767351,,,
2026-04-22 18:16:00+00:00,presentValue,analogValue_15,analogValue,,,,,,,,,,,11.469889,,,
2026-04-22 18:17:00+00:00,presentValue,analogValue_15,analogValue,,,,,,,,,,,16.85435,,,
2026-04-22 18:18:00+00:00,presentValue,analogValue_15,analogValue,,,,,,,,,,,16.205847,,,
2026-04-22 18:19:00+00:00,presentValue,analogValue_15,analogValue,,,,,,,,,,,15.418795,,,
2026-04-22 18:20:00+00:00,presentValue,analogValue_15,analogValue,,,,,,,,,,,15.471496,,,
2026-04-22 18:21:00+00:00,presentValue,analogValue_15,analogValue,,,,,,,,,,,14.332794,,,
2026-04-22 18:22:00+00:00,presentValue,analogValue_15,analogValue,,,,,,,,,,,15.021017,,,
2026-04-22 18:23:00+00:00,presentValue,analogValue_15,analogValue,,,,,,,,,,,13.373031,,,
2026-04-22 18:24:00+00:00,presentValue,analogValue_15,analogValue,,,,,,,,,,,14.149264,,,
2026-04-22 18:25:00+00:00,presentValue,analogValue_15,analogValue,,,,,,,,,,,14.135389,,,
2026-04-22 18:26:00+00:00,presentValue,analogValue_15,analogValue,,,,,,,,,,,18.995638,,,
2026-04-22 18:27:00+00:00,presentValue,analogValue_15,analogValue,,,,,,,,,,,15.052011,,,
2026-04-22 18:28:00+00:00,presentValue,analogValue_15,analogValue,,,,,,,,,,,12.70739,,,
2026-04-22 18:29:00+00:00,presentValue,analogValue_15,analogValue,,,,,,,,,,,10.983418,,,
2026-04-22 18:30:00+00:00,presentValue,analogValue_15,analogValue,,,,,,,,,,,13.409242,,,
2026-04-22 18:31:00+00:00,presentValue,analogValue_15,analogValue,,,,,,,,,,,14.083465,,,
2026-04-22 18:32:00+00:00,presentValue,analogValue_15,analogValue,,,,,,,,,,,15.4906225,,,
2026-04-22 18:33:00+00:00,presentValue,analogValue_15,analogValue,,,,,,,,,,,13.563917,,,
2026-04-22 18:34:00+00:00,presentValue,analogValue_15,analogValue,,,,,,,,,,,11.573881,,,
2026-04-22 18:35:00+00:00,presentValue,analogValue_15,analogValue,,,,,,,,,,,11.595843,,,
2026-04-22 18:36:00+00:00,presentValue,analogValue_15,analogValue,,,,,,,,,,,6.3710856,,,
2026-04-22 18:37:00+00:00,presentValue,analogValue_15,analogValue,,,,,,,,,,,6.1974835,,,
2026-04-22 18:38:00+00:00,presentValue,analogValue_15,analogValue,,,,,,,,,,,5.6844983,,,
2026-04-22 18:39:00+00:00,presentValue,analogValue_15,analogValue,,,,,,,,,,,8.623244,,,
2026-04-22 18:40:00+00:00,presentValue,analogValue_15,analogValue,,,,,,,,,,,6.9093957,,,
2026-04-22 18:41:00+00:00,presentValue,analogValue_15,analogValue,,,,,,,,,,,8.731249,,,
2026-04-22 18:42:00+00:00,presentValue,analogValue_15,analogValue,,,,,,,,,,,8.652505,,,
2026-04-22 18:43:00+00:00,presentValue,analogValue_15,analogValue,,,,,,,,,,,9.43708,,,
2026-04-22 18:44:00+00:00,presentValue,analogValue_15,analogValue,,,,,,,,,,,9.455518,,,
2026-04-22 18:45:00+00:00,presentValue,analogValue_15,analogValue,,,,,,,,,,,9.494101,,,
2026-04-22 18:46:00+00:00,presentValue,analogValue_15,analogValue,,,,,,,,,,,10.7381525,,,
2026-04-22 18:47:00+00:00,presentValue,analogValue_15,analogValue,,,,,,,,,,,11.995651,,,
2026-04-22 18:48:00+00:00,presentValue,analogValue_15,analogValue,,,,,,,,,,,11.887381,,,
2026-04-22 18:49:00+00:00,presentValue,analogValue_15,analogValue,,,,,,,,,,,9.056705,,,
2026-04-22 18:50:00+00:00,presentValue,analogValue_15,analogValue,,,,,,,,,,,9.112748,,,
2026-04-22 18:51:00+00:00,presentValue,analogValue_15,analogValue,,,,,,,,,,,9.063929,,,
2026-04-22 18:52:00+00:00,presentValue,analogValue_15,analogValue,,,,,,,,,,,9.046955,,,
2026-04-22 18:53:00+00:00,presentValue,analogValue_15,analogValue,,,,,,,,,,,9.035453,,,
2026-04-22 18:54:00+00:00,presentValue,analogValue_15,analogValue,,,,,,,,,,,8.987563,,,
2026-04-22 18:55:00+00:00,presentValue,analogValue_15,analogValue,,,,,,,,,,,0.0,,,
2026-04-22 18:56:00+00:00,presentValue,analogValue_15,analogValue,,,,,,,,,,,6.410898,,,
2026-04-22 18:57:00+00:00,presentValue,analogValue_15,analogValue,,,,,,,,,,,0.0,,,
2026-04-22 18:58:00+00:00,presentValue,analogValue_15,analogValue,,,,,,,,,,,6.4445357,,,
2026-04-22 18:59:00+00:00,presentValue,analogValue_15,analogValue,,,,,,,,,,,5.491702,,,
2026-04-22 19:00:00+00:00,presentValue,analogValue_15,analogValue,,,,,,,,,,,6.175928,,,
2026-04-22 19:01:00+00:00,presentValue,analogValue_15,analogValue,,,,,,,,,,,5.469317,,,
2026-04-22 19:02:00+00:00,presentValue,analogValue_15,analogValue,,,,,,,,,,,6.1513166,,,
2026-04-22 19:03:00+00:00,presentValue,analogValue_15,analogValue,,,,,,,,,,,6.114514,,,
2026-04-22 19:04:00+00:00,presentValue,analogValue_15,analogValue,,,,,,,,,,,6.391779,,,
2026-04-22 19:05:00+00:00,presentValue,analogValue_15,analogValue,,,,,,,,,,,6.3841968,,,
2026-04-22 19:06:00+00:00,presentValue,analogValue_15,analogValue,,,,,,,,,,,6.379478,,,
2026-04-22 19:07:00+00:00,presentValue,analogValue_15,analogValue,,,,,,,,,,,6.3844147,,,
2026-04-22 19:08:00+00:00,presentValue,analogValue_15,analogValue,,,,,,,,,,,6.1341934,,,
2026-04-22 19:09:00+00:00,presentValue,analogValue_15,analogValue,,,,,,,,,,,5.775616,,,
2026-04-22 19:10:00+00:00,presentValue,analogValue_15,analogValue,,,,,,,,,,,5.7054706,,,
2026-04-22 19:11:00+00:00,presentValue,analogValue_15,analogValue,,,,,,,,,,,5.3523645,,,
2026-04-22 19:12:00+00:00,presentValue,analogValue_15,analogValue,,,,,,,,,,,5.3534894,,,
2026-04-22 19:13:00+00:00,presentValue,analogValue_15,analogValue,,,,,,,,,,,5.416897,,,
2026-04-22 19:14:00+00:00,presentValue,analogValue_15,analogValue,,,,,,,,,,,5.4544144,,,
2026-04-22 19:15:00+00:00,presentValue,analogValue_15,analogValue,,,,,,,,,,,5.419813,,,
2026-04-22 19:16:00+00:00,presentValue,analogValue_15,analogValue,,,,,,,,,,,5.498138,,,
2026-04-22 19:17:00+00:00,presentValue,analogValue_15,analogValue,,,,,,,,,,,5.5755343,,,
2026-04-22 19:18:00+00:00,presentValue,analogValue_15,analogValue,,,,,,,,,,,5.6408405,,,
2026-04-22 19:19:00+00:00,presentValue,analogValue_15,analogValue,,,,,,,,,,,0.0,,,
2026-04-22 19:20:00+00:00,presentValue,analogValue_15,analogValue,,,,,,,,,,,0.0,,,
2026-04-22 19:21:00+00:00,presentValue,analogValue_15,analogValue,,,,,,,,,,,0.0,,,
2026-04-22 19:22:00+00:00,presentValue,analogValue_15,analogValue,,,,,,,,,,,0.0,,,
2026-04-22 19:23:00+00:00,presentValue,analogValue_15,analogValue,,,,,,,,,,,0.0,,,
2026-04-22 19:24:00+00:00,presentValue,analogValue_15,analogValue,,,,,,,,,,,0.0,,,
2026-04-22 19:25:00+00:00,presentValue,analogValue_15,analogValue,,,,,,,,,,,0.0,,,
2026-04-22 19:26:00+00:00,presentValue,analogValue_15,analogValue,,,,,,,,,,,0.0,,,
2026-04-22 19:27:00+00:00,presentValue,analogValue_15,analogValue,,,,,,,,,,,0.0,,,
2026-04-22 19:28:00+00:00,presentValue,analogValue_15,analogValue,,,,,,,,,,,0.0,,,
2026-04-22 19:29:00+00:00,presentValue,analogValue_15,analogValue,,,,,,,,,,,0.0,,,
2026-04-22 19:30:00+00:00,presentValue,analogValue_15,analogValue,,,,,,,,,,,0.0,,,
2026-04-22 19:31:00+00:00,presentValue,analogValue_15,analogValue,,,,,,,,,,,0.0,,,
2026-04-22 19:32:00+00:00,presentValue,analogValue_15,analogValue,,,,,,,,,,,0.0,,,
2026-04-22 19:33:00+00:00,presentValue,analogValue_15,analogValue,,,,,,,,,,,0.0,,,
2026-04-22 19:34:00+00:00,presentValue,analogValue_15,analogValue,,,,,,,,,,,0.0,,,
2026-04-22 19:35:00+00:00,presentValue,analogValue_15,analogValue,,,,,,,,,,,0.0,,,
2026-04-22 19:36:00+00:00,presentValue,analogValue_15,analogValue,,,,,,,,,,,0.0,,,
2026-04-22 19:37:00+00:00,presentValue,analogValue_15,analogValue,,,,,,,,,,,0.0,,,
2026-04-22 19:38:00+00:00,presentValue,analogValue_15,analogValue,,,,,,,,,,,0.0,,,
2026-04-22 19:39:00+00:00,presentValue,analogValue_15,analogValue,,,,,,,,,,,0.0,,,
2026-04-22 19:40:00+00:00,presentValue,analogValue_15,analogValue,,,,,,,,,,,0.0,,,
2026-04-22 19:41:00+00:00,presentValue,analogValue_15,analogValue,,,,,,,,,,,0.0,,,
2026-04-22 19:42:00+00:00,presentValue,analogValue_15,analogValue,,,,,,,,,,,0.0,,,
2026-04-22 19:43:00+00:00,presentValue,analogValue_15,analogValue,,,,,,,,,,,0.0,,,
2026-04-22 19:44:00+00:00,presentValue,analogValue_15,analogValue,,,,,,,,,,,0.0,,,
2026-04-22 19:45:00+00:00,presentValue,analogValue_15,analogValue,,,,,,,,,,,0.0,,,
2026-04-22 19:46:00+00:00,presentValue,analogValue_15,analogValue,,,,,,,,,,,0.0,,,
2026-04-22 19:47:00+00:00,presentValue,analogValue_15,analogValue,,,,,,,,,,,0.0,,,
2026-04-22 19:48:00+00:00,presentValue,analogValue_15,analogValue,,,,,,,,,,,0.0,,,
2026-04-22 19:49:00+00:00,presentValue,analogValue_15,analogValue,,,,,,,,,,,0.0,,,
2026-04-22 19:50:00+00:00,presentValue,analogValue_15,analogValue,,,,,,,,,,,0.0,,,
2026-04-22 19:51:00+00:00,presentValue,analogValue_15,analogValue,,,,,,,,,,,0.0,,,
2026-04-22 19:52:00+00:00,presentValue,analogValue_15,analogValue,,,,,,,,,,,0.0,,,
2026-04-22 19:53:00+00:00,presentValue,analogValue_15,analogValue,,,,,,,,,,,0.0,,,
2026-04-22 19:54:00+00:00,presentValue,analogValue_15,analogValue,,,,,,,,,,,0.0,,,
2026-04-22 19:55:00+00:00,presentValue,analogValue_15,analogValue,,,,,,,,,,,0.0,,,
2026-04-22 19:56:00+00:00,presentValue,analogValue_15,analogValue,,,,,,,,,,,0.0,,,
2026-04-22 19:57:00+00:00,presentValue,analogValue_15,analogValue,,,,,,,,,,,0.0,,,
2026-04-22 19:58:00+00:00,presentValue,analogValue_15,analogValue,,,,,,,,,,,0.0,,,
2026-04-22 19:59:00+00:00,presentValue,analogValue_15,analogValue,,,,,,,,,,,0.0,,,
2026-04-22 20:00:00+00:00,presentValue,analogValue_15,analogValue,,,,,,,,,,,0.0,,,
2026-04-22 20:01:00+00:00,presentValue,analogValue_15,analogValue,,,,,,,,,,,0.0,,,
2026-04-22 20:02:00+00:00,presentValue,analogValue_15,analogValue,,,,,,,,,,,0.0,,,
2026-04-22 20:03:00+00:00,presentValue,analogValue_15,analogValue,,,,,,,,,,,0.0,,,
2026-04-22 20:04:00+00:00,presentValue,analogValue_15,analogValue,,,,,,,,,,,0.0,,,
2026-04-22 20:05:00+00:00,presentValue,analogValue_15,analogValue,,,,,,,,,,,0.0,,,
2026-04-22 20:06:00+00:00,presentValue,analogValue_15,analogValue,,,,,,,,,,,0.0,,,
2026-04-22 20:07:00+00:00,presentValue,analogValue_15,analogValue,,,,,,,,,,,0.0,,,
2026-04-22 20:08:00+00:00,presentValue,analogValue_15,analogValue,,,,,,,,,,,0.0,,,
2026-04-22 20:09:00+00:00,presentValue,analogValue_15,analogValue,,,,,,,,,,,0.0,,,
2026-04-22 20:10:00+00:00,presentValue,analogValue_15,analogValue,,,,,,,,,,,0.0,,,
2026-04-22 20:11:00+00:00,presentValue,analogValue_15,analogValue,,,,,,,,,,,0.0,,,
2026-04-22 20:12:00+00:00,presentValue,analogValue_15,analogValue,,,,,,,,,,,0.0,,,
2026-04-22 20:13:00+00:00,presentValue,analogValue_15,analogValue,,,,,,,,,,,0.0,,,
2026-04-22 20:14:00+00:00,presentValue,analogValue_15,analogValue,,,,,,,,,,,0.0,,,
2026-04-22 20:15:00+00:00,presentValue,analogValue_15,analogValue,,,,,,,,,,,0.0,,,
2026-04-22 20:16:00+00:00,presentValue,analogValue_15,analogValue,,,,,,,,,,,0.0,,,
2026-04-22 20:17:00+00:00,presentValue,analogValue_15,analogValue,,,,,,,,,,,0.0,,,
2026-04-22 20:18:00+00:00,presentValue,analogValue_15,analogValue,,,,,,,,,,,0.0,,,
2026-04-22 20:19:00+00:00,presentValue,analogValue_15,analogValue,,,,,,,,,,,0.0,,,
2026-04-22 20:20:00+00:00,presentValue,analogValue_15,analogValue,,,,,,,,,,,0.0,,,
2026-04-22 20:21:00+00:00,presentValue,analogValue_15,analogValue,,,,,,,,,,,0.0,,,
2026-04-22 20:22:00+00:00,presentValue,analogValue_15,analogValue,,,,,,,,,,,0.0,,,
2026-04-22 20:23:00+00:00,presentValue,analogValue_15,analogValue,,,,,,,,,,,0.0,,,
2026-04-22 20:24:00+00:00,presentValue,analogValue_15,analogValue,,,,,,,,,,,0.0,,,
2026-04-22 20:25:00+00:00,presentValue,analogValue_15,analogValue,,,,,,,,,,,0.0,,,
2026-04-22 20:26:00+00:00,presentValue,analogValue_15,analogValue,,,,,,,,,,,0.0,,,
2026-04-22 20:27:00+00:00,presentValue,analogValue_15,analogValue,,,,,,,,,,,0.0,,,
2026-04-22 20:28:00+00:00,presentValue,analogValue_15,analogValue,,,,,,,,,,,0.0,,,
2026-04-22 20:29:00+00:00,presentValue,analogValue_15,analogValue,,,,,,,,,,,0.0,,,
2026-04-22 20:30:00+00:00,presentValue,analogValue_15,analogValue,,,,,,,,,,,0.0,,,
2026-04-22 20:31:00+00:00,presentValue,analogValue_15,analogValue,,,,,,,,,,,0.0,,,
2026-04-22 20:32:00+00:00,presentValue,analogValue_15,analogValue,,,,,,,,,,,0.0,,,
2026-04-22 20:33:00+00:00,presentValue,analogValue_15,analogValue,,,,,,,,,,,0.0,,,
2026-04-22 20:34:00+00:00,presentValue,analogValue_15,analogValue,,,,,,,,,,,0.0,,,
2026-04-22 20:35:00+00:00,presentValue,analogValue_15,analogValue,,,,,,,,,,,0.0,,,
2026-04-22 20:36:00+00:00,presentValue,analogValue_15,analogValue,,,,,,,,,,,0.0,,,
2026-04-22 20:37:00+00:00,presentValue,analogValue_15,analogValue,,,,,,,,,,,0.0,,,
2026-04-22 20:38:00+00:00,presentValue,analogValue_15,analogValue,,,,,,,,,,,0.0,,,
2026-04-22 20:39:00+00:00,presentValue,analogValue_15,analogValue,,,,,,,,,,,0.0,,,
2026-04-22 20:40:00+00:00,presentValue,analogValue_15,analogValue,,,,,,,,,,,0.0,,,
2026-04-22 20:41:00+00:00,presentValue,analogValue_15,analogValue,,,,,,,,,,,0.0,,,
2026-04-22 20:42:00+00:00,presentValue,analogValue_15,analogValue,,,,,,,,,,,0.0,,,
2026-04-22 20:43:00+00:00,presentValue,analogValue_15,analogValue,,,,,,,,,,,0.0,,,
2026-04-22 20:44:00+00:00,presentValue,analogValue_15,analogValue,,,,,,,,,,,0.0,,,
2026-04-22 20:45:00+00:00,presentValue,analogValue_15,analogValue,,,,,,,,,,,0.0,,,
2026-04-22 20:46:00+00:00,presentValue,analogValue_15,analogValue,,,,,,,,,,,0.0,,,
2026-04-22 20:47:00+00:00,presentValue,analogValue_15,analogValue,,,,,,,,,,,0.0,,,
2026-04-22 20:48:00+00:00,presentValue,analogValue_15,analogValue,,,,,,,,,,,0.0,,,
2026-04-22 20:49:00+00:00,presentValue,analogValue_15,analogValue,,,,,,,,,,,0.0,,,
2026-04-22 20:50:00+00:00,presentValue,analogValue_15,analogValue,,,,,,,,,,,0.0,,,
2026-04-22 20:51:00+00:00,presentValue,analogValue_15,analogValue,,,,,,,,,,,0.0,,,
2026-04-22 20:52:00+00:00,presentValue,analogValue_15,analogValue,,,,,,,,,,,0.0,,,
2026-04-22 20:53:00+00:00,presentValue,analogValue_15,analogValue,,,,,,,,,,,0.0,,,
2026-04-22 20:54:00+00:00,presentValue,analogValue_15,analogValue,,,,,,,,,,,0.0,,,
2026-04-22 20:55:00+00:00,presentValue,analogValue_15,analogValue,,,,,,,,,,,0.0,,,
2026-04-22 20:56:00+00:00,presentValue,analogValue_15,analogValue,,,,,,,,,,,0.0,,,
2026-04-22 20:57:00+00:00,presentValue,analogValue_15,analogValue,,,,,,,,,,,0.0,,,
2026-04-22 20:58:00+00:00,presentValue,analogValue_15,analogValue,,,,,,,,,,,0.0,,,
2026-04-22 20:59:00+00:00,presentValue,analogValue_15,analogValue,,,,,,,,,,,0.0,,,
2026-04-22 21:00:00+00:00,presentValue,analogValue_15,analogValue,,,,,,,,,,,0.0,,,
2026-04-22 21:01:00+00:00,presentValue,analogValue_15,analogValue,,,,,,,,,,,0.0,,,
2026-04-22 21:02:00+00:00,presentValue,analogValue_15,analogValue,,,,,,,,,,,0.0,,,
2026-04-22 21:03:00+00:00,presentValue,analogValue_15,analogValue,,,,,,,,,,,0.0,,,
2026-04-22 21:04:00+00:00,presentValue,analogValue_15,analogValue,,,,,,,,,,,0.0,,,
2026-04-22 21:05:00+00:00,presentValue,analogValue_15,analogValue,,,,,,,,,,,0.0,,,
2026-04-22 21:06:00+00:00,presentValue,analogValue_15,analogValue,,,,,,,,,,,0.0,,,
2026-04-22 21:07:00+00:00,presentValue,analogValue_15,analogValue,,,,,,,,,,,0.0,,,
2026-04-22 21:08:00+00:00,presentValue,analogValue_15,analogValue,,,,,,,,,,,0.0,,,
2026-04-22 21:09:00+00:00,presentValue,analogValue_15,analogValue,,,,,,,,,,,0.0,,,
2026-04-22 21:10:00+00:00,presentValue,analogValue_15,analogValue,,,,,,,,,,,0.0,,,
2026-04-22 21:11:00+00:00,presentValue,analogValue_15,analogValue,,,,,,,,,,,0.0,,,
2026-04-22 21:12:00+00:00,presentValue,analogValue_15,analogValue,,,,,,,,,,,0.0,,,
2026-04-22 21:13:00+00:00,presentValue,analogValue_15,analogValue,,,,,,,,,,,0.0,,,
2026-04-22 21:14:00+00:00,presentValue,analogValue_15,analogValue,,,,,,,,,,,0.0,,,
2026-04-22 21:15:00+00:00,presentValue,analogValue_15,analogValue,,,,,,,,,,,0.0,,,
2026-04-22 21:16:00+00:00,presentValue,analogValue_15,analogValue,,,,,,,,,,,0.0,,,
2026-04-22 21:17:00+00:00,presentValue,analogValue_15,analogValue,,,,,,,,,,,0.0,,,
2026-04-22 21:18:00+00:00,presentValue,analogValue_15,analogValue,,,,,,,,,,,0.0,,,
2026-04-22 21:19:00+00:00,presentValue,analogValue_15,analogValue,,,,,,,,,,,0.0,,,
2026-04-22 21:20:00+00:00,presentValue,analogValue_15,analogValue,,,,,,,,,,,0.0,,,
2026-04-22 21:21:00+00:00,presentValue,analogValue_15,analogValue,,,,,,,,,,,0.0,,,
2026-04-22 21:22:00+00:00,presentValue,analogValue_15,analogValue,,,,,,,,,,,0.0,,,
2026-04-22 21:23:00+00:00,presentValue,analogValue_15,analogValue,,,,,,,,,,,0.0,,,
2026-04-22 21:24:00+00:00,presentValue,analogValue_15,analogValue,,,,,,,,,,,0.0,,,
2026-04-22 21:25:00+00:00,presentValue,analogValue_15,analogValue,,,,,,,,,,,0.0,,,
2026-04-22 21:26:00+00:00,presentValue,analogValue_15,analogValue,,,,,,,,,,,0.0,,,
2026-04-22 21:27:00+00:00,presentValue,analogValue_15,analogValue,,,,,,,,,,,0.0,,,
2026-04-22 21:28:00+00:00,presentValue,analogValue_15,analogValue,,,,,,,,,,,0.0,,,
2026-04-22 21:29:00+00:00,presentValue,analogValue_15,analogValue,,,,,,,,,,,0.0,,,
2026-04-22 21:30:00+00:00,presentValue,analogValue_15,analogValue,,,,,,,,,,,0.0,,,
2026-04-22 21:31:00+00:00,presentValue,analogValue_15,analogValue,,,,,,,,,,,0.0,,,
2026-04-22 21:32:00+00:00,presentValue,analogValue_15,analogValue,,,,,,,,,,,0.0,,,
2026-04-22 21:33:00+00:00,presentValue,analogValue_15,analogValue,,,,,,,,,,,0.0,,,
2026-04-22 21:34:00+00:00,presentValue,analogValue_15,analogValue,,,,,,,,,,,0.0,,,
2026-04-22 21:35:00+00:00,presentValue,analogValue_15,analogValue,,,,,,,,,,,0.0,,,
2026-04-22 21:36:00+00:00,presentValue,analogValue_15,analogValue,,,,,,,,,,,0.0,,,
2026-04-22 21:37:00+00:00,presentValue,analogValue_15,analogValue,,,,,,,,,,,0.0,,,
2026-04-22 21:38:00+00:00,presentValue,analogValue_15,analogValue,,,,,,,,,,,0.0,,,
2026-04-22 21:39:00+00:00,presentValue,analogValue_15,analogValue,,,,,,,,,,,0.0,,,
2026-04-22 21:40:00+00:00,presentValue,analogValue_15,analogValue,,,,,,,,,,,0.0,,,
2026-04-22 21:41:00+00:00,presentValue,analogValue_15,analogValue,,,,,,,,,,,0.0,,,
2026-04-22 21:42:00+00:00,presentValue,analogValue_15,analogValue,,,,,,,,,,,0.0,,,
2026-04-22 21:43:00+00:00,presentValue,analogValue_15,analogValue,,,,,,,,,,,0.0,,,
2026-04-22 21:44:00+00:00,presentValue,analogValue_15,analogValue,,,,,,,,,,,0.0,,,
2026-04-22 21:45:00+00:00,presentValue,analogValue_15,analogValue,,,,,,,,,,,0.0,,,
2026-04-22 21:46:00+00:00,presentValue,analogValue_15,analogValue,,,,,,,,,,,0.0,,,
2026-04-22 21:47:00+00:00,presentValue,analogValue_15,analogValue,,,,,,,,,,,0.0,,,
2026-04-22 21:48:00+00:00,presentValue,analogValue_15,analogValue,,,,,,,,,,,0.0,,,
2026-04-22 21:49:00+00:00,presentValue,analogValue_15,analogValue,,,,,,,,,,,0.0,,,
2026-04-22 21:50:00+00:00,presentValue,analogValue_15,analogValue,,,,,,,,,,,0.0,,,
2026-04-22 21:51:00+00:00,presentValue,analogValue_15,analogValue,,,,,,,,,,,0.0,,,
2026-04-22 21:52:00+00:00,presentValue,analogValue_15,analogValue,,,,,,,,,,,0.0,,,
2026-04-22 21:53:00+00:00,presentValue,analogValue_15,analogValue,,,,,,,,,,,0.0,,,
2026-04-22 21:54:00+00:00,presentValue,analogValue_15,analogValue,,,,,,,,,,,0.0,,,
2026-04-22 21:55:00+00:00,presentValue,analogValue_15,analogValue,,,,,,,,,,,0.0,,,
2026-04-22 21:56:00+00:00,presentValue,analogValue_15,analogValue,,,,,,,,,,,0.0,,,
2026-04-22 21:57:00+00:00,presentValue,analogValue_15,analogValue,,,,,,,,,,,0.0,,,
2026-04-22 21:58:00+00:00,presentValue,analogValue_15,analogValue,,,,,,,,,,,0.0,,,
2026-04-22 21:59:00+00:00,presentValue,analogValue_15,analogValue,,,,,,,,,,,0.0,,,
2026-04-22 22:00:00+00:00,presentValue,analogValue_15,analogValue,,,,,,,,,,,0.0,,,
2026-04-22 22:01:00+00:00,presentValue,analogValue_15,analogValue,,,,,,,,,,,0.0,,,
2026-04-22 22:02:00+00:00,presentValue,analogValue_15,analogValue,,,,,,,,,,,0.0,,,
2026-04-22 22:03:00+00:00,presentValue,analogValue_15,analogValue,,,,,,,,,,,0.0,,,
2026-04-22 22:04:00+00:00,presentValue,analogValue_15,analogValue,,,,,,,,,,,0.0,,,
2026-04-22 22:05:00+00:00,presentValue,analogValue_15,analogValue,,,,,,,,,,,0.0,,,
2026-04-22 22:06:00+00:00,presentValue,analogValue_15,analogValue,,,,,,,,,,,0.0,,,
2026-04-22 22:07:00+00:00,presentValue,analogValue_15,analogValue,,,,,,,,,,,0.0,,,
2026-04-22 22:08:00+00:00,presentValue,analogValue_15,analogValue,,,,,,,,,,,0.0,,,
2026-04-22 22:09:00+00:00,presentValue,analogValue_15,analogValue,,,,,,,,,,,0.0,,,
2026-04-22 22:10:00+00:00,presentValue,analogValue_15,analogValue,,,,,,,,,,,0.0,,,
2026-04-22 22:11:00+00:00,presentValue,analogValue_15,analogValue,,,,,,,,,,,0.0,,,
2026-04-22 22:12:00+00:00,presentValue,analogValue_15,analogValue,,,,,,,,,,,0.0,,,
2026-04-22 22:13:00+00:00,presentValue,analogValue_15,analogValue,,,,,,,,,,,0.0,,,
2026-04-22 22:14:00+00:00,presentValue,analogValue_15,analogValue,,,,,,,,,,,0.0,,,
2026-04-22 22:15:00+00:00,presentValue,analogValue_15,analogValue,,,,,,,,,,,0.0,,,
2026-04-22 22:16:00+00:00,presentValue,analogValue_15,analogValue,,,,,,,,,,,0.0,,,
2026-04-22 22:17:00+00:00,presentValue,analogValue_15,analogValue,,,,,,,,,,,0.0,,,
2026-04-22 22:18:00+00:00,presentValue,analogValue_15,analogValue,,,,,,,,,,,0.0,,,
2026-04-22 22:19:00+00:00,presentValue,analogValue_15,analogValue,,,,,,,,,,,0.0,,,
2026-04-22 22:20:00+00:00,presentValue,analogValue_15,analogValue,,,,,,,,,,,0.0,,,
2026-04-22 22:21:00+00:00,presentValue,analogValue_15,analogValue,,,,,,,,,,,0.0,,,
2026-04-22 22:22:00+00:00,presentValue,analogValue_15,analogValue,,,,,,,,,,,0.0,,,
2026-04-22 22:23:00+00:00,presentValue,analogValue_15,analogValue,,,,,,,,,,,0.0,,,
2026-04-22 22:24:00+00:00,presentValue,analogValue_15,analogValue,,,,,,,,,,,0.0,,,
2026-04-22 22:25:00+00:00,presentValue,analogValue_15,analogValue,,,,,,,,,,,0.0,,,
2026-04-22 22:26:00+00:00,presentValue,analogValue_15,analogValue,,,,,,,,,,,0.0,,,
2026-04-22 22:27:00+00:00,presentValue,analogValue_15,analogValue,,,,,,,,,,,0.0,,,
2026-04-22 22:28:00+00:00,presentValue,analogValue_15,analogValue,,,,,,,,,,,0.0,,,
2026-04-22 22:29:00+00:00,presentValue,analogValue_15,analogValue,,,,,,,,,,,0.0,,,
2026-04-22 22:30:00+00:00,presentValue,analogValue_15,analogValue,,,,,,,,,,,0.0,,,
2026-04-22 22:31:00+00:00,presentValue,analogValue_15,analogValue,,,,,,,,,,,0.0,,,
2026-04-22 22:32:00+00:00,presentValue,analogValue_15,analogValue,,,,,,,,,,,0.0,,,
2026-04-22 22:33:00+00:00,presentValue,analogValue_15,analogValue,,,,,,,,,,,0.0,,,
2026-04-22 22:34:00+00:00,presentValue,analogValue_15,analogValue,,,,,,,,,,,0.0,,,
2026-04-22 22:35:00+00:00,presentValue,analogValue_15,analogValue,,,,,,,,,,,0.0,,,
2026-04-22 22:36:00+00:00,presentValue,analogValue_15,analogValue,,,,,,,,,,,0.0,,,
2026-04-22 22:37:00+00:00,presentValue,analogValue_15,analogValue,,,,,,,,,,,0.0,,,
2026-04-22 22:38:00+00:00,presentValue,analogValue_15,analogValue,,,,,,,,,,,0.0,,,
2026-04-22 22:39:00+00:00,presentValue,analogValue_15,analogValue,,,,,,,,,,,0.0,,,
2026-04-22 22:40:00+00:00,presentValue,analogValue_15,analogValue,,,,,,,,,,,0.0,,,
2026-04-22 22:41:00+00:00,presentValue,analogValue_15,analogValue,,,,,,,,,,,0.0,,,
2026-04-22 22:42:00+00:00,presentValue,analogValue_15,analogValue,,,,,,,,,,,0.0,,,
2026-04-22 22:43:00+00:00,presentValue,analogValue_15,analogValue,,,,,,,,,,,0.0,,,
2026-04-22 22:44:00+00:00,presentValue,analogValue_15,analogValue,,,,,,,,,,,0.0,,,
2026-04-22 22:45:00+00:00,presentValue,analogValue_15,analogValue,,,,,,,,,,,0.0,,,
2026-04-22 22:46:00+00:00,presentValue,analogValue_15,analogValue,,,,,,,,,,,0.0,,,
2026-04-22 22:47:00+00:00,presentValue,analogValue_15,analogValue,,,,,,,,,,,0.0,,,
2026-04-22 22:48:00+00:00,presentValue,analogValue_15,analogValue,,,,,,,,,,,0.0,,,
2026-04-22 22:49:00+00:00,presentValue,analogValue_15,analogValue,,,,,,,,,,,0.0,,,
2026-04-22 22:50:00+00:00,presentValue,analogValue_15,analogValue,,,,,,,,,,,0.0,,,
2026-04-22 22:51:00+00:00,presentValue,analogValue_15,analogValue,,,,,,,,,,,0.0,,,
2026-04-22 22:52:00+00:00,presentValue,analogValue_15,analogValue,,,,,,,,,,,0.0,,,
2026-04-22 22:53:00+00:00,presentValue,analogValue_15,analogValue,,,,,,,,,,,0.0,,,
2026-04-22 22:54:00+00:00,presentValue,analogValue_15,analogValue,,,,,,,,,,,0.0,,,
2026-04-22 22:55:00+00:00,presentValue,analogValue_15,analogValue,,,,,,,,,,,0.0,,,
2026-04-22 22:56:00+00:00,presentValue,analogValue_15,analogValue,,,,,,,,,,,0.0,,,
2026-04-22 22:57:00+00:00,presentValue,analogValue_15,analogValue,,,,,,,,,,,0.0,,,
2026-04-22 22:58:00+00:00,presentValue,analogValue_15,analogValue,,,,,,,,,,,0.0,,,
2026-04-22 22:59:00+00:00,presentValue,analogValue_15,analogValue,,,,,,,,,,,0.0,,,
2026-04-22 23:00:00+00:00,presentValue,analogValue_15,analogValue,,,,,,,,,,,0.0,,,
2026-04-22 11:01:00+00:00,presentValue,analogValue_20,analogValue,,,,,,,,,,,,10.514987,,
2026-04-22 11:02:00+00:00,presentValue,analogValue_20,analogValue,,,,,,,,,,,,10.498515,,
2026-04-22 11:03:00+00:00,presentValue,analogValue_20,analogValue,,,,,,,,,,,,10.483383,,
2026-04-22 11:04:00+00:00,presentValue,analogValue_20,analogValue,,,,,,,,,,,,10.470998,,
2026-04-22 11:05:00+00:00,presentValue,analogValue_20,analogValue,,,,,,,,,,,,10.449003,,
2026-04-22 11:06:00+00:00,presentValue,analogValue_20,analogValue,,,,,,,,,,,,10.429752,,
2026-04-22 11:07:00+00:00,presentValue,analogValue_20,analogValue,,,,,,,,,,,,10.427038,,
2026-04-22 11:08:00+00:00,presentValue,analogValue_20,analogValue,,,,,,,,,,,,10.404982,,
2026-04-22 11:09:00+00:00,presentValue,analogValue_20,analogValue,,,,,,,,,,,,10.382986,,
2026-04-22 11:10:00+00:00,presentValue,analogValue_20,analogValue,,,,,,,,,,,,10.382986,,
2026-04-22 11:11:00+00:00,presentValue,analogValue_20,analogValue,,,,,,,,,,,,10.3609915,,
2026-04-22 11:12:00+00:00,presentValue,analogValue_20,analogValue,,,,,,,,,,,,10.338997,,
2026-04-22 11:13:00+00:00,presentValue,analogValue_20,analogValue,,,,,,,,,,,,10.338997,,
2026-04-22 11:14:00+00:00,presentValue,analogValue_20,analogValue,,,,,,,,,,,,10.316971,,
2026-04-22 11:15:00+00:00,presentValue,analogValue_20,analogValue,,,,,,,,,,,,10.294975,,
2026-04-22 11:16:00+00:00,presentValue,analogValue_20,analogValue,,,,,,,,,,,,10.294975,,
2026-04-22 11:17:00+00:00,presentValue,analogValue_20,analogValue,,,,,,,,,,,,10.27298,,
2026-04-22 11:18:00+00:00,presentValue,analogValue_20,analogValue,,,,,,,,,,,,10.250955,,
2026-04-22 11:19:00+00:00,presentValue,analogValue_20,analogValue,,,,,,,,,,,,10.245463,,
2026-04-22 11:20:00+00:00,presentValue,analogValue_20,analogValue,,,,,,,,,,,,10.229021,,
2026-04-22 11:21:00+00:00,presentValue,analogValue_20,analogValue,,,,,,,,,,,,10.206996,,
2026-04-22 11:22:00+00:00,presentValue,analogValue_20,analogValue,,,,,,,,,,,,10.206996,,
2026-04-22 11:23:00+00:00,presentValue,analogValue_20,analogValue,,,,,,,,,,,,10.18497,,
2026-04-22 11:24:00+00:00,presentValue,analogValue_20,analogValue,,,,,,,,,,,,10.176733,,
2026-04-22 11:25:00+00:00,presentValue,analogValue_20,analogValue,,,,,,,,,,,,10.162975,,
2026-04-22 11:26:00+00:00,presentValue,analogValue_20,analogValue,,,,,,,,,,,,10.151993,,
2026-04-22 11:27:00+00:00,presentValue,analogValue_20,analogValue,,,,,,,,,,,,10.140949,,
2026-04-22 11:28:00+00:00,presentValue,analogValue_20,analogValue,,,,,,,,,,,,10.118984,,
2026-04-22 11:29:00+00:00,presentValue,analogValue_20,analogValue,,,,,,,,,,,,10.106599,,
2026-04-22 11:30:00+00:00,presentValue,analogValue_20,analogValue,,,,,,,,,,,,10.09699,,
2026-04-22 11:31:00+00:00,presentValue,analogValue_20,analogValue,,,,,,,,,,,,10.074964,,
2026-04-22 11:32:00+00:00,presentValue,analogValue_20,analogValue,,,,,,,,,,,,10.074964,,
2026-04-22 11:33:00+00:00,presentValue,analogValue_20,analogValue,,,,,,,,,,,,10.052938,,
2026-04-22 11:34:00+00:00,presentValue,analogValue_20,analogValue,,,,,,,,,,,,10.030943,,
2026-04-22 11:35:00+00:00,presentValue,analogValue_20,analogValue,,,,,,,,,,,,10.030943,,
2026-04-22 11:36:00+00:00,presentValue,analogValue_20,analogValue,,,,,,,,,,,,10.00898,,
2026-04-22 11:37:00+00:00,presentValue,analogValue_20,analogValue,,,,,,,,,,,,10.002053,,
2026-04-22 11:38:00+00:00,presentValue,analogValue_20,analogValue,,,,,,,,,,,,9.986983,,
2026-04-22 11:39:00+00:00,presentValue,analogValue_20,analogValue,,,,,,,,,,,,9.970449,,
2026-04-22 11:40:00+00:00,presentValue,analogValue_20,analogValue,,,,,,,,,,,,9.964989,,
2026-04-22 11:41:00+00:00,presentValue,analogValue_20,analogValue,,,,,,,,,,,,9.942964,,
2026-04-22 11:42:00+00:00,presentValue,analogValue_20,analogValue,,,,,,,,,,,,9.942964,,
2026-04-22 11:43:00+00:00,presentValue,analogValue_20,analogValue,,,,,,,,,,,,9.920968,,
2026-04-22 11:44:00+00:00,presentValue,analogValue_20,analogValue,,,,,,,,,,,,9.920968,,
2026-04-22 11:45:00+00:00,presentValue,analogValue_20,analogValue,,,,,,,,,,,,9.899005,,
2026-04-22 11:46:00+00:00,presentValue,analogValue_20,analogValue,,,,,,,,,,,,9.899005,,
2026-04-22 11:47:00+00:00,presentValue,analogValue_20,analogValue,,,,,,,,,,,,9.876947,,
2026-04-22 11:48:00+00:00,presentValue,analogValue_20,analogValue,,,,,,,,,,,,9.857729,,
2026-04-22 11:49:00+00:00,presentValue,analogValue_20,analogValue,,,,,,,,,,,,9.854954,,
2026-04-22 11:50:00+00:00,presentValue,analogValue_20,analogValue,,,,,,,,,,,,9.846747,,
2026-04-22 11:51:00+00:00,presentValue,analogValue_20,analogValue,,,,,,,,,,,,9.832957,,
2026-04-22 11:52:00+00:00,presentValue,analogValue_20,analogValue,,,,,,,,,,,,9.812335,,
2026-04-22 11:53:00+00:00,presentValue,analogValue_20,analogValue,,,,,,,,,,,,9.810962,,
2026-04-22 11:54:00+00:00,presentValue,analogValue_20,analogValue,,,,,,,,,,,,9.793086,,
2026-04-22 11:55:00+00:00,presentValue,analogValue_20,analogValue,,,,,,,,,,,,9.788999,,
2026-04-22 11:56:00+00:00,presentValue,analogValue_20,analogValue,,,,,,,,,,,,9.766973,,
2026-04-22 11:57:00+00:00,presentValue,analogValue_20,analogValue,,,,,,,,,,,,9.766973,,
2026-04-22 11:58:00+00:00,presentValue,analogValue_20,analogValue,,,,,,,,,,,,9.744979,,
2026-04-22 11:59:00+00:00,presentValue,analogValue_20,analogValue,,,,,,,,,,,,9.744979,,
2026-04-22 12:00:00+00:00,presentValue,analogValue_20,analogValue,,,,,,,,,,,,9.722983,,
2026-04-22 12:01:00+00:00,presentValue,analogValue_20,analogValue,,,,,,,,,,,,9.722983,,
2026-04-22 12:02:00+00:00,presentValue,analogValue_20,analogValue,,,,,,,,,,,,9.7037325,,
2026-04-22 12:03:00+00:00,presentValue,analogValue_20,analogValue,,,,,,,,,,,,9.700988,,
2026-04-22 12:04:00+00:00,presentValue,analogValue_20,analogValue,,,,,,,,,,,,9.678962,,
2026-04-22 12:05:00+00:00,presentValue,analogValue_20,analogValue,,,,,,,,,,,,9.678962,,
2026-04-22 12:06:00+00:00,presentValue,analogValue_20,analogValue,,,,,,,,,,,,9.669353,,
2026-04-22 12:07:00+00:00,presentValue,analogValue_20,analogValue,,,,,,,,,,,,9.656998,,
2026-04-22 12:08:00+00:00,presentValue,analogValue_20,analogValue,,,,,,,,,,,,9.6501045,,
2026-04-22 12:09:00+00:00,presentValue,analogValue_20,analogValue,,,,,,,,,,,,9.635004,,
2026-04-22 12:10:00+00:00,presentValue,analogValue_20,analogValue,,,,,,,,,,,,9.635004,,
2026-04-22 12:11:00+00:00,presentValue,analogValue_20,analogValue,,,,,,,,,,,,9.6129465,,
2026-04-22 12:12:00+00:00,presentValue,analogValue_20,analogValue,,,,,,,,,,,,9.6129465,,
2026-04-22 12:13:00+00:00,presentValue,analogValue_20,analogValue,,,,,,,,,,,,9.603399,,
2026-04-22 12:14:00+00:00,presentValue,analogValue_20,analogValue,,,,,,,,,,,,9.590982,,
2026-04-22 12:15:00+00:00,presentValue,analogValue_20,analogValue,,,,,,,,,,,,9.590982,,
2026-04-22 12:16:00+00:00,presentValue,analogValue_20,analogValue,,,,,,,,,,,,9.571765,,
2026-04-22 12:17:00+00:00,presentValue,analogValue_20,analogValue,,,,,,,,,,,,9.568956,,
2026-04-22 12:18:00+00:00,presentValue,analogValue_20,analogValue,,,,,,,,,,,,9.562123,,
2026-04-22 12:19:00+00:00,presentValue,analogValue_20,analogValue,,,,,,,,,,,,9.546993,,
2026-04-22 12:20:00+00:00,presentValue,analogValue_20,analogValue,,,,,,,,,,,,9.546993,,
2026-04-22 12:21:00+00:00,presentValue,analogValue_20,analogValue,,,,,,,,,,,,9.537353,,
2026-04-22 12:22:00+00:00,presentValue,analogValue_20,analogValue,,,,,,,,,,,,9.524998,,
2026-04-22 12:23:00+00:00,presentValue,analogValue_20,analogValue,,,,,,,,,,,,9.524998,,
2026-04-22 12:24:00+00:00,presentValue,analogValue_20,analogValue,,,,,,,,,,,,9.5153265,,
2026-04-22 12:25:00+00:00,presentValue,analogValue_20,analogValue,,,,,,,,,,,,9.503002,,
2026-04-22 12:26:00+00:00,presentValue,analogValue_20,analogValue,,,,,,,,,,,,9.503002,,
2026-04-22 12:27:00+00:00,presentValue,analogValue_20,analogValue,,,,,,,,,,,,9.503002,,
2026-04-22 12:28:00+00:00,presentValue,analogValue_20,analogValue,,,,,,,,,,,,9.49199,,
2026-04-22 12:29:00+00:00,presentValue,analogValue_20,analogValue,,,,,,,,,,,,9.480977,,
2026-04-22 12:30:00+00:00,presentValue,analogValue_20,analogValue,,,,,,,,,,,,9.480977,,
2026-04-22 12:31:00+00:00,presentValue,analogValue_20,analogValue,,,,,,,,,,,,9.480977,,
2026-04-22 12:32:00+00:00,presentValue,analogValue_20,analogValue,,,,,,,,,,,,9.458982,,
2026-04-22 12:33:00+00:00,presentValue,analogValue_20,analogValue,,,,,,,,,,,,9.458982,,
2026-04-22 12:34:00+00:00,presentValue,analogValue_20,analogValue,,,,,,,,,,,,9.458982,,
2026-04-22 12:35:00+00:00,presentValue,analogValue_20,analogValue,,,,,,,,,,,,9.458982,,
2026-04-22 12:36:00+00:00,presentValue,analogValue_20,analogValue,,,,,,,,,,,,9.44251,,
2026-04-22 12:37:00+00:00,presentValue,analogValue_20,analogValue,,,,,,,,,,,,9.44251,,
2026-04-22 12:38:00+00:00,presentValue,analogValue_20,analogValue,,,,,,,,,,,,9.437019,,
2026-04-22 12:39:00+00:00,presentValue,analogValue_20,analogValue,,,,,,,,,,,,9.437019,,
2026-04-22 12:40:00+00:00,presentValue,analogValue_20,analogValue,,,,,,,,,,,,9.434274,,
2026-04-22 12:41:00+00:00,presentValue,analogValue_20,analogValue,,,,,,,,,,,,9.414993,,
2026-04-22 12:42:00+00:00,presentValue,analogValue_20,analogValue,,,,,,,,,,,,9.414993,,
2026-04-22 12:43:00+00:00,presentValue,analogValue_20,analogValue,,,,,,,,,,,,9.414993,,
2026-04-22 12:44:00+00:00,presentValue,analogValue_20,analogValue,,,,,,,,,,,,9.414993,,
2026-04-22 12:45:00+00:00,presentValue,analogValue_20,analogValue,,,,,,,,,,,,9.414993,,
2026-04-22 12:46:00+00:00,presentValue,analogValue_20,analogValue,,,,,,,,,,,,9.414993,,
2026-04-22 12:47:00+00:00,presentValue,analogValue_20,analogValue,,,,,,,,,,,,9.414993,,
2026-04-22 12:48:00+00:00,presentValue,analogValue_20,analogValue,,,,,,,,,,,,9.414993,,
2026-04-22 12:49:00+00:00,presentValue,analogValue_20,analogValue,,,,,,,,,,,,9.413651,,
2026-04-22 12:50:00+00:00,presentValue,analogValue_20,analogValue,,,,,,,,,,,,9.395742,,
2026-04-22 12:51:00+00:00,presentValue,analogValue_20,analogValue,,,,,,,,,,,,9.393028,,
2026-04-22 12:52:00+00:00,presentValue,analogValue_20,analogValue,,,,,,,,,,,,9.393028,,
2026-04-22 12:53:00+00:00,presentValue,analogValue_20,analogValue,,,,,,,,,,,,9.393028,,
2026-04-22 12:54:00+00:00,presentValue,analogValue_20,analogValue,,,,,,,,,,,,9.393028,,
2026-04-22 12:55:00+00:00,presentValue,analogValue_20,analogValue,,,,,,,,,,,,9.393028,,
2026-04-22 12:56:00+00:00,presentValue,analogValue_20,analogValue,,,,,,,,,,,,9.393028,,
2026-04-22 12:57:00+00:00,presentValue,analogValue_20,analogValue,,,,,,,,,,,,9.393028,,
2026-04-22 12:58:00+00:00,presentValue,analogValue_20,analogValue,,,,,,,,,,,,9.393028,,
2026-04-22 12:59:00+00:00,presentValue,analogValue_20,analogValue,,,,,,,,,,,,9.393028,,
2026-04-22 13:00:00+00:00,presentValue,analogValue_20,analogValue,,,,,,,,,,,,9.393028,,
2026-04-22 13:01:00+00:00,presentValue,analogValue_20,analogValue,,,,,,,,,,,,9.393028,,
2026-04-22 13:02:00+00:00,presentValue,analogValue_20,analogValue,,,,,,,,,,,,9.393028,,
2026-04-22 13:03:00+00:00,presentValue,analogValue_20,analogValue,,,,,,,,,,,,9.387507,,
2026-04-22 13:04:00+00:00,presentValue,analogValue_20,analogValue,,,,,,,,,,,,9.393028,,
2026-04-22 13:05:00+00:00,presentValue,analogValue_20,analogValue,,,,,,,,,,,,9.393028,,
2026-04-22 13:06:00+00:00,presentValue,analogValue_20,analogValue,,,,,,,,,,,,9.393028,,
2026-04-22 13:07:00+00:00,presentValue,analogValue_20,analogValue,,,,,,,,,,,,9.393028,,
2026-04-22 13:08:00+00:00,presentValue,analogValue_20,analogValue,,,,,,,,,,,,9.386166,,
2026-04-22 13:09:00+00:00,presentValue,analogValue_20,analogValue,,,,,,,,,,,,9.393028,,
2026-04-22 13:10:00+00:00,presentValue,analogValue_20,analogValue,,,,,,,,,,,,9.393028,,
2026-04-22 13:11:00+00:00,presentValue,analogValue_20,analogValue,,,,,,,,,,,,9.393028,,
2026-04-22 13:12:00+00:00,presentValue,analogValue_20,analogValue,,,,,,,,,,,,9.391625,,
2026-04-22 13:13:00+00:00,presentValue,analogValue_20,analogValue,,,,,,,,,,,,9.393028,,
2026-04-22 13:14:00+00:00,presentValue,analogValue_20,analogValue,,,,,,,,,,,,9.393028,,
2026-04-22 13:15:00+00:00,presentValue,analogValue_20,analogValue,,,,,,,,,,,,9.393028,,
2026-04-22 13:16:00+00:00,presentValue,analogValue_20,analogValue,,,,,,,,,,,,9.393028,,
2026-04-22 13:17:00+00:00,presentValue,analogValue_20,analogValue,,,,,,,,,,,,8.488558,,
2026-04-22 13:18:00+00:00,presentValue,analogValue_20,analogValue,,,,,,,,,,,,26.2252,,
2026-04-22 13:19:00+00:00,presentValue,analogValue_20,analogValue,,,,,,,,,,,,25.03027,,
2026-04-22 13:20:00+00:00,presentValue,analogValue_20,analogValue,,,,,,,,,,,,27.1013,,
2026-04-22 13:21:00+00:00,presentValue,analogValue_20,analogValue,,,,,,,,,,,,24.939102,,
2026-04-22 13:22:00+00:00,presentValue,analogValue_20,analogValue,,,,,,,,,,,,23.97934,,
2026-04-22 13:23:00+00:00,presentValue,analogValue_20,analogValue,,,,,,,,,,,,25.651821,,
2026-04-22 13:24:00+00:00,presentValue,analogValue_20,analogValue,,,,,,,,,,,,24.138086,,
2026-04-22 13:25:00+00:00,presentValue,analogValue_20,analogValue,,,,,,,,,,,,25.787203,,
2026-04-22 13:26:00+00:00,presentValue,analogValue_20,analogValue,,,,,,,,,,,,24.506815,,
2026-04-22 13:27:00+00:00,presentValue,analogValue_20,analogValue,,,,,,,,,,,,25.47775,,
2026-04-22 13:28:00+00:00,presentValue,analogValue_20,analogValue,,,,,,,,,,,,25.027462,,
2026-04-22 13:29:00+00:00,presentValue,analogValue_20,analogValue,,,,,,,,,,,,25.378315,,
2026-04-22 13:30:00+00:00,presentValue,analogValue_20,analogValue,,,,,,,,,,,,25.320313,,
2026-04-22 13:31:00+00:00,presentValue,analogValue_20,analogValue,,,,,,,,,,,,25.365898,,
2026-04-22 13:32:00+00:00,presentValue,analogValue_20,analogValue,,,,,,,,,,,,25.465334,,
2026-04-22 13:33:00+00:00,presentValue,analogValue_20,analogValue,,,,,,,,,,,,25.419748,,
2026-04-22 13:34:00+00:00,presentValue,analogValue_20,analogValue,,,,,,,,,,,,25.51095,,
2026-04-22 13:35:00+00:00,presentValue,analogValue_20,analogValue,,,,,,,,,,,,25.488829,,
2026-04-22 13:36:00+00:00,presentValue,analogValue_20,analogValue,,,,,,,,,,,,25.55098,,
2026-04-22 13:37:00+00:00,presentValue,analogValue_20,analogValue,,,,,,,,,,,,25.55513,,
2026-04-22 13:38:00+00:00,presentValue,analogValue_20,analogValue,,,,,,,,,,,,25.4239,,
2026-04-22 13:39:00+00:00,presentValue,analogValue_20,analogValue,,,,,,,,,,,,-1.0,,
2026-04-22 13:40:00+00:00,presentValue,analogValue_20,analogValue,,,,,,,,,,,,-1.0,,
2026-04-22 13:41:00+00:00,presentValue,analogValue_20,analogValue,,,,,,,,,,,,25.353449,,
2026-04-22 13:42:00+00:00,presentValue,analogValue_20,analogValue,,,,,,,,,,,,25.267801,,
2026-04-22 13:43:00+00:00,presentValue,analogValue_20,analogValue,,,,,,,,,,,,25.200129,,
2026-04-22 13:44:00+00:00,presentValue,analogValue_20,analogValue,,,,,,,,,,,,25.115854,,
2026-04-22 13:45:00+00:00,presentValue,analogValue_20,analogValue,,,,,,,,,,,,25.06478,,
2026-04-22 13:46:00+00:00,presentValue,analogValue_20,analogValue,,,,,,,,,,,,25.002625,,
2026-04-22 13:47:00+00:00,presentValue,analogValue_20,analogValue,,,,,,,,,,,,24.937666,,
2026-04-22 13:48:00+00:00,presentValue,analogValue_20,analogValue,,,,,,,,,,,,24.89211,,
2026-04-22 13:49:00+00:00,presentValue,analogValue_20,analogValue,,,,,,,,,,,,24.948772,,
2026-04-22 13:50:00+00:00,presentValue,analogValue_20,analogValue,,,,,,,,,,,,25.66012,,
2026-04-22 13:51:00+00:00,presentValue,analogValue_20,analogValue,,,,,,,,,,,,25.32309,,
2026-04-22 13:52:00+00:00,presentValue,analogValue_20,analogValue,,,,,,,,,,,,25.50265,,
2026-04-22 13:53:00+00:00,presentValue,analogValue_20,analogValue,,,,,,,,,,,,25.461184,,
2026-04-22 13:54:00+00:00,presentValue,analogValue_20,analogValue,,,,,,,,,,,,25.444616,,
2026-04-22 13:55:00+00:00,presentValue,analogValue_20,analogValue,,,,,,,,,,,,25.512291,,
2026-04-22 13:56:00+00:00,presentValue,analogValue_20,analogValue,,,,,,,,,,,,25.466738,,
2026-04-22 13:57:00+00:00,presentValue,analogValue_20,analogValue,,,,,,,,,,,,25.55513,,
2026-04-22 13:58:00+00:00,presentValue,analogValue_20,analogValue,,,,,,,,,,,,25.560654,,
2026-04-22 13:59:00+00:00,presentValue,analogValue_20,analogValue,,,,,,,,,,,,25.709887,,
2026-04-22 14:00:00+00:00,presentValue,analogValue_20,analogValue,,,,,,,,,,,,25.859089,,
2026-04-22 14:01:00+00:00,presentValue,analogValue_20,analogValue,,,,,,,,,,,,26.08564,,
2026-04-22 14:02:00+00:00,presentValue,analogValue_20,analogValue,,,,,,,,,,,,26.23347,,
2026-04-22 14:03:00+00:00,presentValue,analogValue_20,analogValue,,,,,,,,,,,,26.541613,,
2026-04-22 14:04:00+00:00,presentValue,analogValue_20,analogValue,,,,,,,,,,,,-1.0,,
2026-04-22 14:05:00+00:00,presentValue,analogValue_20,analogValue,,,,,,,,,,,,27.052906,,
2026-04-22 14:06:00+00:00,presentValue,analogValue_20,analogValue,,,,,,,,,,,,27.318274,,
2026-04-22 14:07:00+00:00,presentValue,analogValue_20,analogValue,,,,,,,,,,,,27.539457,,
2026-04-22 14:08:00+00:00,presentValue,analogValue_20,analogValue,,,,,,,,,,,,27.900177,,
2026-04-22 14:09:00+00:00,presentValue,analogValue_20,analogValue,,,,,,,,,,,,-1.0,,
2026-04-22 14:10:00+00:00,presentValue,analogValue_20,analogValue,,,,,,,,,,,,-1.0,,
2026-04-22 14:11:00+00:00,presentValue,analogValue_20,analogValue,,,,,,,,,,,,28.850048,,
2026-04-22 14:12:00+00:00,presentValue,analogValue_20,analogValue,,,,,,,,,,,,29.219257,,
2026-04-22 14:13:00+00:00,presentValue,analogValue_20,analogValue,,,,,,,,,,,,29.553957,,
2026-04-22 14:14:00+00:00,presentValue,analogValue_20,analogValue,,,,,,,,,,,,29.876242,,
2026-04-22 14:15:00+00:00,presentValue,analogValue_20,analogValue,,,,,,,,,,,,30.238623,,
2026-04-22 14:16:00+00:00,presentValue,analogValue_20,analogValue,,,,,,,,,,,,30.4434,,
2026-04-22 14:17:00+00:00,presentValue,analogValue_20,analogValue,,,,,,,,,,,,30.917953,,
2026-04-22 14:18:00+00:00,presentValue,analogValue_20,analogValue,,,,,,,,,,,,31.472822,,
2026-04-22 14:19:00+00:00,presentValue,analogValue_20,analogValue,,,,,,,,,,,,31.918455,,
2026-04-22 14:20:00+00:00,presentValue,analogValue_20,analogValue,,,,,,,,,,,,32.5704,,
2026-04-22 14:21:00+00:00,presentValue,analogValue_20,analogValue,,,,,,,,,,,,33.377586,,
2026-04-22 14:22:00+00:00,presentValue,analogValue_20,analogValue,,,,,,,,,,,,34.082397,,
2026-04-22 14:23:00+00:00,presentValue,analogValue_20,analogValue,,,,,,,,,,,,34.939796,,
2026-04-22 14:24:00+00:00,presentValue,analogValue_20,analogValue,,,,,,,,,,,,35.77246,,
2026-04-22 14:25:00+00:00,presentValue,analogValue_20,analogValue,,,,,,,,,,,,36.482033,,
2026-04-22 14:26:00+00:00,presentValue,analogValue_20,analogValue,,,,,,,,,,,,37.407948,,
2026-04-22 14:27:00+00:00,presentValue,analogValue_20,analogValue,,,,,,,,,,,,38.119186,,
2026-04-22 14:28:00+00:00,presentValue,analogValue_20,analogValue,,,,,,,,,,,,39.13573,,
2026-04-22 14:29:00+00:00,presentValue,analogValue_20,analogValue,,,,,,,,,,,,-1.0,,
2026-04-22 14:30:00+00:00,presentValue,analogValue_20,analogValue,,,,,,,,,,,,40.896378,,
2026-04-22 14:31:00+00:00,presentValue,analogValue_20,analogValue,,,,,,,,,,,,41.817997,,
2026-04-22 14:32:00+00:00,presentValue,analogValue_20,analogValue,,,,,,,,,,,,42.732914,,
2026-04-22 14:33:00+00:00,presentValue,analogValue_20,analogValue,,,,,,,,,,,,43.582783,,
2026-04-22 14:34:00+00:00,presentValue,analogValue_20,analogValue,,,,,,,,,,,,-1.0,,
2026-04-22 14:35:00+00:00,presentValue,analogValue_20,analogValue,,,,,,,,,,,,43.97314,,
2026-04-22 14:36:00+00:00,presentValue,analogValue_20,analogValue,,,,,,,,,,,,44.01758,,
2026-04-22 14:37:00+00:00,presentValue,analogValue_20,analogValue,,,,,,,,,,,,43.28283,,
2026-04-22 14:38:00+00:00,presentValue,analogValue_20,analogValue,,,,,,,,,,,,44.103676,,
2026-04-22 14:39:00+00:00,presentValue,analogValue_20,analogValue,,,,,,,,,,,,44.050938,,
2026-04-22 14:40:00+00:00,presentValue,analogValue_20,analogValue,,,,,,,,,,,,44.27316,,
2026-04-22 14:41:00+00:00,presentValue,analogValue_20,analogValue,,,,,,,,,,,,44.726093,,
2026-04-22 14:42:00+00:00,presentValue,analogValue_20,analogValue,,,,,,,,,,,,45.34024,,
2026-04-22 14:43:00+00:00,presentValue,analogValue_20,analogValue,,,,,,,,,,,,46.09632,,
2026-04-22 14:44:00+00:00,presentValue,analogValue_20,analogValue,,,,,,,,,,,,46.881714,,
2026-04-22 14:45:00+00:00,presentValue,analogValue_20,analogValue,,,,,,,,,,,,47.857826,,
2026-04-22 14:46:00+00:00,presentValue,analogValue_20,analogValue,,,,,,,,,,,,48.868996,,
2026-04-22 14:47:00+00:00,presentValue,analogValue_20,analogValue,,,,,,,,,,,,49.912514,,
2026-04-22 14:48:00+00:00,presentValue,analogValue_20,analogValue,,,,,,,,,,,,50.97583,,
2026-04-22 14:49:00+00:00,presentValue,analogValue_20,analogValue,,,,,,,,,,,,52.039474,,
2026-04-22 14:50:00+00:00,presentValue,analogValue_20,analogValue,,,,,,,,,,,,53.12018,,
2026-04-22 14:51:00+00:00,presentValue,analogValue_20,analogValue,,,,,,,,,,,,54.17059,,
2026-04-22 14:52:00+00:00,presentValue,analogValue_20,analogValue,,,,,,,,,,,,55.260376,,
2026-04-22 14:53:00+00:00,presentValue,analogValue_20,analogValue,,,,,,,,,,,,56.35608,,
2026-04-22 14:54:00+00:00,presentValue,analogValue_20,analogValue,,,,,,,,,,,,57.480015,,
2026-04-22 14:55:00+00:00,presentValue,analogValue_20,analogValue,,,,,,,,,,,,57.480015,,
2026-04-22 14:56:00+00:00,presentValue,analogValue_20,analogValue,,,,,,,,,,,,59.72769,,
2026-04-22 14:57:00+00:00,presentValue,analogValue_20,analogValue,,,,,,,,,,,,60.836082,,
2026-04-22 14:58:00+00:00,presentValue,analogValue_20,analogValue,,,,,,,,,,,,61.97414,,
2026-04-22 14:59:00+00:00,presentValue,analogValue_20,analogValue,,,,,,,,,,,,63.120937,,
2026-04-22 15:00:00+00:00,presentValue,analogValue_20,analogValue,,,,,,,,,,,,64.282135,,
2026-04-22 15:01:00+00:00,presentValue,analogValue_20,analogValue,,,,,,,,,,,,65.34731,,
2026-04-22 15:02:00+00:00,presentValue,analogValue_20,analogValue,,,,,,,,,,,,66.60577,,
2026-04-22 15:03:00+00:00,presentValue,analogValue_20,analogValue,,,,,,,,,,,,67.71085,,
2026-04-22 15:04:00+00:00,presentValue,analogValue_20,analogValue,,,,,,,,,,,,68.87786,,
2026-04-22 15:05:00+00:00,presentValue,analogValue_20,analogValue,,,,,,,,,,,,70.03972,,
2026-04-22 15:06:00+00:00,presentValue,analogValue_20,analogValue,,,,,,,,,,,,71.21033,,
2026-04-22 15:07:00+00:00,presentValue,analogValue_20,analogValue,,,,,,,,,,,,72.389786,,
2026-04-22 15:08:00+00:00,presentValue,analogValue_20,analogValue,,,,,,,,,,,,73.53882,,
2026-04-22 15:09:00+00:00,presentValue,analogValue_20,analogValue,,,,,,,,,,,,74.684074,,
2026-04-22 15:10:00+00:00,presentValue,analogValue_20,analogValue,,,,,,,,,,,,75.847984,,
2026-04-22 15:11:00+00:00,presentValue,analogValue_20,analogValue,,,,,,,,,,,,77.02211,,
2026-04-22 15:12:00+00:00,presentValue,analogValue_20,analogValue,,,,,,,,,,,,78.20225,,
2026-04-22 15:13:00+00:00,presentValue,analogValue_20,analogValue,,,,,,,,,,,,79.38842,,
2026-04-22 15:14:00+00:00,presentValue,analogValue_20,analogValue,,,,,,,,,,,,80.579216,,
2026-04-22 15:15:00+00:00,presentValue,analogValue_20,analogValue,,,,,,,,,,,,81.767685,,
2026-04-22 15:16:00+00:00,presentValue,analogValue_20,analogValue,,,,,,,,,,,,82.99592,,
2026-04-22 15:17:00+00:00,presentValue,analogValue_20,analogValue,,,,,,,,,,,,84.18805,,
2026-04-22 15:18:00+00:00,presentValue,analogValue_20,analogValue,,,,,,,,,,,,85.41999,,
2026-04-22 15:19:00+00:00,presentValue,analogValue_20,analogValue,,,,,,,,,,,,86.63411,,
2026-04-22 15:20:00+00:00,presentValue,analogValue_20,analogValue,,,,,,,,,,,,86.63411,,
2026-04-22 15:21:00+00:00,presentValue,analogValue_20,analogValue,,,,,,,,,,,,89.07353,,
2026-04-22 15:22:00+00:00,presentValue,analogValue_20,analogValue,,,,,,,,,,,,90.26223,,
2026-04-22 15:23:00+00:00,presentValue,analogValue_20,analogValue,,,,,,,,,,,,91.496475,,
2026-04-22 15:24:00+00:00,presentValue,analogValue_20,analogValue,,,,,,,,,,,,92.7255,,
2026-04-22 15:25:00+00:00,presentValue,analogValue_20,analogValue,,,,,,,,,,,,93.92115,,
2026-04-22 15:26:00+00:00,presentValue,analogValue_20,analogValue,,,,,,,,,,,,95.10458,,
2026-04-22 15:27:00+00:00,presentValue,analogValue_20,analogValue,,,,,,,,,,,,96.25169,,
2026-04-22 15:28:00+00:00,presentValue,analogValue_20,analogValue,,,,,,,,,,,,96.8854,,
2026-04-22 15:29:00+00:00,presentValue,analogValue_20,analogValue,,,,,,,,,,,,97.66892,,
2026-04-22 15:30:00+00:00,presentValue,analogValue_20,analogValue,,,,,,,,,,,,98.833885,,
2026-04-22 15:31:00+00:00,presentValue,analogValue_20,analogValue,,,,,,,,,,,,99.182785,,
2026-04-22 15:32:00+00:00,presentValue,analogValue_20,analogValue,,,,,,,,,,,,100.680374,,
2026-04-22 15:33:00+00:00,presentValue,analogValue_20,analogValue,,,,,,,,,,,,101.47751,,
2026-04-22 15:34:00+00:00,presentValue,analogValue_20,analogValue,,,,,,,,,,,,102.66505,,
2026-04-22 15:35:00+00:00,presentValue,analogValue_20,analogValue,,,,,,,,,,,,103.70025,,
2026-04-22 15:36:00+00:00,presentValue,analogValue_20,analogValue,,,,,,,,,,,,104.88017,,
2026-04-22 15:37:00+00:00,presentValue,analogValue_20,analogValue,,,,,,,,,,,,105.93307,,
2026-04-22 15:38:00+00:00,presentValue,analogValue_20,analogValue,,,,,,,,,,,,107.00611,,
2026-04-22 15:39:00+00:00,presentValue,analogValue_20,analogValue,,,,,,,,,,,,108.207016,,
2026-04-22 15:40:00+00:00,presentValue,analogValue_20,analogValue,,,,,,,,,,,,109.36868,,
2026-04-22 15:41:00+00:00,presentValue,analogValue_20,analogValue,,,,,,,,,,,,110.4798,,
2026-04-22 15:42:00+00:00,presentValue,analogValue_20,analogValue,,,,,,,,,,,,111.62238,,
2026-04-22 15:43:00+00:00,presentValue,analogValue_20,analogValue,,,,,,,,,,,,112.7512,,
2026-04-22 15:44:00+00:00,presentValue,analogValue_20,analogValue,,,,,,,,,,,,113.50018,,
2026-04-22 15:45:00+00:00,presentValue,analogValue_20,analogValue,,,,,,,,,,,,114.93342,,
2026-04-22 15:46:00+00:00,presentValue,analogValue_20,analogValue,,,,,,,,,,,,116.29203,,
2026-04-22 15:47:00+00:00,presentValue,analogValue_20,analogValue,,,,,,,,,,,,117.33298,,
2026-04-22 15:48:00+00:00,presentValue,analogValue_20,analogValue,,,,,,,,,,,,118.4553,,
2026-04-22 15:49:00+00:00,presentValue,analogValue_20,analogValue,,,,,,,,,,,,119.5808,,
2026-04-22 15:50:00+00:00,presentValue,analogValue_20,analogValue,,,,,,,,,,,,120.709564,,
2026-04-22 15:51:00+00:00,presentValue,analogValue_20,analogValue,,,,,,,,,,,,121.821655,,
2026-04-22 15:52:00+00:00,presentValue,analogValue_20,analogValue,,,,,,,,,,,,122.32953,,
2026-04-22 15:53:00+00:00,presentValue,analogValue_20,analogValue,,,,,,,,,,,,124.02137,,
2026-04-22 15:54:00+00:00,presentValue,analogValue_20,analogValue,,,,,,,,,,,,125.08042,,
2026-04-22 15:55:00+00:00,presentValue,analogValue_20,analogValue,,,,,,,,,,,,126.19832,,
2026-04-22 15:56:00+00:00,presentValue,analogValue_20,analogValue,,,,,,,,,,,,127.28233,,
2026-04-22 15:57:00+00:00,presentValue,analogValue_20,analogValue,,,,,,,,,,,,128.39957,,
2026-04-22 15:58:00+00:00,presentValue,analogValue_20,analogValue,,,,,,,,,,,,129.52283,,
2026-04-22 15:59:00+00:00,presentValue,analogValue_20,analogValue,,,,,,,,,,,,130.61653,,
2026-04-22 16:00:00+00:00,presentValue,analogValue_20,analogValue,,,,,,,,,,,,131.46526,,
2026-04-22 16:01:00+00:00,presentValue,analogValue_20,analogValue,,,,,,,,,,,,132.32701,,
2026-04-22 16:02:00+00:00,presentValue,analogValue_20,analogValue,,,,,,,,,,,,133.04485,,
2026-04-22 16:03:00+00:00,presentValue,analogValue_20,analogValue,,,,,,,,,,,,133.32603,,
2026-04-22 16:04:00+00:00,presentValue,analogValue_20,analogValue,,,,,,,,,,,,133.50018,,
2026-04-22 16:05:00+00:00,presentValue,analogValue_20,analogValue,,,,,,,,,,,,133.57724,,
2026-04-22 16:06:00+00:00,presentValue,analogValue_20,analogValue,,,,,,,,,,,,133.67717,,
2026-04-22 16:07:00+00:00,presentValue,analogValue_20,analogValue,,,,,,,,,,,,133.7457,,
2026-04-22 16:08:00+00:00,presentValue,analogValue_20,analogValue,,,,,,,,,,,,133.82278,,
2026-04-22 16:09:00+00:00,presentValue,analogValue_20,analogValue,,,,,,,,,,,,133.85986,,
2026-04-22 16:10:00+00:00,presentValue,analogValue_20,analogValue,,,,,,,,,,,,133.84276,,
2026-04-22 16:11:00+00:00,presentValue,analogValue_20,analogValue,,,,,,,,,,,,133.84276,,
2026-04-22 16:12:00+00:00,presentValue,analogValue_20,analogValue,,,,,,,,,,,,133.87703,,
2026-04-22 16:13:00+00:00,presentValue,analogValue_20,analogValue,,,,,,,,,,,,133.9056,,
2026-04-22 16:14:00+00:00,presentValue,analogValue_20,analogValue,,,,,,,,,,,,133.95699,,
2026-04-22 16:15:00+00:00,presentValue,analogValue_20,analogValue,,,,,,,,,,,,133.95126,,
2026-04-22 16:16:00+00:00,presentValue,analogValue_20,analogValue,,,,,,,,,,,,133.9727,,
2026-04-22 16:17:00+00:00,presentValue,analogValue_20,analogValue,,,,,,,,,,,,133.97983,,
2026-04-22 16:18:00+00:00,presentValue,analogValue_20,analogValue,,,,,,,,,,,,133.99983,,
2026-04-22 16:19:00+00:00,presentValue,analogValue_20,analogValue,,,,,,,,,,,,134.00269,,
2026-04-22 16:20:00+00:00,presentValue,analogValue_20,analogValue,,,,,,,,,,,,134.0141,,
2026-04-22 16:21:00+00:00,presentValue,analogValue_20,analogValue,,,,,,,,,,,,134.01697,,
2026-04-22 16:22:00+00:00,presentValue,analogValue_20,analogValue,,,,,,,,,,,,133.97983,,
2026-04-22 16:23:00+00:00,presentValue,analogValue_20,analogValue,,,,,,,,,,,,133.98267,,
2026-04-22 16:24:00+00:00,presentValue,analogValue_20,analogValue,,,,,,,,,,,,133.99268,,
2026-04-22 16:25:00+00:00,presentValue,analogValue_20,analogValue,,,,,,,,,,,,134.02838,,
2026-04-22 16:26:00+00:00,presentValue,analogValue_20,analogValue,,,,,,,,,,,,129.53993,,
2026-04-22 16:27:00+00:00,presentValue,analogValue_20,analogValue,,,,,,,,,,,,133.44308,,
2026-04-22 16:28:00+00:00,presentValue,analogValue_20,analogValue,,,,,,,,,,,,132.13292,,
2026-04-22 16:29:00+00:00,presentValue,analogValue_20,analogValue,,,,,,,,,,,,133.6429,,
2026-04-22 16:30:00+00:00,presentValue,analogValue_20,analogValue,,,,,,,,,,,,133.75429,,
2026-04-22 16:31:00+00:00,presentValue,analogValue_20,analogValue,,,,,,,,,,,,133.90991,,
2026-04-22 16:32:00+00:00,presentValue,analogValue_20,analogValue,,,,,,,,,,,,133.94127,,
2026-04-22 16:33:00+00:00,presentValue,analogValue_20,analogValue,,,,,,,,,,,,133.96841,,
2026-04-22 16:34:00+00:00,presentValue,analogValue_20,analogValue,,,,,,,,,,,,134.00269,,
2026-04-22 16:35:00+00:00,presentValue,analogValue_20,analogValue,,,,,,,,,,,,134.02557,,
2026-04-22 16:36:00+00:00,presentValue,analogValue_20,analogValue,,,,,,,,,,,,134.03699,,
2026-04-22 16:37:00+00:00,presentValue,analogValue_20,analogValue,,,,,,,,,,,,133.69147,,
2026-04-22 16:38:00+00:00,presentValue,analogValue_20,analogValue,,,,,,,,,,,,133.20331,,
2026-04-22 16:39:00+00:00,presentValue,analogValue_20,analogValue,,,,,,,,,,,,132.72939,,
2026-04-22 16:40:00+00:00,presentValue,analogValue_20,analogValue,,,,,,,,,,,,133.62865,,
2026-04-22 16:41:00+00:00,presentValue,analogValue_20,analogValue,,,,,,,,,,,,133.71855,,
2026-04-22 16:42:00+00:00,presentValue,analogValue_20,analogValue,,,,,,,,,,,,133.8699,,
2026-04-22 16:43:00+00:00,presentValue,analogValue_20,analogValue,,,,,,,,,,,,133.91418,,
2026-04-22 16:44:00+00:00,presentValue,analogValue_20,analogValue,,,,,,,,,,,,129.99619,,
2026-04-22 16:45:00+00:00,presentValue,analogValue_20,analogValue,,,,,,,,,,,,133.65291,,
2026-04-22 16:46:00+00:00,presentValue,analogValue_20,analogValue,,,,,,,,,,,,133.5858,,
2026-04-22 16:47:00+00:00,presentValue,analogValue_20,analogValue,,,,,,,,,,,,133.82565,,
2026-04-22 16:48:00+00:00,presentValue,analogValue_20,analogValue,,,,,,,,,,,,133.93983,,
2026-04-22 16:49:00+00:00,presentValue,analogValue_20,analogValue,,,,,,,,,,,,133.94698,,
2026-04-22 16:50:00+00:00,presentValue,analogValue_20,analogValue,,,,,,,,,,,,133.97983,,
2026-04-22 16:51:00+00:00,presentValue,analogValue_20,analogValue,,,,,,,,,,,,134.0141,,
2026-04-22 16:52:00+00:00,presentValue,analogValue_20,analogValue,,,,,,,,,,,,134.04268,,
2026-04-22 16:53:00+00:00,presentValue,analogValue_20,analogValue,,,,,,,,,,,,133.73428,,
2026-04-22 16:54:00+00:00,presentValue,analogValue_20,analogValue,,,,,,,,,,,,132.66382,,
2026-04-22 16:55:00+00:00,presentValue,analogValue_20,analogValue,,,,,,,,,,,,130.08461,,
2026-04-22 16:56:00+00:00,presentValue,analogValue_20,analogValue,,,,,,,,,,,,133.12187,,
2026-04-22 16:57:00+00:00,presentValue,analogValue_20,analogValue,,,,,,,,,,,,131.49944,,
2026-04-22 16:58:00+00:00,presentValue,analogValue_20,analogValue,,,,,,,,,,,,133.57867,,
2026-04-22 16:59:00+00:00,presentValue,analogValue_20,analogValue,,,,,,,,,,,,133.6301,,
2026-04-22 17:00:00+00:00,presentValue,analogValue_20,analogValue,,,,,,,,,,,,133.86134,,
2026-04-22 17:01:00+00:00,presentValue,analogValue_20,analogValue,,,,,,,,,,,,133.9056,,
2026-04-22 17:02:00+00:00,presentValue,analogValue_20,analogValue,,,,,,,,,,,,133.97983,,
2026-04-22 17:03:00+00:00,presentValue,analogValue_20,analogValue,,,,,,,,,,,,134.01978,,
2026-04-22 17:04:00+00:00,presentValue,analogValue_20,analogValue,,,,,,,,,,,,134.00838,,
2026-04-22 17:05:00+00:00,presentValue,analogValue_20,analogValue,,,,,,,,,,,,134.02412,,
2026-04-22 17:06:00+00:00,presentValue,analogValue_20,analogValue,,,,,,,,,,,,134.0712,,
2026-04-22 17:07:00+00:00,presentValue,analogValue_20,analogValue,,,,,,,,,,,,134.08263,,
2026-04-22 17:08:00+00:00,presentValue,analogValue_20,analogValue,,,,,,,,,,,,134.00557,,
2026-04-22 17:09:00+00:00,presentValue,analogValue_20,analogValue,,,,,,,,,,,,132.45685,,
2026-04-22 17:10:00+00:00,presentValue,analogValue_20,analogValue,,,,,,,,,,,,132.89496,,
2026-04-22 17:11:00+00:00,presentValue,analogValue_20,analogValue,,,,,,,,,,,,133.58725,,
2026-04-22 17:12:00+00:00,presentValue,analogValue_20,analogValue,,,,,,,,,,,,133.66437,,
2026-04-22 17:13:00+00:00,presentValue,analogValue_20,analogValue,,,,,,,,,,,,133.8856,,
2026-04-22 17:14:00+00:00,presentValue,analogValue_20,analogValue,,,,,,,,,,,,133.93414,,
2026-04-22 17:15:00+00:00,presentValue,analogValue_20,analogValue,,,,,,,,,,,,133.9741,,
2026-04-22 17:16:00+00:00,presentValue,analogValue_20,analogValue,,,,,,,,,,,,134.00269,,
2026-04-22 17:17:00+00:00,presentValue,analogValue_20,analogValue,,,,,,,,,,,,133.87703,,
2026-04-22 17:18:00+00:00,presentValue,analogValue_20,analogValue,,,,,,,,,,,,132.4026,,
2026-04-22 17:19:00+00:00,presentValue,analogValue_20,analogValue,,,,,,,,,,,,132.68375,,
2026-04-22 17:20:00+00:00,presentValue,analogValue_20,analogValue,,,,,,,,,,,,133.3603,,
2026-04-22 17:21:00+00:00,presentValue,analogValue_20,analogValue,,,,,,,,,,,,133.50587,,
2026-04-22 17:22:00+00:00,presentValue,analogValue_20,analogValue,,,,,,,,,,,,133.72572,,
2026-04-22 17:23:00+00:00,presentValue,analogValue_20,analogValue,,,,,,,,,,,,133.79567,,
2026-04-22 17:24:00+00:00,presentValue,analogValue_20,analogValue,,,,,,,,,,,,133.8442,,
2026-04-22 17:25:00+00:00,presentValue,analogValue_20,analogValue,,,,,,,,,,,,133.86562,,
2026-04-22 17:26:00+00:00,presentValue,analogValue_20,analogValue,,,,,,,,,,,,133.87987,,
2026-04-22 17:27:00+00:00,presentValue,analogValue_20,analogValue,,,,,,,,,,,,129.12366,,
2026-04-22 17:28:00+00:00,presentValue,analogValue_20,analogValue,,,,,,,,,,,,133.3003,,
2026-04-22 17:29:00+00:00,presentValue,analogValue_20,analogValue,,,,,,,,,,,,131.53085,,
2026-04-22 17:30:00+00:00,presentValue,analogValue_20,analogValue,,,,,,,,,,,,133.38594,,
2026-04-22 17:31:00+00:00,presentValue,analogValue_20,analogValue,,,,,,,,,,,,133.17044,,
2026-04-22 17:32:00+00:00,presentValue,analogValue_20,analogValue,,,,,,,,,,,,133.63861,,
2026-04-22 17:33:00+00:00,presentValue,analogValue_20,analogValue,,,,,,,,,,,,133.73141,,
2026-04-22 17:34:00+00:00,presentValue,analogValue_20,analogValue,,,,,,,,,,,,133.69429,,
2026-04-22 17:35:00+00:00,presentValue,analogValue_20,analogValue,,,,,,,,,,,,133.75139,,
2026-04-22 17:36:00+00:00,presentValue,analogValue_20,analogValue,,,,,,,,,,,,133.80283,,
2026-04-22 17:37:00+00:00,presentValue,analogValue_20,analogValue,,,,,,,,,,,,133.7971,,
2026-04-22 17:38:00+00:00,presentValue,analogValue_20,analogValue,,,,,,,,,,,,133.82565,,
2026-04-22 17:39:00+00:00,presentValue,analogValue_20,analogValue,,,,,,,,,,,,133.80142,,
2026-04-22 17:40:00+00:00,presentValue,analogValue_20,analogValue,,,,,,,,,,,,133.7971,,
2026-04-22 17:41:00+00:00,presentValue,analogValue_20,analogValue,,,,,,,,,,,,128.70172,,
2026-04-22 17:42:00+00:00,presentValue,analogValue_20,analogValue,,,,,,,,,,,,133.30318,,
2026-04-22 17:43:00+00:00,presentValue,analogValue_20,analogValue,,,,,,,,,,,,132.19147,,
2026-04-22 17:44:00+00:00,presentValue,analogValue_20,analogValue,,,,,,,,,,,,133.20757,,
2026-04-22 17:45:00+00:00,presentValue,analogValue_20,analogValue,,,,,,,,,,,,133.21182,,
2026-04-22 17:46:00+00:00,presentValue,analogValue_20,analogValue,,,,,,,,,,,,133.57867,,
2026-04-22 17:47:00+00:00,presentValue,analogValue_20,analogValue,,,,,,,,,,,,133.66864,,
2026-04-22 17:48:00+00:00,presentValue,analogValue_20,analogValue,,,,,,,,,,,,133.72856,,
2026-04-22 17:49:00+00:00,presentValue,analogValue_20,analogValue,,,,,,,,,,,,133.73996,,
2026-04-22 17:50:00+00:00,presentValue,analogValue_20,analogValue,,,,,,,,,,,,133.78854,,
2026-04-22 17:51:00+00:00,presentValue,analogValue_20,analogValue,,,,,,,,,,,,133.77568,,
2026-04-22 17:52:00+00:00,presentValue,analogValue_20,analogValue,,,,,,,,,,,,133.80568,,
2026-04-22 17:53:00+00:00,presentValue,analogValue_20,analogValue,,,,,,,,,,,,133.87564,,
2026-04-22 17:54:00+00:00,presentValue,analogValue_20,analogValue,,,,,,,,,,,,131.11436,,
2026-04-22 17:55:00+00:00,presentValue,analogValue_20,analogValue,,,,,,,,,,,,128.0618,,
2026-04-22 17:56:00+00:00,presentValue,analogValue_20,analogValue,,,,,,,,,,,,127.416306,,
2026-04-22 17:57:00+00:00,presentValue,analogValue_20,analogValue,,,,,,,,,,,,130.37408,,
2026-04-22 17:58:00+00:00,presentValue,analogValue_20,analogValue,,,,,,,,,,,,120.90865,,
2026-04-22 17:59:00+00:00,presentValue,analogValue_20,analogValue,,,,,,,,,,,,128.41235,,
2026-04-22 18:00:00+00:00,presentValue,analogValue_20,analogValue,,,,,,,,,,,,122.10614,,
2026-04-22 18:01:00+00:00,presentValue,analogValue_20,analogValue,,,,,,,,,,,,125.84939,,
2026-04-22 18:02:00+00:00,presentValue,analogValue_20,analogValue,,,,,,,,,,,,124.68752,,
2026-04-22 18:03:00+00:00,presentValue,analogValue_20,analogValue,,,,,,,,,,,,125.71124,,
2026-04-22 18:04:00+00:00,presentValue,analogValue_20,analogValue,,,,,,,,,,,,126.300865,,
2026-04-22 18:05:00+00:00,presentValue,analogValue_20,analogValue,,,,,,,,,,,,127.02309,,
2026-04-22 18:06:00+00:00,presentValue,analogValue_20,analogValue,,,,,,,,,,,,127.84948,,
2026-04-22 18:07:00+00:00,presentValue,analogValue_20,analogValue,,,,,,,,,,,,128.5164,,
2026-04-22 18:08:00+00:00,presentValue,analogValue_20,analogValue,,,,,,,,,,,,129.33324,,
2026-04-22 18:09:00+00:00,presentValue,analogValue_20,analogValue,,,,,,,,,,,,130.01042,,
2026-04-22 18:10:00+00:00,presentValue,analogValue_20,analogValue,,,,,,,,,,,,130.84901,,
2026-04-22 18:11:00+00:00,presentValue,analogValue_20,analogValue,,,,,,,,,,,,131.56369,,
2026-04-22 18:12:00+00:00,presentValue,analogValue_20,analogValue,,,,,,,,,,,,132.0559,,
2026-04-22 18:13:00+00:00,presentValue,analogValue_20,analogValue,,,,,,,,,,,,132.65666,,
2026-04-22 18:14:00+00:00,presentValue,analogValue_20,analogValue,,,,,,,,,,,,133.08337,,
2026-04-22 18:15:00+00:00,presentValue,analogValue_20,analogValue,,,,,,,,,,,,133.39452,,
2026-04-22 18:16:00+00:00,presentValue,analogValue_20,analogValue,,,,,,,,,,,,133.55441,,
2026-04-22 18:17:00+00:00,presentValue,analogValue_20,analogValue,,,,,,,,,,,,133.57582,,
2026-04-22 18:18:00+00:00,presentValue,analogValue_20,analogValue,,,,,,,,,,,,133.66008,,
2026-04-22 18:19:00+00:00,presentValue,analogValue_20,analogValue,,,,,,,,,,,,133.72856,,
2026-04-22 18:20:00+00:00,presentValue,analogValue_20,analogValue,,,,,,,,,,,,133.81424,,
2026-04-22 18:21:00+00:00,presentValue,analogValue_20,analogValue,,,,,,,,,,,,133.81993,,
2026-04-22 18:22:00+00:00,presentValue,analogValue_20,analogValue,,,,,,,,,,,,133.83707,,
2026-04-22 18:23:00+00:00,presentValue,analogValue_20,analogValue,,,,,,,,,,,,133.84131,,
2026-04-22 18:24:00+00:00,presentValue,analogValue_20,analogValue,,,,,,,,,,,,133.84276,,
2026-04-22 18:25:00+00:00,presentValue,analogValue_20,analogValue,,,,,,,,,,,,133.84276,,
2026-04-22 18:26:00+00:00,presentValue,analogValue_20,analogValue,,,,,,,,,,,,133.85135,,
2026-04-22 18:27:00+00:00,presentValue,analogValue_20,analogValue,,,,,,,,,,,,133.87564,,
2026-04-22 18:28:00+00:00,presentValue,analogValue_20,analogValue,,,,,,,,,,,,133.85986,,
2026-04-22 18:29:00+00:00,presentValue,analogValue_20,analogValue,,,,,,,,,,,,133.84276,,
2026-04-22 18:30:00+00:00,presentValue,analogValue_20,analogValue,,,,,,,,,,,,133.8856,,
2026-04-22 18:31:00+00:00,presentValue,analogValue_20,analogValue,,,,,,,,,,,,133.8442,,
2026-04-22 18:32:00+00:00,presentValue,analogValue_20,analogValue,,,,,,,,,,,,133.85986,,
2026-04-22 18:33:00+00:00,presentValue,analogValue_20,analogValue,,,,,,,,,,,,133.78566,,
2026-04-22 18:34:00+00:00,presentValue,analogValue_20,analogValue,,,,,,,,,,,,133.81993,,
2026-04-22 18:35:00+00:00,presentValue,analogValue_20,analogValue,,,,,,,,,,,,129.83655,,
2026-04-22 18:36:00+00:00,presentValue,analogValue_20,analogValue,,,,,,,,,,,,133.44308,,
2026-04-22 18:37:00+00:00,presentValue,analogValue_20,analogValue,,,,,,,,,,,,132.42404,,
2026-04-22 18:38:00+00:00,presentValue,analogValue_20,analogValue,,,,,,,,,,,,133.17328,,
2026-04-22 18:39:00+00:00,presentValue,analogValue_20,analogValue,,,,,,,,,,,,133.07193,,
2026-04-22 18:40:00+00:00,presentValue,analogValue_20,analogValue,,,,,,,,,,,,133.31886,,
2026-04-22 18:41:00+00:00,presentValue,analogValue_20,analogValue,,,,,,,,,,,,133.42593,,
2026-04-22 18:42:00+00:00,presentValue,analogValue_20,analogValue,,,,,,,,,,,,133.47736,,
2026-04-22 18:43:00+00:00,presentValue,analogValue_20,analogValue,,,,,,,,,,,,133.60582,,
2026-04-22 18:44:00+00:00,presentValue,analogValue_20,analogValue,,,,,,,,,,,,133.61723,,
2026-04-22 18:45:00+00:00,presentValue,analogValue_20,analogValue,,,,,,,,,,,,133.70001,,
2026-04-22 18:46:00+00:00,presentValue,analogValue_20,analogValue,,,,,,,,,,,,133.72856,,
2026-04-22 18:47:00+00:00,presentValue,analogValue_20,analogValue,,,,,,,,,,,,133.74857,,
2026-04-22 18:48:00+00:00,presentValue,analogValue_20,analogValue,,,,,,,,,,,,133.71144,,
2026-04-22 18:49:00+00:00,presentValue,analogValue_20,analogValue,,,,,,,,,,,,133.68288,,
2026-04-22 18:50:00+00:00,presentValue,analogValue_20,analogValue,,,,,,,,,,,,133.75139,,
2026-04-22 18:51:00+00:00,presentValue,analogValue_20,analogValue,,,,,,,,,,,,133.73288,,
2026-04-22 18:52:00+00:00,presentValue,analogValue_20,analogValue,,,,,,,,,,,,133.75139,,
2026-04-22 18:53:00+00:00,presentValue,analogValue_20,analogValue,,,,,,,,,,,,133.72287,,
2026-04-22 18:54:00+00:00,presentValue,analogValue_20,analogValue,,,,,,,,,,,,132.0473,,
2026-04-22 18:55:00+00:00,presentValue,analogValue_20,analogValue,,,,,,,,,,,,132.76085,,
2026-04-22 18:56:00+00:00,presentValue,analogValue_20,analogValue,,,,,,,,,,,,132.1515,,
2026-04-22 18:57:00+00:00,presentValue,analogValue_20,analogValue,,,,,,,,,,,,132.46686,,
2026-04-22 18:58:00+00:00,presentValue,analogValue_20,analogValue,,,,,,,,,,,,132.64238,,
2026-04-22 18:59:00+00:00,presentValue,analogValue_20,analogValue,,,,,,,,,,,,132.61528,,
2026-04-22 19:00:00+00:00,presentValue,analogValue_20,analogValue,,,,,,,,,,,,132.8379,,
2026-04-22 19:01:00+00:00,presentValue,analogValue_20,analogValue,,,,,,,,,,,,132.79224,,
2026-04-22 19:02:00+00:00,presentValue,analogValue_20,analogValue,,,,,,,,,,,,132.94635,,
2026-04-22 19:03:00+00:00,presentValue,analogValue_20,analogValue,,,,,,,,,,,,132.87642,,
2026-04-22 19:04:00+00:00,presentValue,analogValue_20,analogValue,,,,,,,,,,,,132.9749,,
2026-04-22 19:05:00+00:00,presentValue,analogValue_20,analogValue,,,,,,,,,,,,132.93497,,
2026-04-22 19:06:00+00:00,presentValue,analogValue_20,analogValue,,,,,,,,,,,,132.98059,,
2026-04-22 19:07:00+00:00,presentValue,analogValue_20,analogValue,,,,,,,,,,,,132.91211,,
2026-04-22 19:08:00+00:00,presentValue,analogValue_20,analogValue,,,,,,,,,,,,132.91211,,
2026-04-22 19:09:00+00:00,presentValue,analogValue_20,analogValue,,,,,,,,,,,,132.8422,,
2026-04-22 19:10:00+00:00,presentValue,analogValue_20,analogValue,,,,,,,,,,,,132.81505,,
2026-04-22 19:11:00+00:00,presentValue,analogValue_20,analogValue,,,,,,,,,,,,132.7323,,
2026-04-22 19:12:00+00:00,presentValue,analogValue_20,analogValue,,,,,,,,,,,,132.70515,,
2026-04-22 19:13:00+00:00,presentValue,analogValue_20,analogValue,,,,,,,,,,,,132.59239,,
2026-04-22 19:14:00+00:00,presentValue,analogValue_20,analogValue,,,,,,,,,,,,132.54962,,
2026-04-22 19:15:00+00:00,presentValue,analogValue_20,analogValue,,,,,,,,,,,,132.46686,,
2026-04-22 19:16:00+00:00,presentValue,analogValue_20,analogValue,,,,,,,,,,,,132.3955,,
2026-04-22 19:17:00+00:00,presentValue,analogValue_20,analogValue,,,,,,,,,,,,132.31274,,
2026-04-22 19:18:00+00:00,presentValue,analogValue_20,analogValue,,,,,,,,,,,,127.73683,,
2026-04-22 19:19:00+00:00,presentValue,analogValue_20,analogValue,,,,,,,,,,,,131.77626,,
2026-04-22 19:20:00+00:00,presentValue,analogValue_20,analogValue,,,,,,,,,,,,129.299,,
2026-04-22 19:21:00+00:00,presentValue,analogValue_20,analogValue,,,,,,,,,,,,131.2484,,
2026-04-22 19:22:00+00:00,presentValue,analogValue_20,analogValue,,,,,,,,,,,,130.12314,,
2026-04-22 19:23:00+00:00,presentValue,analogValue_20,analogValue,,,,,,,,,,,,131.0159,,
2026-04-22 19:24:00+00:00,presentValue,analogValue_20,analogValue,,,,,,,,,,,,130.51099,,
2026-04-22 19:25:00+00:00,presentValue,analogValue_20,analogValue,,,,,,,,,,,,130.98166,,
2026-04-22 19:26:00+00:00,presentValue,analogValue_20,analogValue,,,,,,,,,,,,130.79483,,
2026-04-22 19:27:00+00:00,presentValue,analogValue_20,analogValue,,,,,,,,,,,,131.01164,,
2026-04-22 19:28:00+00:00,presentValue,analogValue_20,analogValue,,,,,,,,,,,,130.94885,,
2026-04-22 19:29:00+00:00,presentValue,analogValue_20,analogValue,,,,,,,,,,,,131.08578,,
2026-04-22 19:30:00+00:00,presentValue,analogValue_20,analogValue,,,,,,,,,,,,131.08578,,
2026-04-22 19:31:00+00:00,presentValue,analogValue_20,analogValue,,,,,,,,,,,,131.14853,,
2026-04-22 19:32:00+00:00,presentValue,analogValue_20,analogValue,,,,,,,,,,,,131.13144,,
2026-04-22 19:33:00+00:00,presentValue,analogValue_20,analogValue,,,,,,,,,,,,131.14853,,
2026-04-22 19:34:00+00:00,presentValue,analogValue_20,analogValue,,,,,,,,,,,,131.14284,,
2026-04-22 19:35:00+00:00,presentValue,analogValue_20,analogValue,,,,,,,,,,,,131.1714,,
2026-04-22 19:36:00+00:00,presentValue,analogValue_20,analogValue,,,,,,,,,,,,131.12572,,
2026-04-22 19:37:00+00:00,presentValue,analogValue_20,analogValue,,,,,,,,,,,,131.12427,,
2026-04-22 19:38:00+00:00,presentValue,analogValue_20,analogValue,,,,,,,,,,,,131.0558,,
2026-04-22 19:39:00+00:00,presentValue,analogValue_20,analogValue,,,,,,,,,,,,131.01733,,
2026-04-22 19:40:00+00:00,presentValue,analogValue_20,analogValue,,,,,,,,,,,,130.97884,,
2026-04-22 19:41:00+00:00,presentValue,analogValue_20,analogValue,,,,,,,,,,,,130.94885,,
2026-04-22 19:42:00+00:00,presentValue,analogValue_20,analogValue,,,,,,,,,,,,130.87473,,
2026-04-22 19:43:00+00:00,presentValue,analogValue_20,analogValue,,,,,,,,,,,,130.80196,,
2026-04-22 19:44:00+00:00,presentValue,analogValue_20,analogValue,,,,,,,,,,,,130.71207,,
2026-04-22 19:45:00+00:00,presentValue,analogValue_20,analogValue,,,,,,,,,,,,130.60228,,
2026-04-22 19:46:00+00:00,presentValue,analogValue_20,analogValue,,,,,,,,,,,,130.51527,,
2026-04-22 19:47:00+00:00,presentValue,analogValue_20,analogValue,,,,,,,,,,,,130.37265,,
2026-04-22 19:48:00+00:00,presentValue,analogValue_20,analogValue,,,,,,,,,,,,130.2557,,
2026-04-22 19:49:00+00:00,presentValue,analogValue_20,analogValue,,,,,,,,,,,,130.10028,,
2026-04-22 19:50:00+00:00,presentValue,analogValue_20,analogValue,,,,,,,,,,,,129.93916,,
2026-04-22 19:51:00+00:00,presentValue,analogValue_20,analogValue,,,,,,,,,,,,129.77948,,
2026-04-22 19:52:00+00:00,presentValue,analogValue_20,analogValue,,,,,,,,,,,,129.59837,,
2026-04-22 19:53:00+00:00,presentValue,analogValue_20,analogValue,,,,,,,,,,,,129.47437,,
2026-04-22 19:54:00+00:00,presentValue,analogValue_20,analogValue,,,,,,,,,,,,129.3161,,
2026-04-22 19:55:00+00:00,presentValue,analogValue_20,analogValue,,,,,,,,,,,,-1.0,,
2026-04-22 19:56:00+00:00,presentValue,analogValue_20,analogValue,,,,,,,,,,,,129.01248,,
2026-04-22 19:57:00+00:00,presentValue,analogValue_20,analogValue,,,,,,,,,,,,128.83997,,
2026-04-22 19:58:00+00:00,presentValue,analogValue_20,analogValue,,,,,,,,,,,,128.66751,,
2026-04-22 19:59:00+00:00,presentValue,analogValue_20,analogValue,,,,,,,,,,,,128.47939,,
2026-04-22 20:00:00+00:00,presentValue,analogValue_20,analogValue,,,,,,,,,,,,128.3169,,
2026-04-22 20:01:00+00:00,presentValue,analogValue_20,analogValue,,,,,,,,,,,,128.12021,,
2026-04-22 20:02:00+00:00,presentValue,analogValue_20,analogValue,,,,,,,,,,,,127.937836,,
2026-04-22 20:03:00+00:00,presentValue,analogValue_20,analogValue,,,,,,,,,,,,127.786766,,
2026-04-22 20:04:00+00:00,presentValue,analogValue_20,analogValue,,,,,,,,,,,,127.59867,,
2026-04-22 20:05:00+00:00,presentValue,analogValue_20,analogValue,,,,,,,,,,,,127.454765,,
2026-04-22 20:06:00+00:00,presentValue,analogValue_20,analogValue,,,,,,,,,,,,127.2909,,
2026-04-22 20:07:00+00:00,presentValue,analogValue_20,analogValue,,,,,,,,,,,,127.09284,,
2026-04-22 20:08:00+00:00,presentValue,analogValue_20,analogValue,,,,,,,,,,,,126.92618,,
2026-04-22 20:09:00+00:00,presentValue,analogValue_20,analogValue,,,,,,,,,,,,126.73816,,
2026-04-22 20:10:00+00:00,presentValue,analogValue_20,analogValue,,,,,,,,,,,,126.53018,,
2026-04-22 20:11:00+00:00,presentValue,analogValue_20,analogValue,,,,,,,,,,,,126.3023,,
2026-04-22 20:12:00+00:00,presentValue,analogValue_20,analogValue,,,,,,,,,,,,126.09718,,
2026-04-22 20:13:00+00:00,presentValue,analogValue_20,analogValue,,,,,,,,,,,,125.88356,,
2026-04-22 20:14:00+00:00,presentValue,analogValue_20,analogValue,,,,,,,,,,,,125.692764,,
2026-04-22 20:15:00+00:00,presentValue,analogValue_20,analogValue,,,,,,,,,,,,125.44638,,
2026-04-22 20:16:00+00:00,presentValue,analogValue_20,analogValue,,,,,,,,,,,,125.228546,,
2026-04-22 20:17:00+00:00,presentValue,analogValue_20,analogValue,,,,,,,,,,,,124.98508,,
2026-04-22 20:18:00+00:00,presentValue,analogValue_20,analogValue,,,,,,,,,,,,124.76727,,
2026-04-22 20:19:00+00:00,presentValue,analogValue_20,analogValue,,,,,,,,,,,,120.85461,,
2026-04-22 20:20:00+00:00,presentValue,analogValue_20,analogValue,,,,,,,,,,,,123.768,,
2026-04-22 20:21:00+00:00,presentValue,analogValue_20,analogValue,,,,,,,,,,,,120.747986,,
2026-04-22 20:22:00+00:00,presentValue,analogValue_20,analogValue,,,,,,,,,,,,122.72496,,
2026-04-22 20:23:00+00:00,presentValue,analogValue_20,analogValue,,,,,,,,,,,,121.111984,,
2026-04-22 20:24:00+00:00,presentValue,analogValue_20,analogValue,,,,,,,,,,,,121.803154,,
2026-04-22 20:25:00+00:00,presentValue,analogValue_20,analogValue,,,,,,,,,,,,120.86886,,
2026-04-22 20:26:00+00:00,presentValue,analogValue_20,analogValue,,,,,,,,,,,,121.11486,,
2026-04-22 20:27:00+00:00,presentValue,analogValue_20,analogValue,,,,,,,,,,,,120.529,,
2026-04-22 20:28:00+00:00,presentValue,analogValue_20,analogValue,,,,,,,,,,,,120.44794,,
2026-04-22 20:29:00+00:00,presentValue,analogValue_20,analogValue,,,,,,,,,,,,120.075516,,
2026-04-22 20:30:00+00:00,presentValue,analogValue_20,analogValue,,,,,,,,,,,,119.95183,,
2026-04-22 20:31:00+00:00,presentValue,analogValue_20,analogValue,,,,,,,,,,,,119.623474,,
2026-04-22 20:32:00+00:00,presentValue,analogValue_20,analogValue,,,,,,,,,,,,119.415924,,
2026-04-22 20:33:00+00:00,presentValue,analogValue_20,analogValue,,,,,,,,,,,,119.12889,,
2026-04-22 20:34:00+00:00,presentValue,analogValue_20,analogValue,,,,,,,,,,,,118.91569,,
2026-04-22 20:35:00+00:00,presentValue,analogValue_20,analogValue,,,,,,,,,,,,118.640015,,
2026-04-22 20:36:00+00:00,presentValue,analogValue_20,analogValue,,,,,,,,,,,,118.41838,,
2026-04-22 20:37:00+00:00,presentValue,analogValue_20,analogValue,,,,,,,,,,,,118.16543,,
2026-04-22 20:38:00+00:00,presentValue,analogValue_20,analogValue,,,,,,,,,,,,117.90116,,
2026-04-22 20:39:00+00:00,presentValue,analogValue_20,analogValue,,,,,,,,,,,,117.63837,,
2026-04-22 20:40:00+00:00,presentValue,analogValue_20,analogValue,,,,,,,,,,,,117.37561,,
2026-04-22 20:41:00+00:00,presentValue,analogValue_20,analogValue,,,,,,,,,,,,117.1072,,
2026-04-22 20:42:00+00:00,presentValue,analogValue_20,analogValue,,,,,,,,,,,,116.82309,,
2026-04-22 20:43:00+00:00,presentValue,analogValue_20,analogValue,,,,,,,,,,,,116.55759,,
2026-04-22 20:44:00+00:00,presentValue,analogValue_20,analogValue,,,,,,,,,,,,116.475174,,
2026-04-22 20:45:00+00:00,presentValue,analogValue_20,analogValue,,,,,,,,,,,,116.02934,,
2026-04-22 20:46:00+00:00,presentValue,analogValue_20,analogValue,,,,,,,,,,,,115.74681,,
2026-04-22 20:47:00+00:00,presentValue,analogValue_20,analogValue,,,,,,,,,,,,115.48138,,
2026-04-22 20:48:00+00:00,presentValue,analogValue_20,analogValue,,,,,,,,,,,,115.20166,,
2026-04-22 20:49:00+00:00,presentValue,analogValue_20,analogValue,,,,,,,,,,,,114.8937,,
2026-04-22 20:50:00+00:00,presentValue,analogValue_20,analogValue,,,,,,,,,,,,114.598495,,
2026-04-22 20:51:00+00:00,presentValue,analogValue_20,analogValue,,,,,,,,,,,,114.27493,,
2026-04-22 20:52:00+00:00,presentValue,analogValue_20,analogValue,,,,,,,,,,,,113.98542,,
2026-04-22 20:53:00+00:00,presentValue,analogValue_20,analogValue,,,,,,,,,,,,113.67616,,
2026-04-22 20:54:00+00:00,presentValue,analogValue_20,analogValue,,,,,,,,,,,,113.361176,,
2026-04-22 20:55:00+00:00,presentValue,analogValue_20,analogValue,,,,,,,,,,,,113.050514,,
2026-04-22 20:56:00+00:00,presentValue,analogValue_20,analogValue,,,,,,,,,,,,112.73701,,
2026-04-22 20:57:00+00:00,presentValue,analogValue_20,analogValue,,,,,,,,,,,,112.345566,,
2026-04-22 20:58:00+00:00,presentValue,analogValue_20,analogValue,,,,,,,,,,,,111.94285,,
2026-04-22 20:59:00+00:00,presentValue,analogValue_20,analogValue,,,,,,,,,,,,111.46638,,
2026-04-22 21:00:00+00:00,presentValue,analogValue_20,analogValue,,,,,,,,,,,,111.07227,,
2026-04-22 21:01:00+00:00,presentValue,analogValue_20,analogValue,,,,,,,,,,,,110.62717,,
2026-04-22 21:02:00+00:00,presentValue,analogValue_20,analogValue,,,,,,,,,,,,110.2005,,
2026-04-22 21:03:00+00:00,presentValue,analogValue_20,analogValue,,,,,,,,,,,,109.77115,,
2026-04-22 21:04:00+00:00,presentValue,analogValue_20,analogValue,,,,,,,,,,,,109.36868,,
2026-04-22 21:05:00+00:00,presentValue,analogValue_20,analogValue,,,,,,,,,,,,108.94931,,
2026-04-22 21:06:00+00:00,presentValue,analogValue_20,analogValue,,,,,,,,,,,,108.52008,,
2026-04-22 21:07:00+00:00,presentValue,analogValue_20,analogValue,,,,,,,,,,,,108.11072,,
2026-04-22 21:08:00+00:00,presentValue,analogValue_20,analogValue,,,,,,,,,,,,107.69148,,
2026-04-22 21:09:00+00:00,presentValue,analogValue_20,analogValue,,,,,,,,,,,,107.286446,,
2026-04-22 21:10:00+00:00,presentValue,analogValue_20,analogValue,,,,,,,,,,,,106.89854,,
2026-04-22 21:11:00+00:00,presentValue,analogValue_20,analogValue,,,,,,,,,,,,106.44548,,
2026-04-22 21:12:00+00:00,presentValue,analogValue_20,analogValue,,,,,,,,,,,,106.037796,,
2026-04-22 21:13:00+00:00,presentValue,analogValue_20,analogValue,,,,,,,,,,,,105.64005,,
2026-04-22 21:14:00+00:00,presentValue,analogValue_20,analogValue,,,,,,,,,,,,105.242355,,
2026-04-22 21:15:00+00:00,presentValue,analogValue_20,analogValue,,,,,,,,,,,,104.8858,,
2026-04-22 21:16:00+00:00,presentValue,analogValue_20,analogValue,,,,,,,,,,,,104.50379,,
2026-04-22 21:17:00+00:00,presentValue,analogValue_20,analogValue,,,,,,,,,,,,104.101974,,
2026-04-22 21:18:00+00:00,presentValue,analogValue_20,analogValue,,,,,,,,,,,,103.70025,,
2026-04-22 21:19:00+00:00,presentValue,analogValue_20,analogValue,,,,,,,,,,,,103.31131,,
2026-04-22 21:20:00+00:00,presentValue,analogValue_20,analogValue,,,,,,,,,,,,102.90258,,
2026-04-22 21:21:00+00:00,presentValue,analogValue_20,analogValue,,,,,,,,,,,,102.51659,,
2026-04-22 21:22:00+00:00,presentValue,analogValue_20,analogValue,,,,,,,,,,,,102.11219,,
2026-04-22 21:23:00+00:00,presentValue,analogValue_20,analogValue,,,,,,,,,,,,101.72628,,
2026-04-22 21:24:00+00:00,presentValue,analogValue_20,analogValue,,,,,,,,,,,,101.35879,,
2026-04-22 21:25:00+00:00,presentValue,analogValue_20,analogValue,,,,,,,,,,,,100.929115,,
2026-04-22 21:26:00+00:00,presentValue,analogValue_20,analogValue,,,,,,,,,,,,100.55745,,
2026-04-22 21:27:00+00:00,presentValue,analogValue_20,analogValue,,,,,,,,,,,,100.18866,,
2026-04-22 21:28:00+00:00,presentValue,analogValue_20,analogValue,,,,,,,,,,,,99.51051,,
2026-04-22 21:29:00+00:00,presentValue,analogValue_20,analogValue,,,,,,,,,,,,99.14605,,
2026-04-22 21:30:00+00:00,presentValue,analogValue_20,analogValue,,,,,,,,,,,,98.58113,,
2026-04-22 21:31:00+00:00,presentValue,analogValue_20,analogValue,,,,,,,,,,,,98.22243,,
2026-04-22 21:32:00+00:00,presentValue,analogValue_20,analogValue,,,,,,,,,,,,97.73952,,
2026-04-22 21:33:00+00:00,presentValue,analogValue_20,analogValue,,,,,,,,,,,,97.37529,,
2026-04-22 21:34:00+00:00,presentValue,analogValue_20,analogValue,,,,,,,,,,,,97.20301,,
2026-04-22 21:35:00+00:00,presentValue,analogValue_20,analogValue,,,,,,,,,,,,96.54244,,
2026-04-22 21:36:00+00:00,presentValue,analogValue_20,analogValue,,,,,,,,,,,,96.10639,,
2026-04-22 21:37:00+00:00,presentValue,analogValue_20,analogValue,,,,,,,,,,,,95.65621,,
2026-04-22 21:38:00+00:00,presentValue,analogValue_20,analogValue,,,,,,,,,,,,95.21744,,
2026-04-22 21:39:00+00:00,presentValue,analogValue_20,analogValue,,,,,,,,,,,,94.80413,,
2026-04-22 21:40:00+00:00,presentValue,analogValue_20,analogValue,,,,,,,,,,,,94.43737,,
2026-04-22 21:41:00+00:00,presentValue,analogValue_20,analogValue,,,,,,,,,,,,94.02835,,
2026-04-22 21:42:00+00:00,presentValue,analogValue_20,analogValue,,,,,,,,,,,,93.64476,,
2026-04-22 21:43:00+00:00,presentValue,analogValue_20,analogValue,,,,,,,,,,,,93.26404,,
2026-04-22 21:44:00+00:00,presentValue,analogValue_20,analogValue,,,,,,,,,,,,92.87211,,
2026-04-22 21:45:00+00:00,presentValue,analogValue_20,analogValue,,,,,,,,,,,,92.480255,,
2026-04-22 21:46:00+00:00,presentValue,analogValue_20,analogValue,,,,,,,,,,,,92.08837,,
2026-04-22 21:47:00+00:00,presentValue,analogValue_20,analogValue,,,,,,,,,,,,91.66838,,
2026-04-22 21:48:00+00:00,presentValue,analogValue_20,analogValue,,,,,,,,,,,,91.33156,,
2026-04-22 21:49:00+00:00,presentValue,analogValue_20,analogValue,,,,,,,,,,,,90.979324,,
2026-04-22 21:50:00+00:00,presentValue,analogValue_20,analogValue,,,,,,,,,,,,90.5665,,
2026-04-22 21:51:00+00:00,presentValue,analogValue_20,analogValue,,,,,,,,,,,,90.25798,,
2026-04-22 21:52:00+00:00,presentValue,analogValue_20,analogValue,,,,,,,,,,,,89.77489,,
2026-04-22 21:53:00+00:00,presentValue,analogValue_20,analogValue,,,,,,,,,,,,89.4622,,
2026-04-22 21:54:00+00:00,presentValue,analogValue_20,analogValue,,,,,,,,,,,,89.0566,,
2026-04-22 21:55:00+00:00,presentValue,analogValue_20,analogValue,,,,,,,,,,,,88.67224,,
2026-04-22 21:56:00+00:00,presentValue,analogValue_20,analogValue,,,,,,,,,,,,88.28504,,
2026-04-22 21:57:00+00:00,presentValue,analogValue_20,analogValue,,,,,,,,,,,,87.907776,,
2026-04-22 21:58:00+00:00,presentValue,analogValue_20,analogValue,,,,,,,,,,,,87.530556,,
2026-04-22 21:59:00+00:00,presentValue,analogValue_20,analogValue,,,,,,,,,,,,87.36729,,
2026-04-22 22:00:00+00:00,presentValue,analogValue_20,analogValue,,,,,,,,,,,,86.80153,,
2026-04-22 22:01:00+00:00,presentValue,analogValue_20,analogValue,,,,,,,,,,,,86.38221,,
2026-04-22 22:02:00+00:00,presentValue,analogValue_20,analogValue,,,,,,,,,,,,86.00097,,
2026-04-22 22:03:00+00:00,presentValue,analogValue_20,analogValue,,,,,,,,,,,,85.63238,,
2026-04-22 22:04:00+00:00,presentValue,analogValue_20,analogValue,,,,,,,,,,,,85.26807,,
2026-04-22 22:05:00+00:00,presentValue,analogValue_20,analogValue,,,,,,,,,,,,84.89676,,
2026-04-22 22:06:00+00:00,presentValue,analogValue_20,analogValue,,,,,,,,,,,,84.528336,,
2026-04-22 22:07:00+00:00,presentValue,analogValue_20,analogValue,,,,,,,,,,,,84.1655,,
2026-04-22 22:08:00+00:00,presentValue,analogValue_20,analogValue,,,,,,,,,,,,83.77185,,
2026-04-22 22:09:00+00:00,presentValue,analogValue_20,analogValue,,,,,,,,,,,,83.4176,,
2026-04-22 22:10:00+00:00,presentValue,analogValue_20,analogValue,,,,,,,,,,,,83.10833,,
2026-04-22 22:11:00+00:00,presentValue,analogValue_20,analogValue,,,,,,,,,,,,82.75416,,
2026-04-22 22:12:00+00:00,presentValue,analogValue_20,analogValue,,,,,,,,,,,,82.39159,,
2026-04-22 22:13:00+00:00,presentValue,analogValue_20,analogValue,,,,,,,,,,,,82.02899,,
2026-04-22 22:14:00+00:00,presentValue,analogValue_20,analogValue,,,,,,,,,,,,81.67491,,
2026-04-22 22:15:00+00:00,presentValue,analogValue_20,analogValue,,,,,,,,,,,,81.32232,,
2026-04-22 22:16:00+00:00,presentValue,analogValue_20,analogValue,,,,,,,,,,,,80.9739,,
2026-04-22 22:17:00+00:00,presentValue,analogValue_20,analogValue,,,,,,,,,,,,80.6677,,
2026-04-22 22:18:00+00:00,presentValue,analogValue_20,analogValue,,,,,,,,,,,,80.2857,,
2026-04-22 22:19:00+00:00,presentValue,analogValue_20,analogValue,,,,,,,,,,,,79.944435,,
2026-04-22 22:20:00+00:00,presentValue,analogValue_20,analogValue,,,,,,,,,,,,79.60181,,
2026-04-22 22:21:00+00:00,presentValue,analogValue_20,analogValue,,,,,,,,,,,,79.2817,,
2026-04-22 22:22:00+00:00,presentValue,analogValue_20,analogValue,,,,,,,,,,,,78.95038,,
2026-04-22 22:23:00+00:00,presentValue,analogValue_20,analogValue,,,,,,,,,,,,78.63589,,
2026-04-22 22:24:00+00:00,presentValue,analogValue_20,analogValue,,,,,,,,,,,,78.4675,,
2026-04-22 22:25:00+00:00,presentValue,analogValue_20,analogValue,,,,,,,,,,,,78.01838,,
2026-04-22 22:26:00+00:00,presentValue,analogValue_20,analogValue,,,,,,,,,,,,77.67033,,
2026-04-22 22:27:00+00:00,presentValue,analogValue_20,analogValue,,,,,,,,,,,,77.35461,,
2026-04-22 22:28:00+00:00,presentValue,analogValue_20,analogValue,,,,,,,,,,,,77.044495,,
2026-04-22 22:29:00+00:00,presentValue,analogValue_20,analogValue,,,,,,,,,,,,76.74151,,
2026-04-22 22:30:00+00:00,presentValue,analogValue_20,analogValue,,,,,,,,,,,,76.4399,,
2026-04-22 22:31:00+00:00,presentValue,analogValue_20,analogValue,,,,,,,,,,,,76.132675,,
2026-04-22 22:32:00+00:00,presentValue,analogValue_20,analogValue,,,,,,,,,,,,75.84099,,
2026-04-22 22:33:00+00:00,presentValue,analogValue_20,analogValue,,,,,,,,,,,,75.53942,,
2026-04-22 22:34:00+00:00,presentValue,analogValue_20,analogValue,,,,,,,,,,,,75.24915,,
2026-04-22 22:35:00+00:00,presentValue,analogValue_20,analogValue,,,,,,,,,,,,74.9547,,
2026-04-22 22:36:00+00:00,presentValue,analogValue_20,analogValue,,,,,,,,,,,,74.66865,,
2026-04-22 22:37:00+00:00,presentValue,analogValue_20,analogValue,,,,,,,,,,,,74.38266,,
2026-04-22 22:38:00+00:00,presentValue,analogValue_20,analogValue,,,,,,,,,,,,74.10089,,
2026-04-22 22:39:00+00:00,presentValue,analogValue_20,analogValue,,,,,,,,,,,,73.81356,,
2026-04-22 22:40:00+00:00,presentValue,analogValue_20,analogValue,,,,,,,,,,,,73.552864,,
2026-04-22 22:41:00+00:00,presentValue,analogValue_20,analogValue,,,,,,,,,,,,73.25296,,
2026-04-22 22:42:00+00:00,presentValue,analogValue_20,analogValue,,,,,,,,,,,,72.97129,,
2026-04-22 22:43:00+00:00,presentValue,analogValue_20,analogValue,,,,,,,,,,,,72.68822,,
2026-04-22 22:44:00+00:00,presentValue,analogValue_20,analogValue,,,,,,,,,,,,72.40939,,
2026-04-22 22:45:00+00:00,presentValue,analogValue_20,analogValue,,,,,,,,,,,,72.13481,,
2026-04-22 22:46:00+00:00,presentValue,analogValue_20,analogValue,,,,,,,,,,,,71.88827,,
2026-04-22 22:47:00+00:00,presentValue,analogValue_20,analogValue,,,,,,,,,,,,71.5983,,
2026-04-22 22:48:00+00:00,presentValue,analogValue_20,analogValue,,,,,,,,,,,,71.32797,,
2026-04-22 22:49:00+00:00,presentValue,analogValue_20,analogValue,,,,,,,,,,,,71.18511,,
2026-04-22 22:50:00+00:00,presentValue,analogValue_20,analogValue,,,,,,,,,,,,70.835014,,
2026-04-22 22:51:00+00:00,presentValue,analogValue_20,analogValue,,,,,,,,,,,,70.54096,,
2026-04-22 22:52:00+00:00,presentValue,analogValue_20,analogValue,,,,,,,,,,,,70.27492,,
2026-04-22 22:53:00+00:00,presentValue,analogValue_20,analogValue,,,,,,,,,,,,70.01171,,
2026-04-22 22:54:00+00:00,presentValue,analogValue_20,analogValue,,,,,,,,,,,,69.74714,,
2026-04-22 22:55:00+00:00,presentValue,analogValue_20,analogValue,,,,,,,,,,,,69.48534,,
2026-04-22 22:56:00+00:00,presentValue,analogValue_20,analogValue,,,,,,,,,,,,69.23337,,
2026-04-22 22:57:00+00:00,presentValue,analogValue_20,analogValue,,,,,,,,,,,,68.97164,,
2026-04-22 22:58:00+00:00,presentValue,analogValue_20,analogValue,,,,,,,,,,,,68.721115,,
2026-04-22 22:59:00+00:00,presentValue,analogValue_20,analogValue,,,,,,,,,,,,68.46641,,
2026-04-22 23:00:00+00:00,presentValue,analogValue_20,analogValue,,,,,,,,,,,,68.21596,,
2026-04-22 11:01:00+00:00,presentValue,analogValue_315,analogValue,,,,,,,,,,,,,0.0,
2026-04-22 11:02:00+00:00,presentValue,analogValue_315,analogValue,,,,,,,,,,,,,0.0,
2026-04-22 11:03:00+00:00,presentValue,analogValue_315,analogValue,,,,,,,,,,,,,0.0,
2026-04-22 11:04:00+00:00,presentValue,analogValue_315,analogValue,,,,,,,,,,,,,0.0,
2026-04-22 11:05:00+00:00,presentValue,analogValue_315,analogValue,,,,,,,,,,,,,0.0,
2026-04-22 11:06:00+00:00,presentValue,analogValue_315,analogValue,,,,,,,,,,,,,0.0,
2026-04-22 11:07:00+00:00,presentValue,analogValue_315,analogValue,,,,,,,,,,,,,0.0,
2026-04-22 11:08:00+00:00,presentValue,analogValue_315,analogValue,,,,,,,,,,,,,0.0,
2026-04-22 11:09:00+00:00,presentValue,analogValue_315,analogValue,,,,,,,,,,,,,0.0,
2026-04-22 11:10:00+00:00,presentValue,analogValue_315,analogValue,,,,,,,,,,,,,0.0,
2026-04-22 11:11:00+00:00,presentValue,analogValue_315,analogValue,,,,,,,,,,,,,0.0,
2026-04-22 11:12:00+00:00,presentValue,analogValue_315,analogValue,,,,,,,,,,,,,0.0,
2026-04-22 11:13:00+00:00,presentValue,analogValue_315,analogValue,,,,,,,,,,,,,0.0,
2026-04-22 11:14:00+00:00,presentValue,analogValue_315,analogValue,,,,,,,,,,,,,0.0,
2026-04-22 11:15:00+00:00,presentValue,analogValue_315,analogValue,,,,,,,,,,,,,0.0,
2026-04-22 11:16:00+00:00,presentValue,analogValue_315,analogValue,,,,,,,,,,,,,0.0,
2026-04-22 11:17:00+00:00,presentValue,analogValue_315,analogValue,,,,,,,,,,,,,0.0,
2026-04-22 11:18:00+00:00,presentValue,analogValue_315,analogValue,,,,,,,,,,,,,0.0,
2026-04-22 11:19:00+00:00,presentValue,analogValue_315,analogValue,,,,,,,,,,,,,0.0,
2026-04-22 11:20:00+00:00,presentValue,analogValue_315,analogValue,,,,,,,,,,,,,0.0,
2026-04-22 11:21:00+00:00,presentValue,analogValue_315,analogValue,,,,,,,,,,,,,0.0,
2026-04-22 11:22:00+00:00,presentValue,analogValue_315,analogValue,,,,,,,,,,,,,0.0,
2026-04-22 11:23:00+00:00,presentValue,analogValue_315,analogValue,,,,,,,,,,,,,0.0,
2026-04-22 11:24:00+00:00,presentValue,analogValue_315,analogValue,,,,,,,,,,,,,0.0,
2026-04-22 11:25:00+00:00,presentValue,analogValue_315,analogValue,,,,,,,,,,,,,0.0,
2026-04-22 11:26:00+00:00,presentValue,analogValue_315,analogValue,,,,,,,,,,,,,0.0,
2026-04-22 11:27:00+00:00,presentValue,analogValue_315,analogValue,,,,,,,,,,,,,0.0,
2026-04-22 11:28:00+00:00,presentValue,analogValue_315,analogValue,,,,,,,,,,,,,0.0,
2026-04-22 11:29:00+00:00,presentValue,analogValue_315,analogValue,,,,,,,,,,,,,0.0,
2026-04-22 11:30:00+00:00,presentValue,analogValue_315,analogValue,,,,,,,,,,,,,0.0,
2026-04-22 11:31:00+00:00,presentValue,analogValue_315,analogValue,,,,,,,,,,,,,0.0,
2026-04-22 11:32:00+00:00,presentValue,analogValue_315,analogValue,,,,,,,,,,,,,0.0,
2026-04-22 11:33:00+00:00,presentValue,analogValue_315,analogValue,,,,,,,,,,,,,0.0,
2026-04-22 11:34:00+00:00,presentValue,analogValue_315,analogValue,,,,,,,,,,,,,0.0,
2026-04-22 11:35:00+00:00,presentValue,analogValue_315,analogValue,,,,,,,,,,,,,0.0,
2026-04-22 11:36:00+00:00,presentValue,analogValue_315,analogValue,,,,,,,,,,,,,0.0,
2026-04-22 11:37:00+00:00,presentValue,analogValue_315,analogValue,,,,,,,,,,,,,0.0,
2026-04-22 11:38:00+00:00,presentValue,analogValue_315,analogValue,,,,,,,,,,,,,0.0,
2026-04-22 11:39:00+00:00,presentValue,analogValue_315,analogValue,,,,,,,,,,,,,0.0,
2026-04-22 11:40:00+00:00,presentValue,analogValue_315,analogValue,,,,,,,,,,,,,0.0,
2026-04-22 11:41:00+00:00,presentValue,analogValue_315,analogValue,,,,,,,,,,,,,0.0,
2026-04-22 11:42:00+00:00,presentValue,analogValue_315,analogValue,,,,,,,,,,,,,0.0,
2026-04-22 11:43:00+00:00,presentValue,analogValue_315,analogValue,,,,,,,,,,,,,0.0,
2026-04-22 11:44:00+00:00,presentValue,analogValue_315,analogValue,,,,,,,,,,,,,0.0,
2026-04-22 11:45:00+00:00,presentValue,analogValue_315,analogValue,,,,,,,,,,,,,0.0,
2026-04-22 11:46:00+00:00,presentValue,analogValue_315,analogValue,,,,,,,,,,,,,0.0,
2026-04-22 11:47:00+00:00,presentValue,analogValue_315,analogValue,,,,,,,,,,,,,0.0,
2026-04-22 11:48:00+00:00,presentValue,analogValue_315,analogValue,,,,,,,,,,,,,0.0,
2026-04-22 11:49:00+00:00,presentValue,analogValue_315,analogValue,,,,,,,,,,,,,0.0,
2026-04-22 11:50:00+00:00,presentValue,analogValue_315,analogValue,,,,,,,,,,,,,0.0,
2026-04-22 11:51:00+00:00,presentValue,analogValue_315,analogValue,,,,,,,,,,,,,0.0,
2026-04-22 11:52:00+00:00,presentValue,analogValue_315,analogValue,,,,,,,,,,,,,0.0,
2026-04-22 11:53:00+00:00,presentValue,analogValue_315,analogValue,,,,,,,,,,,,,0.0,
2026-04-22 11:54:00+00:00,presentValue,analogValue_315,analogValue,,,,,,,,,,,,,0.0,
2026-04-22 11:55:00+00:00,presentValue,analogValue_315,analogValue,,,,,,,,,,,,,0.0,
2026-04-22 11:56:00+00:00,presentValue,analogValue_315,analogValue,,,,,,,,,,,,,0.0,
2026-04-22 11:57:00+00:00,presentValue,analogValue_315,analogValue,,,,,,,,,,,,,0.0,
2026-04-22 11:58:00+00:00,presentValue,analogValue_315,analogValue,,,,,,,,,,,,,0.0,
2026-04-22 11:59:00+00:00,presentValue,analogValue_315,analogValue,,,,,,,,,,,,,0.0,
2026-04-22 12:00:00+00:00,presentValue,analogValue_315,analogValue,,,,,,,,,,,,,0.0,
2026-04-22 12:01:00+00:00,presentValue,analogValue_315,analogValue,,,,,,,,,,,,,0.0,
2026-04-22 12:02:00+00:00,presentValue,analogValue_315,analogValue,,,,,,,,,,,,,0.0,
2026-04-22 12:03:00+00:00,presentValue,analogValue_315,analogValue,,,,,,,,,,,,,0.0,
2026-04-22 12:04:00+00:00,presentValue,analogValue_315,analogValue,,,,,,,,,,,,,0.0,
2026-04-22 12:05:00+00:00,presentValue,analogValue_315,analogValue,,,,,,,,,,,,,0.0,
2026-04-22 12:06:00+00:00,presentValue,analogValue_315,analogValue,,,,,,,,,,,,,0.0,
2026-04-22 12:07:00+00:00,presentValue,analogValue_315,analogValue,,,,,,,,,,,,,0.0,
2026-04-22 12:08:00+00:00,presentValue,analogValue_315,analogValue,,,,,,,,,,,,,0.0,
2026-04-22 12:09:00+00:00,presentValue,analogValue_315,analogValue,,,,,,,,,,,,,0.0,
2026-04-22 12:10:00+00:00,presentValue,analogValue_315,analogValue,,,,,,,,,,,,,0.0,
2026-04-22 12:11:00+00:00,presentValue,analogValue_315,analogValue,,,,,,,,,,,,,0.0,
2026-04-22 12:12:00+00:00,presentValue,analogValue_315,analogValue,,,,,,,,,,,,,0.0,
2026-04-22 12:13:00+00:00,presentValue,analogValue_315,analogValue,,,,,,,,,,,,,0.0,
2026-04-22 12:14:00+00:00,presentValue,analogValue_315,analogValue,,,,,,,,,,,,,0.0,
2026-04-22 12:15:00+00:00,presentValue,analogValue_315,analogValue,,,,,,,,,,,,,0.0,
2026-04-22 12:16:00+00:00,presentValue,analogValue_315,analogValue,,,,,,,,,,,,,0.0,
2026-04-22 12:17:00+00:00,presentValue,analogValue_315,analogValue,,,,,,,,,,,,,0.0,
2026-04-22 12:18:00+00:00,presentValue,analogValue_315,analogValue,,,,,,,,,,,,,0.0,
2026-04-22 12:19:00+00:00,presentValue,analogValue_315,analogValue,,,,,,,,,,,,,0.0,
2026-04-22 12:20:00+00:00,presentValue,analogValue_315,analogValue,,,,,,,,,,,,,0.0,
2026-04-22 12:21:00+00:00,presentValue,analogValue_315,analogValue,,,,,,,,,,,,,0.0,
2026-04-22 12:22:00+00:00,presentValue,analogValue_315,analogValue,,,,,,,,,,,,,0.0,
2026-04-22 12:23:00+00:00,presentValue,analogValue_315,analogValue,,,,,,,,,,,,,0.0,
2026-04-22 12:24:00+00:00,presentValue,analogValue_315,analogValue,,,,,,,,,,,,,0.0,
2026-04-22 12:25:00+00:00,presentValue,analogValue_315,analogValue,,,,,,,,,,,,,0.0,
2026-04-22 12:26:00+00:00,presentValue,analogValue_315,analogValue,,,,,,,,,,,,,0.0,
2026-04-22 12:27:00+00:00,presentValue,analogValue_315,analogValue,,,,,,,,,,,,,0.0,
2026-04-22 12:28:00+00:00,presentValue,analogValue_315,analogValue,,,,,,,,,,,,,0.0,
2026-04-22 12:29:00+00:00,presentValue,analogValue_315,analogValue,,,,,,,,,,,,,0.0,
2026-04-22 12:30:00+00:00,presentValue,analogValue_315,analogValue,,,,,,,,,,,,,0.0,
2026-04-22 12:31:00+00:00,presentValue,analogValue_315,analogValue,,,,,,,,,,,,,0.0,
2026-04-22 12:32:00+00:00,presentValue,analogValue_315,analogValue,,,,,,,,,,,,,0.0,
2026-04-22 12:33:00+00:00,presentValue,analogValue_315,analogValue,,,,,,,,,,,,,0.0,
2026-04-22 12:34:00+00:00,presentValue,analogValue_315,analogValue,,,,,,,,,,,,,0.0,
2026-04-22 12:35:00+00:00,presentValue,analogValue_315,analogValue,,,,,,,,,,,,,0.0,
2026-04-22 12:36:00+00:00,presentValue,analogValue_315,analogValue,,,,,,,,,,,,,0.0,
2026-04-22 12:37:00+00:00,presentValue,analogValue_315,analogValue,,,,,,,,,,,,,0.0,
2026-04-22 12:38:00+00:00,presentValue,analogValue_315,analogValue,,,,,,,,,,,,,0.0,
2026-04-22 12:39:00+00:00,presentValue,analogValue_315,analogValue,,,,,,,,,,,,,0.0,
2026-04-22 12:40:00+00:00,presentValue,analogValue_315,analogValue,,,,,,,,,,,,,0.0,
2026-04-22 12:41:00+00:00,presentValue,analogValue_315,analogValue,,,,,,,,,,,,,0.0,
2026-04-22 12:42:00+00:00,presentValue,analogValue_315,analogValue,,,,,,,,,,,,,0.0,
2026-04-22 12:43:00+00:00,presentValue,analogValue_315,analogValue,,,,,,,,,,,,,0.0,
2026-04-22 12:44:00+00:00,presentValue,analogValue_315,analogValue,,,,,,,,,,,,,0.0,
2026-04-22 12:45:00+00:00,presentValue,analogValue_315,analogValue,,,,,,,,,,,,,0.0,
2026-04-22 12:46:00+00:00,presentValue,analogValue_315,analogValue,,,,,,,,,,,,,0.0,
2026-04-22 12:47:00+00:00,presentValue,analogValue_315,analogValue,,,,,,,,,,,,,0.0,
2026-04-22 12:48:00+00:00,presentValue,analogValue_315,analogValue,,,,,,,,,,,,,0.0,
2026-04-22 12:49:00+00:00,presentValue,analogValue_315,analogValue,,,,,,,,,,,,,0.0,
2026-04-22 12:50:00+00:00,presentValue,analogValue_315,analogValue,,,,,,,,,,,,,0.0,
2026-04-22 12:51:00+00:00,presentValue,analogValue_315,analogValue,,,,,,,,,,,,,0.0,
2026-04-22 12:52:00+00:00,presentValue,analogValue_315,analogValue,,,,,,,,,,,,,0.0,
2026-04-22 12:53:00+00:00,presentValue,analogValue_315,analogValue,,,,,,,,,,,,,0.0,
2026-04-22 12:54:00+00:00,presentValue,analogValue_315,analogValue,,,,,,,,,,,,,0.0,
2026-04-22 12:55:00+00:00,presentValue,analogValue_315,analogValue,,,,,,,,,,,,,0.0,
2026-04-22 12:56:00+00:00,presentValue,analogValue_315,analogValue,,,,,,,,,,,,,0.0,
2026-04-22 12:57:00+00:00,presentValue,analogValue_315,analogValue,,,,,,,,,,,,,0.0,
2026-04-22 12:58:00+00:00,presentValue,analogValue_315,analogValue,,,,,,,,,,,,,0.0,
2026-04-22 12:59:00+00:00,presentValue,analogValue_315,analogValue,,,,,,,,,,,,,0.0,
2026-04-22 13:00:00+00:00,presentValue,analogValue_315,analogValue,,,,,,,,,,,,,0.0,
2026-04-22 13:01:00+00:00,presentValue,analogValue_315,analogValue,,,,,,,,,,,,,0.0,
2026-04-22 13:02:00+00:00,presentValue,analogValue_315,analogValue,,,,,,,,,,,,,0.0,
2026-04-22 13:03:00+00:00,presentValue,analogValue_315,analogValue,,,,,,,,,,,,,0.0,
2026-04-22 13:04:00+00:00,presentValue,analogValue_315,analogValue,,,,,,,,,,,,,0.0,
2026-04-22 13:05:00+00:00,presentValue,analogValue_315,analogValue,,,,,,,,,,,,,0.0,
2026-04-22 13:06:00+00:00,presentValue,analogValue_315,analogValue,,,,,,,,,,,,,0.0,
2026-04-22 13:07:00+00:00,presentValue,analogValue_315,analogValue,,,,,,,,,,,,,0.0,
2026-04-22 13:08:00+00:00,presentValue,analogValue_315,analogValue,,,,,,,,,,,,,0.0,
2026-04-22 13:09:00+00:00,presentValue,analogValue_315,analogValue,,,,,,,,,,,,,0.0,
2026-04-22 13:10:00+00:00,presentValue,analogValue_315,analogValue,,,,,,,,,,,,,0.0,
2026-04-22 13:11:00+00:00,presentValue,analogValue_315,analogValue,,,,,,,,,,,,,0.0,
2026-04-22 13:12:00+00:00,presentValue,analogValue_315,analogValue,,,,,,,,,,,,,0.0,
2026-04-22 13:13:00+00:00,presentValue,analogValue_315,analogValue,,,,,,,,,,,,,0.0,
2026-04-22 13:14:00+00:00,presentValue,analogValue_315,analogValue,,,,,,,,,,,,,0.0,
2026-04-22 13:15:00+00:00,presentValue,analogValue_315,analogValue,,,,,,,,,,,,,0.0,
2026-04-22 13:16:00+00:00,presentValue,analogValue_315,analogValue,,,,,,,,,,,,,0.0,
2026-04-22 13:17:00+00:00,presentValue,analogValue_315,analogValue,,,,,,,,,,,,,100.02978,
2026-04-22 13:18:00+00:00,presentValue,analogValue_315,analogValue,,,,,,,,,,,,,102.32853,
2026-04-22 13:19:00+00:00,presentValue,analogValue_315,analogValue,,,,,,,,,,,,,102.04064,
2026-04-22 13:20:00+00:00,presentValue,analogValue_315,analogValue,,,,,,,,,,,,,102.2057,
2026-04-22 13:21:00+00:00,presentValue,analogValue_315,analogValue,,,,,,,,,,,,,102.18269,
2026-04-22 13:22:00+00:00,presentValue,analogValue_315,analogValue,,,,,,,,,,,,,102.36366,
2026-04-22 13:23:00+00:00,presentValue,analogValue_315,analogValue,,,,,,,,,,,,,101.98447,
2026-04-22 13:24:00+00:00,presentValue,analogValue_315,analogValue,,,,,,,,,,,,,102.23044,
2026-04-22 13:25:00+00:00,presentValue,analogValue_315,analogValue,,,,,,,,,,,,,102.2417,
2026-04-22 13:26:00+00:00,presentValue,analogValue_315,analogValue,,,,,,,,,,,,,101.847305,
2026-04-22 13:27:00+00:00,presentValue,analogValue_315,analogValue,,,,,,,,,,,,,102.17419,
2026-04-22 13:28:00+00:00,presentValue,analogValue_315,analogValue,,,,,,,,,,,,,101.82866,
2026-04-22 13:29:00+00:00,presentValue,analogValue_315,analogValue,,,,,,,,,,,,,101.82367,
2026-04-22 13:30:00+00:00,presentValue,analogValue_315,analogValue,,,,,,,,,,,,,101.665085,
2026-04-22 13:31:00+00:00,presentValue,analogValue_315,analogValue,,,,,,,,,,,,,101.87477,
2026-04-22 13:32:00+00:00,presentValue,analogValue_315,analogValue,,,,,,,,,,,,,101.85266,
2026-04-22 13:33:00+00:00,presentValue,analogValue_315,analogValue,,,,,,,,,,,,,102.16854,
2026-04-22 13:34:00+00:00,presentValue,analogValue_315,analogValue,,,,,,,,,,,,,101.84863,
2026-04-22 13:35:00+00:00,presentValue,analogValue_315,analogValue,,,,,,,,,,,,,101.813965,
2026-04-22 13:36:00+00:00,presentValue,analogValue_315,analogValue,,,,,,,,,,,,,102.074974,
2026-04-22 13:37:00+00:00,presentValue,analogValue_315,analogValue,,,,,,,,,,,,,101.86198,
2026-04-22 13:38:00+00:00,presentValue,analogValue_315,analogValue,,,,,,,,,,,,,0.0,
2026-04-22 13:39:00+00:00,presentValue,analogValue_315,analogValue,,,,,,,,,,,,,102.12142,
2026-04-22 13:40:00+00:00,presentValue,analogValue_315,analogValue,,,,,,,,,,,,,102.069016,
2026-04-22 13:41:00+00:00,presentValue,analogValue_315,analogValue,,,,,,,,,,,,,0.0,
2026-04-22 13:42:00+00:00,presentValue,analogValue_315,analogValue,,,,,,,,,,,,,0.0,
2026-04-22 13:43:00+00:00,presentValue,analogValue_315,analogValue,,,,,,,,,,,,,0.0,
2026-04-22 13:44:00+00:00,presentValue,analogValue_315,analogValue,,,,,,,,,,,,,0.0,
2026-04-22 13:45:00+00:00,presentValue,analogValue_315,analogValue,,,,,,,,,,,,,0.0,
2026-04-22 13:46:00+00:00,presentValue,analogValue_315,analogValue,,,,,,,,,,,,,0.0,
2026-04-22 13:47:00+00:00,presentValue,analogValue_315,analogValue,,,,,,,,,,,,,0.0,
2026-04-22 13:48:00+00:00,presentValue,analogValue_315,analogValue,,,,,,,,,,,,,0.0,
2026-04-22 13:49:00+00:00,presentValue,analogValue_315,analogValue,,,,,,,,,,,,,0.0,
2026-04-22 13:50:00+00:00,presentValue,analogValue_315,analogValue,,,,,,,,,,,,,101.91903,
2026-04-22 13:51:00+00:00,presentValue,analogValue_315,analogValue,,,,,,,,,,,,,102.01441,
2026-04-22 13:52:00+00:00,presentValue,analogValue_315,analogValue,,,,,,,,,,,,,102.20724,
2026-04-22 13:53:00+00:00,presentValue,analogValue_315,analogValue,,,,,,,,,,,,,101.8475,
2026-04-22 13:54:00+00:00,presentValue,analogValue_315,analogValue,,,,,,,,,,,,,101.94628,
2026-04-22 13:55:00+00:00,presentValue,analogValue_315,analogValue,,,,,,,,,,,,,102.26234,
2026-04-22 13:56:00+00:00,presentValue,analogValue_315,analogValue,,,,,,,,,,,,,101.85794,
2026-04-22 13:57:00+00:00,presentValue,analogValue_315,analogValue,,,,,,,,,,,,,101.88436,
2026-04-22 13:58:00+00:00,presentValue,analogValue_315,analogValue,,,,,,,,,,,,,102.07057,
2026-04-22 13:59:00+00:00,presentValue,analogValue_315,analogValue,,,,,,,,,,,,,102.025826,
2026-04-22 14:00:00+00:00,presentValue,analogValue_315,analogValue,,,,,,,,,,,,,102.368774,
2026-04-22 14:01:00+00:00,presentValue,analogValue_315,analogValue,,,,,,,,,,,,,101.93293,
2026-04-22 14:02:00+00:00,presentValue,analogValue_315,analogValue,,,,,,,,,,,,,102.289696,
2026-04-22 14:03:00+00:00,presentValue,analogValue_315,analogValue,,,,,,,,,,,,,102.27835,
2026-04-22 14:04:00+00:00,presentValue,analogValue_315,analogValue,,,,,,,,,,,,,102.40355,
2026-04-22 14:05:00+00:00,presentValue,analogValue_315,analogValue,,,,,,,,,,,,,102.292145,
2026-04-22 14:06:00+00:00,presentValue,analogValue_315,analogValue,,,,,,,,,,,,,102.235855,
2026-04-22 14:07:00+00:00,presentValue,analogValue_315,analogValue,,,,,,,,,,,,,0.0,
2026-04-22 14:08:00+00:00,presentValue,analogValue_315,analogValue,,,,,,,,,,,,,101.74361,
2026-04-22 14:09:00+00:00,presentValue,analogValue_315,analogValue,,,,,,,,,,,,,0.0,
2026-04-22 14:10:00+00:00,presentValue,analogValue_315,analogValue,,,,,,,,,,,,,102.480255,
2026-04-22 14:11:00+00:00,presentValue,analogValue_315,analogValue,,,,,,,,,,,,,102.33829,
2026-04-22 14:12:00+00:00,presentValue,analogValue_315,analogValue,,,,,,,,,,,,,0.0,
2026-04-22 14:13:00+00:00,presentValue,analogValue_315,analogValue,,,,,,,,,,,,,102.3019,
2026-04-22 14:14:00+00:00,presentValue,analogValue_315,analogValue,,,,,,,,,,,,,102.445595,
2026-04-22 14:15:00+00:00,presentValue,analogValue_315,analogValue,,,,,,,,,,,,,102.39636,
2026-04-22 14:16:00+00:00,presentValue,analogValue_315,analogValue,,,,,,,,,,,,,102.13094,
2026-04-22 14:17:00+00:00,presentValue,analogValue_315,analogValue,,,,,,,,,,,,,102.54524,
2026-04-22 14:18:00+00:00,presentValue,analogValue_315,analogValue,,,,,,,,,,,,,102.56128,
2026-04-22 14:19:00+00:00,presentValue,analogValue_315,analogValue,,,,,,,,,,,,,102.20888,
2026-04-22 14:20:00+00:00,presentValue,analogValue_315,analogValue,,,,,,,,,,,,,102.45309,
2026-04-22 14:21:00+00:00,presentValue,analogValue_315,analogValue,,,,,,,,,,,,,101.890854,
2026-04-22 14:22:00+00:00,presentValue,analogValue_315,analogValue,,,,,,,,,,,,,102.09196,
2026-04-22 14:23:00+00:00,presentValue,analogValue_315,analogValue,,,,,,,,,,,,,102.104004,
2026-04-22 14:24:00+00:00,presentValue,analogValue_315,analogValue,,,,,,,,,,,,,102.11718,
2026-04-22 14:25:00+00:00,presentValue,analogValue_315,analogValue,,,,,,,,,,,,,101.79558,
2026-04-22 14:26:00+00:00,presentValue,analogValue_315,analogValue,,,,,,,,,,,,,102.710815,
2026-04-22 14:27:00+00:00,presentValue,analogValue_315,analogValue,,,,,,,,,,,,,102.07208,
2026-04-22 14:28:00+00:00,presentValue,analogValue_315,analogValue,,,,,,,,,,,,,102.169716,
2026-04-22 14:29:00+00:00,presentValue,analogValue_315,analogValue,,,,,,,,,,,,,102.24327,
2026-04-22 14:30:00+00:00,presentValue,analogValue_315,analogValue,,,,,,,,,,,,,102.23358,
2026-04-22 14:31:00+00:00,presentValue,analogValue_315,analogValue,,,,,,,,,,,,,101.941154,
2026-04-22 14:32:00+00:00,presentValue,analogValue_315,analogValue,,,,,,,,,,,,,0.0,
2026-04-22 14:33:00+00:00,presentValue,analogValue_315,analogValue,,,,,,,,,,,,,102.52733,
2026-04-22 14:34:00+00:00,presentValue,analogValue_315,analogValue,,,,,,,,,,,,,102.25462,
2026-04-22 14:35:00+00:00,presentValue,analogValue_315,analogValue,,,,,,,,,,,,,102.60127,
2026-04-22 14:36:00+00:00,presentValue,analogValue_315,analogValue,,,,,,,,,,,,,93.98208,
2026-04-22 14:37:00+00:00,presentValue,analogValue_315,analogValue,,,,,,,,,,,,,87.04315,
2026-04-22 14:38:00+00:00,presentValue,analogValue_315,analogValue,,,,,,,,,,,,,102.11669,
2026-04-22 14:39:00+00:00,presentValue,analogValue_315,analogValue,,,,,,,,,,,,,101.44851,
2026-04-22 14:40:00+00:00,presentValue,analogValue_315,analogValue,,,,,,,,,,,,,101.804146,
2026-04-22 14:41:00+00:00,presentValue,analogValue_315,analogValue,,,,,,,,,,,,,101.42236,
2026-04-22 14:42:00+00:00,presentValue,analogValue_315,analogValue,,,,,,,,,,,,,101.75394,
2026-04-22 14:43:00+00:00,presentValue,analogValue_315,analogValue,,,,,,,,,,,,,101.943115,
2026-04-22 14:44:00+00:00,presentValue,analogValue_315,analogValue,,,,,,,,,,,,,101.47071,
2026-04-22 14:45:00+00:00,presentValue,analogValue_315,analogValue,,,,,,,,,,,,,101.7341,
2026-04-22 14:46:00+00:00,presentValue,analogValue_315,analogValue,,,,,,,,,,,,,101.86417,
2026-04-22 14:47:00+00:00,presentValue,analogValue_315,analogValue,,,,,,,,,,,,,101.87019,
2026-04-22 14:48:00+00:00,presentValue,analogValue_315,analogValue,,,,,,,,,,,,,101.92433,
2026-04-22 14:49:00+00:00,presentValue,analogValue_315,analogValue,,,,,,,,,,,,,101.871346,
2026-04-22 14:50:00+00:00,presentValue,analogValue_315,analogValue,,,,,,,,,,,,,101.783806,
2026-04-22 14:51:00+00:00,presentValue,analogValue_315,analogValue,,,,,,,,,,,,,101.603966,
2026-04-22 14:52:00+00:00,presentValue,analogValue_315,analogValue,,,,,,,,,,,,,101.859474,
2026-04-22 14:53:00+00:00,presentValue,analogValue_315,analogValue,,,,,,,,,,,,,101.58031,
2026-04-22 14:54:00+00:00,presentValue,analogValue_315,analogValue,,,,,,,,,,,,,101.82255,
2026-04-22 14:55:00+00:00,presentValue,analogValue_315,analogValue,,,,,,,,,,,,,101.78522,
2026-04-22 14:56:00+00:00,presentValue,analogValue_315,analogValue,,,,,,,,,,,,,102.02134,
2026-04-22 14:57:00+00:00,presentValue,analogValue_315,analogValue,,,,,,,,,,,,,101.67675,
2026-04-22 14:58:00+00:00,presentValue,analogValue_315,analogValue,,,,,,,,,,,,,101.597824,
2026-04-22 14:59:00+00:00,presentValue,analogValue_315,analogValue,,,,,,,,,,,,,101.640594,
2026-04-22 15:00:00+00:00,presentValue,analogValue_315,analogValue,,,,,,,,,,,,,101.765816,
2026-04-22 15:01:00+00:00,presentValue,analogValue_315,analogValue,,,,,,,,,,,,,101.65068,
2026-04-22 15:02:00+00:00,presentValue,analogValue_315,analogValue,,,,,,,,,,,,,101.5765,
2026-04-22 15:03:00+00:00,presentValue,analogValue_315,analogValue,,,,,,,,,,,,,101.72324,
2026-04-22 15:04:00+00:00,presentValue,analogValue_315,analogValue,,,,,,,,,,,,,101.469,
2026-04-22 15:05:00+00:00,presentValue,analogValue_315,analogValue,,,,,,,,,,,,,101.277054,
2026-04-22 15:06:00+00:00,presentValue,analogValue_315,analogValue,,,,,,,,,,,,,101.07437,
2026-04-22 15:07:00+00:00,presentValue,analogValue_315,analogValue,,,,,,,,,,,,,101.48857,
2026-04-22 15:08:00+00:00,presentValue,analogValue_315,analogValue,,,,,,,,,,,,,101.365036,
2026-04-22 15:09:00+00:00,presentValue,analogValue_315,analogValue,,,,,,,,,,,,,101.36683,
2026-04-22 15:10:00+00:00,presentValue,analogValue_315,analogValue,,,,,,,,,,,,,101.50436,
2026-04-22 15:11:00+00:00,presentValue,analogValue_315,analogValue,,,,,,,,,,,,,101.488434,
2026-04-22 15:12:00+00:00,presentValue,analogValue_315,analogValue,,,,,,,,,,,,,101.346596,
2026-04-22 15:13:00+00:00,presentValue,analogValue_315,analogValue,,,,,,,,,,,,,101.39773,
2026-04-22 15:14:00+00:00,presentValue,analogValue_315,analogValue,,,,,,,,,,,,,101.48255,
2026-04-22 15:15:00+00:00,presentValue,analogValue_315,analogValue,,,,,,,,,,,,,101.409615,
2026-04-22 15:16:00+00:00,presentValue,analogValue_315,analogValue,,,,,,,,,,,,,101.05163,
2026-04-22 15:17:00+00:00,presentValue,analogValue_315,analogValue,,,,,,,,,,,,,101.06002,
2026-04-22 15:18:00+00:00,presentValue,analogValue_315,analogValue,,,,,,,,,,,,,101.30227,
2026-04-22 15:19:00+00:00,presentValue,analogValue_315,analogValue,,,,,,,,,,,,,101.3795,
2026-04-22 15:20:00+00:00,presentValue,analogValue_315,analogValue,,,,,,,,,,,,,100.87977,
2026-04-22 15:21:00+00:00,presentValue,analogValue_315,analogValue,,,,,,,,,,,,,100.85617,
2026-04-22 15:22:00+00:00,presentValue,analogValue_315,analogValue,,,,,,,,,,,,,101.11987,
2026-04-22 15:23:00+00:00,presentValue,analogValue_315,analogValue,,,,,,,,,,,,,101.240234,
2026-04-22 15:24:00+00:00,presentValue,analogValue_315,analogValue,,,,,,,,,,,,,101.000305,
2026-04-22 15:25:00+00:00,presentValue,analogValue_315,analogValue,,,,,,,,,,,,,100.96573,
2026-04-22 15:26:00+00:00,presentValue,analogValue_315,analogValue,,,,,,,,,,,,,99.61854,
2026-04-22 15:27:00+00:00,presentValue,analogValue_315,analogValue,,,,,,,,,,,,,97.92776,
2026-04-22 15:28:00+00:00,presentValue,analogValue_315,analogValue,,,,,,,,,,,,,98.09931,
2026-04-22 15:29:00+00:00,presentValue,analogValue_315,analogValue,,,,,,,,,,,,,98.45127,
2026-04-22 15:30:00+00:00,presentValue,analogValue_315,analogValue,,,,,,,,,,,,,91.7226,
2026-04-22 15:31:00+00:00,presentValue,analogValue_315,analogValue,,,,,,,,,,,,,98.21571,
2026-04-22 15:32:00+00:00,presentValue,analogValue_315,analogValue,,,,,,,,,,,,,96.492195,
2026-04-22 15:33:00+00:00,presentValue,analogValue_315,analogValue,,,,,,,,,,,,,97.96488,
2026-04-22 15:34:00+00:00,presentValue,analogValue_315,analogValue,,,,,,,,,,,,,97.24451,
2026-04-22 15:35:00+00:00,presentValue,analogValue_315,analogValue,,,,,,,,,,,,,97.94394,
2026-04-22 15:36:00+00:00,presentValue,analogValue_315,analogValue,,,,,,,,,,,,,98.189354,
2026-04-22 15:37:00+00:00,presentValue,analogValue_315,analogValue,,,,,,,,,,,,,98.30066,
2026-04-22 15:38:00+00:00,presentValue,analogValue_315,analogValue,,,,,,,,,,,,,98.17294,
2026-04-22 15:39:00+00:00,presentValue,analogValue_315,analogValue,,,,,,,,,,,,,98.17763,
2026-04-22 15:40:00+00:00,presentValue,analogValue_315,analogValue,,,,,,,,,,,,,98.19812,
2026-04-22 15:41:00+00:00,presentValue,analogValue_315,analogValue,,,,,,,,,,,,,98.48882,
2026-04-22 15:42:00+00:00,presentValue,analogValue_315,analogValue,,,,,,,,,,,,,98.554474,
2026-04-22 15:43:00+00:00,presentValue,analogValue_315,analogValue,,,,,,,,,,,,,98.45152,
2026-04-22 15:44:00+00:00,presentValue,analogValue_315,analogValue,,,,,,,,,,,,,98.1113,
2026-04-22 15:45:00+00:00,presentValue,analogValue_315,analogValue,,,,,,,,,,,,,98.263306,
2026-04-22 15:46:00+00:00,presentValue,analogValue_315,analogValue,,,,,,,,,,,,,98.39084,
2026-04-22 15:47:00+00:00,presentValue,analogValue_315,analogValue,,,,,,,,,,,,,98.46158,
2026-04-22 15:48:00+00:00,presentValue,analogValue_315,analogValue,,,,,,,,,,,,,98.316635,
2026-04-22 15:49:00+00:00,presentValue,analogValue_315,analogValue,,,,,,,,,,,,,98.377785,
2026-04-22 15:50:00+00:00,presentValue,analogValue_315,analogValue,,,,,,,,,,,,,98.284096,
2026-04-22 15:51:00+00:00,presentValue,analogValue_315,analogValue,,,,,,,,,,,,,98.3469,
2026-04-22 15:52:00+00:00,presentValue,analogValue_315,analogValue,,,,,,,,,,,,,98.05372,
2026-04-22 15:53:00+00:00,presentValue,analogValue_315,analogValue,,,,,,,,,,,,,98.17623,
2026-04-22 15:54:00+00:00,presentValue,analogValue_315,analogValue,,,,,,,,,,,,,98.312386,
2026-04-22 15:55:00+00:00,presentValue,analogValue_315,analogValue,,,,,,,,,,,,,98.26636,
2026-04-22 15:56:00+00:00,presentValue,analogValue_315,analogValue,,,,,,,,,,,,,98.29245,
2026-04-22 15:57:00+00:00,presentValue,analogValue_315,analogValue,,,,,,,,,,,,,98.51354,
2026-04-22 15:58:00+00:00,presentValue,analogValue_315,analogValue,,,,,,,,,,,,,98.488,
2026-04-22 15:59:00+00:00,presentValue,analogValue_315,analogValue,,,,,,,,,,,,,98.24767,
2026-04-22 16:00:00+00:00,presentValue,analogValue_315,analogValue,,,,,,,,,,,,,98.03286,
2026-04-22 16:01:00+00:00,presentValue,analogValue_315,analogValue,,,,,,,,,,,,,98.01688,
2026-04-22 16:02:00+00:00,presentValue,analogValue_315,analogValue,,,,,,,,,,,,,98.090324,
2026-04-22 16:03:00+00:00,presentValue,analogValue_315,analogValue,,,,,,,,,,,,,96.783905,
2026-04-22 16:04:00+00:00,presentValue,analogValue_315,analogValue,,,,,,,,,,,,,96.72082,
2026-04-22 16:05:00+00:00,presentValue,analogValue_315,analogValue,,,,,,,,,,,,,97.08058,
2026-04-22 16:06:00+00:00,presentValue,analogValue_315,analogValue,,,,,,,,,,,,,97.120766,
2026-04-22 16:07:00+00:00,presentValue,analogValue_315,analogValue,,,,,,,,,,,,,97.39434,
2026-04-22 16:08:00+00:00,presentValue,analogValue_315,analogValue,,,,,,,,,,,,,96.95829,
2026-04-22 16:09:00+00:00,presentValue,analogValue_315,analogValue,,,,,,,,,,,,,97.01688,
2026-04-22 16:10:00+00:00,presentValue,analogValue_315,analogValue,,,,,,,,,,,,,97.49711,
2026-04-22 16:11:00+00:00,presentValue,analogValue_315,analogValue,,,,,,,,,,,,,97.24902,
2026-04-22 16:12:00+00:00,presentValue,analogValue_315,analogValue,,,,,,,,,,,,,97.3037,
2026-04-22 16:13:00+00:00,presentValue,analogValue_315,analogValue,,,,,,,,,,,,,97.12877,
2026-04-22 16:14:00+00:00,presentValue,analogValue_315,analogValue,,,,,,,,,,,,,97.24158,
2026-04-22 16:15:00+00:00,presentValue,analogValue_315,analogValue,,,,,,,,,,,,,96.78241,
2026-04-22 16:16:00+00:00,presentValue,analogValue_315,analogValue,,,,,,,,,,,,,97.1162,
2026-04-22 16:17:00+00:00,presentValue,analogValue_315,analogValue,,,,,,,,,,,,,96.72453,
2026-04-22 16:18:00+00:00,presentValue,analogValue_315,analogValue,,,,,,,,,,,,,97.056366,
2026-04-22 16:19:00+00:00,presentValue,analogValue_315,analogValue,,,,,,,,,,,,,96.88762,
2026-04-22 16:20:00+00:00,presentValue,analogValue_315,analogValue,,,,,,,,,,,,,96.91249,
2026-04-22 16:21:00+00:00,presentValue,analogValue_315,analogValue,,,,,,,,,,,,,97.34704,
2026-04-22 16:22:00+00:00,presentValue,analogValue_315,analogValue,,,,,,,,,,,,,96.91847,
2026-04-22 16:23:00+00:00,presentValue,analogValue_315,analogValue,,,,,,,,,,,,,97.468445,
2026-04-22 16:24:00+00:00,presentValue,analogValue_315,analogValue,,,,,,,,,,,,,96.1483,
2026-04-22 16:25:00+00:00,presentValue,analogValue_315,analogValue,,,,,,,,,,,,,97.25497,
2026-04-22 16:26:00+00:00,presentValue,analogValue_315,analogValue,,,,,,,,,,,,,97.953316,
2026-04-22 16:27:00+00:00,presentValue,analogValue_315,analogValue,,,,,,,,,,,,,98.659874,
2026-04-22 16:28:00+00:00,presentValue,analogValue_315,analogValue,,,,,,,,,,,,,98.296486,
2026-04-22 16:29:00+00:00,presentValue,analogValue_315,analogValue,,,,,,,,,,,,,98.68532,
2026-04-22 16:30:00+00:00,presentValue,analogValue_315,analogValue,,,,,,,,,,,,,96.607895,
2026-04-22 16:31:00+00:00,presentValue,analogValue_315,analogValue,,,,,,,,,,,,,96.70546,
2026-04-22 16:32:00+00:00,presentValue,analogValue_315,analogValue,,,,,,,,,,,,,96.864044,
2026-04-22 16:33:00+00:00,presentValue,analogValue_315,analogValue,,,,,,,,,,,,,96.372574,
2026-04-22 16:34:00+00:00,presentValue,analogValue_315,analogValue,,,,,,,,,,,,,96.4844,
2026-04-22 16:35:00+00:00,presentValue,analogValue_315,analogValue,,,,,,,,,,,,,96.45934,
2026-04-22 16:36:00+00:00,presentValue,analogValue_315,analogValue,,,,,,,,,,,,,96.38757,
2026-04-22 16:37:00+00:00,presentValue,analogValue_315,analogValue,,,,,,,,,,,,,96.429924,
2026-04-22 16:38:00+00:00,presentValue,analogValue_315,analogValue,,,,,,,,,,,,,97.947876,
2026-04-22 16:39:00+00:00,presentValue,analogValue_315,analogValue,,,,,,,,,,,,,92.83097,
2026-04-22 16:40:00+00:00,presentValue,analogValue_315,analogValue,,,,,,,,,,,,,98.45057,
2026-04-22 16:41:00+00:00,presentValue,analogValue_315,analogValue,,,,,,,,,,,,,95.47408,
2026-04-22 16:42:00+00:00,presentValue,analogValue_315,analogValue,,,,,,,,,,,,,95.95965,
2026-04-22 16:43:00+00:00,presentValue,analogValue_315,analogValue,,,,,,,,,,,,,95.77655,
2026-04-22 16:44:00+00:00,presentValue,analogValue_315,analogValue,,,,,,,,,,,,,96.32208,
2026-04-22 16:45:00+00:00,presentValue,analogValue_315,analogValue,,,,,,,,,,,,,95.65312,
2026-04-22 16:46:00+00:00,presentValue,analogValue_315,analogValue,,,,,,,,,,,,,96.2822,
2026-04-22 16:47:00+00:00,presentValue,analogValue_315,analogValue,,,,,,,,,,,,,95.70443,
2026-04-22 16:48:00+00:00,presentValue,analogValue_315,analogValue,,,,,,,,,,,,,96.19106,
2026-04-22 16:49:00+00:00,presentValue,analogValue_315,analogValue,,,,,,,,,,,,,96.49986,
2026-04-22 16:50:00+00:00,presentValue,analogValue_315,analogValue,,,,,,,,,,,,,96.199326,
2026-04-22 16:51:00+00:00,presentValue,analogValue_315,analogValue,,,,,,,,,,,,,96.2121,
2026-04-22 16:52:00+00:00,presentValue,analogValue_315,analogValue,,,,,,,,,,,,,96.00475,
2026-04-22 16:53:00+00:00,presentValue,analogValue_315,analogValue,,,,,,,,,,,,,97.47575,
2026-04-22 16:54:00+00:00,presentValue,analogValue_315,analogValue,,,,,,,,,,,,,96.95018,
2026-04-22 16:55:00+00:00,presentValue,analogValue_315,analogValue,,,,,,,,,,,,,93.13048,
2026-04-22 16:56:00+00:00,presentValue,analogValue_315,analogValue,,,,,,,,,,,,,100.77065,
2026-04-22 16:57:00+00:00,presentValue,analogValue_315,analogValue,,,,,,,,,,,,,95.64396,
2026-04-22 16:58:00+00:00,presentValue,analogValue_315,analogValue,,,,,,,,,,,,,100.08945,
2026-04-22 16:59:00+00:00,presentValue,analogValue_315,analogValue,,,,,,,,,,,,,94.946144,
2026-04-22 17:00:00+00:00,presentValue,analogValue_315,analogValue,,,,,,,,,,,,,95.88647,
2026-04-22 17:01:00+00:00,presentValue,analogValue_315,analogValue,,,,,,,,,,,,,94.9129,
2026-04-22 17:02:00+00:00,presentValue,analogValue_315,analogValue,,,,,,,,,,,,,95.20704,
2026-04-22 17:03:00+00:00,presentValue,analogValue_315,analogValue,,,,,,,,,,,,,96.16803,
2026-04-22 17:04:00+00:00,presentValue,analogValue_315,analogValue,,,,,,,,,,,,,95.12229,
2026-04-22 17:05:00+00:00,presentValue,analogValue_315,analogValue,,,,,,,,,,,,,95.52673,
2026-04-22 17:06:00+00:00,presentValue,analogValue_315,analogValue,,,,,,,,,,,,,94.577965,
2026-04-22 17:07:00+00:00,presentValue,analogValue_315,analogValue,,,,,,,,,,,,,96.24477,
2026-04-22 17:08:00+00:00,presentValue,analogValue_315,analogValue,,,,,,,,,,,,,96.22228,
2026-04-22 17:09:00+00:00,presentValue,analogValue_315,analogValue,,,,,,,,,,,,,95.94867,
2026-04-22 17:10:00+00:00,presentValue,analogValue_315,analogValue,,,,,,,,,,,,,92.17117,
2026-04-22 17:11:00+00:00,presentValue,analogValue_315,analogValue,,,,,,,,,,,,,98.58613,
2026-04-22 17:12:00+00:00,presentValue,analogValue_315,analogValue,,,,,,,,,,,,,95.11025,
2026-04-22 17:13:00+00:00,presentValue,analogValue_315,analogValue,,,,,,,,,,,,,96.21622,
2026-04-22 17:14:00+00:00,presentValue,analogValue_315,analogValue,,,,,,,,,,,,,96.137505,
2026-04-22 17:15:00+00:00,presentValue,analogValue_315,analogValue,,,,,,,,,,,,,95.99405,
2026-04-22 17:16:00+00:00,presentValue,analogValue_315,analogValue,,,,,,,,,,,,,96.52492,
2026-04-22 17:17:00+00:00,presentValue,analogValue_315,analogValue,,,,,,,,,,,,,96.98148,
2026-04-22 17:18:00+00:00,presentValue,analogValue_315,analogValue,,,,,,,,,,,,,97.32415,
2026-04-22 17:19:00+00:00,presentValue,analogValue_315,analogValue,,,,,,,,,,,,,93.084724,
2026-04-22 17:20:00+00:00,presentValue,analogValue_315,analogValue,,,,,,,,,,,,,98.752426,
2026-04-22 17:21:00+00:00,presentValue,analogValue_315,analogValue,,,,,,,,,,,,,96.1929,
2026-04-22 17:22:00+00:00,presentValue,analogValue_315,analogValue,,,,,,,,,,,,,96.89396,
2026-04-22 17:23:00+00:00,presentValue,analogValue_315,analogValue,,,,,,,,,,,,,96.6656,
2026-04-22 17:24:00+00:00,presentValue,analogValue_315,analogValue,,,,,,,,,,,,,96.741684,
2026-04-22 17:25:00+00:00,presentValue,analogValue_315,analogValue,,,,,,,,,,,,,96.49141,
2026-04-22 17:26:00+00:00,presentValue,analogValue_315,analogValue,,,,,,,,,,,,,96.33254,
2026-04-22 17:27:00+00:00,presentValue,analogValue_315,analogValue,,,,,,,,,,,,,97.629265,
2026-04-22 17:28:00+00:00,presentValue,analogValue_315,analogValue,,,,,,,,,,,,,96.61311,
2026-04-22 17:29:00+00:00,presentValue,analogValue_315,analogValue,,,,,,,,,,,,,98.261795,
2026-04-22 17:30:00+00:00,presentValue,analogValue_315,analogValue,,,,,,,,,,,,,99.66402,
2026-04-22 17:31:00+00:00,presentValue,analogValue_315,analogValue,,,,,,,,,,,,,97.07897,
2026-04-22 17:32:00+00:00,presentValue,analogValue_315,analogValue,,,,,,,,,,,,,97.07356,
2026-04-22 17:33:00+00:00,presentValue,analogValue_315,analogValue,,,,,,,,,,,,,97.012184,
2026-04-22 17:34:00+00:00,presentValue,analogValue_315,analogValue,,,,,,,,,,,,,97.12436,
2026-04-22 17:35:00+00:00,presentValue,analogValue_315,analogValue,,,,,,,,,,,,,96.82556,
2026-04-22 17:36:00+00:00,presentValue,analogValue_315,analogValue,,,,,,,,,,,,,96.46463,
2026-04-22 17:37:00+00:00,presentValue,analogValue_315,analogValue,,,,,,,,,,,,,96.74295,
2026-04-22 17:38:00+00:00,presentValue,analogValue_315,analogValue,,,,,,,,,,,,,96.64241,
2026-04-22 17:39:00+00:00,presentValue,analogValue_315,analogValue,,,,,,,,,,,,,96.872475,
2026-04-22 17:40:00+00:00,presentValue,analogValue_315,analogValue,,,,,,,,,,,,,97.11331,
2026-04-22 17:41:00+00:00,presentValue,analogValue_315,analogValue,,,,,,,,,,,,,97.627235,
2026-04-22 17:42:00+00:00,presentValue,analogValue_315,analogValue,,,,,,,,,,,,,97.971954,
2026-04-22 17:43:00+00:00,presentValue,analogValue_315,analogValue,,,,,,,,,,,,,100.0713,
2026-04-22 17:44:00+00:00,presentValue,analogValue_315,analogValue,,,,,,,,,,,,,95.678986,
2026-04-22 17:45:00+00:00,presentValue,analogValue_315,analogValue,,,,,,,,,,,,,97.864426,
2026-04-22 17:46:00+00:00,presentValue,analogValue_315,analogValue,,,,,,,,,,,,,97.03041,
2026-04-22 17:47:00+00:00,presentValue,analogValue_315,analogValue,,,,,,,,,,,,,96.76507,
2026-04-22 17:48:00+00:00,presentValue,analogValue_315,analogValue,,,,,,,,,,,,,96.38335,
2026-04-22 17:49:00+00:00,presentValue,analogValue_315,analogValue,,,,,,,,,,,,,96.73946,
2026-04-22 17:50:00+00:00,presentValue,analogValue_315,analogValue,,,,,,,,,,,,,97.29221,
2026-04-22 17:51:00+00:00,presentValue,analogValue_315,analogValue,,,,,,,,,,,,,97.07696,
2026-04-22 17:52:00+00:00,presentValue,analogValue_315,analogValue,,,,,,,,,,,,,97.0916,
2026-04-22 17:53:00+00:00,presentValue,analogValue_315,analogValue,,,,,,,,,,,,,96.7103,
2026-04-22 17:54:00+00:00,presentValue,analogValue_315,analogValue,,,,,,,,,,,,,96.97147,
2026-04-22 17:55:00+00:00,presentValue,analogValue_315,analogValue,,,,,,,,,,,,,96.09557,
2026-04-22 17:56:00+00:00,presentValue,analogValue_315,analogValue,,,,,,,,,,,,,0.0,
2026-04-22 17:57:00+00:00,presentValue,analogValue_315,analogValue,,,,,,,,,,,,,99.28568,
2026-04-22 17:58:00+00:00,presentValue,analogValue_315,analogValue,,,,,,,,,,,,,93.48939,
2026-04-22 17:59:00+00:00,presentValue,analogValue_315,analogValue,,,,,,,,,,,,,100.61093,
2026-04-22 18:00:00+00:00,presentValue,analogValue_315,analogValue,,,,,,,,,,,,,101.98318,
2026-04-22 18:01:00+00:00,presentValue,analogValue_315,analogValue,,,,,,,,,,,,,97.046616,
2026-04-22 18:02:00+00:00,presentValue,analogValue_315,analogValue,,,,,,,,,,,,,102.70434,
2026-04-22 18:03:00+00:00,presentValue,analogValue_315,analogValue,,,,,,,,,,,,,99.61846,
2026-04-22 18:04:00+00:00,presentValue,analogValue_315,analogValue,,,,,,,,,,,,,97.97373,
2026-04-22 18:05:00+00:00,presentValue,analogValue_315,analogValue,,,,,,,,,,,,,97.68225,
2026-04-22 18:06:00+00:00,presentValue,analogValue_315,analogValue,,,,,,,,,,,,,97.68431,
2026-04-22 18:07:00+00:00,presentValue,analogValue_315,analogValue,,,,,,,,,,,,,97.6369,
2026-04-22 18:08:00+00:00,presentValue,analogValue_315,analogValue,,,,,,,,,,,,,97.87878,
2026-04-22 18:09:00+00:00,presentValue,analogValue_315,analogValue,,,,,,,,,,,,,97.770195,
2026-04-22 18:10:00+00:00,presentValue,analogValue_315,analogValue,,,,,,,,,,,,,97.65489,
2026-04-22 18:11:00+00:00,presentValue,analogValue_315,analogValue,,,,,,,,,,,,,97.46482,
2026-04-22 18:12:00+00:00,presentValue,analogValue_315,analogValue,,,,,,,,,,,,,97.46387,
2026-04-22 18:13:00+00:00,presentValue,analogValue_315,analogValue,,,,,,,,,,,,,97.191605,
2026-04-22 18:14:00+00:00,presentValue,analogValue_315,analogValue,,,,,,,,,,,,,97.24993,
2026-04-22 18:15:00+00:00,presentValue,analogValue_315,analogValue,,,,,,,,,,,,,96.9011,
2026-04-22 18:16:00+00:00,presentValue,analogValue_315,analogValue,,,,,,,,,,,,,97.09866,
2026-04-22 18:17:00+00:00,presentValue,analogValue_315,analogValue,,,,,,,,,,,,,97.25308,
2026-04-22 18:18:00+00:00,presentValue,analogValue_315,analogValue,,,,,,,,,,,,,97.096466,
2026-04-22 18:19:00+00:00,presentValue,analogValue_315,analogValue,,,,,,,,,,,,,97.381386,
2026-04-22 18:20:00+00:00,presentValue,analogValue_315,analogValue,,,,,,,,,,,,,97.44734,
2026-04-22 18:21:00+00:00,presentValue,analogValue_315,analogValue,,,,,,,,,,,,,96.91029,
2026-04-22 18:22:00+00:00,presentValue,analogValue_315,analogValue,,,,,,,,,,,,,97.03155,
2026-04-22 18:23:00+00:00,presentValue,analogValue_315,analogValue,,,,,,,,,,,,,96.86785,
2026-04-22 18:24:00+00:00,presentValue,analogValue_315,analogValue,,,,,,,,,,,,,96.920525,
2026-04-22 18:25:00+00:00,presentValue,analogValue_315,analogValue,,,,,,,,,,,,,97.23855,
2026-04-22 18:26:00+00:00,presentValue,analogValue_315,analogValue,,,,,,,,,,,,,96.5647,
2026-04-22 18:27:00+00:00,presentValue,analogValue_315,analogValue,,,,,,,,,,,,,97.07276,
2026-04-22 18:28:00+00:00,presentValue,analogValue_315,analogValue,,,,,,,,,,,,,96.853745,
2026-04-22 18:29:00+00:00,presentValue,analogValue_315,analogValue,,,,,,,,,,,,,97.08294,
2026-04-22 18:30:00+00:00,presentValue,analogValue_315,analogValue,,,,,,,,,,,,,96.94548,
2026-04-22 18:31:00+00:00,presentValue,analogValue_315,analogValue,,,,,,,,,,,,,97.28174,
2026-04-22 18:32:00+00:00,presentValue,analogValue_315,analogValue,,,,,,,,,,,,,97.00637,
2026-04-22 18:33:00+00:00,presentValue,analogValue_315,analogValue,,,,,,,,,,,,,97.113174,
2026-04-22 18:34:00+00:00,presentValue,analogValue_315,analogValue,,,,,,,,,,,,,96.97178,
2026-04-22 18:35:00+00:00,presentValue,analogValue_315,analogValue,,,,,,,,,,,,,97.377594,
2026-04-22 18:36:00+00:00,presentValue,analogValue_315,analogValue,,,,,,,,,,,,,98.31409,
2026-04-22 18:37:00+00:00,presentValue,analogValue_315,analogValue,,,,,,,,,,,,,99.67531,
2026-04-22 18:38:00+00:00,presentValue,analogValue_315,analogValue,,,,,,,,,,,,,96.46313,
2026-04-22 18:39:00+00:00,presentValue,analogValue_315,analogValue,,,,,,,,,,,,,97.339035,
2026-04-22 18:40:00+00:00,presentValue,analogValue_315,analogValue,,,,,,,,,,,,,97.15493,
2026-04-22 18:41:00+00:00,presentValue,analogValue_315,analogValue,,,,,,,,,,,,,97.31629,
2026-04-22 18:42:00+00:00,presentValue,analogValue_315,analogValue,,,,,,,,,,,,,97.02823,
2026-04-22 18:43:00+00:00,presentValue,analogValue_315,analogValue,,,,,,,,,,,,,97.01535,
2026-04-22 18:44:00+00:00,presentValue,analogValue_315,analogValue,,,,,,,,,,,,,97.19571,
2026-04-22 18:45:00+00:00,presentValue,analogValue_315,analogValue,,,,,,,,,,,,,97.43975,
2026-04-22 18:46:00+00:00,presentValue,analogValue_315,analogValue,,,,,,,,,,,,,97.033455,
2026-04-22 18:47:00+00:00,presentValue,analogValue_315,analogValue,,,,,,,,,,,,,97.14921,
2026-04-22 18:48:00+00:00,presentValue,analogValue_315,analogValue,,,,,,,,,,,,,97.08038,
2026-04-22 18:49:00+00:00,presentValue,analogValue_315,analogValue,,,,,,,,,,,,,97.079285,
2026-04-22 18:50:00+00:00,presentValue,analogValue_315,analogValue,,,,,,,,,,,,,96.9034,
2026-04-22 18:51:00+00:00,presentValue,analogValue_315,analogValue,,,,,,,,,,,,,97.005585,
2026-04-22 18:52:00+00:00,presentValue,analogValue_315,analogValue,,,,,,,,,,,,,96.765396,
2026-04-22 18:53:00+00:00,presentValue,analogValue_315,analogValue,,,,,,,,,,,,,97.071396,
2026-04-22 18:54:00+00:00,presentValue,analogValue_315,analogValue,,,,,,,,,,,,,97.11189,
2026-04-22 18:55:00+00:00,presentValue,analogValue_315,analogValue,,,,,,,,,,,,,99.03958,
2026-04-22 18:56:00+00:00,presentValue,analogValue_315,analogValue,,,,,,,,,,,,,99.03518,
2026-04-22 18:57:00+00:00,presentValue,analogValue_315,analogValue,,,,,,,,,,,,,97.84633,
2026-04-22 18:58:00+00:00,presentValue,analogValue_315,analogValue,,,,,,,,,,,,,97.18559,
2026-04-22 18:59:00+00:00,presentValue,analogValue_315,analogValue,,,,,,,,,,,,,97.26665,
2026-04-22 19:00:00+00:00,presentValue,analogValue_315,analogValue,,,,,,,,,,,,,97.0087,
2026-04-22 19:01:00+00:00,presentValue,analogValue_315,analogValue,,,,,,,,,,,,,97.247284,
2026-04-22 19:02:00+00:00,presentValue,analogValue_315,analogValue,,,,,,,,,,,,,97.25093,
2026-04-22 19:03:00+00:00,presentValue,analogValue_315,analogValue,,,,,,,,,,,,,97.15493,
2026-04-22 19:04:00+00:00,presentValue,analogValue_315,analogValue,,,,,,,,,,,,,97.02757,
2026-04-22 19:05:00+00:00,presentValue,analogValue_315,analogValue,,,,,,,,,,,,,97.09791,
2026-04-22 19:06:00+00:00,presentValue,analogValue_315,analogValue,,,,,,,,,,,,,96.68379,
2026-04-22 19:07:00+00:00,presentValue,analogValue_315,analogValue,,,,,,,,,,,,,97.03538,
2026-04-22 19:08:00+00:00,presentValue,analogValue_315,analogValue,,,,,,,,,,,,,96.87356,
2026-04-22 19:09:00+00:00,presentValue,analogValue_315,analogValue,,,,,,,,,,,,,96.956894,
2026-04-22 19:10:00+00:00,presentValue,analogValue_315,analogValue,,,,,,,,,,,,,97.21188,
2026-04-22 19:11:00+00:00,presentValue,analogValue_315,analogValue,,,,,,,,,,,,,96.75699,
2026-04-22 19:12:00+00:00,presentValue,analogValue_315,analogValue,,,,,,,,,,,,,97.036316,
2026-04-22 19:13:00+00:00,presentValue,analogValue_315,analogValue,,,,,,,,,,,,,96.91212,
2026-04-22 19:14:00+00:00,presentValue,analogValue_315,analogValue,,,,,,,,,,,,,97.0216,
2026-04-22 19:15:00+00:00,presentValue,analogValue_315,analogValue,,,,,,,,,,,,,97.10887,
2026-04-22 19:16:00+00:00,presentValue,analogValue_315,analogValue,,,,,,,,,,,,,96.73809,
2026-04-22 19:17:00+00:00,presentValue,analogValue_315,analogValue,,,,,,,,,,,,,96.89595,
2026-04-22 19:18:00+00:00,presentValue,analogValue_315,analogValue,,,,,,,,,,,,,98.02632,
2026-04-22 19:19:00+00:00,presentValue,analogValue_315,analogValue,,,,,,,,,,,,,99.32805,
2026-04-22 19:20:00+00:00,presentValue,analogValue_315,analogValue,,,,,,,,,,,,,99.72525,
2026-04-22 19:21:00+00:00,presentValue,analogValue_315,analogValue,,,,,,,,,,,,,100.635704,
2026-04-22 19:22:00+00:00,presentValue,analogValue_315,analogValue,,,,,,,,,,,,,97.75246,
2026-04-22 19:23:00+00:00,presentValue,analogValue_315,analogValue,,,,,,,,,,,,,98.67027,
2026-04-22 19:24:00+00:00,presentValue,analogValue_315,analogValue,,,,,,,,,,,,,97.72877,
2026-04-22 19:25:00+00:00,presentValue,analogValue_315,analogValue,,,,,,,,,,,,,97.89586,
2026-04-22 19:26:00+00:00,presentValue,analogValue_315,analogValue,,,,,,,,,,,,,97.7224,
2026-04-22 19:27:00+00:00,presentValue,analogValue_315,analogValue,,,,,,,,,,,,,97.691925,
2026-04-22 19:28:00+00:00,presentValue,analogValue_315,analogValue,,,,,,,,,,,,,97.571465,
2026-04-22 19:29:00+00:00,presentValue,analogValue_315,analogValue,,,,,,,,,,,,,97.83091,
2026-04-22 19:30:00+00:00,presentValue,analogValue_315,analogValue,,,,,,,,,,,,,97.8304,
2026-04-22 19:31:00+00:00,presentValue,analogValue_315,analogValue,,,,,,,,,,,,,97.909615,
2026-04-22 19:32:00+00:00,presentValue,analogValue_315,analogValue,,,,,,,,,,,,,97.39586,
2026-04-22 19:33:00+00:00,presentValue,analogValue_315,analogValue,,,,,,,,,,,,,97.66319,
2026-04-22 19:34:00+00:00,presentValue,analogValue_315,analogValue,,,,,,,,,,,,,97.629814,
2026-04-22 19:35:00+00:00,presentValue,analogValue_315,analogValue,,,,,,,,,,,,,97.503395,
2026-04-22 19:36:00+00:00,presentValue,analogValue_315,analogValue,,,,,,,,,,,,,97.82267,
2026-04-22 19:37:00+00:00,presentValue,analogValue_315,analogValue,,,,,,,,,,,,,98.054756,
2026-04-22 19:38:00+00:00,presentValue,analogValue_315,analogValue,,,,,,,,,,,,,97.57093,
2026-04-22 19:39:00+00:00,presentValue,analogValue_315,analogValue,,,,,,,,,,,,,97.53683,
2026-04-22 19:40:00+00:00,presentValue,analogValue_315,analogValue,,,,,,,,,,,,,97.53345,
2026-04-22 19:41:00+00:00,presentValue,analogValue_315,analogValue,,,,,,,,,,,,,97.763466,
2026-04-22 19:42:00+00:00,presentValue,analogValue_315,analogValue,,,,,,,,,,,,,97.670906,
2026-04-22 19:43:00+00:00,presentValue,analogValue_315,analogValue,,,,,,,,,,,,,97.901695,
2026-04-22 19:44:00+00:00,presentValue,analogValue_315,analogValue,,,,,,,,,,,,,97.75283,
2026-04-22 19:45:00+00:00,presentValue,analogValue_315,analogValue,,,,,,,,,,,,,97.53532,
2026-04-22 19:46:00+00:00,presentValue,analogValue_315,analogValue,,,,,,,,,,,,,97.88112,
2026-04-22 19:47:00+00:00,presentValue,analogValue_315,analogValue,,,,,,,,,,,,,97.64971,
2026-04-22 19:48:00+00:00,presentValue,analogValue_315,analogValue,,,,,,,,,,,,,97.305214,
2026-04-22 19:49:00+00:00,presentValue,analogValue_315,analogValue,,,,,,,,,,,,,97.72698,
2026-04-22 19:50:00+00:00,presentValue,analogValue_315,analogValue,,,,,,,,,,,,,97.7047,
2026-04-22 19:51:00+00:00,presentValue,analogValue_315,analogValue,,,,,,,,,,,,,97.50398,
2026-04-22 19:52:00+00:00,presentValue,analogValue_315,analogValue,,,,,,,,,,,,,97.80537,
2026-04-22 19:53:00+00:00,presentValue,analogValue_315,analogValue,,,,,,,,,,,,,97.87426,
2026-04-22 19:54:00+00:00,presentValue,analogValue_315,analogValue,,,,,,,,,,,,,97.41463,
2026-04-22 19:55:00+00:00,presentValue,analogValue_315,analogValue,,,,,,,,,,,,,97.45773,
2026-04-22 19:56:00+00:00,presentValue,analogValue_315,analogValue,,,,,,,,,,,,,97.977745,
2026-04-22 19:57:00+00:00,presentValue,analogValue_315,analogValue,,,,,,,,,,,,,97.52967,
2026-04-22 19:58:00+00:00,presentValue,analogValue_315,analogValue,,,,,,,,,,,,,97.54947,
2026-04-22 19:59:00+00:00,presentValue,analogValue_315,analogValue,,,,,,,,,,,,,97.63682,
2026-04-22 20:00:00+00:00,presentValue,analogValue_315,analogValue,,,,,,,,,,,,,97.740715,
2026-04-22 20:01:00+00:00,presentValue,analogValue_315,analogValue,,,,,,,,,,,,,97.89402,
2026-04-22 20:02:00+00:00,presentValue,analogValue_315,analogValue,,,,,,,,,,,,,97.62183,
2026-04-22 20:03:00+00:00,presentValue,analogValue_315,analogValue,,,,,,,,,,,,,97.756805,
2026-04-22 20:04:00+00:00,presentValue,analogValue_315,analogValue,,,,,,,,,,,,,97.86574,
2026-04-22 20:05:00+00:00,presentValue,analogValue_315,analogValue,,,,,,,,,,,,,97.94492,
2026-04-22 20:06:00+00:00,presentValue,analogValue_315,analogValue,,,,,,,,,,,,,97.56764,
2026-04-22 20:07:00+00:00,presentValue,analogValue_315,analogValue,,,,,,,,,,,,,97.28361,
2026-04-22 20:08:00+00:00,presentValue,analogValue_315,analogValue,,,,,,,,,,,,,97.08621,
2026-04-22 20:09:00+00:00,presentValue,analogValue_315,analogValue,,,,,,,,,,,,,97.23787,
2026-04-22 20:10:00+00:00,presentValue,analogValue_315,analogValue,,,,,,,,,,,,,97.802765,
2026-04-22 20:11:00+00:00,presentValue,analogValue_315,analogValue,,,,,,,,,,,,,97.65159,
2026-04-22 20:12:00+00:00,presentValue,analogValue_315,analogValue,,,,,,,,,,,,,97.103165,
2026-04-22 20:13:00+00:00,presentValue,analogValue_315,analogValue,,,,,,,,,,,,,97.518105,
2026-04-22 20:14:00+00:00,presentValue,analogValue_315,analogValue,,,,,,,,,,,,,97.17264,
2026-04-22 20:15:00+00:00,presentValue,analogValue_315,analogValue,,,,,,,,,,,,,97.34151,
2026-04-22 20:16:00+00:00,presentValue,analogValue_315,analogValue,,,,,,,,,,,,,97.41784,
2026-04-22 20:17:00+00:00,presentValue,analogValue_315,analogValue,,,,,,,,,,,,,97.34616,
2026-04-22 20:18:00+00:00,presentValue,analogValue_315,analogValue,,,,,,,,,,,,,97.68996,
2026-04-22 20:19:00+00:00,presentValue,analogValue_315,analogValue,,,,,,,,,,,,,98.81988,
2026-04-22 20:20:00+00:00,presentValue,analogValue_315,analogValue,,,,,,,,,,,,,98.30342,
2026-04-22 20:21:00+00:00,presentValue,analogValue_315,analogValue,,,,,,,,,,,,,99.044624,
2026-04-22 20:22:00+00:00,presentValue,analogValue_315,analogValue,,,,,,,,,,,,,99.957634,
2026-04-22 20:23:00+00:00,presentValue,analogValue_315,analogValue,,,,,,,,,,,,,97.77352,
2026-04-22 20:24:00+00:00,presentValue,analogValue_315,analogValue,,,,,,,,,,,,,99.08536,
2026-04-22 20:25:00+00:00,presentValue,analogValue_315,analogValue,,,,,,,,,,,,,98.328156,
2026-04-22 20:26:00+00:00,presentValue,analogValue_315,analogValue,,,,,,,,,,,,,97.92479,
2026-04-22 20:27:00+00:00,presentValue,analogValue_315,analogValue,,,,,,,,,,,,,97.54776,
2026-04-22 20:28:00+00:00,presentValue,analogValue_315,analogValue,,,,,,,,,,,,,97.32176,
2026-04-22 20:29:00+00:00,presentValue,analogValue_315,analogValue,,,,,,,,,,,,,97.48265,
2026-04-22 20:30:00+00:00,presentValue,analogValue_315,analogValue,,,,,,,,,,,,,97.38138,
2026-04-22 20:31:00+00:00,presentValue,analogValue_315,analogValue,,,,,,,,,,,,,97.305824,
2026-04-22 20:32:00+00:00,presentValue,analogValue_315,analogValue,,,,,,,,,,,,,97.5902,
2026-04-22 20:33:00+00:00,presentValue,analogValue_315,analogValue,,,,,,,,,,,,,97.37679,
2026-04-22 20:34:00+00:00,presentValue,analogValue_315,analogValue,,,,,,,,,,,,,97.291824,
2026-04-22 20:35:00+00:00,presentValue,analogValue_315,analogValue,,,,,,,,,,,,,97.47359,
2026-04-22 20:36:00+00:00,presentValue,analogValue_315,analogValue,,,,,,,,,,,,,97.18146,
2026-04-22 20:37:00+00:00,presentValue,analogValue_315,analogValue,,,,,,,,,,,,,97.508804,
2026-04-22 20:38:00+00:00,presentValue,analogValue_315,analogValue,,,,,,,,,,,,,97.14921,
2026-04-22 20:39:00+00:00,presentValue,analogValue_315,analogValue,,,,,,,,,,,,,96.98313,
2026-04-22 20:40:00+00:00,presentValue,analogValue_315,analogValue,,,,,,,,,,,,,97.436935,
2026-04-22 20:41:00+00:00,presentValue,analogValue_315,analogValue,,,,,,,,,,,,,97.22496,
2026-04-22 20:42:00+00:00,presentValue,analogValue_315,analogValue,,,,,,,,,,,,,97.04504,
2026-04-22 20:43:00+00:00,presentValue,analogValue_315,analogValue,,,,,,,,,,,,,97.207504,
2026-04-22 20:44:00+00:00,presentValue,analogValue_315,analogValue,,,,,,,,,,,,,96.489105,
2026-04-22 20:45:00+00:00,presentValue,analogValue_315,analogValue,,,,,,,,,,,,,96.7266,
2026-04-22 20:46:00+00:00,presentValue,analogValue_315,analogValue,,,,,,,,,,,,,96.89972,
2026-04-22 20:47:00+00:00,presentValue,analogValue_315,analogValue,,,,,,,,,,,,,96.58426,
2026-04-22 20:48:00+00:00,presentValue,analogValue_315,analogValue,,,,,,,,,,,,,96.80316,
2026-04-22 20:49:00+00:00,presentValue,analogValue_315,analogValue,,,,,,,,,,,,,96.09953,
2026-04-22 20:50:00+00:00,presentValue,analogValue_315,analogValue,,,,,,,,,,,,,96.31084,
2026-04-22 20:51:00+00:00,presentValue,analogValue_315,analogValue,,,,,,,,,,,,,96.20089,
2026-04-22 20:52:00+00:00,presentValue,analogValue_315,analogValue,,,,,,,,,,,,,96.30677,
2026-04-22 20:53:00+00:00,presentValue,analogValue_315,analogValue,,,,,,,,,,,,,96.35271,
2026-04-22 20:54:00+00:00,presentValue,analogValue_315,analogValue,,,,,,,,,,,,,95.55555,
2026-04-22 20:55:00+00:00,presentValue,analogValue_315,analogValue,,,,,,,,,,,,,96.347595,
2026-04-22 20:56:00+00:00,presentValue,analogValue_315,analogValue,,,,,,,,,,,,,95.20713,
2026-04-22 20:57:00+00:00,presentValue,analogValue_315,analogValue,,,,,,,,,,,,,96.03394,
2026-04-22 20:58:00+00:00,presentValue,analogValue_315,analogValue,,,,,,,,,,,,,95.81854,
2026-04-22 20:59:00+00:00,presentValue,analogValue_315,analogValue,,,,,,,,,,,,,95.07119,
2026-04-22 21:00:00+00:00,presentValue,analogValue_315,analogValue,,,,,,,,,,,,,94.70483,
2026-04-22 21:01:00+00:00,presentValue,analogValue_315,analogValue,,,,,,,,,,,,,94.72606,
2026-04-22 21:02:00+00:00,presentValue,analogValue_315,analogValue,,,,,,,,,,,,,94.02081,
2026-04-22 21:03:00+00:00,presentValue,analogValue_315,analogValue,,,,,,,,,,,,,95.10181,
2026-04-22 21:04:00+00:00,presentValue,analogValue_315,analogValue,,,,,,,,,,,,,94.15238,
2026-04-22 21:05:00+00:00,presentValue,analogValue_315,analogValue,,,,,,,,,,,,,94.24261,
2026-04-22 21:06:00+00:00,presentValue,analogValue_315,analogValue,,,,,,,,,,,,,93.16896,
2026-04-22 21:07:00+00:00,presentValue,analogValue_315,analogValue,,,,,,,,,,,,,93.25266,
2026-04-22 21:08:00+00:00,presentValue,analogValue_315,analogValue,,,,,,,,,,,,,93.99627,
2026-04-22 21:09:00+00:00,presentValue,analogValue_315,analogValue,,,,,,,,,,,,,93.11457,
2026-04-22 21:10:00+00:00,presentValue,analogValue_315,analogValue,,,,,,,,,,,,,93.85252,
2026-04-22 21:11:00+00:00,presentValue,analogValue_315,analogValue,,,,,,,,,,,,,93.385315,
2026-04-22 21:12:00+00:00,presentValue,analogValue_315,analogValue,,,,,,,,,,,,,92.736176,
2026-04-22 21:13:00+00:00,presentValue,analogValue_315,analogValue,,,,,,,,,,,,,91.86124,
2026-04-22 21:14:00+00:00,presentValue,analogValue_315,analogValue,,,,,,,,,,,,,91.36061,
2026-04-22 21:15:00+00:00,presentValue,analogValue_315,analogValue,,,,,,,,,,,,,89.288864,
2026-04-22 21:16:00+00:00,presentValue,analogValue_315,analogValue,,,,,,,,,,,,,88.263084,
2026-04-22 21:17:00+00:00,presentValue,analogValue_315,analogValue,,,,,,,,,,,,,91.944786,
2026-04-22 21:18:00+00:00,presentValue,analogValue_315,analogValue,,,,,,,,,,,,,91.05431,
2026-04-22 21:19:00+00:00,presentValue,analogValue_315,analogValue,,,,,,,,,,,,,93.484535,
2026-04-22 21:20:00+00:00,presentValue,analogValue_315,analogValue,,,,,,,,,,,,,89.75405,
2026-04-22 21:21:00+00:00,presentValue,analogValue_315,analogValue,,,,,,,,,,,,,89.738014,
2026-04-22 21:22:00+00:00,presentValue,analogValue_315,analogValue,,,,,,,,,,,,,90.262215,
2026-04-22 21:23:00+00:00,presentValue,analogValue_315,analogValue,,,,,,,,,,,,,89.95121,
2026-04-22 21:24:00+00:00,presentValue,analogValue_315,analogValue,,,,,,,,,,,,,87.85815,
2026-04-22 21:25:00+00:00,presentValue,analogValue_315,analogValue,,,,,,,,,,,,,84.26604,
2026-04-22 21:26:00+00:00,presentValue,analogValue_315,analogValue,,,,,,,,,,,,,91.285355,
2026-04-22 21:27:00+00:00,presentValue,analogValue_315,analogValue,,,,,,,,,,,,,87.39484,
2026-04-22 21:28:00+00:00,presentValue,analogValue_315,analogValue,,,,,,,,,,,,,0.0,
2026-04-22 21:29:00+00:00,presentValue,analogValue_315,analogValue,,,,,,,,,,,,,0.0,
2026-04-22 21:30:00+00:00,presentValue,analogValue_315,analogValue,,,,,,,,,,,,,0.0,
2026-04-22 21:31:00+00:00,presentValue,analogValue_315,analogValue,,,,,,,,,,,,,0.0,
2026-04-22 21:32:00+00:00,presentValue,analogValue_315,analogValue,,,,,,,,,,,,,0.0,
2026-04-22 21:33:00+00:00,presentValue,analogValue_315,analogValue,,,,,,,,,,,,,0.0,
2026-04-22 21:34:00+00:00,presentValue,analogValue_315,analogValue,,,,,,,,,,,,,0.0,
2026-04-22 21:35:00+00:00,presentValue,analogValue_315,analogValue,,,,,,,,,,,,,0.0,
2026-04-22 21:36:00+00:00,presentValue,analogValue_315,analogValue,,,,,,,,,,,,,0.0,
2026-04-22 21:37:00+00:00,presentValue,analogValue_315,analogValue,,,,,,,,,,,,,0.0,
2026-04-22 21:38:00+00:00,presentValue,analogValue_315,analogValue,,,,,,,,,,,,,0.0,
2026-04-22 21:39:00+00:00,presentValue,analogValue_315,analogValue,,,,,,,,,,,,,0.0,
2026-04-22 21:40:00+00:00,presentValue,analogValue_315,analogValue,,,,,,,,,,,,,0.0,
2026-04-22 21:41:00+00:00,presentValue,analogValue_315,analogValue,,,,,,,,,,,,,0.0,
2026-04-22 21:42:00+00:00,presentValue,analogValue_315,analogValue,,,,,,,,,,,,,0.0,
2026-04-22 21:43:00+00:00,presentValue,analogValue_315,analogValue,,,,,,,,,,,,,0.0,
2026-04-22 21:44:00+00:00,presentValue,analogValue_315,analogValue,,,,,,,,,,,,,0.0,
2026-04-22 21:45:00+00:00,presentValue,analogValue_315,analogValue,,,,,,,,,,,,,0.0,
2026-04-22 21:46:00+00:00,presentValue,analogValue_315,analogValue,,,,,,,,,,,,,0.0,
2026-04-22 21:47:00+00:00,presentValue,analogValue_315,analogValue,,,,,,,,,,,,,0.0,
2026-04-22 21:48:00+00:00,presentValue,analogValue_315,analogValue,,,,,,,,,,,,,0.0,
2026-04-22 21:49:00+00:00,presentValue,analogValue_315,analogValue,,,,,,,,,,,,,0.0,
2026-04-22 21:50:00+00:00,presentValue,analogValue_315,analogValue,,,,,,,,,,,,,0.0,
2026-04-22 21:51:00+00:00,presentValue,analogValue_315,analogValue,,,,,,,,,,,,,0.0,
2026-04-22 21:52:00+00:00,presentValue,analogValue_315,analogValue,,,,,,,,,,,,,0.0,
2026-04-22 21:53:00+00:00,presentValue,analogValue_315,analogValue,,,,,,,,,,,,,0.0,
2026-04-22 21:54:00+00:00,presentValue,analogValue_315,analogValue,,,,,,,,,,,,,0.0,
2026-04-22 21:55:00+00:00,presentValue,analogValue_315,analogValue,,,,,,,,,,,,,0.0,
2026-04-22 21:56:00+00:00,presentValue,analogValue_315,analogValue,,,,,,,,,,,,,0.0,
2026-04-22 21:57:00+00:00,presentValue,analogValue_315,analogValue,,,,,,,,,,,,,0.0,
2026-04-22 21:58:00+00:00,presentValue,analogValue_315,analogValue,,,,,,,,,,,,,0.0,
2026-04-22 21:59:00+00:00,presentValue,analogValue_315,analogValue,,,,,,,,,,,,,0.0,
2026-04-22 22:00:00+00:00,presentValue,analogValue_315,analogValue,,,,,,,,,,,,,0.0,
2026-04-22 22:01:00+00:00,presentValue,analogValue_315,analogValue,,,,,,,,,,,,,0.0,
2026-04-22 22:02:00+00:00,presentValue,analogValue_315,analogValue,,,,,,,,,,,,,0.0,
2026-04-22 22:03:00+00:00,presentValue,analogValue_315,analogValue,,,,,,,,,,,,,0.0,
2026-04-22 22:04:00+00:00,presentValue,analogValue_315,analogValue,,,,,,,,,,,,,0.0,
2026-04-22 22:05:00+00:00,presentValue,analogValue_315,analogValue,,,,,,,,,,,,,0.0,
2026-04-22 22:06:00+00:00,presentValue,analogValue_315,analogValue,,,,,,,,,,,,,0.0,
2026-04-22 22:07:00+00:00,presentValue,analogValue_315,analogValue,,,,,,,,,,,,,0.0,
2026-04-22 22:08:00+00:00,presentValue,analogValue_315,analogValue,,,,,,,,,,,,,0.0,
2026-04-22 22:09:00+00:00,presentValue,analogValue_315,analogValue,,,,,,,,,,,,,0.0,
2026-04-22 22:10:00+00:00,presentValue,analogValue_315,analogValue,,,,,,,,,,,,,0.0,
2026-04-22 22:11:00+00:00,presentValue,analogValue_315,analogValue,,,,,,,,,,,,,0.0,
2026-04-22 22:12:00+00:00,presentValue,analogValue_315,analogValue,,,,,,,,,,,,,0.0,
2026-04-22 22:13:00+00:00,presentValue,analogValue_315,analogValue,,,,,,,,,,,,,0.0,
2026-04-22 22:14:00+00:00,presentValue,analogValue_315,analogValue,,,,,,,,,,,,,0.0,
2026-04-22 22:15:00+00:00,presentValue,analogValue_315,analogValue,,,,,,,,,,,,,0.0,
2026-04-22 22:16:00+00:00,presentValue,analogValue_315,analogValue,,,,,,,,,,,,,0.0,
2026-04-22 22:17:00+00:00,presentValue,analogValue_315,analogValue,,,,,,,,,,,,,0.0,
2026-04-22 22:18:00+00:00,presentValue,analogValue_315,analogValue,,,,,,,,,,,,,0.0,
2026-04-22 22:19:00+00:00,presentValue,analogValue_315,analogValue,,,,,,,,,,,,,0.0,
2026-04-22 22:20:00+00:00,presentValue,analogValue_315,analogValue,,,,,,,,,,,,,0.0,
2026-04-22 22:21:00+00:00,presentValue,analogValue_315,analogValue,,,,,,,,,,,,,0.0,
2026-04-22 22:22:00+00:00,presentValue,analogValue_315,analogValue,,,,,,,,,,,,,0.0,
2026-04-22 22:23:00+00:00,presentValue,analogValue_315,analogValue,,,,,,,,,,,,,0.0,
2026-04-22 22:24:00+00:00,presentValue,analogValue_315,analogValue,,,,,,,,,,,,,0.0,
2026-04-22 22:25:00+00:00,presentValue,analogValue_315,analogValue,,,,,,,,,,,,,0.0,
2026-04-22 22:26:00+00:00,presentValue,analogValue_315,analogValue,,,,,,,,,,,,,0.0,
2026-04-22 22:27:00+00:00,presentValue,analogValue_315,analogValue,,,,,,,,,,,,,0.0,
2026-04-22 22:28:00+00:00,presentValue,analogValue_315,analogValue,,,,,,,,,,,,,0.0,
2026-04-22 22:29:00+00:00,presentValue,analogValue_315,analogValue,,,,,,,,,,,,,0.0,
2026-04-22 22:30:00+00:00,presentValue,analogValue_315,analogValue,,,,,,,,,,,,,0.0,
2026-04-22 22:31:00+00:00,presentValue,analogValue_315,analogValue,,,,,,,,,,,,,0.0,
2026-04-22 22:32:00+00:00,presentValue,analogValue_315,analogValue,,,,,,,,,,,,,0.0,
2026-04-22 22:33:00+00:00,presentValue,analogValue_315,analogValue,,,,,,,,,,,,,0.0,
2026-04-22 22:34:00+00:00,presentValue,analogValue_315,analogValue,,,,,,,,,,,,,0.0,
2026-04-22 22:35:00+00:00,presentValue,analogValue_315,analogValue,,,,,,,,,,,,,0.0,
2026-04-22 22:36:00+00:00,presentValue,analogValue_315,analogValue,,,,,,,,,,,,,0.0,
2026-04-22 22:37:00+00:00,presentValue,analogValue_315,analogValue,,,,,,,,,,,,,0.0,
2026-04-22 22:38:00+00:00,presentValue,analogValue_315,analogValue,,,,,,,,,,,,,0.0,
2026-04-22 22:39:00+00:00,presentValue,analogValue_315,analogValue,,,,,,,,,,,,,0.0,
2026-04-22 22:40:00+00:00,presentValue,analogValue_315,analogValue,,,,,,,,,,,,,0.0,
2026-04-22 22:41:00+00:00,presentValue,analogValue_315,analogValue,,,,,,,,,,,,,0.0,
2026-04-22 22:42:00+00:00,presentValue,analogValue_315,analogValue,,,,,,,,,,,,,0.0,
2026-04-22 22:43:00+00:00,presentValue,analogValue_315,analogValue,,,,,,,,,,,,,0.0,
2026-04-22 22:44:00+00:00,presentValue,analogValue_315,analogValue,,,,,,,,,,,,,0.0,
2026-04-22 22:45:00+00:00,presentValue,analogValue_315,analogValue,,,,,,,,,,,,,0.0,
2026-04-22 22:46:00+00:00,presentValue,analogValue_315,analogValue,,,,,,,,,,,,,0.0,
2026-04-22 22:47:00+00:00,presentValue,analogValue_315,analogValue,,,,,,,,,,,,,0.0,
2026-04-22 22:48:00+00:00,presentValue,analogValue_315,analogValue,,,,,,,,,,,,,0.0,
2026-04-22 22:49:00+00:00,presentValue,analogValue_315,analogValue,,,,,,,,,,,,,0.0,
2026-04-22 22:50:00+00:00,presentValue,analogValue_315,analogValue,,,,,,,,,,,,,0.0,
2026-04-22 22:51:00+00:00,presentValue,analogValue_315,analogValue,,,,,,,,,,,,,0.0,
2026-04-22 22:52:00+00:00,presentValue,analogValue_315,analogValue,,,,,,,,,,,,,0.0,
2026-04-22 22:53:00+00:00,presentValue,analogValue_315,analogValue,,,,,,,,,,,,,0.0,
2026-04-22 22:54:00+00:00,presentValue,analogValue_315,analogValue,,,,,,,,,,,,,0.0,
2026-04-22 22:55:00+00:00,presentValue,analogValue_315,analogValue,,,,,,,,,,,,,0.0,
2026-04-22 22:56:00+00:00,presentValue,analogValue_315,analogValue,,,,,,,,,,,,,0.0,
2026-04-22 22:57:00+00:00,presentValue,analogValue_315,analogValue,,,,,,,,,,,,,0.0,
2026-04-22 22:58:00+00:00,presentValue,analogValue_315,analogValue,,,,,,,,,,,,,0.0,
2026-04-22 22:59:00+00:00,presentValue,analogValue_315,analogValue,,,,,,,,,,,,,0.0,
2026-04-22 23:00:00+00:00,presentValue,analogValue_315,analogValue,,,,,,,,,,,,,0.0,
2026-04-22 11:01:00+00:00,presentValue,analogValue_33,analogValue,,,,,,,,,,,,,,8.503933
2026-04-22 11:02:00+00:00,presentValue,analogValue_33,analogValue,,,,,,,,,,,,,,8.503933
2026-04-22 11:03:00+00:00,presentValue,analogValue_33,analogValue,,,,,,,,,,,,,,8.495695
2026-04-22 11:04:00+00:00,presentValue,analogValue_33,analogValue,,,,,,,,,,,,,,8.48209
2026-04-22 11:05:00+00:00,presentValue,analogValue_33,analogValue,,,,,,,,,,,,,,8.468422
2026-04-22 11:06:00+00:00,presentValue,analogValue_33,analogValue,,,,,,,,,,,,,,8.460216
2026-04-22 11:07:00+00:00,presentValue,analogValue_33,analogValue,,,,,,,,,,,,,,8.460216
2026-04-22 11:08:00+00:00,presentValue,analogValue_33,analogValue,,,,,,,,,,,,,,8.447984
2026-04-22 11:09:00+00:00,presentValue,analogValue_33,analogValue,,,,,,,,,,,,,,8.438406
2026-04-22 11:10:00+00:00,presentValue,analogValue_33,analogValue,,,,,,,,,,,,,,8.426143
2026-04-22 11:11:00+00:00,presentValue,analogValue_33,analogValue,,,,,,,,,,,,,,8.4165945
2026-04-22 11:12:00+00:00,presentValue,analogValue_33,analogValue,,,,,,,,,,,,,,8.4165945
2026-04-22 11:13:00+00:00,presentValue,analogValue_33,analogValue,,,,,,,,,,,,,,8.411134
2026-04-22 11:14:00+00:00,presentValue,analogValue_33,analogValue,,,,,,,,,,,,,,8.394752
2026-04-22 11:15:00+00:00,presentValue,analogValue_33,analogValue,,,,,,,,,,,,,,8.394752
2026-04-22 11:16:00+00:00,presentValue,analogValue_33,analogValue,,,,,,,,,,,,,,8.372909
2026-04-22 11:17:00+00:00,presentValue,analogValue_33,analogValue,,,,,,,,,,,,,,8.372909
2026-04-22 11:18:00+00:00,presentValue,analogValue_33,analogValue,,,,,,,,,,,,,,8.372909
2026-04-22 11:19:00+00:00,presentValue,analogValue_33,analogValue,,,,,,,,,,,,,,8.351098
2026-04-22 11:20:00+00:00,presentValue,analogValue_33,analogValue,,,,,,,,,,,,,,8.351098
2026-04-22 11:21:00+00:00,presentValue,analogValue_33,analogValue,,,,,,,,,,,,,,8.337431
2026-04-22 11:22:00+00:00,presentValue,analogValue_33,analogValue,,,,,,,,,,,,,,8.329255
2026-04-22 11:23:00+00:00,presentValue,analogValue_33,analogValue,,,,,,,,,,,,,,8.329255
2026-04-22 11:24:00+00:00,presentValue,analogValue_33,analogValue,,,,,,,,,,,,,,8.329255
2026-04-22 11:25:00+00:00,presentValue,analogValue_33,analogValue,,,,,,,,,,,,,,8.318366
2026-04-22 11:26:00+00:00,presentValue,analogValue_33,analogValue,,,,,,,,,,,,,,8.307413
2026-04-22 11:27:00+00:00,presentValue,analogValue_33,analogValue,,,,,,,,,,,,,,8.301984
2026-04-22 11:28:00+00:00,presentValue,analogValue_33,analogValue,,,,,,,,,,,,,,8.285602
2026-04-22 11:29:00+00:00,presentValue,analogValue_33,analogValue,,,,,,,,,,,,,,8.285602
2026-04-22 11:30:00+00:00,presentValue,analogValue_33,analogValue,,,,,,,,,,,,,,8.285602
2026-04-22 11:31:00+00:00,presentValue,analogValue_33,analogValue,,,,,,,,,,,,,,8.285602
2026-04-22 11:32:00+00:00,presentValue,analogValue_33,analogValue,,,,,,,,,,,,,,8.26379
2026-04-22 11:33:00+00:00,presentValue,analogValue_33,analogValue,,,,,,,,,,,,,,8.26379
2026-04-22 11:34:00+00:00,presentValue,analogValue_33,analogValue,,,,,,,,,,,,,,8.26379
2026-04-22 11:35:00+00:00,presentValue,analogValue_33,analogValue,,,,,,,,,,,,,,8.24872
2026-04-22 11:36:00+00:00,presentValue,analogValue_33,analogValue,,,,,,,,,,,,,,8.241948
2026-04-22 11:37:00+00:00,presentValue,analogValue_33,analogValue,,,,,,,,,,,,,,8.241948
2026-04-22 11:38:00+00:00,presentValue,analogValue_33,analogValue,,,,,,,,,,,,,,8.241948
2026-04-22 11:39:00+00:00,presentValue,analogValue_33,analogValue,,,,,,,,,,,,,,8.231027
2026-04-22 11:40:00+00:00,presentValue,analogValue_33,analogValue,,,,,,,,,,,,,,8.220106
2026-04-22 11:41:00+00:00,presentValue,analogValue_33,analogValue,,,,,,,,,,,,,,8.220106
2026-04-22 11:42:00+00:00,presentValue,analogValue_33,analogValue,,,,,,,,,,,,,,8.202383
2026-04-22 11:43:00+00:00,presentValue,analogValue_33,analogValue,,,,,,,,,,,,,,8.198264
2026-04-22 11:44:00+00:00,presentValue,analogValue_33,analogValue,,,,,,,,,,,,,,8.198264
2026-04-22 11:45:00+00:00,presentValue,analogValue_33,analogValue,,,,,,,,,,,,,,8.198264
2026-04-22 11:46:00+00:00,presentValue,analogValue_33,analogValue,,,,,,,,,,,,,,8.196921
2026-04-22 11:47:00+00:00,presentValue,analogValue_33,analogValue,,,,,,,,,,,,,,8.176453
2026-04-22 11:48:00+00:00,presentValue,analogValue_33,analogValue,,,,,,,,,,,,,,8.176453
2026-04-22 11:49:00+00:00,presentValue,analogValue_33,analogValue,,,,,,,,,,,,,,8.170991
2026-04-22 11:50:00+00:00,presentValue,analogValue_33,analogValue,,,,,,,,,,,,,,8.16007
2026-04-22 11:51:00+00:00,presentValue,analogValue_33,analogValue,,,,,,,,,,,,,,8.15461
2026-04-22 11:52:00+00:00,presentValue,analogValue_33,analogValue,,,,,,,,,,,,,,8.15461
2026-04-22 11:53:00+00:00,presentValue,analogValue_33,analogValue,,,,,,,,,,,,,,8.15461
2026-04-22 11:54:00+00:00,presentValue,analogValue_33,analogValue,,,,,,,,,,,,,,8.153237
2026-04-22 11:55:00+00:00,presentValue,analogValue_33,analogValue,,,,,,,,,,,,,,8.132799
2026-04-22 11:56:00+00:00,presentValue,analogValue_33,analogValue,,,,,,,,,,,,,,8.132799
2026-04-22 11:57:00+00:00,presentValue,analogValue_33,analogValue,,,,,,,,,,,,,,8.132799
2026-04-22 11:58:00+00:00,presentValue,analogValue_33,analogValue,,,,,,,,,,,,,,8.127369
2026-04-22 11:59:00+00:00,presentValue,analogValue_33,analogValue,,,,,,,,,,,,,,8.110926
2026-04-22 12:00:00+00:00,presentValue,analogValue_33,analogValue,,,,,,,,,,,,,,8.110926
2026-04-22 12:01:00+00:00,presentValue,analogValue_33,analogValue,,,,,,,,,,,,,,8.110926
2026-04-22 12:02:00+00:00,presentValue,analogValue_33,analogValue,,,,,,,,,,,,,,8.110926
2026-04-22 12:03:00+00:00,presentValue,analogValue_33,analogValue,,,,,,,,,,,,,,8.110926
2026-04-22 12:04:00+00:00,presentValue,analogValue_33,analogValue,,,,,,,,,,,,,,8.110926
2026-04-22 12:05:00+00:00,presentValue,analogValue_33,analogValue,,,,,,,,,,,,,,8.105496
2026-04-22 12:06:00+00:00,presentValue,analogValue_33,analogValue,,,,,,,,,,,,,,8.093202
2026-04-22 12:07:00+00:00,presentValue,analogValue_33,analogValue,,,,,,,,,,,,,,8.089114
2026-04-22 12:08:00+00:00,presentValue,analogValue_33,analogValue,,,,,,,,,,,,,,8.089114
2026-04-22 12:09:00+00:00,presentValue,analogValue_33,analogValue,,,,,,,,,,,,,,8.089114
2026-04-22 12:10:00+00:00,presentValue,analogValue_33,analogValue,,,,,,,,,,,,,,8.087772
2026-04-22 12:11:00+00:00,presentValue,analogValue_33,analogValue,,,,,,,,,,,,,,8.067304
2026-04-22 12:12:00+00:00,presentValue,analogValue_33,analogValue,,,,,,,,,,,,,,8.067304
2026-04-22 12:13:00+00:00,presentValue,analogValue_33,analogValue,,,,,,,,,,,,,,8.067304
2026-04-22 12:14:00+00:00,presentValue,analogValue_33,analogValue,,,,,,,,,,,,,,8.067304
2026-04-22 12:15:00+00:00,presentValue,analogValue_33,analogValue,,,,,,,,,,,,,,8.067304
2026-04-22 12:16:00+00:00,presentValue,analogValue_33,analogValue,,,,,,,,,,,,,,8.067304
2026-04-22 12:17:00+00:00,presentValue,analogValue_33,analogValue,,,,,,,,,,,,,,8.067304
2026-04-22 12:18:00+00:00,presentValue,analogValue_33,analogValue,,,,,,,,,,,,,,8.067304
2026-04-22 12:19:00+00:00,presentValue,analogValue_33,analogValue,,,,,,,,,,,,,,8.067304
2026-04-22 12:20:00+00:00,presentValue,analogValue_33,analogValue,,,,,,,,,,,,,,8.064589
2026-04-22 12:21:00+00:00,presentValue,analogValue_33,analogValue,,,,,,,,,,,,,,8.061842
2026-04-22 12:22:00+00:00,presentValue,analogValue_33,analogValue,,,,,,,,,,,,,,8.048206
2026-04-22 12:23:00+00:00,presentValue,analogValue_33,analogValue,,,,,,,,,,,,,,8.04546
2026-04-22 12:24:00+00:00,presentValue,analogValue_33,analogValue,,,,,,,,,,,,,,8.056381
2026-04-22 12:25:00+00:00,presentValue,analogValue_33,analogValue,,,,,,,,,,,,,,8.04546
2026-04-22 12:26:00+00:00,presentValue,analogValue_33,analogValue,,,,,,,,,,,,,,8.04546
2026-04-22 12:27:00+00:00,presentValue,analogValue_33,analogValue,,,,,,,,,,,,,,8.04546
2026-04-22 12:28:00+00:00,presentValue,analogValue_33,analogValue,,,,,,,,,,,,,,8.04546
2026-04-22 12:29:00+00:00,presentValue,analogValue_33,analogValue,,,,,,,,,,,,,,8.04546
2026-04-22 12:30:00+00:00,presentValue,analogValue_33,analogValue,,,,,,,,,,,,,,8.04546
2026-04-22 12:31:00+00:00,presentValue,analogValue_33,analogValue,,,,,,,,,,,,,,8.04546
2026-04-22 12:32:00+00:00,presentValue,analogValue_33,analogValue,,,,,,,,,,,,,,8.04546
2026-04-22 12:33:00+00:00,presentValue,analogValue_33,analogValue,,,,,,,,,,,,,,8.04546
2026-04-22 12:34:00+00:00,presentValue,analogValue_33,analogValue,,,,,,,,,,,,,,8.0509205
2026-04-22 12:35:00+00:00,presentValue,analogValue_33,analogValue,,,,,,,,,,,,,,8.049548
2026-04-22 12:36:00+00:00,presentValue,analogValue_33,analogValue,,,,,,,,,,,,,,8.053636
2026-04-22 12:37:00+00:00,presentValue,analogValue_33,analogValue,,,,,,,,,,,,,,8.056381
2026-04-22 12:38:00+00:00,presentValue,analogValue_33,analogValue,,,,,,,,,,,,,,8.06593
2026-04-22 12:39:00+00:00,presentValue,analogValue_33,analogValue,,,,,,,,,,,,,,8.053636
2026-04-22 12:40:00+00:00,presentValue,analogValue_33,analogValue,,,,,,,,,,,,,,8.06593
2026-04-22 12:41:00+00:00,presentValue,analogValue_33,analogValue,,,,,,,,,,,,,,8.064589
2026-04-22 12:42:00+00:00,presentValue,analogValue_33,analogValue,,,,,,,,,,,,,,8.067304
2026-04-22 12:43:00+00:00,presentValue,analogValue_33,analogValue,,,,,,,,,,,,,,8.067304
2026-04-22 12:44:00+00:00,presentValue,analogValue_33,analogValue,,,,,,,,,,,,,,8.067304
2026-04-22 12:45:00+00:00,presentValue,analogValue_33,analogValue,,,,,,,,,,,,,,8.067304
2026-04-22 12:46:00+00:00,presentValue,analogValue_33,analogValue,,,,,,,,,,,,,,8.067304
2026-04-22 12:47:00+00:00,presentValue,analogValue_33,analogValue,,,,,,,,,,,,,,8.067304
2026-04-22 12:48:00+00:00,presentValue,analogValue_33,analogValue,,,,,,,,,,,,,,8.070017
2026-04-22 12:49:00+00:00,presentValue,analogValue_33,analogValue,,,,,,,,,,,,,,8.086369
2026-04-22 12:50:00+00:00,presentValue,analogValue_33,analogValue,,,,,,,,,,,,,,8.089114
2026-04-22 12:51:00+00:00,presentValue,analogValue_33,analogValue,,,,,,,,,,,,,,8.089114
2026-04-22 12:52:00+00:00,presentValue,analogValue_33,analogValue,,,,,,,,,,,,,,8.089114
2026-04-22 12:53:00+00:00,presentValue,analogValue_33,analogValue,,,,,,,,,,,,,,8.089114
2026-04-22 12:54:00+00:00,presentValue,analogValue_33,analogValue,,,,,,,,,,,,,,8.102781
2026-04-22 12:55:00+00:00,presentValue,analogValue_33,analogValue,,,,,,,,,,,,,,8.110926
2026-04-22 12:56:00+00:00,presentValue,analogValue_33,analogValue,,,,,,,,,,,,,,8.110926
2026-04-22 12:57:00+00:00,presentValue,analogValue_33,analogValue,,,,,,,,,,,,,,8.110926
2026-04-22 12:58:00+00:00,presentValue,analogValue_33,analogValue,,,,,,,,,,,,,,8.110926
2026-04-22 12:59:00+00:00,presentValue,analogValue_33,analogValue,,,,,,,,,,,,,,8.1123295
2026-04-22 13:00:00+00:00,presentValue,analogValue_33,analogValue,,,,,,,,,,,,,,8.124561
2026-04-22 13:01:00+00:00,presentValue,analogValue_33,analogValue,,,,,,,,,,,,,,8.132799
2026-04-22 13:02:00+00:00,presentValue,analogValue_33,analogValue,,,,,,,,,,,,,,8.132799
2026-04-22 13:03:00+00:00,presentValue,analogValue_33,analogValue,,,,,,,,,,,,,,8.138259
2026-04-22 13:04:00+00:00,presentValue,analogValue_33,analogValue,,,,,,,,,,,,,,8.153237
2026-04-22 13:05:00+00:00,presentValue,analogValue_33,analogValue,,,,,,,,,,,,,,8.15461
2026-04-22 13:06:00+00:00,presentValue,analogValue_33,analogValue,,,,,,,,,,,,,,8.15461
2026-04-22 13:07:00+00:00,presentValue,analogValue_33,analogValue,,,,,,,,,,,,,,8.15461
2026-04-22 13:08:00+00:00,presentValue,analogValue_33,analogValue,,,,,,,,,,,,,,8.165562
2026-04-22 13:09:00+00:00,presentValue,analogValue_33,analogValue,,,,,,,,,,,,,,8.176453
2026-04-22 13:10:00+00:00,presentValue,analogValue_33,analogValue,,,,,,,,,,,,,,8.176453
2026-04-22 13:11:00+00:00,presentValue,analogValue_33,analogValue,,,,,,,,,,,,,,8.184597
2026-04-22 13:12:00+00:00,presentValue,analogValue_33,analogValue,,,,,,,,,,,,,,8.198264
2026-04-22 13:13:00+00:00,presentValue,analogValue_33,analogValue,,,,,,,,,,,,,,8.198264
2026-04-22 13:14:00+00:00,presentValue,analogValue_33,analogValue,,,,,,,,,,,,,,8.198264
2026-04-22 13:15:00+00:00,presentValue,analogValue_33,analogValue,,,,,,,,,,,,,,8.203755
2026-04-22 13:16:00+00:00,presentValue,analogValue_33,analogValue,,,,,,,,,,,,,,8.220106
2026-04-22 13:17:00+00:00,presentValue,analogValue_33,analogValue,,,,,,,,,,,,,,8.220106
2026-04-22 13:18:00+00:00,presentValue,analogValue_33,analogValue,,,,,,,,,,,,,,8.222821
2026-04-22 13:19:00+00:00,presentValue,analogValue_33,analogValue,,,,,,,,,,,,,,8.241948
2026-04-22 13:20:00+00:00,presentValue,analogValue_33,analogValue,,,,,,,,,,,,,,8.241948
2026-04-22 13:21:00+00:00,presentValue,analogValue_33,analogValue,,,,,,,,,,,,,,8.24329
2026-04-22 13:22:00+00:00,presentValue,analogValue_33,analogValue,,,,,,,,,,,,,,8.255584
2026-04-22 13:23:00+00:00,presentValue,analogValue_33,analogValue,,,,,,,,,,,,,,8.26379
2026-04-22 13:24:00+00:00,presentValue,analogValue_33,analogValue,,,,,,,,,,,,,,8.276054
2026-04-22 13:25:00+00:00,presentValue,analogValue_33,analogValue,,,,,,,,,,,,,,8.285602
2026-04-22 13:26:00+00:00,presentValue,analogValue_33,analogValue,,,,,,,,,,,,,,8.285602
2026-04-22 13:27:00+00:00,presentValue,analogValue_33,analogValue,,,,,,,,,,,,,,8.299238
2026-04-22 13:28:00+00:00,presentValue,analogValue_33,analogValue,,,,,,,,,,,,,,8.307413
2026-04-22 13:29:00+00:00,presentValue,analogValue_33,analogValue,,,,,,,,,,,,,,8.323795
2026-04-22 13:30:00+00:00,presentValue,analogValue_33,analogValue,,,,,,,,,,,,,,8.329255
2026-04-22 13:31:00+00:00,presentValue,analogValue_33,analogValue,,,,,,,,,,,,,,8.329255
2026-04-22 13:32:00+00:00,presentValue,analogValue_33,analogValue,,,,,,,,,,,,,,8.342892
2026-04-22 13:33:00+00:00,presentValue,analogValue_33,analogValue,,,,,,,,,,,,,,8.351098
2026-04-22 13:34:00+00:00,presentValue,analogValue_33,analogValue,,,,,,,,,,,,,,8.372909
2026-04-22 13:35:00+00:00,presentValue,analogValue_33,analogValue,,,,,,,,,,,,,,8.378401
2026-04-22 13:36:00+00:00,presentValue,analogValue_33,analogValue,,,,,,,,,,,,,,8.394752
2026-04-22 13:37:00+00:00,presentValue,analogValue_33,analogValue,,,,,,,,,,,,,,8.400212
2026-04-22 13:38:00+00:00,presentValue,analogValue_33,analogValue,,,,,,,,,,,,,,8.4165945
2026-04-22 13:39:00+00:00,presentValue,analogValue_33,analogValue,,,,,,,,,,,,,,8.4165945
2026-04-22 13:40:00+00:00,presentValue,analogValue_33,analogValue,,,,,,,,,,,,,,8.438406
2026-04-22 13:41:00+00:00,presentValue,analogValue_33,analogValue,,,,,,,,,,,,,,8.454787
2026-04-22 13:42:00+00:00,presentValue,analogValue_33,analogValue,,,,,,,,,,,,,,8.460216
2026-04-22 13:43:00+00:00,presentValue,analogValue_33,analogValue,,,,,,,,,,,,,,8.479375
2026-04-22 13:44:00+00:00,presentValue,analogValue_33,analogValue,,,,,,,,,,,,,,8.483432
2026-04-22 13:45:00+00:00,presentValue,analogValue_33,analogValue,,,,,,,,,,,,,,8.503933
2026-04-22 13:46:00+00:00,presentValue,analogValue_33,analogValue,,,,,,,,,,,,,,8.505275
2026-04-22 13:47:00+00:00,presentValue,analogValue_33,analogValue,,,,,,,,,,,,,,8.5257435
2026-04-22 13:48:00+00:00,presentValue,analogValue_33,analogValue,,,,,,,,,,,,,,8.5475855
2026-04-22 13:49:00+00:00,presentValue,analogValue_33,analogValue,,,,,,,,,,,,,,8.5475855
2026-04-22 13:50:00+00:00,presentValue,analogValue_33,analogValue,,,,,,,,,,,,,,8.569398
2026-04-22 13:51:00+00:00,presentValue,analogValue_33,analogValue,,,,,,,,,,,,,,8.591239
2026-04-22 13:52:00+00:00,presentValue,analogValue_33,analogValue,,,,,,,,,,,,,,8.591239
2026-04-22 13:53:00+00:00,presentValue,analogValue_33,analogValue,,,,,,,,,,,,,,8.613082
2026-04-22 13:54:00+00:00,presentValue,analogValue_33,analogValue,,,,,,,,,,,,,,8.634925
2026-04-22 13:55:00+00:00,presentValue,analogValue_33,analogValue,,,,,,,,,,,,,,8.634925
2026-04-22 13:56:00+00:00,presentValue,analogValue_33,analogValue,,,,,,,,,,,,,,8.656735
2026-04-22 13:57:00+00:00,presentValue,analogValue_33,analogValue,,,,,,,,,,,,,,8.678578
2026-04-22 13:58:00+00:00,presentValue,analogValue_33,analogValue,,,,,,,,,,,,,,8.6812935
2026-04-22 13:59:00+00:00,presentValue,analogValue_33,analogValue,,,,,,,,,,,,,,8.705881
2026-04-22 14:00:00+00:00,presentValue,analogValue_33,analogValue,,,,,,,,,,,,,,8.722232
2026-04-22 14:01:00+00:00,presentValue,analogValue_33,analogValue,,,,,,,,,,,,,,8.742702
2026-04-22 14:02:00+00:00,presentValue,analogValue_33,analogValue,,,,,,,,,,,,,,8.765917
2026-04-22 14:03:00+00:00,presentValue,analogValue_33,analogValue,,,,,,,,,,,,,,8.765917
2026-04-22 14:04:00+00:00,presentValue,analogValue_33,analogValue,,,,,,,,,,,,,,8.787727
2026-04-22 14:05:00+00:00,presentValue,analogValue_33,analogValue,,,,,,,,,,,,,,8.809602
2026-04-22 14:06:00+00:00,presentValue,analogValue_33,analogValue,,,,,,,,,,,,,,8.825953
2026-04-22 14:07:00+00:00,presentValue,analogValue_33,analogValue,,,,,,,,,,,,,,8.847795
2026-04-22 14:08:00+00:00,presentValue,analogValue_33,analogValue,,,,,,,,,,,,,,8.853254
2026-04-22 14:09:00+00:00,presentValue,analogValue_33,analogValue,,,,,,,,,,,,,,8.877811
2026-04-22 14:10:00+00:00,presentValue,analogValue_33,analogValue,,,,,,,,,,,,,,8.896909
2026-04-22 14:11:00+00:00,presentValue,analogValue_33,analogValue,,,,,,,,,,,,,,8.918752
2026-04-22 14:12:00+00:00,presentValue,analogValue_33,analogValue,,,,,,,,,,,,,,999.0
2026-04-22 14:13:00+00:00,presentValue,analogValue_33,analogValue,,,,,,,,,,,,,,999.0
2026-04-22 14:14:00+00:00,presentValue,analogValue_33,analogValue,,,,,,,,,,,,,,8.984279
2026-04-22 14:15:00+00:00,presentValue,analogValue_33,analogValue,,,,,,,,,,,,,,8.999256
2026-04-22 14:16:00+00:00,presentValue,analogValue_33,analogValue,,,,,,,,,,,,,,9.019757
2026-04-22 14:17:00+00:00,presentValue,analogValue_33,analogValue,,,,,,,,,,,,,,9.027932
2026-04-22 14:18:00+00:00,presentValue,analogValue_33,analogValue,,,,,,,,,,,,,,9.049806
2026-04-22 14:19:00+00:00,presentValue,analogValue_33,analogValue,,,,,,,,,,,,,,9.077078
2026-04-22 14:20:00+00:00,presentValue,analogValue_33,analogValue,,,,,,,,,,,,,,9.094801
2026-04-22 14:21:00+00:00,presentValue,analogValue_33,analogValue,,,,,,,,,,,,,,9.115271
2026-04-22 14:22:00+00:00,presentValue,analogValue_33,analogValue,,,,,,,,,,,,,,9.1412325
2026-04-22 14:23:00+00:00,presentValue,analogValue_33,analogValue,,,,,,,,,,,,,,9.158955
2026-04-22 14:24:00+00:00,presentValue,analogValue_33,analogValue,,,,,,,,,,,,,,9.182139
2026-04-22 14:25:00+00:00,presentValue,analogValue_33,analogValue,,,,,,,,,,,,,,9.202641
2026-04-22 14:26:00+00:00,presentValue,analogValue_33,analogValue,,,,,,,,,,,,,,9.224452
2026-04-22 14:27:00+00:00,presentValue,analogValue_33,analogValue,,,,,,,,,,,,,,9.246294
2026-04-22 14:28:00+00:00,presentValue,analogValue_33,analogValue,,,,,,,,,,,,,,9.2681675
2026-04-22 14:29:00+00:00,presentValue,analogValue_33,analogValue,,,,,,,,,,,,,,9.289978
2026-04-22 14:30:00+00:00,presentValue,analogValue_33,analogValue,,,,,,,,,,,,,,9.313164
2026-04-22 14:31:00+00:00,presentValue,analogValue_33,analogValue,,,,,,,,,,,,,,9.336379
2026-04-22 14:32:00+00:00,presentValue,analogValue_33,analogValue,,,,,,,,,,,,,,9.377349
2026-04-22 14:33:00+00:00,presentValue,analogValue_33,analogValue,,,,,,,,,,,,,,9.381405
2026-04-22 14:34:00+00:00,presentValue,analogValue_33,analogValue,,,,,,,,,,,,,,9.416883
2026-04-22 14:35:00+00:00,presentValue,analogValue_33,analogValue,,,,,,,,,,,,,,9.44013
2026-04-22 14:36:00+00:00,presentValue,analogValue_33,analogValue,,,,,,,,,,,,,,9.464687
2026-04-22 14:37:00+00:00,presentValue,analogValue_33,analogValue,,,,,,,,,,,,,,9.486499
2026-04-22 14:38:00+00:00,presentValue,analogValue_33,analogValue,,,,,,,,,,,,,,9.508372
2026-04-22 14:39:00+00:00,presentValue,analogValue_33,analogValue,,,,,,,,,,,,,,9.530214
2026-04-22 14:40:00+00:00,presentValue,analogValue_33,analogValue,,,,,,,,,,,,,,9.552027
2026-04-22 14:41:00+00:00,presentValue,analogValue_33,analogValue,,,,,,,,,,,,,,9.595711
2026-04-22 14:42:00+00:00,presentValue,analogValue_33,analogValue,,,,,,,,,,,,,,9.617584
2026-04-22 14:43:00+00:00,presentValue,analogValue_33,analogValue,,,,,,,,,,,,,,9.639366
2026-04-22 14:44:00+00:00,presentValue,analogValue_33,analogValue,,,,,,,,,,,,,,9.662611
2026-04-22 14:45:00+00:00,presentValue,analogValue_33,analogValue,,,,,,,,,,,,,,9.699463
2026-04-22 14:46:00+00:00,presentValue,analogValue_33,analogValue,,,,,,,,,,,,,,9.726766
2026-04-22 14:47:00+00:00,presentValue,analogValue_33,analogValue,,,,,,,,,,,,,,9.751324
2026-04-22 14:48:00+00:00,presentValue,analogValue_33,analogValue,,,,,,,,,,,,,,9.789548
2026-04-22 14:49:00+00:00,presentValue,analogValue_33,analogValue,,,,,,,,,,,,,,9.814105
2026-04-22 14:50:00+00:00,presentValue,analogValue_33,analogValue,,,,,,,,,,,,,,9.835947
2026-04-22 14:51:00+00:00,presentValue,analogValue_33,analogValue,,,,,,,,,,,,,,9.861908
2026-04-22 14:52:00+00:00,presentValue,analogValue_33,analogValue,,,,,,,,,,,,,,9.901474
2026-04-22 14:53:00+00:00,presentValue,analogValue_33,analogValue,,,,,,,,,,,,,,9.923317
2026-04-22 14:54:00+00:00,presentValue,analogValue_33,analogValue,,,,,,,,,,,,,,9.962914
2026-04-22 14:55:00+00:00,presentValue,analogValue_33,analogValue,,,,,,,,,,,,,,9.988844
2026-04-22 14:56:00+00:00,presentValue,analogValue_33,analogValue,,,,,,,,,,,,,,10.025697
2026-04-22 14:57:00+00:00,presentValue,analogValue_33,analogValue,,,,,,,,,,,,,,10.054373
2026-04-22 14:58:00+00:00,presentValue,analogValue_33,analogValue,,,,,,,,,,,,,,10.076245
2026-04-22 14:59:00+00:00,presentValue,analogValue_33,analogValue,,,,,,,,,,,,,,10.1199
2026-04-22 15:00:00+00:00,presentValue,analogValue_33,analogValue,,,,,,,,,,,,,,10.141743
2026-04-22 15:01:00+00:00,presentValue,analogValue_33,analogValue,,,,,,,,,,,,,,10.163585
2026-04-22 15:02:00+00:00,presentValue,analogValue_33,analogValue,,,,,,,,,,,,,,10.207271
2026-04-22 15:03:00+00:00,presentValue,analogValue_33,analogValue,,,,,,,,,,,,,,10.234573
2026-04-22 15:04:00+00:00,presentValue,analogValue_33,analogValue,,,,,,,,,,,,,,10.272799
2026-04-22 15:05:00+00:00,presentValue,analogValue_33,analogValue,,,,,,,,,,,,,,10.29467
2026-04-22 15:06:00+00:00,presentValue,analogValue_33,analogValue,,,,,,,,,,,,,,10.335609
2026-04-22 15:07:00+00:00,presentValue,analogValue_33,analogValue,,,,,,,,,,,,,,10.360199
2026-04-22 15:08:00+00:00,presentValue,analogValue_33,analogValue,,,,,,,,,,,,,,10.403883
2026-04-22 15:09:00+00:00,presentValue,analogValue_33,analogValue,,,,,,,,,,,,,,10.425725
2026-04-22 15:10:00+00:00,presentValue,analogValue_33,analogValue,,,,,,,,,,,,,,10.455744
2026-04-22 15:11:00+00:00,presentValue,analogValue_33,analogValue,,,,,,,,,,,,,,10.491254
2026-04-22 15:12:00+00:00,presentValue,analogValue_33,analogValue,,,,,,,,,,,,,,10.518587
2026-04-22 15:13:00+00:00,presentValue,analogValue_33,analogValue,,,,,,,,,,,,,,10.556812
2026-04-22 15:14:00+00:00,presentValue,analogValue_33,analogValue,,,,,,,,,,,,,,10.595037
2026-04-22 15:15:00+00:00,presentValue,analogValue_33,analogValue,,,,,,,,,,,,,,10.622309
2026-04-22 15:16:00+00:00,presentValue,analogValue_33,analogValue,,,,,,,,,,,,,,10.648301
2026-04-22 15:17:00+00:00,presentValue,analogValue_33,analogValue,,,,,,,,,,,,,,10.687868
2026-04-22 15:18:00+00:00,presentValue,analogValue_33,analogValue,,,,,,,,,,,,,,10.719259
2026-04-22 15:19:00+00:00,presentValue,analogValue_33,analogValue,,,,,,,,,,,,,,10.753426
2026-04-22 15:20:00+00:00,presentValue,analogValue_33,analogValue,,,,,,,,,,,,,,10.775239
2026-04-22 15:21:00+00:00,presentValue,analogValue_33,analogValue,,,,,,,,,,,,,,10.818954
2026-04-22 15:22:00+00:00,presentValue,analogValue_33,analogValue,,,,,,,,,,,,,,10.861266
2026-04-22 15:23:00+00:00,presentValue,analogValue_33,analogValue,,,,,,,,,,,,,,10.884482
2026-04-22 15:24:00+00:00,presentValue,analogValue_33,analogValue,,,,,,,,,,,,,,10.928167
2026-04-22 15:25:00+00:00,presentValue,analogValue_33,analogValue,,,,,,,,,,,,,,10.950041
2026-04-22 15:26:00+00:00,presentValue,analogValue_33,analogValue,,,,,,,,,,,,,,10.993756
2026-04-22 15:27:00+00:00,presentValue,analogValue_33,analogValue,,,,,,,,,,,,,,11.031981
2026-04-22 15:28:00+00:00,presentValue,analogValue_33,analogValue,,,,,,,,,,,,,,11.059284
2026-04-22 15:29:00+00:00,presentValue,analogValue_33,analogValue,,,,,,,,,,,,,,11.103001
2026-04-22 15:30:00+00:00,presentValue,analogValue_33,analogValue,,,,,,,,,,,,,,11.12759
2026-04-22 15:31:00+00:00,presentValue,analogValue_33,analogValue,,,,,,,,,,,,,,11.168529
2026-04-22 15:32:00+00:00,presentValue,analogValue_33,analogValue,,,,,,,,,,,,,,11.212245
2026-04-22 15:33:00+00:00,presentValue,analogValue_33,analogValue,,,,,,,,,,,,,,11.253216
2026-04-22 15:34:00+00:00,presentValue,analogValue_33,analogValue,,,,,,,,,,,,,,11.277774
2026-04-22 15:35:00+00:00,presentValue,analogValue_33,analogValue,,,,,,,,,,,,,,11.32152
2026-04-22 15:36:00+00:00,presentValue,analogValue_33,analogValue,,,,,,,,,,,,,,11.352911
2026-04-22 15:37:00+00:00,presentValue,analogValue_33,analogValue,,,,,,,,,,,,,,11.387049
2026-04-22 15:38:00+00:00,presentValue,analogValue_33,analogValue,,,,,,,,,,,,,,11.430764
2026-04-22 15:39:00+00:00,presentValue,analogValue_33,analogValue,,,,,,,,,,,,,,11.474449
2026-04-22 15:40:00+00:00,presentValue,analogValue_33,analogValue,,,,,,,,,,,,,,11.501784
2026-04-22 15:41:00+00:00,presentValue,analogValue_33,analogValue,,,,,,,,,,,,,,11.540008
2026-04-22 15:42:00+00:00,presentValue,analogValue_33,analogValue,,,,,,,,,,,,,,11.583726
2026-04-22 15:43:00+00:00,presentValue,analogValue_33,analogValue,,,,,,,,,,,,,,11.624664
2026-04-22 15:44:00+00:00,presentValue,analogValue_33,analogValue,,,,,,,,,,,,,,11.649253
2026-04-22 15:45:00+00:00,presentValue,analogValue_33,analogValue,,,,,,,,,,,,,,11.692969
2026-04-22 15:46:00+00:00,presentValue,analogValue_33,analogValue,,,,,,,,,,,,,,11.736654
2026-04-22 15:47:00+00:00,presentValue,analogValue_33,analogValue,,,,,,,,,,,,,,11.780402
2026-04-22 15:48:00+00:00,presentValue,analogValue_33,analogValue,,,,,,,,,,,,,,11.824088
2026-04-22 15:49:00+00:00,presentValue,analogValue_33,analogValue,,,,,,,,,,,,,,11.856882
2026-04-22 15:50:00+00:00,presentValue,analogValue_33,analogValue,,,,,,,,,,,,,,11.889677
2026-04-22 15:51:00+00:00,presentValue,analogValue_33,analogValue,,,,,,,,,,,,,,11.938825
2026-04-22 15:52:00+00:00,presentValue,analogValue_33,analogValue,,,,,,,,,,,,,,11.97708
2026-04-22 15:53:00+00:00,presentValue,analogValue_33,analogValue,,,,,,,,,,,,,,12.020765
2026-04-22 15:54:00+00:00,presentValue,analogValue_33,analogValue,,,,,,,,,,,,,,12.064512
2026-04-22 15:55:00+00:00,presentValue,analogValue_33,analogValue,,,,,,,,,,,,,,12.064512
2026-04-22 15:56:00+00:00,presentValue,analogValue_33,analogValue,,,,,,,,,,,,,,12.151915
2026-04-22 15:57:00+00:00,presentValue,analogValue_33,analogValue,,,,,,,,,,,,,,12.184709
2026-04-22 15:58:00+00:00,presentValue,analogValue_33,analogValue,,,,,,,,,,,,,,12.233887
2026-04-22 15:59:00+00:00,presentValue,analogValue_33,analogValue,,,,,,,,,,,,,,12.274888
2026-04-22 16:00:00+00:00,presentValue,analogValue_33,analogValue,,,,,,,,,,,,,,12.310368
2026-04-22 16:01:00+00:00,presentValue,analogValue_33,analogValue,,,,,,,,,,,,,,12.348623
2026-04-22 16:02:00+00:00,presentValue,analogValue_33,analogValue,,,,,,,,,,,,,,12.399204
2026-04-22 16:03:00+00:00,presentValue,analogValue_33,analogValue,,,,,,,,,,,,,,12.436056
2026-04-22 16:04:00+00:00,presentValue,analogValue_33,analogValue,,,,,,,,,,,,,,12.479743
2026-04-22 16:05:00+00:00,presentValue,analogValue_33,analogValue,,,,,,,,,,,,,,12.52352
2026-04-22 16:06:00+00:00,presentValue,analogValue_33,analogValue,,,,,,,,,,,,,,12.567237
2026-04-22 16:07:00+00:00,presentValue,analogValue_33,analogValue,,,,,,,,,,,,,,12.610922
2026-04-22 16:08:00+00:00,presentValue,analogValue_33,analogValue,,,,,,,,,,,,,,12.654639
2026-04-22 16:09:00+00:00,presentValue,analogValue_33,analogValue,,,,,,,,,,,,,,12.698356
2026-04-22 16:10:00+00:00,presentValue,analogValue_33,analogValue,,,,,,,,,,,,,,12.742072
2026-04-22 16:11:00+00:00,presentValue,analogValue_33,analogValue,,,,,,,,,,,,,,12.78582
2026-04-22 16:12:00+00:00,presentValue,analogValue_33,analogValue,,,,,,,,,,,,,,12.832252
2026-04-22 16:13:00+00:00,presentValue,analogValue_33,analogValue,,,,,,,,,,,,,,12.873221
2026-04-22 16:14:00+00:00,presentValue,analogValue_33,analogValue,,,,,,,,,,,,,,12.9224615
2026-04-22 16:15:00+00:00,presentValue,analogValue_33,analogValue,,,,,,,,,,,,,,12.960686
2026-04-22 16:16:00+00:00,presentValue,analogValue_33,analogValue,,,,,,,,,,,,,,13.026308
2026-04-22 16:17:00+00:00,presentValue,analogValue_33,analogValue,,,,,,,,,,,,,,13.068621
2026-04-22 16:18:00+00:00,presentValue,analogValue_33,analogValue,,,,,,,,,,,,,,13.113741
2026-04-22 16:19:00+00:00,presentValue,analogValue_33,analogValue,,,,,,,,,,,,,,13.143822
2026-04-22 16:20:00+00:00,presentValue,analogValue_33,analogValue,,,,,,,,,,,,,,13.205294
2026-04-22 16:21:00+00:00,presentValue,analogValue_33,analogValue,,,,,,,,,,,,,,13.264019
2026-04-22 16:22:00+00:00,presentValue,analogValue_33,analogValue,,,,,,,,,,,,,,13.309172
2026-04-22 16:23:00+00:00,presentValue,analogValue_33,analogValue,,,,,,,,,,,,,,13.35423
2026-04-22 16:24:00+00:00,presentValue,analogValue_33,analogValue,,,,,,,,,,,,,,13.393859
2026-04-22 16:25:00+00:00,presentValue,analogValue_33,analogValue,,,,,,,,,,,,,,13.397946
2026-04-22 16:26:00+00:00,presentValue,analogValue_33,analogValue,,,,,,,,,,,,,,17.8941
2026-04-22 16:27:00+00:00,presentValue,analogValue_33,analogValue,,,,,,,,,,,,,,16.821447
2026-04-22 16:28:00+00:00,presentValue,analogValue_33,analogValue,,,,,,,,,,,,,,16.199139
2026-04-22 16:29:00+00:00,presentValue,analogValue_33,analogValue,,,,,,,,,,,,,,16.08702
2026-04-22 16:30:00+00:00,presentValue,analogValue_33,analogValue,,,,,,,,,,,,,,16.066458
2026-04-22 16:31:00+00:00,presentValue,analogValue_33,analogValue,,,,,,,,,,,,,,16.088364
2026-04-22 16:32:00+00:00,presentValue,analogValue_33,analogValue,,,,,,,,,,,,,,16.110207
2026-04-22 16:33:00+00:00,presentValue,analogValue_33,analogValue,,,,,,,,,,,,,,16.154018
2026-04-22 16:34:00+00:00,presentValue,analogValue_33,analogValue,,,,,,,,,,,,,,16.197765
2026-04-22 16:35:00+00:00,presentValue,analogValue_33,analogValue,,,,,,,,,,,,,,16.23877
2026-04-22 16:36:00+00:00,presentValue,analogValue_33,analogValue,,,,,,,,,,,,,,16.282547
2026-04-22 16:37:00+00:00,presentValue,analogValue_33,analogValue,,,,,,,,,,,,,,16.493177
2026-04-22 16:38:00+00:00,presentValue,analogValue_33,analogValue,,,,,,,,,,,,,,18.31555
2026-04-22 16:39:00+00:00,presentValue,analogValue_33,analogValue,,,,,,,,,,,,,,17.850323
2026-04-22 16:40:00+00:00,presentValue,analogValue_33,analogValue,,,,,,,,,,,,,,17.751808
2026-04-22 16:41:00+00:00,presentValue,analogValue_33,analogValue,,,,,,,,,,,,,,17.729902
2026-04-22 16:42:00+00:00,presentValue,analogValue_33,analogValue,,,,,,,,,,,,,,17.750404
2026-04-22 16:43:00+00:00,presentValue,analogValue_33,analogValue,,,,,,,,,,,,,,17.773684
2026-04-22 16:44:00+00:00,presentValue,analogValue_33,analogValue,,,,,,,,,,,,,,19.191528
2026-04-22 16:45:00+00:00,presentValue,analogValue_33,analogValue,,,,,,,,,,,,,,18.728918
2026-04-22 16:46:00+00:00,presentValue,analogValue_33,analogValue,,,,,,,,,,,,,,18.627598
2026-04-22 16:47:00+00:00,presentValue,analogValue_33,analogValue,,,,,,,,,,,,,,18.627598
2026-04-22 16:48:00+00:00,presentValue,analogValue_33,analogValue,,,,,,,,,,,,,,18.648129
2026-04-22 16:49:00+00:00,presentValue,analogValue_33,analogValue,,,,,,,,,,,,,,18.66186
2026-04-22 16:50:00+00:00,presentValue,analogValue_33,analogValue,,,,,,,,,,,,,,18.671408
2026-04-22 16:51:00+00:00,presentValue,analogValue_33,analogValue,,,,,,,,,,,,,,18.727482
2026-04-22 16:52:00+00:00,presentValue,analogValue_33,analogValue,,,,,,,,,,,,,,18.758999
2026-04-22 16:53:00+00:00,presentValue,analogValue_33,analogValue,,,,,,,,,,,,,,18.92326
2026-04-22 16:54:00+00:00,presentValue,analogValue_33,analogValue,,,,,,,,,,,,,,19.755556
2026-04-22 16:55:00+00:00,presentValue,analogValue_33,analogValue,,,,,,,,,,,,,,19.659725
2026-04-22 16:56:00+00:00,presentValue,analogValue_33,analogValue,,,,,,,,,,,,,,19.525576
2026-04-22 16:57:00+00:00,presentValue,analogValue_33,analogValue,,,,,,,,,,,,,,19.525576
2026-04-22 16:58:00+00:00,presentValue,analogValue_33,analogValue,,,,,,,,,,,,,,19.525576
2026-04-22 16:59:00+00:00,presentValue,analogValue_33,analogValue,,,,,,,,,,,,,,19.525576
2026-04-22 17:00:00+00:00,presentValue,analogValue_33,analogValue,,,,,,,,,,,,,,19.547451
2026-04-22 17:01:00+00:00,presentValue,analogValue_33,analogValue,,,,,,,,,,,,,,19.563894
2026-04-22 17:02:00+00:00,presentValue,analogValue_33,analogValue,,,,,,,,,,,,,,19.569387
2026-04-22 17:03:00+00:00,presentValue,analogValue_33,analogValue,,,,,,,,,,,,,,19.591291
2026-04-22 17:04:00+00:00,presentValue,analogValue_33,analogValue,,,,,,,,,,,,,,19.613167
2026-04-22 17:05:00+00:00,presentValue,analogValue_33,analogValue,,,,,,,,,,,,,,19.61863
2026-04-22 17:06:00+00:00,presentValue,analogValue_33,analogValue,,,,,,,,,,,,,,19.651518
2026-04-22 17:07:00+00:00,presentValue,analogValue_33,analogValue,,,,,,,,,,,,,,19.67068
2026-04-22 17:08:00+00:00,presentValue,analogValue_33,analogValue,,,,,,,,,,,,,,19.724068
2026-04-22 17:09:00+00:00,presentValue,analogValue_33,analogValue,,,,,,,,,,,,,,21.020855
2026-04-22 17:10:00+00:00,presentValue,analogValue_33,analogValue,,,,,,,,,,,,,,20.366266
2026-04-22 17:11:00+00:00,presentValue,analogValue_33,analogValue,,,,,,,,,,,,,,20.322454
2026-04-22 17:12:00+00:00,presentValue,analogValue_33,analogValue,,,,,,,,,,,,,,20.314217
2026-04-22 17:13:00+00:00,presentValue,analogValue_33,analogValue,,,,,,,,,,,,,,20.330662
2026-04-22 17:14:00+00:00,presentValue,analogValue_33,analogValue,,,,,,,,,,,,,,20.336123
2026-04-22 17:15:00+00:00,presentValue,analogValue_33,analogValue,,,,,,,,,,,,,,20.336123
2026-04-22 17:16:00+00:00,presentValue,analogValue_33,analogValue,,,,,,,,,,,,,,20.360806
2026-04-22 17:17:00+00:00,presentValue,analogValue_33,analogValue,,,,,,,,,,,,,,20.410048
2026-04-22 17:18:00+00:00,presentValue,analogValue_33,analogValue,,,,,,,,,,,,,,20.81955
2026-04-22 17:19:00+00:00,presentValue,analogValue_33,analogValue,,,,,,,,,,,,,,20.738728
2026-04-22 17:20:00+00:00,presentValue,analogValue_33,analogValue,,,,,,,,,,,,,,20.730553
2026-04-22 17:21:00+00:00,presentValue,analogValue_33,analogValue,,,,,,,,,,,,,,20.730553
2026-04-22 17:22:00+00:00,presentValue,analogValue_33,analogValue,,,,,,,,,,,,,,20.730553
2026-04-22 17:23:00+00:00,presentValue,analogValue_33,analogValue,,,,,,,,,,,,,,20.742847
2026-04-22 17:24:00+00:00,presentValue,analogValue_33,analogValue,,,,,,,,,,,,,,20.752428
2026-04-22 17:25:00+00:00,presentValue,analogValue_33,analogValue,,,,,,,,,,,,,,20.762007
2026-04-22 17:26:00+00:00,presentValue,analogValue_33,analogValue,,,,,,,,,,,,,,20.778454
2026-04-22 17:27:00+00:00,presentValue,analogValue_33,analogValue,,,,,,,,,,,,,,21.637249
2026-04-22 17:28:00+00:00,presentValue,analogValue_33,analogValue,,,,,,,,,,,,,,21.101706
2026-04-22 17:29:00+00:00,presentValue,analogValue_33,analogValue,,,,,,,,,,,,,,21.07565
2026-04-22 17:30:00+00:00,presentValue,analogValue_33,analogValue,,,,,,,,,,,,,,21.081142
2026-04-22 17:31:00+00:00,presentValue,analogValue_33,analogValue,,,,,,,,,,,,,,21.103046
2026-04-22 17:32:00+00:00,presentValue,analogValue_33,analogValue,,,,,,,,,,,,,,21.103046
2026-04-22 17:33:00+00:00,presentValue,analogValue_33,analogValue,,,,,,,,,,,,,,21.124954
2026-04-22 17:34:00+00:00,presentValue,analogValue_33,analogValue,,,,,,,,,,,,,,21.14686
2026-04-22 17:35:00+00:00,presentValue,analogValue_33,analogValue,,,,,,,,,,,,,,21.14686
2026-04-22 17:36:00+00:00,presentValue,analogValue_33,analogValue,,,,,,,,,,,,,,21.190735
2026-04-22 17:37:00+00:00,presentValue,analogValue_33,analogValue,,,,,,,,,,,,,,21.21261
2026-04-22 17:38:00+00:00,presentValue,analogValue_33,analogValue,,,,,,,,,,,,,,21.234545
2026-04-22 17:39:00+00:00,presentValue,analogValue_33,analogValue,,,,,,,,,,,,,,21.256453
2026-04-22 17:40:00+00:00,presentValue,analogValue_33,analogValue,,,,,,,,,,,,,,21.278389
2026-04-22 17:41:00+00:00,presentValue,analogValue_33,analogValue,,,,,,,,,,,,,,22.400373
2026-04-22 17:42:00+00:00,presentValue,analogValue_33,analogValue,,,,,,,,,,,,,,21.76057
2026-04-22 17:43:00+00:00,presentValue,analogValue_33,analogValue,,,,,,,,,,,,,,21.738634
2026-04-22 17:44:00+00:00,presentValue,analogValue_33,analogValue,,,,,,,,,,,,,,21.738634
2026-04-22 17:45:00+00:00,presentValue,analogValue_33,analogValue,,,,,,,,,,,,,,21.756453
2026-04-22 17:46:00+00:00,presentValue,analogValue_33,analogValue,,,,,,,,,,,,,,21.763287
2026-04-22 17:47:00+00:00,presentValue,analogValue_33,analogValue,,,,,,,,,,,,,,21.789343
2026-04-22 17:48:00+00:00,presentValue,analogValue_33,analogValue,,,,,,,,,,,,,,21.804384
2026-04-22 17:49:00+00:00,presentValue,analogValue_33,analogValue,,,,,,,,,,,,,,21.826323
2026-04-22 17:50:00+00:00,presentValue,analogValue_33,analogValue,,,,,,,,,,,,,,21.848259
2026-04-22 17:51:00+00:00,presentValue,analogValue_33,analogValue,,,,,,,,,,,,,,21.87837
2026-04-22 17:52:00+00:00,presentValue,analogValue_33,analogValue,,,,,,,,,,,,,,21.894817
2026-04-22 17:53:00+00:00,presentValue,analogValue_33,analogValue,,,,,,,,,,,,,,21.935915
2026-04-22 17:54:00+00:00,presentValue,analogValue_33,analogValue,,,,,,,,,,,,,,22.372944
2026-04-22 17:55:00+00:00,presentValue,analogValue_33,analogValue,,,,,,,,,,,,,,21.739977
2026-04-22 17:56:00+00:00,presentValue,analogValue_33,analogValue,,,,,,,,,,,,,,21.045538
2026-04-22 17:57:00+00:00,presentValue,analogValue_33,analogValue,,,,,,,,,,,,,,21.403023
2026-04-22 17:58:00+00:00,presentValue,analogValue_33,analogValue,,,,,,,,,,,,,,20.859274
2026-04-22 17:59:00+00:00,presentValue,analogValue_33,analogValue,,,,,,,,,,,,,,20.922276
2026-04-22 18:00:00+00:00,presentValue,analogValue_33,analogValue,,,,,,,,,,,,,,20.423779
2026-04-22 18:01:00+00:00,presentValue,analogValue_33,analogValue,,,,,,,,,,,,,,20.736013
2026-04-22 18:02:00+00:00,presentValue,analogValue_33,analogValue,,,,,,,,,,,,,,20.812685
2026-04-22 18:03:00+00:00,presentValue,analogValue_33,analogValue,,,,,,,,,,,,,,20.861988
2026-04-22 18:04:00+00:00,presentValue,analogValue_33,analogValue,,,,,,,,,,,,,,20.883926
2026-04-22 18:05:00+00:00,presentValue,analogValue_33,analogValue,,,,,,,,,,,,,,20.91953
2026-04-22 18:06:00+00:00,presentValue,analogValue_33,analogValue,,,,,,,,,,,,,,20.942808
2026-04-22 18:07:00+00:00,presentValue,analogValue_33,analogValue,,,,,,,,,,,,,,20.971548
2026-04-22 18:08:00+00:00,presentValue,analogValue_33,analogValue,,,,,,,,,,,,,,20.974327
2026-04-22 18:09:00+00:00,presentValue,analogValue_33,analogValue,,,,,,,,,,,,,,20.993486
2026-04-22 18:10:00+00:00,presentValue,analogValue_33,analogValue,,,,,,,,,,,,,,21.015392
2026-04-22 18:11:00+00:00,presentValue,analogValue_33,analogValue,,,,,,,,,,,,,,21.03733
2026-04-22 18:12:00+00:00,presentValue,analogValue_33,analogValue,,,,,,,,,,,,,,21.059237
2026-04-22 18:13:00+00:00,presentValue,analogValue_33,analogValue,,,,,,,,,,,,,,21.081142
2026-04-22 18:14:00+00:00,presentValue,analogValue_33,analogValue,,,,,,,,,,,,,,21.103046
2026-04-22 18:15:00+00:00,presentValue,analogValue_33,analogValue,,,,,,,,,,,,,,21.119493
2026-04-22 18:16:00+00:00,presentValue,analogValue_33,analogValue,,,,,,,,,,,,,,21.14686
2026-04-22 18:17:00+00:00,presentValue,analogValue_33,analogValue,,,,,,,,,,,,,,21.149635
2026-04-22 18:18:00+00:00,presentValue,analogValue_33,analogValue,,,,,,,,,,,,,,21.182465
2026-04-22 18:19:00+00:00,presentValue,analogValue_33,analogValue,,,,,,,,,,,,,,21.197538
2026-04-22 18:20:00+00:00,presentValue,analogValue_33,analogValue,,,,,,,,,,,,,,21.234545
2026-04-22 18:21:00+00:00,presentValue,analogValue_33,analogValue,,,,,,,,,,,,,,21.256453
2026-04-22 18:22:00+00:00,presentValue,analogValue_33,analogValue,,,,,,,,,,,,,,21.278389
2026-04-22 18:23:00+00:00,presentValue,analogValue_33,analogValue,,,,,,,,,,,,,,21.300264
2026-04-22 18:24:00+00:00,presentValue,analogValue_33,analogValue,,,,,,,,,,,,,,21.322203
2026-04-22 18:25:00+00:00,presentValue,analogValue_33,analogValue,,,,,,,,,,,,,,21.322203
2026-04-22 18:26:00+00:00,presentValue,analogValue_33,analogValue,,,,,,,,,,,,,,21.366045
2026-04-22 18:27:00+00:00,presentValue,analogValue_33,analogValue,,,,,,,,,,,,,,21.387949
2026-04-22 18:28:00+00:00,presentValue,analogValue_33,analogValue,,,,,,,,,,,,,,21.42084
2026-04-22 18:29:00+00:00,presentValue,analogValue_33,analogValue,,,,,,,,,,,,,,21.445463
2026-04-22 18:30:00+00:00,presentValue,analogValue_33,analogValue,,,,,,,,,,,,,,21.471518
2026-04-22 18:31:00+00:00,presentValue,analogValue_33,analogValue,,,,,,,,,,,,,,21.497574
2026-04-22 18:32:00+00:00,presentValue,analogValue_33,analogValue,,,,,,,,,,,,,,21.51945
2026-04-22 18:33:00+00:00,presentValue,analogValue_33,analogValue,,,,,,,,,,,,,,21.541386
2026-04-22 18:34:00+00:00,presentValue,analogValue_33,analogValue,,,,,,,,,,,,,,21.563292
2026-04-22 18:35:00+00:00,presentValue,analogValue_33,analogValue,,,,,,,,,,,,,,23.429527
2026-04-22 18:36:00+00:00,presentValue,analogValue_33,analogValue,,,,,,,,,,,,,,22.671703
2026-04-22 18:37:00+00:00,presentValue,analogValue_33,analogValue,,,,,,,,,,,,,,22.552498
2026-04-22 18:38:00+00:00,presentValue,analogValue_33,analogValue,,,,,,,,,,,,,,22.549692
2026-04-22 18:39:00+00:00,presentValue,analogValue_33,analogValue,,,,,,,,,,,,,,22.549692
2026-04-22 18:40:00+00:00,presentValue,analogValue_33,analogValue,,,,,,,,,,,,,,22.571661
2026-04-22 18:41:00+00:00,presentValue,analogValue_33,analogValue,,,,,,,,,,,,,,22.593597
2026-04-22 18:42:00+00:00,presentValue,analogValue_33,analogValue,,,,,,,,,,,,,,22.620964
2026-04-22 18:43:00+00:00,presentValue,analogValue_33,analogValue,,,,,,,,,,,,,,22.63744
2026-04-22 18:44:00+00:00,presentValue,analogValue_33,analogValue,,,,,,,,,,,,,,22.675821
2026-04-22 18:45:00+00:00,presentValue,analogValue_33,analogValue,,,,,,,,,,,,,,22.703222
2026-04-22 18:46:00+00:00,presentValue,analogValue_33,analogValue,,,,,,,,,,,,,,22.725128
2026-04-22 18:47:00+00:00,presentValue,analogValue_33,analogValue,,,,,,,,,,,,,,22.747065
2026-04-22 18:48:00+00:00,presentValue,analogValue_33,analogValue,,,,,,,,,,,,,,22.784044
2026-04-22 18:49:00+00:00,presentValue,analogValue_33,analogValue,,,,,,,,,,,,,,22.812847
2026-04-22 18:50:00+00:00,presentValue,analogValue_33,analogValue,,,,,,,,,,,,,,22.834753
2026-04-22 18:51:00+00:00,presentValue,analogValue_33,analogValue,,,,,,,,,,,,,,22.856659
2026-04-22 18:52:00+00:00,presentValue,analogValue_33,analogValue,,,,,,,,,,,,,,22.878626
2026-04-22 18:53:00+00:00,presentValue,analogValue_33,analogValue,,,,,,,,,,,,,,22.900534
2026-04-22 18:54:00+00:00,presentValue,analogValue_33,analogValue,,,,,,,,,,,,,,23.679018
2026-04-22 18:55:00+00:00,presentValue,analogValue_33,analogValue,,,,,,,,,,,,,,23.448782
2026-04-22 18:56:00+00:00,presentValue,analogValue_33,analogValue,,,,,,,,,,,,,,23.426813
2026-04-22 18:57:00+00:00,presentValue,analogValue_33,analogValue,,,,,,,,,,,,,,23.426813
2026-04-22 18:58:00+00:00,presentValue,analogValue_33,analogValue,,,,,,,,,,,,,,23.426813
2026-04-22 18:59:00+00:00,presentValue,analogValue_33,analogValue,,,,,,,,,,,,,,23.448782
2026-04-22 19:00:00+00:00,presentValue,analogValue_33,analogValue,,,,,,,,,,,,,,23.470657
2026-04-22 19:01:00+00:00,presentValue,analogValue_33,analogValue,,,,,,,,,,,,,,23.470657
2026-04-22 19:02:00+00:00,presentValue,analogValue_33,analogValue,,,,,,,,,,,,,,23.49946
2026-04-22 19:03:00+00:00,presentValue,analogValue_33,analogValue,,,,,,,,,,,,,,23.514532
2026-04-22 19:04:00+00:00,presentValue,analogValue_33,analogValue,,,,,,,,,,,,,,23.53644
2026-04-22 19:05:00+00:00,presentValue,analogValue_33,analogValue,,,,,,,,,,,,,,23.558407
2026-04-22 19:06:00+00:00,presentValue,analogValue_33,analogValue,,,,,,,,,,,,,,23.580284
2026-04-22 19:07:00+00:00,presentValue,analogValue_33,analogValue,,,,,,,,,,,,,,23.602251
2026-04-22 19:08:00+00:00,presentValue,analogValue_33,analogValue,,,,,,,,,,,,,,23.614578
2026-04-22 19:09:00+00:00,presentValue,analogValue_33,analogValue,,,,,,,,,,,,,,23.646095
2026-04-22 19:10:00+00:00,presentValue,analogValue_33,analogValue,,,,,,,,,,,,,,23.651588
2026-04-22 19:11:00+00:00,presentValue,analogValue_33,analogValue,,,,,,,,,,,,,,23.68997
2026-04-22 19:12:00+00:00,presentValue,analogValue_33,analogValue,,,,,,,,,,,,,,23.710535
2026-04-22 19:13:00+00:00,presentValue,analogValue_33,analogValue,,,,,,,,,,,,,,23.733847
2026-04-22 19:14:00+00:00,presentValue,analogValue_33,analogValue,,,,,,,,,,,,,,23.75438
2026-04-22 19:15:00+00:00,presentValue,analogValue_33,analogValue,,,,,,,,,,,,,,23.75575
2026-04-22 19:16:00+00:00,presentValue,analogValue_33,analogValue,,,,,,,,,,,,,,23.799627
2026-04-22 19:17:00+00:00,presentValue,analogValue_33,analogValue,,,,,,,,,,,,,,23.821564
2026-04-22 19:18:00+00:00,presentValue,analogValue_33,analogValue,,,,,,,,,,,,,,24.613972
2026-04-22 19:19:00+00:00,presentValue,analogValue_33,analogValue,,,,,,,,,,,,,,24.024464
2026-04-22 19:20:00+00:00,presentValue,analogValue_33,analogValue,,,,,,,,,,,,,,24.019001
2026-04-22 19:21:00+00:00,presentValue,analogValue_33,analogValue,,,,,,,,,,,,,,24.019001
2026-04-22 19:22:00+00:00,presentValue,analogValue_33,analogValue,,,,,,,,,,,,,,24.029924
2026-04-22 19:23:00+00:00,presentValue,analogValue_33,analogValue,,,,,,,,,,,,,,24.040909
2026-04-22 19:24:00+00:00,presentValue,analogValue_33,analogValue,,,,,,,,,,,,,,24.040909
2026-04-22 19:25:00+00:00,presentValue,analogValue_33,analogValue,,,,,,,,,,,,,,24.062847
2026-04-22 19:26:00+00:00,presentValue,analogValue_33,analogValue,,,,,,,,,,,,,,24.065592
2026-04-22 19:27:00+00:00,presentValue,analogValue_33,analogValue,,,,,,,,,,,,,,24.084784
2026-04-22 19:28:00+00:00,presentValue,analogValue_33,analogValue,,,,,,,,,,,,,,24.106691
2026-04-22 19:29:00+00:00,presentValue,analogValue_33,analogValue,,,,,,,,,,,,,,24.106691
2026-04-22 19:30:00+00:00,presentValue,analogValue_33,analogValue,,,,,,,,,,,,,,24.128658
2026-04-22 19:31:00+00:00,presentValue,analogValue_33,analogValue,,,,,,,,,,,,,,24.139612
2026-04-22 19:32:00+00:00,presentValue,analogValue_33,analogValue,,,,,,,,,,,,,,24.150534
2026-04-22 19:33:00+00:00,presentValue,analogValue_33,analogValue,,,,,,,,,,,,,,24.172503
2026-04-22 19:34:00+00:00,presentValue,analogValue_33,analogValue,,,,,,,,,,,,,,24.18895
2026-04-22 19:35:00+00:00,presentValue,analogValue_33,analogValue,,,,,,,,,,,,,,24.21638
2026-04-22 19:36:00+00:00,presentValue,analogValue_33,analogValue,,,,,,,,,,,,,,24.225992
2026-04-22 19:37:00+00:00,presentValue,analogValue_33,analogValue,,,,,,,,,,,,,,24.238348
2026-04-22 19:38:00+00:00,presentValue,analogValue_33,analogValue,,,,,,,,,,,,,,24.260254
2026-04-22 19:39:00+00:00,presentValue,analogValue_33,analogValue,,,,,,,,,,,,,,24.26715
2026-04-22 19:40:00+00:00,presentValue,analogValue_33,analogValue,,,,,,,,,,,,,,24.28219
2026-04-22 19:41:00+00:00,presentValue,analogValue_33,analogValue,,,,,,,,,,,,,,24.304129
2026-04-22 19:42:00+00:00,presentValue,analogValue_33,analogValue,,,,,,,,,,,,,,24.326035
2026-04-22 19:43:00+00:00,presentValue,analogValue_33,analogValue,,,,,,,,,,,,,,24.34663
2026-04-22 19:44:00+00:00,presentValue,analogValue_33,analogValue,,,,,,,,,,,,,,24.353495
2026-04-22 19:45:00+00:00,presentValue,analogValue_33,analogValue,,,,,,,,,,,,,,24.369944
2026-04-22 19:46:00+00:00,presentValue,analogValue_33,analogValue,,,,,,,,,,,,,,24.391878
2026-04-22 19:47:00+00:00,presentValue,analogValue_33,analogValue,,,,,,,,,,,,,,24.408356
2026-04-22 19:48:00+00:00,presentValue,analogValue_33,analogValue,,,,,,,,,,,,,,24.413816
2026-04-22 19:49:00+00:00,presentValue,analogValue_33,analogValue,,,,,,,,,,,,,,24.435724
2026-04-22 19:50:00+00:00,presentValue,analogValue_33,analogValue,,,,,,,,,,,,,,24.446737
2026-04-22 19:51:00+00:00,presentValue,analogValue_33,analogValue,,,,,,,,,,,,,,24.457663
2026-04-22 19:52:00+00:00,presentValue,analogValue_33,analogValue,,,,,,,,,,,,,,24.468645
2026-04-22 19:53:00+00:00,presentValue,analogValue_33,analogValue,,,,,,,,,,,,,,24.47963
2026-04-22 19:54:00+00:00,presentValue,analogValue_33,analogValue,,,,,,,,,,,,,,24.490583
2026-04-22 19:55:00+00:00,presentValue,analogValue_33,analogValue,,,,,,,,,,,,,,24.501568
2026-04-22 19:56:00+00:00,presentValue,analogValue_33,analogValue,,,,,,,,,,,,,,24.508371
2026-04-22 19:57:00+00:00,presentValue,analogValue_33,analogValue,,,,,,,,,,,,,,24.523504
2026-04-22 19:58:00+00:00,presentValue,analogValue_33,analogValue,,,,,,,,,,,,,,24.523504
2026-04-22 19:59:00+00:00,presentValue,analogValue_33,analogValue,,,,,,,,,,,,,,24.545412
2026-04-22 20:00:00+00:00,presentValue,analogValue_33,analogValue,,,,,,,,,,,,,,24.545412
2026-04-22 20:01:00+00:00,presentValue,analogValue_33,analogValue,,,,,,,,,,,,,,24.567348
2026-04-22 20:02:00+00:00,presentValue,analogValue_33,analogValue,,,,,,,,,,,,,,24.567348
2026-04-22 20:03:00+00:00,presentValue,analogValue_33,analogValue,,,,,,,,,,,,,,24.567348
2026-04-22 20:04:00+00:00,presentValue,analogValue_33,analogValue,,,,,,,,,,,,,,24.58657
2026-04-22 20:05:00+00:00,presentValue,analogValue_33,analogValue,,,,,,,,,,,,,,24.58657
2026-04-22 20:06:00+00:00,presentValue,analogValue_33,analogValue,,,,,,,,,,,,,,24.593437
2026-04-22 20:07:00+00:00,presentValue,analogValue_33,analogValue,,,,,,,,,,,,,,24.611227
2026-04-22 20:08:00+00:00,presentValue,analogValue_33,analogValue,,,,,,,,,,,,,,24.611227
2026-04-22 20:09:00+00:00,presentValue,analogValue_33,analogValue,,,,,,,,,,,,,,24.624985
2026-04-22 20:10:00+00:00,presentValue,analogValue_33,analogValue,,,,,,,,,,,,,,24.633192
2026-04-22 20:11:00+00:00,presentValue,analogValue_33,analogValue,,,,,,,,,,,,,,24.646862
2026-04-22 20:12:00+00:00,presentValue,analogValue_33,analogValue,,,,,,,,,,,,,,24.65513
2026-04-22 20:13:00+00:00,presentValue,analogValue_33,analogValue,,,,,,,,,,,,,,24.65513
2026-04-22 20:14:00+00:00,presentValue,analogValue_33,analogValue,,,,,,,,,,,,,,24.677036
2026-04-22 20:15:00+00:00,presentValue,analogValue_33,analogValue,,,,,,,,,,,,,,24.677036
2026-04-22 20:16:00+00:00,presentValue,analogValue_33,analogValue,,,,,,,,,,,,,,24.694887
2026-04-22 20:17:00+00:00,presentValue,analogValue_33,analogValue,,,,,,,,,,,,,,24.699007
2026-04-22 20:18:00+00:00,presentValue,analogValue_33,analogValue,,,,,,,,,,,,,,24.708618
2026-04-22 20:19:00+00:00,presentValue,analogValue_33,analogValue,,,,,,,,,,,,,,25.13779
2026-04-22 20:20:00+00:00,presentValue,analogValue_33,analogValue,,,,,,,,,,,,,,24.358957
2026-04-22 20:21:00+00:00,presentValue,analogValue_33,analogValue,,,,,,,,,,,,,,24.4385
2026-04-22 20:22:00+00:00,presentValue,analogValue_33,analogValue,,,,,,,,,,,,,,24.457663
2026-04-22 20:23:00+00:00,presentValue,analogValue_33,analogValue,,,,,,,,,,,,,,24.457663
2026-04-22 20:24:00+00:00,presentValue,analogValue_33,analogValue,,,,,,,,,,,,,,24.457663
2026-04-22 20:25:00+00:00,presentValue,analogValue_33,analogValue,,,,,,,,,,,,,,24.457663
2026-04-22 20:26:00+00:00,presentValue,analogValue_33,analogValue,,,,,,,,,,,,,,24.457663
2026-04-22 20:27:00+00:00,presentValue,analogValue_33,analogValue,,,,,,,,,,,,,,24.457663
2026-04-22 20:28:00+00:00,presentValue,analogValue_33,analogValue,,,,,,,,,,,,,,24.457663
2026-04-22 20:29:00+00:00,presentValue,analogValue_33,analogValue,,,,,,,,,,,,,,24.457663
2026-04-22 20:30:00+00:00,presentValue,analogValue_33,analogValue,,,,,,,,,,,,,,24.457663
2026-04-22 20:31:00+00:00,presentValue,analogValue_33,analogValue,,,,,,,,,,,,,,24.457663
2026-04-22 20:32:00+00:00,presentValue,analogValue_33,analogValue,,,,,,,,,,,,,,24.463186
2026-04-22 20:33:00+00:00,presentValue,analogValue_33,analogValue,,,,,,,,,,,,,,24.472733
2026-04-22 20:34:00+00:00,presentValue,analogValue_33,analogValue,,,,,,,,,,,,,,24.467274
2026-04-22 20:35:00+00:00,presentValue,analogValue_33,analogValue,,,,,,,,,,,,,,24.47963
2026-04-22 20:36:00+00:00,presentValue,analogValue_33,analogValue,,,,,,,,,,,,,,24.47963
2026-04-22 20:37:00+00:00,presentValue,analogValue_33,analogValue,,,,,,,,,,,,,,24.47963
2026-04-22 20:38:00+00:00,presentValue,analogValue_33,analogValue,,,,,,,,,,,,,,24.47963
2026-04-22 20:39:00+00:00,presentValue,analogValue_33,analogValue,,,,,,,,,,,,,,24.47963
2026-04-22 20:40:00+00:00,presentValue,analogValue_33,analogValue,,,,,,,,,,,,,,24.496046
2026-04-22 20:41:00+00:00,presentValue,analogValue_33,analogValue,,,,,,,,,,,,,,24.501568
2026-04-22 20:42:00+00:00,presentValue,analogValue_33,analogValue,,,,,,,,,,,,,,24.501568
2026-04-22 20:43:00+00:00,presentValue,analogValue_33,analogValue,,,,,,,,,,,,,,24.515266
2026-04-22 20:44:00+00:00,presentValue,analogValue_33,analogValue,,,,,,,,,,,,,,24.523504
2026-04-22 20:45:00+00:00,presentValue,analogValue_33,analogValue,,,,,,,,,,,,,,24.523504
2026-04-22 20:46:00+00:00,presentValue,analogValue_33,analogValue,,,,,,,,,,,,,,24.523504
2026-04-22 20:47:00+00:00,presentValue,analogValue_33,analogValue,,,,,,,,,,,,,,24.534428
2026-04-22 20:48:00+00:00,presentValue,analogValue_33,analogValue,,,,,,,,,,,,,,24.545412
2026-04-22 20:49:00+00:00,presentValue,analogValue_33,analogValue,,,,,,,,,,,,,,24.545412
2026-04-22 20:50:00+00:00,presentValue,analogValue_33,analogValue,,,,,,,,,,,,,,24.567348
2026-04-22 20:51:00+00:00,presentValue,analogValue_33,analogValue,,,,,,,,,,,,,,24.567348
2026-04-22 20:52:00+00:00,presentValue,analogValue_33,analogValue,,,,,,,,,,,,,,24.567348
2026-04-22 20:53:00+00:00,presentValue,analogValue_33,analogValue,,,,,,,,,,,,,,24.567348
2026-04-22 20:54:00+00:00,presentValue,analogValue_33,analogValue,,,,,,,,,,,,,,24.587944
2026-04-22 20:55:00+00:00,presentValue,analogValue_33,analogValue,,,,,,,,,,,,,,24.589317
2026-04-22 20:56:00+00:00,presentValue,analogValue_33,analogValue,,,,,,,,,,,,,,24.589317
2026-04-22 20:57:00+00:00,presentValue,analogValue_33,analogValue,,,,,,,,,,,,,,24.589317
2026-04-22 20:58:00+00:00,presentValue,analogValue_33,analogValue,,,,,,,,,,,,,,24.600271
2026-04-22 20:59:00+00:00,presentValue,analogValue_33,analogValue,,,,,,,,,,,,,,24.611227
2026-04-22 21:00:00+00:00,presentValue,analogValue_33,analogValue,,,,,,,,,,,,,,24.611227
2026-04-22 21:01:00+00:00,presentValue,analogValue_33,analogValue,,,,,,,,,,,,,,24.611227
2026-04-22 21:02:00+00:00,presentValue,analogValue_33,analogValue,,,,,,,,,,,,,,24.611227
2026-04-22 21:03:00+00:00,presentValue,analogValue_33,analogValue,,,,,,,,,,,,,,24.611227
2026-04-22 21:04:00+00:00,presentValue,analogValue_33,analogValue,,,,,,,,,,,,,,24.63182
2026-04-22 21:05:00+00:00,presentValue,analogValue_33,analogValue,,,,,,,,,,,,,,24.633192
2026-04-22 21:06:00+00:00,presentValue,analogValue_33,analogValue,,,,,,,,,,,,,,24.633192
2026-04-22 21:07:00+00:00,presentValue,analogValue_33,analogValue,,,,,,,,,,,,,,24.649609
2026-04-22 21:08:00+00:00,presentValue,analogValue_33,analogValue,,,,,,,,,,,,,,24.65513
2026-04-22 21:09:00+00:00,presentValue,analogValue_33,analogValue,,,,,,,,,,,,,,24.65513
2026-04-22 21:10:00+00:00,presentValue,analogValue_33,analogValue,,,,,,,,,,,,,,24.65513
2026-04-22 21:11:00+00:00,presentValue,analogValue_33,analogValue,,,,,,,,,,,,,,24.65513
2026-04-22 21:12:00+00:00,presentValue,analogValue_33,analogValue,,,,,,,,,,,,,,24.666117
2026-04-22 21:13:00+00:00,presentValue,analogValue_33,analogValue,,,,,,,,,,,,,,24.677036
2026-04-22 21:14:00+00:00,presentValue,analogValue_33,analogValue,,,,,,,,,,,,,,24.677036
2026-04-22 21:15:00+00:00,presentValue,analogValue_33,analogValue,,,,,,,,,,,,,,24.677036
2026-04-22 21:16:00+00:00,presentValue,analogValue_33,analogValue,,,,,,,,,,,,,,24.681156
2026-04-22 21:17:00+00:00,presentValue,analogValue_33,analogValue,,,,,,,,,,,,,,24.682499
2026-04-22 21:18:00+00:00,presentValue,analogValue_33,analogValue,,,,,,,,,,,,,,24.694887
2026-04-22 21:19:00+00:00,presentValue,analogValue_33,analogValue,,,,,,,,,,,,,,24.699007
2026-04-22 21:20:00+00:00,presentValue,analogValue_33,analogValue,,,,,,,,,,,,,,24.699007
2026-04-22 21:21:00+00:00,presentValue,analogValue_33,analogValue,,,,,,,,,,,,,,24.699007
2026-04-22 21:22:00+00:00,presentValue,analogValue_33,analogValue,,,,,,,,,,,,,,24.699007
2026-04-22 21:23:00+00:00,presentValue,analogValue_33,analogValue,,,,,,,,,,,,,,24.699007
2026-04-22 21:24:00+00:00,presentValue,analogValue_33,analogValue,,,,,,,,,,,,,,24.699007
2026-04-22 21:25:00+00:00,presentValue,analogValue_33,analogValue,,,,,,,,,,,,,,24.699007
2026-04-22 21:26:00+00:00,presentValue,analogValue_33,analogValue,,,,,,,,,,,,,,24.699007
2026-04-22 21:27:00+00:00,presentValue,analogValue_33,analogValue,,,,,,,,,,,,,,24.699007
2026-04-22 21:28:00+00:00,presentValue,analogValue_33,analogValue,,,,,,,,,,,,,,24.699007
2026-04-22 21:29:00+00:00,presentValue,analogValue_33,analogValue,,,,,,,,,,,,,,24.699007
2026-04-22 21:30:00+00:00,presentValue,analogValue_33,analogValue,,,,,,,,,,,,,,24.699007
2026-04-22 21:31:00+00:00,presentValue,analogValue_33,analogValue,,,,,,,,,,,,,,24.699007
2026-04-22 21:32:00+00:00,presentValue,analogValue_33,analogValue,,,,,,,,,,,,,,24.699007
2026-04-22 21:33:00+00:00,presentValue,analogValue_33,analogValue,,,,,,,,,,,,,,24.699007
2026-04-22 21:34:00+00:00,presentValue,analogValue_33,analogValue,,,,,,,,,,,,,,24.699007
2026-04-22 21:35:00+00:00,presentValue,analogValue_33,analogValue,,,,,,,,,,,,,,24.699007
2026-04-22 21:36:00+00:00,presentValue,analogValue_33,analogValue,,,,,,,,,,,,,,24.693514
2026-04-22 21:37:00+00:00,presentValue,analogValue_33,analogValue,,,,,,,,,,,,,,24.683905
2026-04-22 21:38:00+00:00,presentValue,analogValue_33,analogValue,,,,,,,,,,,,,,24.677036
2026-04-22 21:39:00+00:00,presentValue,analogValue_33,analogValue,,,,,,,,,,,,,,24.677036
2026-04-22 21:40:00+00:00,presentValue,analogValue_33,analogValue,,,,,,,,,,,,,,24.671576
2026-04-22 21:41:00+00:00,presentValue,analogValue_33,analogValue,,,,,,,,,,,,,,24.65513
2026-04-22 21:42:00+00:00,presentValue,analogValue_33,analogValue,,,,,,,,,,,,,,24.65513
2026-04-22 21:43:00+00:00,presentValue,analogValue_33,analogValue,,,,,,,,,,,,,,24.638655
2026-04-22 21:44:00+00:00,presentValue,analogValue_33,analogValue,,,,,,,,,,,,,,24.633192
2026-04-22 21:45:00+00:00,presentValue,analogValue_33,analogValue,,,,,,,,,,,,,,24.616716
2026-04-22 21:46:00+00:00,presentValue,analogValue_33,analogValue,,,,,,,,,,,,,,24.611227
2026-04-22 21:47:00+00:00,presentValue,analogValue_33,analogValue,,,,,,,,,,,,,,24.609852
2026-04-22 21:48:00+00:00,presentValue,analogValue_33,analogValue,,,,,,,,,,,,,,24.589317
2026-04-22 21:49:00+00:00,presentValue,analogValue_33,analogValue,,,,,,,,,,,,,,24.583826
2026-04-22 21:50:00+00:00,presentValue,analogValue_33,analogValue,,,,,,,,,,,,,,24.567348
2026-04-22 21:51:00+00:00,presentValue,analogValue_33,analogValue,,,,,,,,,,,,,,23.728384
2026-04-22 21:52:00+00:00,presentValue,analogValue_33,analogValue,,,,,,,,,,,,,,23.562496
2026-04-22 21:53:00+00:00,presentValue,analogValue_33,analogValue,,,,,,,,,,,,,,23.74483
2026-04-22 21:54:00+00:00,presentValue,analogValue_33,analogValue,,,,,,,,,,,,,,23.77772
2026-04-22 21:55:00+00:00,presentValue,analogValue_33,analogValue,,,,,,,,,,,,,,23.77223
2026-04-22 21:56:00+00:00,presentValue,analogValue_33,analogValue,,,,,,,,,,,,,,23.753036
2026-04-22 21:57:00+00:00,presentValue,analogValue_33,analogValue,,,,,,,,,,,,,,23.733847
2026-04-22 21:58:00+00:00,presentValue,analogValue_33,analogValue,,,,,,,,,,,,,,23.711908
2026-04-22 21:59:00+00:00,presentValue,analogValue_33,analogValue,,,,,,,,,,,,,,23.68997
2026-04-22 22:00:00+00:00,presentValue,analogValue_33,analogValue,,,,,,,,,,,,,,23.66535
2026-04-22 22:01:00+00:00,presentValue,analogValue_33,analogValue,,,,,,,,,,,,,,23.646095
2026-04-22 22:02:00+00:00,presentValue,analogValue_33,analogValue,,,,,,,,,,,,,,23.613205
2026-04-22 22:03:00+00:00,presentValue,analogValue_33,analogValue,,,,,,,,,,,,,,23.59679
2026-04-22 22:04:00+00:00,presentValue,analogValue_33,analogValue,,,,,,,,,,,,,,23.558407
2026-04-22 22:05:00+00:00,presentValue,analogValue_33,analogValue,,,,,,,,,,,,,,23.541931
2026-04-22 22:06:00+00:00,presentValue,analogValue_33,analogValue,,,,,,,,,,,,,,23.525517
2026-04-22 22:07:00+00:00,presentValue,analogValue_33,analogValue,,,,,,,,,,,,,,23.506294
2026-04-22 22:08:00+00:00,presentValue,analogValue_33,analogValue,,,,,,,,,,,,,,23.470657
2026-04-22 22:09:00+00:00,presentValue,analogValue_33,analogValue,,,,,,,,,,,,,,23.470657
2026-04-22 22:10:00+00:00,presentValue,analogValue_33,analogValue,,,,,,,,,,,,,,23.432306
2026-04-22 22:11:00+00:00,presentValue,analogValue_33,analogValue,,,,,,,,,,,,,,23.426813
2026-04-22 22:12:00+00:00,presentValue,analogValue_33,analogValue,,,,,,,,,,,,,,23.40213
2026-04-22 22:13:00+00:00,presentValue,analogValue_33,analogValue,,,,,,,,,,,,,,23.382969
2026-04-22 22:14:00+00:00,presentValue,analogValue_33,analogValue,,,,,,,,,,,,,,23.361032
2026-04-22 22:15:00+00:00,presentValue,analogValue_33,analogValue,,,,,,,,,,,,,,23.339127
2026-04-22 22:16:00+00:00,presentValue,analogValue_33,analogValue,,,,,,,,,,,,,,23.317158
2026-04-22 22:17:00+00:00,presentValue,analogValue_33,analogValue,,,,,,,,,,,,,,23.295221
2026-04-22 22:18:00+00:00,presentValue,analogValue_33,analogValue,,,,,,,,,,,,,,23.273314
2026-04-22 22:19:00+00:00,presentValue,analogValue_33,analogValue,,,,,,,,,,,,,,23.251375
2026-04-22 22:20:00+00:00,presentValue,analogValue_33,analogValue,,,,,,,,,,,,,,23.22944
2026-04-22 22:21:00+00:00,presentValue,analogValue_33,analogValue,,,,,,,,,,,,,,23.207533
2026-04-22 22:22:00+00:00,presentValue,analogValue_33,analogValue,,,,,,,,,,,,,,23.185564
2026-04-22 22:23:00+00:00,presentValue,analogValue_33,analogValue,,,,,,,,,,,,,,23.163689
2026-04-22 22:24:00+00:00,presentValue,analogValue_33,analogValue,,,,,,,,,,,,,,23.160944
2026-04-22 22:25:00+00:00,presentValue,analogValue_33,analogValue,,,,,,,,,,,,,,23.125305
2026-04-22 22:26:00+00:00,presentValue,analogValue_33,analogValue,,,,,,,,,,,,,,23.118443
2026-04-22 22:27:00+00:00,presentValue,analogValue_33,analogValue,,,,,,,,,,,,,,23.096535
2026-04-22 22:28:00+00:00,presentValue,analogValue_33,analogValue,,,,,,,,,,,,,,23.07594
2026-04-22 22:29:00+00:00,presentValue,analogValue_33,analogValue,,,,,,,,,,,,,,23.051289
2026-04-22 22:30:00+00:00,presentValue,analogValue_33,analogValue,,,,,,,,,,,,,,23.032095
2026-04-22 22:31:00+00:00,presentValue,analogValue_33,analogValue,,,,,,,,,,,,,,23.010126
2026-04-22 22:32:00+00:00,presentValue,analogValue_33,analogValue,,,,,,,,,,,,,,22.988281
2026-04-22 22:33:00+00:00,presentValue,analogValue_33,analogValue,,,,,,,,,,,,,,22.966316
2026-04-22 22:34:00+00:00,presentValue,analogValue_33,analogValue,,,,,,,,,,,,,,22.945782
2026-04-22 22:35:00+00:00,presentValue,analogValue_33,analogValue,,,,,,,,,,,,,,22.927933
2026-04-22 22:36:00+00:00,presentValue,analogValue_33,analogValue,,,,,,,,,,,,,,22.908772
2026-04-22 22:37:00+00:00,presentValue,analogValue_33,analogValue,,,,,,,,,,,,,,22.900534
2026-04-22 22:38:00+00:00,presentValue,analogValue_33,analogValue,,,,,,,,,,,,,,22.867643
2026-04-22 22:39:00+00:00,presentValue,analogValue_33,analogValue,,,,,,,,,,,,,,22.856659
2026-04-22 22:40:00+00:00,presentValue,analogValue_33,analogValue,,,,,,,,,,,,,,22.834753
2026-04-22 22:41:00+00:00,presentValue,analogValue_33,analogValue,,,,,,,,,,,,,,22.812847
2026-04-22 22:42:00+00:00,presentValue,analogValue_33,analogValue,,,,,,,,,,,,,,22.790909
2026-04-22 22:43:00+00:00,presentValue,analogValue_33,analogValue,,,,,,,,,,,,,,22.769001
2026-04-22 22:44:00+00:00,presentValue,analogValue_33,analogValue,,,,,,,,,,,,,,22.752558
2026-04-22 22:45:00+00:00,presentValue,analogValue_33,analogValue,,,,,,,,,,,,,,22.729248
2026-04-22 22:46:00+00:00,presentValue,analogValue_33,analogValue,,,,,,,,,,,,,,22.725128
2026-04-22 22:47:00+00:00,presentValue,analogValue_33,analogValue,,,,,,,,,,,,,,22.693611
2026-04-22 22:48:00+00:00,presentValue,analogValue_33,analogValue,,,,,,,,,,,,,,22.681284
2026-04-22 22:49:00+00:00,presentValue,analogValue_33,analogValue,,,,,,,,,,,,,,22.659378
2026-04-22 22:50:00+00:00,presentValue,analogValue_33,analogValue,,,,,,,,,,,,,,22.63744
2026-04-22 22:51:00+00:00,presentValue,analogValue_33,analogValue,,,,,,,,,,,,,,22.615501
2026-04-22 22:52:00+00:00,presentValue,analogValue_33,analogValue,,,,,,,,,,,,,,22.60455
2026-04-22 22:53:00+00:00,presentValue,analogValue_33,analogValue,,,,,,,,,,,,,,22.593597
2026-04-22 22:54:00+00:00,presentValue,analogValue_33,analogValue,,,,,,,,,,,,,,22.571661
2026-04-22 22:55:00+00:00,presentValue,analogValue_33,analogValue,,,,,,,,,,,,,,22.549692
2026-04-22 22:56:00+00:00,presentValue,analogValue_33,analogValue,,,,,,,,,,,,,,22.527847
2026-04-22 22:57:00+00:00,presentValue,analogValue_33,analogValue,,,,,,,,,,,,,,22.505878
2026-04-22 22:58:00+00:00,presentValue,analogValue_33,analogValue,,,,,,,,,,,,,,22.49221
2026-04-22 22:59:00+00:00,presentValue,analogValue_33,analogValue,,,,,,,,,,,,,,22.472988
2026-04-22 23:00:00+00:00,presentValue,analogValue_33,analogValue,,,,,,,,,,,,,,22.45932
