timestamp,RAD,T_AMB,T5,T8,P8,T3,T2,T4,P4,P5,CAUDAL,EV FB,CAUDAL VAP,Nivel
2026-04-22 07:01:00-04:00,0.0,5.8459206,39.843678,40.502567,-0.011924744,7.6798916,8.503933,10.514987,0.29471686,-0.0036885738,0.0,0.45080104,0.0,233.98634
2026-04-22 07:02:00-04:00,0.0,5.881218,39.80838,40.46727,-0.011532307,7.6759696,8.503933,10.498515,0.29476127,-0.0036885738,0.0,0.45094824,0.0,233.94713
2026-04-22 07:03:00-04:00,0.0,5.971424,39.777004,40.43197,-0.011728525,7.6720476,8.495695,10.483383,0.2943615,-0.0036885738,0.0,0.45053363,0.0,233.96674
2026-04-22 07:04:00-04:00,0.0,6.0518246,39.741707,40.41236,-0.011728525,7.6642036,8.48209,10.470998,0.2943171,-0.0036885738,0.0,0.45059803,0.0,234.00595
2026-04-22 07:05:00-04:00,0.0,6.094967,39.70249,40.373142,-0.011728525,7.6681256,8.468422,10.449003,0.29445046,-0.0036885738,0.0,0.4505266,0.0,234.02557
2026-04-22 07:06:00-04:00,0.0,6.1498756,39.682884,40.318233,-0.012120724,7.6681256,8.460216,10.429752,0.29480553,-0.0038847923,0.0,0.45062512,0.0,233.98634
2026-04-22 07:07:00-04:00,0.0,6.1988945,39.65151,40.279015,-0.012120724,7.6524377,8.460216,10.427038,0.29418388,-0.0036885738,0.0,0.45080432,0.0,233.94713
2026-04-22 07:08:00-04:00,0.0,6.2518406,39.612286,40.25548,-0.012120724,7.6485157,8.447984,10.404982,0.29418388,-0.0038847923,0.0,0.45055082,0.0,233.98634
2026-04-22 07:09:00-04:00,0.0,6.2832165,39.58091,40.224106,-0.011924744,7.6524377,8.438406,10.382986,0.2944947,-0.0036885738,0.0,0.45054328,0.0,234.00595
2026-04-22 07:10:00-04:00,0.0,6.3381233,39.55346,40.188812,-0.011728525,7.6406717,8.426143,10.382986,0.29400626,-0.0036885738,0.0,0.45040315,0.0,233.98634
2026-04-22 07:11:00-04:00,0.0,6.3498898,39.522083,40.153515,-0.011728525,7.6406717,8.4165945,10.3609915,0.2943171,-0.0038847923,0.0,0.45047778,0.0,233.96674
2026-04-22 07:12:00-04:00,0.0,6.3204746,39.490707,40.13783,-0.011728525,7.6367497,8.4165945,10.338997,0.29453924,-0.0036885738,0.0,0.45055574,0.0,233.94713
2026-04-22 07:13:00-04:00,0.0,6.279295,39.4358,40.098606,-0.011532307,7.6367497,8.411134,10.338997,0.2943615,-0.0038847923,0.0,0.45072117,0.0,233.94713
2026-04-22 07:14:00-04:00,0.0,6.2302704,39.416187,40.059387,-0.011924744,7.6367497,8.394752,10.316971,0.29418388,-0.0036885738,0.0,0.45037737,0.0,233.90791
2026-04-22 07:15:00-04:00,0.0,6.21262,39.38481,40.031933,-0.011924744,7.6406717,8.394752,10.294975,0.2951609,-0.0034925938,0.0,0.45015028,0.0,233.94713
2026-04-22 07:16:00-04:00,0.0,6.202816,39.33775,39.996635,-0.011532307,7.624984,8.372909,10.294975,0.29396185,-0.0036885738,0.0,0.4505685,0.0,233.94713
2026-04-22 07:17:00-04:00,0.0,6.189089,39.31814,39.953495,-0.011728525,7.624984,8.372909,10.27298,0.29458365,-0.0036885738,0.0,0.45070308,0.0,233.94713
2026-04-22 07:18:00-04:00,0.0,6.1753674,39.298527,39.941727,-0.011924744,7.624984,8.372909,10.250955,0.29485008,-0.0038847923,0.0,0.4503875,0.0,233.94713
2026-04-22 07:19:00-04:00,0.0,6.1439915,39.247547,39.902508,-0.011532307,7.613218,8.351098,10.245463,0.29453924,-0.0034925938,0.0,0.4501998,0.0,233.92752
2026-04-22 07:20:00-04:00,0.0,6.1224213,39.21617,39.8476,-0.011728525,7.613218,8.351098,10.229021,0.29511648,-0.0036885738,0.0,0.45071635,0.0,233.94713
2026-04-22 07:21:00-04:00,0.0,6.071436,39.161266,39.80446,-0.011728525,7.605374,8.337431,10.206996,0.29418388,-0.0038847923,0.0,0.45073912,0.0,233.94713
2026-04-22 07:22:00-04:00,0.0,5.98123,39.12989,39.76524,-0.011532307,7.5936136,8.329255,10.206996,0.29471686,-0.0036885738,0.0,0.45031643,0.0,233.96674
2026-04-22 07:23:00-04:00,0.0,5.947893,39.098515,39.71426,-0.011728525,7.5936136,8.329255,10.18497,0.2939176,-0.0038847923,0.0,0.45061713,0.0,233.57454
2026-04-22 07:24:00-04:00,0.0,5.9361267,39.043606,39.65935,-0.011924744,7.5936136,8.329255,10.176733,0.29480553,-0.0040807724,0.0,0.45069566,0.0,233.55493
2026-04-22 07:25:00-04:00,0.0,5.9537754,39.000465,39.624054,-0.011728525,7.589692,8.318366,10.162975,0.29422843,-0.0036885738,0.0,0.45074674,0.0,233.57454
2026-04-22 07:26:00-04:00,0.0,5.9988785,38.965164,39.5966,-0.011532307,7.574004,8.307413,10.151993,0.29405066,-0.0036885738,0.0,0.45056424,0.0,233.55493
2026-04-22 07:27:00-04:00,0.0,6.049864,38.929867,39.57699,-0.012120724,7.56616,8.301984,10.140949,0.29498312,-0.0036885738,0.0,0.45064577,0.0,233.57454
2026-04-22 07:28:00-04:00,13.510808,6.077318,38.906334,39.55346,-0.011728525,7.5622377,8.285602,10.118984,0.2943171,-0.0036885738,0.0,0.4502495,0.0,233.59415
2026-04-22 07:29:00-04:00,15.251189,6.126343,38.85535,39.518158,-0.012120724,7.5426283,8.285602,10.106599,0.29507208,-0.0036885738,0.0,0.45023075,0.0,233.55493
2026-04-22 07:30:00-04:00,15.2757015,6.1910496,38.827896,39.486782,-0.012120724,7.54655,8.285602,10.09699,0.2949389,-0.0038847923,0.0,0.45061657,0.0,233.59415
2026-04-22 07:31:00-04:00,15.2757015,6.2361526,38.808292,39.463253,-0.011728525,7.54655,8.285602,10.074964,0.29440606,-0.0036885738,0.0,0.4505282,0.0,233.57454
2026-04-22 07:32:00-04:00,15.2757015,6.300865,38.772995,39.42403,-0.011924744,7.54655,8.26379,10.074964,0.29453924,-0.0038847923,0.0,0.45036143,0.0,233.55493
2026-04-22 07:33:00-04:00,23.92847,6.334202,38.74554,39.39658,-0.011532307,7.530862,8.26379,10.052938,0.29462805,-0.0036885738,0.0,0.45051223,0.0,233.57454
2026-04-22 07:34:00-04:00,23.952984,6.3577347,38.70632,39.373047,-0.011728525,7.5347843,8.26379,10.030943,0.29422843,-0.0038847923,0.0,0.45043287,0.0,233.61375
2026-04-22 07:35:00-04:00,15.251189,6.3734226,38.694553,39.353436,-0.011924744,7.530862,8.24872,10.030943,0.2948945,-0.0038847923,0.0,0.45070034,0.0,233.55493
2026-04-22 07:36:00-04:00,15.251189,6.4028378,38.663177,39.32206,-0.011924744,7.5269403,8.241948,10.00898,0.29445046,-0.0036885738,0.0,0.45027548,0.0,233.57454
2026-04-22 07:37:00-04:00,15.2757015,6.422447,38.6318,39.302452,-0.011728525,7.5190964,8.241948,10.002053,0.29409522,-0.0036885738,0.0,0.4501586,0.0,233.57454
2026-04-22 07:38:00-04:00,8.28974,6.463627,38.600426,39.274998,-0.012120724,7.523018,8.241948,9.986983,0.29462805,-0.0036885738,0.0,0.45050862,0.0,233.57454
2026-04-22 07:39:00-04:00,10.054633,6.4597054,38.58474,39.243626,-0.011924744,7.523018,8.231027,9.970449,0.29422843,-0.0038847923,0.0,0.4502207,0.0,233.55493
2026-04-22 07:40:00-04:00,15.251189,6.385189,38.553364,39.220093,-0.012120724,7.5269403,8.220106,9.964989,0.2952497,-0.0036885738,0.0,0.4504491,0.0,233.55493
2026-04-22 07:41:00-04:00,15.251189,6.3498898,38.52983,39.192642,-0.011532307,7.523018,8.220106,9.942964,0.29458365,-0.0034925938,0.0,0.4506966,0.0,233.57454
2026-04-22 07:42:00-04:00,15.300215,6.334202,38.506298,39.15734,-0.011532307,7.5269403,8.202383,9.942964,0.29498312,-0.0036885738,0.0,0.4503935,0.0,233.55493
2026-04-22 07:43:00-04:00,15.2757015,6.318514,38.474922,39.118122,-0.011728525,7.5269403,8.198264,9.920968,0.2944947,-0.0036885738,0.0,0.45045808,0.0,233.57454
2026-04-22 07:44:00-04:00,15.251189,6.332241,38.443546,39.09459,-0.011728525,7.5190964,8.198264,9.920968,0.2943615,-0.0036885738,0.0,0.4503399,0.0,233.59415
2026-04-22 07:45:00-04:00,15.2757015,6.3577347,38.42786,39.05537,-0.012120724,7.499486,8.198264,9.899005,0.29453924,-0.0036885738,0.0,0.4503036,0.0,233.57454
2026-04-22 07:46:00-04:00,15.2757015,6.4067593,38.38864,39.035763,-0.011728525,7.5112524,8.196921,9.899005,0.29511648,-0.0036885738,0.0,0.45017081,0.0,233.59415
2026-04-22 07:47:00-04:00,15.2757015,6.438135,38.361187,38.99262,-0.011924744,7.50733,8.176453,9.876947,0.29480553,-0.0036885738,0.0,0.45018202,0.0,233.59415
2026-04-22 07:48:00-04:00,23.952984,6.471472,38.31805,38.965164,-0.011924744,7.50733,8.176453,9.857729,0.29471686,-0.0036885738,0.0,0.45012432,0.0,233.59415
2026-04-22 07:49:00-04:00,23.92847,6.506769,38.294518,38.941635,-0.011728525,7.5034084,8.170991,9.854954,0.29440606,-0.0036885738,0.0,0.45028484,0.0,233.1039
2026-04-22 07:50:00-04:00,23.92847,6.5479507,38.27491,38.91418,-0.012316942,7.491642,8.16007,9.846747,0.29498312,-0.0036885738,0.0,0.4502694,0.0,233.1235
2026-04-22 07:51:00-04:00,23.92847,6.5655994,38.247456,38.89457,-0.011924744,7.491642,8.15461,9.832957,0.2948945,-0.0036885738,0.0,0.4503106,0.0,233.1039
2026-04-22 07:52:00-04:00,23.92847,6.583248,38.22,38.867115,-0.012120724,7.5112524,8.15461,9.812335,0.29498312,-0.0034925938,0.0,0.45058954,0.0,233.1235
2026-04-22 07:53:00-04:00,23.92847,6.6087418,38.184704,38.843582,-0.012120724,7.515174,8.15461,9.810962,0.2944947,-0.0034925938,0.0,0.4503605,0.0,233.1039
2026-04-22 07:54:00-04:00,23.90396,6.647955,38.169014,38.820053,-0.012120724,7.4955645,8.153237,9.793086,0.29507208,-0.0038847923,0.0,0.45026416,0.0,233.08429
2026-04-22 07:55:00-04:00,23.90396,6.67737,38.129795,38.780838,-0.011924744,7.491642,8.132799,9.788999,0.2948945,-0.0036885738,0.0,0.45003164,0.0,233.08429
2026-04-22 07:56:00-04:00,32.67929,6.6989403,38.125874,38.74554,-0.012120724,7.491642,8.132799,9.766973,0.29480553,-0.0034925938,0.0,0.45016778,0.0,233.1039
2026-04-22 07:57:00-04:00,32.67929,6.738161,38.086655,38.72985,-0.011924744,7.4955645,8.132799,9.766973,0.29498312,-0.0036885738,0.0,0.45027575,0.0,233.08429
2026-04-22 07:58:00-04:00,32.654778,6.828367,38.070965,38.694553,-0.012120724,7.499486,8.127369,9.744979,0.2953385,-0.0038847923,0.0,0.45018843,0.0,233.1039
2026-04-22 07:59:00-04:00,36.18449,6.91465,38.027824,38.659256,-0.011728525,7.491642,8.110926,9.744979,0.29498312,-0.0036885738,0.0,0.44998085,0.0,233.1039
2026-04-22 08:00:00-04:00,41.35657,6.9793625,37.99645,38.6318,-0.011728525,7.499486,8.110926,9.722983,0.29471686,-0.0036885738,0.0,0.45026255,0.0,233.08429
2026-04-22 08:01:00-04:00,41.35657,7.0185833,37.972916,38.596504,-0.012120724,7.4955645,8.110926,9.722983,0.2948945,-0.0034925938,0.0,0.4502489,0.0,233.08429
2026-04-22 08:02:00-04:00,41.35657,7.0558414,37.949383,38.561207,-0.011728525,7.4955645,8.110926,9.7037325,0.29471686,-0.0036885738,0.0,0.4500379,0.0,233.0451
2026-04-22 08:03:00-04:00,50.08288,7.0715294,37.906242,38.533752,-0.012120724,7.499486,8.110926,9.700988,0.29498312,-0.0036885738,0.0,0.45008373,0.0,233.1039
2026-04-22 08:04:00-04:00,51.82322,7.065647,37.88664,38.490612,-0.011924744,7.5112524,8.110926,9.678962,0.2946723,-0.0036885738,0.0,0.4500909,0.0,233.08429
2026-04-22 08:05:00-04:00,51.79871,7.0774117,37.83173,38.447468,-0.011924744,7.5190964,8.105496,9.678962,0.2952497,-0.0034925938,0.0,0.45007873,0.0,233.1039
2026-04-22 08:06:00-04:00,51.774197,7.106821,37.804276,38.416092,-0.011924744,7.50733,8.093202,9.669353,0.2944947,-0.0034925938,0.0,0.4501184,0.0,233.08429
2026-04-22 08:07:00-04:00,51.82322,7.1891823,37.7729,38.376873,-0.012120724,7.515174,8.089114,9.656998,0.29445046,-0.0036885738,0.0,0.4504027,0.0,233.1039
2026-04-22 08:08:00-04:00,57.01978,7.230364,37.737602,38.345505,-0.012120724,7.5112524,8.089114,9.6501045,0.2951609,-0.0036885738,0.0,0.45018193,0.0,233.1039
2026-04-22 08:09:00-04:00,60.525017,7.2499733,37.721912,38.33766,-0.012120724,7.5034084,8.089114,9.635004,0.29511648,-0.0036885738,0.0,0.45034528,0.0,233.1039
2026-04-22 08:10:00-04:00,60.525017,7.267624,37.686615,38.310207,-0.012120724,7.5269403,8.087772,9.635004,0.29462805,-0.0034925938,0.0,0.4501339,0.0,233.1235
2026-04-22 08:11:00-04:00,60.549526,7.2656612,37.65916,38.29844,-0.012120724,7.530862,8.067304,9.6129465,0.29511648,-0.0036885738,0.0,0.44984204,0.0,233.1235
2026-04-22 08:12:00-04:00,60.525017,7.2793884,37.63563,38.25922,-0.012120724,7.5269403,8.067304,9.6129465,0.2953385,-0.0034925938,0.0,0.4501621,0.0,233.14313
2026-04-22 08:13:00-04:00,60.549526,7.3558674,37.608177,38.235687,-0.012120724,7.5269403,8.067304,9.603399,0.29480553,-0.0036885738,0.0,0.45007476,0.0,233.08429
2026-04-22 08:14:00-04:00,60.500504,7.4401894,37.580723,38.20039,-0.012120724,7.5426283,8.067304,9.590982,0.29485008,-0.0036885738,0.0,0.4501719,0.0,233.1235
2026-04-22 08:15:00-04:00,60.549526,7.5205917,37.541504,38.16117,-0.011728525,7.54655,8.067304,9.590982,0.29498312,-0.0034925938,0.0,0.4499564,0.0,233.1039
2026-04-22 08:16:00-04:00,60.525017,7.5617657,37.51405,38.129795,-0.011924744,7.54655,8.067304,9.571765,0.29551613,-0.0034925938,0.0,0.4500946,0.0,233.14313
2026-04-22 08:17:00-04:00,60.525017,7.644127,37.466984,38.08273,-0.012120724,7.5504723,8.067304,9.568956,0.2948945,-0.0034925938,0.0,0.4501976,0.0,232.90784
2026-04-22 08:18:00-04:00,60.525017,7.702957,37.45522,38.047432,-0.012120724,7.554394,8.067304,9.562123,0.29507208,-0.0034925938,0.0,0.4499279,0.0,232.88821
2026-04-22 08:19:00-04:00,60.549526,7.750021,37.412083,38.019978,-0.012120724,7.56616,8.067304,9.546993,0.2944947,-0.0034925938,0.0,0.45012334,0.0,232.90784
2026-04-22 08:20:00-04:00,60.549526,7.7990456,37.39247,37.99645,-0.011924744,7.5779257,8.064589,9.546993,0.29507208,-0.0034925938,0.0,0.45023826,0.0,232.90784
2026-04-22 08:21:00-04:00,60.525017,7.842188,37.353252,37.96115,-0.012120724,7.5779257,8.061842,9.537353,0.2948945,-0.0036885738,0.0,0.45012015,0.0,232.88821
2026-04-22 08:22:00-04:00,60.500504,7.8617973,37.325798,37.933697,-0.011924744,7.5857697,8.048206,9.524998,0.29498312,-0.0032963753,0.0,0.45004562,0.0,232.90784
2026-04-22 08:23:00-04:00,60.525017,7.9049397,37.2905,37.90232,-0.011728525,7.597536,8.04546,9.524998,0.29507208,-0.0032963753,0.0,0.45014974,0.0,232.88821
2026-04-22 08:24:00-04:00,60.525017,7.9127846,37.255203,37.894474,-0.011728525,7.597536,8.056381,9.5153265,0.29507208,-0.0032963753,0.0,0.4499478,0.0,232.90784
2026-04-22 08:25:00-04:00,60.525017,7.9598465,37.23167,37.859184,-0.011924744,7.613218,8.04546,9.503002,0.29502767,-0.0034925938,0.0,0.45015192,0.0,232.88821
2026-04-22 08:26:00-04:00,69.22681,8.032398,37.212063,37.823887,-0.011924744,7.621062,8.04546,9.503002,0.2951609,-0.0032963753,0.0,0.44994214,0.0,232.90784
2026-04-22 08:27:00-04:00,69.22681,8.083384,37.176765,37.808197,-0.011532307,7.624984,8.04546,9.503002,0.29498312,-0.0034925938,0.0,0.45012236,0.0,232.90784
2026-04-22 08:28:00-04:00,77.87958,8.0912285,37.161076,37.796432,-0.011924744,7.6367497,8.04546,9.49199,0.29498312,-0.0032963753,0.0,0.45013386,0.0,232.90784
2026-04-22 08:29:00-04:00,86.60588,8.122604,37.12578,37.7729,-0.011728525,7.6406717,8.04546,9.480977,0.29507208,-0.0031003952,0.0,0.45041794,0.0,232.90784
2026-04-22 08:30:00-04:00,95.30768,8.171629,37.098324,37.757214,-0.011924744,7.6328278,8.04546,9.480977,0.29502767,-0.0031003952,0.0,0.45008385,0.0,232.92744
2026-04-22 08:31:00-04:00,95.33219,8.23242,37.08656,37.745445,-0.011924744,7.6485157,8.04546,9.480977,0.29542732,-0.0032963753,0.0,0.4503415,0.0,232.90784
2026-04-22 08:32:00-04:00,103.98496,8.255951,37.059105,37.73368,-0.011532307,7.6524377,8.04546,9.458982,0.2952497,-0.0032963753,0.0,0.4500974,0.0,232.90784
2026-04-22 08:33:00-04:00,104.00947,8.281445,37.043415,37.706226,-0.011728525,7.6642036,8.04546,9.458982,0.29480553,-0.0029044151,0.0,0.4502369,0.0,232.90784
2026-04-22 08:34:00-04:00,104.00947,8.33243,37.01204,37.67485,-0.011532307,7.6720476,8.0509205,9.458982,0.29502767,-0.0029044151,0.0,0.4501989,0.0,232.88821
2026-04-22 08:35:00-04:00,103.98496,8.379494,37.000275,37.667007,-0.011728525,7.6838136,8.049548,9.458982,0.29480553,-0.0029044151,0.0,0.45019057,0.0,232.94705
2026-04-22 08:36:00-04:00,104.00947,8.459894,36.972828,37.639553,-0.011532307,7.7034235,8.053636,9.44251,0.29480553,-0.0027079582,0.0,0.45036376,0.0,232.88821
2026-04-22 08:37:00-04:00,104.00947,8.485382,36.949295,37.627785,-0.012120724,7.7073455,8.056381,9.44251,0.29471686,-0.0029044151,0.0,0.44998184,0.0,232.90784
2026-04-22 08:38:00-04:00,103.98496,8.559898,36.941452,37.604256,-0.011924744,7.7269554,8.056381,9.437019,0.2951609,-0.0031003952,0.0,0.45042273,0.0,232.90784
2026-04-22 08:39:00-04:00,112.73578,8.620689,36.906155,37.565033,-0.011532307,7.7269554,8.064589,9.437019,0.2948945,-0.0029044151,0.0,0.45031023,0.0,232.90784
2026-04-22 08:40:00-04:00,112.73578,8.685402,36.894386,37.549347,-0.011924744,7.7387214,8.06593,9.434274,0.29507208,-0.0027079582,0.0,0.45045885,0.0,232.90784
2026-04-22 08:41:00-04:00,103.98496,8.732468,36.855167,37.537582,-0.011728525,7.7544093,8.064589,9.414993,0.29453924,-0.0027079582,0.0,0.45029813,0.0,232.88821
2026-04-22 08:42:00-04:00,103.98496,8.79718,36.843403,37.510128,-0.011532307,7.781863,8.067304,9.414993,0.29511648,-0.0027079582,0.0,0.4502509,0.0,232.90784
2026-04-22 08:43:00-04:00,95.33219,8.81679,36.81987,37.506207,-0.011532307,7.789707,8.067304,9.414993,0.29462805,-0.0025119781,0.0,0.45053884,0.0,232.88821
2026-04-22 08:44:00-04:00,95.33219,8.824633,36.796337,37.482674,-0.011924744,7.801473,8.067304,9.414993,0.2948945,-0.0025119781,0.0,0.450574,0.0,232.92744
2026-04-22 08:45:00-04:00,95.30768,8.828556,36.788494,37.451298,-0.011728525,7.825005,8.067304,9.414993,0.2952497,-0.0027079582,0.0,0.45032406,0.0,232.88821
2026-04-22 08:46:00-04:00,95.30768,8.905033,36.753197,37.42385,-0.011728525,7.825005,8.067304,9.414993,0.2952497,-0.0025119781,0.0,0.45063713,0.0,232.88821
2026-04-22 08:47:00-04:00,95.33219,8.924644,36.729664,37.40032,-0.011532307,7.844615,8.067304,9.414993,0.2949389,-0.0025119781,0.0,0.45078647,0.0,232.92744
2026-04-22 08:48:00-04:00,95.33219,8.999155,36.713974,37.38463,-0.011336327,7.856381,8.070017,9.414993,0.29502767,-0.002315998,0.0,0.4503467,0.0,232.88821
2026-04-22 08:49:00-04:00,103.98496,9.06583,36.70221,37.353252,-0.011924744,7.864225,8.086369,9.413651,0.29498312,-0.0025119781,0.0,0.4505466,0.0,232.90784
2026-04-22 08:50:00-04:00,103.98496,9.112894,36.670834,37.341488,-0.011532307,7.879913,8.089114,9.395742,0.2951609,-0.0025119781,0.0,0.45060042,0.0,232.90784
2026-04-22 08:51:00-04:00,104.03398,9.191334,36.655148,37.321877,-0.011532307,7.895601,8.089114,9.393028,0.29507208,-0.0021197796,0.0,0.45049733,0.0,232.90784
2026-04-22 08:52:00-04:00,103.98496,9.254086,36.619846,37.310112,-0.011532307,7.9112887,8.089114,9.393028,0.29498312,-0.002315998,0.0,0.45062917,0.0,232.90784
2026-04-22 08:53:00-04:00,104.00947,9.318798,36.612003,37.28658,-0.011728525,7.9230547,8.089114,9.393028,0.29511648,-0.0025119781,0.0,0.45048395,0.0,232.88821
2026-04-22 08:54:00-04:00,103.98496,9.34429,36.60024,37.274815,-0.011728525,7.9426646,8.102781,9.393028,0.2953385,-0.0025119781,0.0,0.45053142,0.0,232.88821
2026-04-22 08:55:00-04:00,103.98496,9.361938,36.568863,37.259125,-0.011532307,7.9544306,8.110926,9.393028,0.2952941,-0.0021197796,0.0,0.45080465,0.0,232.90784
2026-04-22 08:56:00-04:00,100.55326,9.4168415,36.568863,37.25128,-0.011728525,7.9661965,8.110926,9.393028,0.29498312,-0.0025119781,0.0,0.45071465,0.0,232.90784
2026-04-22 08:57:00-04:00,95.33219,9.469788,36.54141,37.24344,-0.011728525,7.9740405,8.110926,9.393028,0.2952053,-0.0025119781,0.0,0.45073807,0.0,232.90784
2026-04-22 08:58:00-04:00,95.30768,9.505085,36.533566,37.215984,-0.011336327,8.001494,8.110926,9.393028,0.2952497,-0.002315998,0.0,0.45070153,0.0,232.90784
2026-04-22 08:59:00-04:00,95.33219,9.538424,36.51396,37.196373,-0.011336327,8.009338,8.1123295,9.393028,0.29507208,-0.0021197796,0.0,0.45065546,0.0,232.90784
2026-04-22 09:00:00-04:00,95.30768,9.59137,36.49435,37.196373,-0.011532307,8.036793,8.124561,9.393028,0.2949389,-0.002315998,0.0,0.45074716,0.0,232.88821
2026-04-22 09:01:00-04:00,95.33219,9.618824,36.482586,37.19245,-0.011532307,8.03287,8.132799,9.393028,0.2948945,-0.002315998,0.0,0.4509713,0.0,232.39798
2026-04-22 09:02:00-04:00,95.33219,9.626667,36.47474,37.161076,-0.011728525,8.056402,8.132799,9.393028,0.29507208,-0.0025119781,0.0,0.45100993,0.0,232.41759
2026-04-22 09:03:00-04:00,97.04802,9.644316,36.459053,37.153233,-0.011728525,8.06424,8.138259,9.387507,0.29507208,-0.0021197796,0.0,0.45086166,0.0,232.39798
2026-04-22 09:04:00-04:00,104.00947,9.644316,36.4316,37.141464,-0.011336327,8.087772,8.153237,9.393028,0.2952053,-0.002315998,0.0,0.45078492,0.0,232.41759
2026-04-22 09:05:00-04:00,103.96045,9.67177,36.419834,37.13362,-0.011924744,8.08385,8.15461,9.393028,0.2948945,-0.002315998,0.0,0.4505811,0.0,232.39798
2026-04-22 09:06:00-04:00,103.98496,9.703146,36.3963,37.110092,-0.011532307,8.10346,8.15461,9.393028,0.2952497,-0.002315998,0.0,0.45085418,0.0,232.39798
2026-04-22 09:07:00-04:00,103.98496,9.726679,36.37277,37.08656,-0.011336327,8.115226,8.15461,9.393028,0.29507208,-0.002315998,0.0,0.4509065,0.0,232.39798
2026-04-22 09:08:00-04:00,107.46568,9.761976,36.37277,37.059105,-0.011532307,8.12307,8.165562,9.386166,0.2953385,-0.002315998,0.0,0.4506731,0.0,232.37836
2026-04-22 09:09:00-04:00,112.68675,9.783546,36.345314,37.05126,-0.011532307,8.138758,8.176453,9.393028,0.2956049,-0.002315998,0.0,0.45096165,0.0,232.41759
2026-04-22 09:10:00-04:00,121.36404,9.83061,36.329628,37.02773,-0.011532307,8.158368,8.176453,9.393028,0.29511648,-0.002315998,0.0,0.450738,0.0,232.39798
2026-04-22 09:11:00-04:00,138.7186,9.873747,36.31394,37.023808,-0.011728525,8.177978,8.184597,9.393028,0.2951609,-0.0021197796,0.0,0.45105344,0.0,232.39798
2026-04-22 09:12:00-04:00,149.2833,9.903162,36.306095,37.01596,-0.011532307,8.1819,8.198264,9.391625,0.2948945,-0.002315998,0.0,0.450723,0.0,232.41759
2026-04-22 09:13:00-04:00,158.0096,9.934538,36.29433,37.000275,-0.011728525,8.201509,8.198264,9.393028,0.2951609,-0.0019237995,0.0,0.45086426,0.0,232.39798
2026-04-22 09:14:00-04:00,174.99648,9.96199,36.29433,36.99243,-0.011532307,8.197588,8.198264,9.393028,0.29578254,-0.0019237995,0.0,0.4508762,0.0,232.39798
2026-04-22 09:15:00-04:00,184.09047,9.981602,36.251186,36.972828,-0.011336327,8.232885,8.203755,9.393028,0.2951609,-0.002315998,0.0,0.45092174,0.0,232.39798
2026-04-22 09:16:00-04:00,203.18538,10.095339,36.247265,36.949295,-0.011532307,8.240729,8.220106,9.393028,0.2952497,-0.0021197796,0.0,0.4509487,0.0,232.41759
2026-04-22 09:17:00-04:00,204.80319,10.207115,36.247265,37.490517,0.14181519,8.483892,8.220106,9.393028,0.5583953,-0.004472971,100.02978,0.4901805,0.0,222.29898
2026-04-22 09:18:00-04:00,206.61708,10.2934,30.368286,23.920626,0.14220762,26.250256,8.222821,24.939102,0.5697631,-0.0040807724,102.32853,0.48888394,0.0,217.0828
2026-04-22 09:19:00-04:00,220.49092,10.391443,27.662151,31.27033,0.14220762,20.91642,8.241948,25.03027,0.563724,-0.0042767525,102.04064,0.48635548,0.0,219.00458
2026-04-22 09:20:00-04:00,272.67715,10.516947,25.065826,22.626389,0.1443646,25.885517,8.241948,27.1013,0.5583953,-0.0040807724,102.2057,0.4892323,0.0,218.84769
2026-04-22 09:21:00-04:00,272.7017,10.632645,27.5994,29.368193,0.1439724,23.826498,8.24329,24.939102,0.5610598,-0.0040807724,102.18269,0.48872018,0.0,216.14156
2026-04-22 09:22:00-04:00,302.9496,10.722851,24.469698,24.06966,0.14357996,24.928564,8.255584,23.97934,0.56283575,-0.0040807724,102.36366,0.48674747,0.0,218.43588
2026-04-22 09:23:00-04:00,333.5652,10.8189335,27.140533,27.473896,0.14357996,25.187408,8.26379,25.651821,0.5649673,-0.0040807724,101.98447,0.48694864,0.0,218.39667
2026-04-22 09:24:00-04:00,351.18936,10.924828,25.05014,25.454103,0.14181519,24.677557,8.276054,24.138086,0.5645676,-0.0038847923,102.23044,0.4856381,0.0,217.0828
2026-04-22 09:25:00-04:00,524.83307,11.069941,26.356148,26.360071,0.14357996,25.40704,8.285602,25.787203,0.5650562,-0.0038847923,102.2417,0.4852516,0.0,221.1028
2026-04-22 09:26:00-04:00,310.867,11.228775,25.603134,26.12083,0.14416838,24.846203,8.285602,24.506815,0.5584841,-0.0040807724,101.847305,0.48520547,0.0,216.72984
2026-04-22 09:27:00-04:00,485.02542,11.41703,25.916893,25.944345,0.14416838,25.34821,8.299238,25.47775,0.5595055,-0.0038847923,102.17419,0.48166203,0.0,219.23988
2026-04-22 09:28:00-04:00,292.06622,11.587637,25.916893,26.344383,0.1439724,25.073671,8.307413,25.027462,0.5636796,-0.0036885738,101.82866,0.48340717,0.0,218.6712
2026-04-22 09:29:00-04:00,225.7365,11.76412,25.861984,26.02278,0.14456058,25.30899,8.323795,25.378315,0.56159246,-0.0040807724,101.82367,0.48236752,0.0,217.78876
2026-04-22 09:30:00-04:00,227.64847,11.866091,26.014936,26.340462,0.14357996,25.242317,8.329255,25.320313,0.56021595,-0.0036885738,101.665085,0.48230675,0.0,215.78857
2026-04-22 09:31:00-04:00,208.33292,11.870014,25.885517,26.14044,0.1443646,25.3286,8.329255,25.365898,0.5640792,-0.0036885738,101.87477,0.4794562,0.0,217.8672
2026-04-22 09:32:00-04:00,210.02426,11.956297,26.030624,26.30124,0.143188,25.3639,8.342892,25.465334,0.56026036,-0.0036885738,101.85266,0.47903532,0.0,218.22017
2026-04-22 09:33:00-04:00,206.59256,12.083763,25.971794,26.30124,0.1443646,25.3639,8.351098,25.419748,0.5606156,-0.0040807724,102.16854,0.47840244,0.0,218.57315
2026-04-22 09:34:00-04:00,206.56805,12.195534,26.042389,26.29732,0.1439724,25.422728,8.372909,25.51095,0.5632799,-0.0036885738,101.84863,0.47777843,0.0,219.0634
2026-04-22 09:35:00-04:00,203.08733,12.277893,26.038467,26.32085,0.14416838,25.434494,8.378401,25.488829,0.5627471,-0.0036885738,101.813965,0.47982132,0.0,216.94556
2026-04-22 09:36:00-04:00,197.89078,12.248478,26.046312,26.313007,0.1424036,25.489403,8.394752,25.55098,0.5607044,-0.0034925938,102.074974,0.48012236,0.0,218.90652
2026-04-22 09:37:00-04:00,197.86626,12.111214,26.058079,26.328695,0.143188,25.489403,8.400212,25.55513,0.5618589,-0.0034925938,101.86198,0.47954407,0.0,220.92632
2026-04-22 09:38:00-04:00,201.3715,12.073956,26.058079,26.336538,0.1424036,25.497246,8.4165945,25.4239,0.29347342,-0.001531601,0.0,0.4514928,0.0,228.45644
2026-04-22 09:39:00-04:00,197.89078,12.036697,26.08161,26.367914,0.14357996,25.414885,8.4165945,25.353449,0.29378426,-0.0031003952,102.12142,0.48088348,0.0,218.61237
2026-04-22 09:40:00-04:00,197.84175,12.0504265,26.085531,26.340462,-0.0111403465,25.458027,8.438406,25.267801,0.29365104,-0.001531601,102.069016,0.47867453,0.0,218.4751
2026-04-22 09:41:00-04:00,192.76776,12.06023,26.042389,26.316929,-0.0111403465,25.458027,8.454787,25.353449,0.29387304,-0.0013356209,0.0,0.45108688,0.0,228.47604
2026-04-22 09:42:00-04:00,192.76776,12.077877,26.030624,26.313007,-0.011336327,25.25016,8.460216,25.267801,0.29378426,-0.0013356209,0.0,0.45139802,0.0,228.47604
2026-04-22 09:43:00-04:00,192.76776,12.140629,26.014936,26.309086,-0.011728525,24.97955,8.479375,25.200129,0.29365104,-0.001531601,0.0,0.45148003,0.0,228.47604
2026-04-22 09:44:00-04:00,192.74324,12.162197,26.014936,26.32085,-0.011336327,24.74423,8.483432,25.115854,0.29382867,-0.0013356209,0.0,0.4516801,0.0,228.47604
2026-04-22 09:45:00-04:00,192.74324,12.166119,25.987482,26.324772,-0.011532307,24.58735,8.503933,25.06478,0.29400626,-0.001531601,0.0,0.45144802,0.0,228.47604
2026-04-22 09:46:00-04:00,192.74324,12.156311,25.995327,26.29732,-0.011532307,24.489307,8.505275,25.002625,0.29329583,-0.001727581,0.0,0.45165277,0.0,228.49562
2026-04-22 09:47:00-04:00,192.76776,12.075916,26.00317,26.265944,-0.011532307,24.39518,8.5257435,24.937666,0.2931182,-0.001531601,0.0,0.4515885,0.0,228.47604
2026-04-22 09:48:00-04:00,192.76776,12.0582695,25.987482,26.230644,-0.011728525,24.33635,8.5475855,24.89211,0.29356223,-0.001531601,0.0,0.45171723,0.0,228.47604
2026-04-22 09:49:00-04:00,201.32248,12.077877,26.007092,26.360071,0.14338398,24.367725,8.5475855,24.948772,0.5591947,-0.0034925938,0.0,0.4835157,0.0,218.57315
2026-04-22 09:50:00-04:00,223.72652,12.077877,26.08161,26.195347,0.1424036,25.281536,8.569398,25.66012,0.5610598,-0.0036885738,101.91903,0.4828373,0.0,217.55344
2026-04-22 09:51:00-04:00,218.84862,12.140629,25.93258,26.324772,0.14357996,25.22663,8.591239,25.32309,0.55715203,-0.0036885738,102.01441,0.48346314,0.0,220.08308
2026-04-22 09:52:00-04:00,223.94713,12.185726,25.916893,26.112986,0.14338398,25.454103,8.591239,25.50265,0.55724084,-0.0032963753,102.20724,0.4816865,0.0,217.80836
2026-04-22 09:53:00-04:00,237.79646,12.238674,25.979637,26.316929,0.14456058,25.403118,8.613082,25.461184,0.56168145,-0.0034925938,101.8475,0.4812938,0.0,216.88673
2026-04-22 09:54:00-04:00,255.17554,12.31319,25.916893,26.152206,0.1443646,25.469791,8.634925,25.444616,0.5591947,-0.0036885738,101.94628,0.4812478,0.0,217.61227
2026-04-22 09:55:00-04:00,277.89822,12.377903,25.975716,26.281631,0.14299178,25.481558,8.634925,25.512291,0.56168145,-0.0032963753,102.26234,0.4803483,0.0,219.59283
2026-04-22 09:56:00-04:00,297.0177,12.4877205,25.944345,26.230644,0.14201117,25.501167,8.656735,25.512291,0.55777365,-0.0032963753,101.85794,0.48072314,0.0,218.55354
2026-04-22 09:57:00-04:00,421.80875,12.6269455,26.018858,26.29732,0.143188,25.540382,8.678578,25.55513,0.5632799,-0.0034925938,101.88436,0.48004016,0.0,218.39667
2026-04-22 09:58:00-04:00,534.4418,12.899521,26.042389,26.340462,0.14338398,25.563913,8.6812935,25.560654,0.5590171,-0.0029044151,102.07057,0.47876573,0.0,218.84769
2026-04-22 09:59:00-04:00,462.2537,13.156406,26.195347,26.524788,0.143188,25.681574,8.705881,25.709887,0.5618145,-0.0027079582,102.025826,0.47808594,0.0,219.0438
2026-04-22 10:00:00-04:00,393.05606,13.4074135,26.383602,26.728731,0.14338398,25.83453,8.722232,25.859089,0.55777365,-0.0025119781,102.368774,0.47818005,0.0,217.57304
2026-04-22 10:01:00-04:00,316.1371,13.613312,26.62676,26.924824,0.1439724,26.042389,8.742702,26.08564,0.5600384,-0.0025119781,101.93293,0.47732437,0.0,217.98485
2026-04-22 10:02:00-04:00,396.21808,13.691753,26.791483,27.128769,0.1424036,26.207113,8.765917,26.23347,0.5605712,-0.0025119781,102.289696,0.47707194,0.0,220.14192
2026-04-22 10:03:00-04:00,356.23886,13.793724,27.109158,27.48174,0.14299178,26.477724,8.765917,26.541613,0.5573298,-0.002315998,102.27835,0.47702774,0.0,219.47517
2026-04-22 10:04:00-04:00,357.7341,13.903538,27.391535,27.783733,0.14377642,26.732653,8.787727,26.541613,0.55786246,-0.0021197796,102.40355,0.47750396,0.0,218.14174
2026-04-22 10:05:00-04:00,343.98288,13.899616,27.63862,27.991592,0.1424036,27.022875,8.809602,27.052906,0.55573094,-0.0021197796,102.292145,0.4767642,0.0,219.0634
2026-04-22 10:06:00-04:00,360.23438,13.797646,27.92492,28.27397,0.14259958,27.269958,8.825953,27.318274,0.56017154,-0.0021197796,102.235855,0.47695345,0.0,219.59283
2026-04-22 10:07:00-04:00,405.8759,13.76823,28.179848,28.564198,0.14338398,27.493507,8.847795,27.539457,0.55786246,-0.0021197796,0.0,0.47640178,0.0,219.96542
2026-04-22 10:08:00-04:00,429.28494,13.742737,28.532822,28.89756,0.14338398,27.819025,8.853254,27.900177,0.557685,-0.002315998,101.74361,0.4759417,0.0,219.35751
2026-04-22 10:09:00-04:00,372.09824,13.7211685,28.921091,29.340738,0.1427958,28.132784,8.877811,27.539457,0.55786246,-0.0021197796,0.0,0.47597277,0.0,218.53394
2026-04-22 10:10:00-04:00,326.65283,13.632923,29.219156,29.599588,0.14220762,28.481834,8.896909,27.900177,0.557685,-0.0019237995,102.480255,0.47571832,0.0,220.00465
2026-04-22 10:11:00-04:00,357.66058,13.548599,29.544682,29.960405,0.14416838,28.732836,8.918752,28.850048,0.5583953,-0.0021197796,102.33829,0.47757557,0.0,220.47528
2026-04-22 10:12:00-04:00,363.07776,13.568211,29.925108,30.325144,0.1424036,29.089737,8.984279,29.219257,0.5581289,-0.0021197796,0.0,0.4775932,0.0,219.4948
2026-04-22 10:13:00-04:00,330.5012,13.672142,30.238861,30.615366,0.14416838,29.399569,8.999256,29.553957,0.55448765,-0.0021197796,102.3019,0.47745654,0.0,220.80865
2026-04-22 10:14:00-04:00,377.76053,13.811371,30.587912,31.007565,0.14416838,29.725086,8.984279,29.876242,0.5551537,-0.0019237995,102.445595,0.47680533,0.0,220.37724
2026-04-22 10:15:00-04:00,362.29333,13.901577,30.90167,31.278175,0.1447568,30.0663,8.999256,30.238623,0.5535108,-0.0019237995,102.39636,0.47629294,0.0,221.02437
2026-04-22 10:16:00-04:00,445.97766,13.980011,31.156593,31.552708,0.14377642,30.329067,9.019757,30.4434,0.55448765,-0.0021197796,102.13094,0.4765331,0.0,221.65186
2026-04-22 10:17:00-04:00,500.8357,14.140812,31.63507,32.054718,0.14338398,30.70557,9.027932,30.917953,0.55448765,-0.001727581,102.54524,0.47534972,0.0,220.65178
2026-04-22 10:18:00-04:00,403.5227,14.303577,32.227283,32.682228,0.14357996,31.215424,9.049806,31.472822,0.5556421,-0.0021197796,102.56128,0.47600713,0.0,220.53412
2026-04-22 10:19:00-04:00,501.64462,14.23494,32.697914,33.160706,0.14456058,31.705666,9.077078,31.918455,0.5550649,-0.001727581,102.20888,0.47641188,0.0,221.37735
2026-04-22 10:20:00-04:00,581.1373,14.315342,33.431316,33.98431,0.1447568,32.242973,9.094801,32.5704,0.5524895,-0.0019237995,102.45309,0.47488394,0.0,221.2793
2026-04-22 10:21:00-04:00,516.81757,14.446724,34.23531,34.74124,0.1443646,33.03128,9.115271,33.377586,0.55568653,-0.0019237995,101.890854,0.47488335,0.0,221.76952
2026-04-22 10:22:00-04:00,562.8268,14.495747,35.027546,35.627598,0.14416838,33.729385,9.1412325,34.082397,0.55395484,-0.0019237995,102.09196,0.47421053,0.0,222.63235
2026-04-22 10:23:00-04:00,580.6716,14.495747,35.839386,36.38846,0.14416838,34.56868,9.158955,34.939796,0.5551093,-0.0019237995,102.104004,0.4743085,0.0,223.53441
2026-04-22 10:24:00-04:00,483.43213,14.664391,36.74143,37.380707,0.1447568,35.329533,9.182139,35.77246,0.5530224,-0.0019237995,102.11718,0.47455317,0.0,222.88728
2026-04-22 10:25:00-04:00,564.42004,14.77813,37.447376,38.016056,0.1439724,36.09823,9.202641,36.482033,0.55457664,-0.001727581,101.79558,0.47483027,0.0,225.29927
2026-04-22 10:26:00-04:00,514.7586,14.858532,38.40825,39.00831,0.1443646,36.957138,9.224452,37.407948,0.5492922,-0.001531601,102.710815,0.47457913,0.0,224.78941
2026-04-22 10:27:00-04:00,590.9422,14.884026,39.180874,39.835835,0.14357996,37.710148,9.246294,38.119186,0.5517791,-0.001531601,102.07208,0.47430775,0.0,226.08366
2026-04-22 10:28:00-04:00,589.1773,15.0173645,40.149593,40.765335,0.14495277,38.635723,9.2681675,39.13573,0.55200094,-0.001531601,102.169716,0.47408968,0.0,225.27966
2026-04-22 10:29:00-04:00,589.1773,15.068352,41.047714,41.702675,0.14534521,39.490707,9.289978,39.13573,0.5517791,-0.001531601,102.24327,0.473762,0.0,226.59349
2026-04-22 10:30:00-04:00,590.8932,15.087959,41.961525,42.612564,0.14495277,40.39275,9.313164,40.896378,0.5522674,-0.001531601,102.23358,0.47364548,0.0,225.84834
2026-04-22 10:31:00-04:00,590.8932,15.156597,42.87926,43.561672,0.14377642,41.255577,9.336379,41.817997,0.5524451,-0.0019237995,101.941154,0.47423542,0.0,228.55446
2026-04-22 10:32:00-04:00,589.1283,15.386024,43.804836,44.491173,0.1443646,42.16154,9.377349,42.732914,0.55013585,-0.001727581,0.0,0.47342956,0.0,227.1818
2026-04-22 10:33:00-04:00,589.1528,15.521336,44.573532,45.099075,0.1443646,43.063587,9.381405,43.582783,0.55040246,-0.001531601,102.52733,0.47385433,0.0,229.47612
2026-04-22 10:34:00-04:00,590.8932,15.49192,44.608833,45.063774,0.1447568,43.38519,9.416883,43.28283,0.5500472,-0.001727581,102.25462,0.47390512,0.0,229.47612
2026-04-22 10:35:00-04:00,590.8932,15.593891,44.789238,45.21281,0.1447568,43.581284,9.44013,43.97314,0.5500472,-0.001531601,102.60127,0.47293037,0.0,229.22119
2026-04-22 10:36:00-04:00,594.4964,15.715473,44.789238,45.20889,0.1447568,43.65972,9.464687,44.01758,0.5492478,-0.00055098534,93.98208,0.45321488,0.0,238.20242
2026-04-22 10:37:00-04:00,592.6335,16.005695,44.804924,45.23242,0.1447568,43.640114,9.486499,44.01758,0.5492478,-0.001727581,87.04315,0.47436392,0.0,228.86821
2026-04-22 10:38:00-04:00,592.60895,16.148846,44.7461,45.09123,0.1447568,43.644035,9.508372,44.103676,0.5492478,-0.0013356209,102.11669,0.47496122,0.0,228.2015
2026-04-22 10:39:00-04:00,596.11426,16.201794,44.750023,45.177513,0.14514875,43.640114,9.530214,44.050938,0.5514237,-0.001531601,101.44851,0.4752078,0.0,229.4369
2026-04-22 10:40:00-04:00,599.61945,16.252777,44.922585,45.369686,0.1443646,43.79307,9.552027,44.27316,0.5526226,-0.001531601,101.804146,0.47436,0.0,229.29964
2026-04-22 10:41:00-04:00,601.2863,16.356705,45.4795,46.02465,0.14534521,44.15781,9.595711,44.726093,0.5517345,-0.0013356209,101.42236,0.4751887,0.0,230.45662
2026-04-22 10:42:00-04:00,604.76697,16.356705,46.165836,46.76197,0.1443646,44.72257,9.617584,45.34024,0.5514237,-0.001531601,101.75394,0.47449666,0.0,229.69183
2026-04-22 10:43:00-04:00,604.76697,16.533195,46.965916,47.57381,0.14514875,45.455967,9.639366,46.09632,0.5486262,-0.001531601,101.943115,0.47451818,0.0,229.96637
2026-04-22 10:44:00-04:00,606.48285,16.413574,47.895412,48.58567,0.14495277,46.23643,9.662611,46.881714,0.55022484,-0.001531601,101.47071,0.47453114,0.0,229.45651
2026-04-22 10:45:00-04:00,608.2723,16.270428,48.91511,49.581844,0.1439724,47.158085,9.699463,47.857826,0.5497808,-0.001531601,101.7341,0.47427192,0.0,230.33896
2026-04-22 10:46:00-04:00,610.99304,16.413574,50.009335,50.7545,0.1439724,48.146416,9.726766,48.868996,0.55084646,-0.001531601,101.86417,0.4740452,0.0,232.47641
2026-04-22 10:47:00-04:00,611.72845,16.395924,51.087868,51.825188,0.14612937,49.18573,9.751324,49.912514,0.55040246,-0.001531601,101.87019,0.474449,0.0,232.16266
2026-04-22 10:48:00-04:00,613.4688,16.464561,52.197777,52.93118,0.14573717,50.24465,9.789548,50.97583,0.54893696,-0.001531601,101.92433,0.47424906,0.0,233.20195
2026-04-22 10:49:00-04:00,615.18463,16.4626,53.244938,53.994022,0.14514875,51.25259,9.814105,52.039474,0.55146825,-0.001531601,101.871346,0.47374675,0.0,233.39806
2026-04-22 10:50:00-04:00,616.9495,16.48809,54.3666,55.111767,0.14652157,52.311516,9.835947,53.12018,0.5479601,-0.001531601,101.783806,0.47403523,0.0,237.67296
2026-04-22 10:51:00-04:00,618.6899,16.572414,55.445133,56.198143,0.14612937,53.35082,9.861908,54.17059,0.55040246,-0.001531601,101.603966,0.4737537,0.0,236.47678
2026-04-22 10:52:00-04:00,622.1215,16.572414,56.555046,57.308052,0.14632559,54.40582,9.901474,55.260376,0.54649466,-0.0013356209,101.859474,0.47386014,0.0,237.98671
2026-04-22 10:53:00-04:00,625.6268,16.743015,57.657112,58.441498,0.14671755,55.488277,9.923317,56.35608,0.5478713,-0.0019237995,101.58031,0.47338963,0.0,238.98682
2026-04-22 10:54:00-04:00,625.5777,16.87048,58.786617,59.56317,0.146914,56.56681,9.962914,57.480015,0.54898137,-0.0013356209,101.82255,0.47360337,0.0,239.65356
2026-04-22 10:55:00-04:00,627.3426,16.874401,59.916138,60.700523,0.14789438,57.68064,9.988844,57.480015,0.54898137,-0.001531601,101.78522,0.4740766,0.0,239.86926
2026-04-22 10:56:00-04:00,629.034,16.654778,61.0535,61.830044,0.14789438,58.7631,10.025697,59.72769,0.54445213,-0.001531601,102.02134,0.4738664,0.0,241.35959
2026-04-22 10:57:00-04:00,630.8479,16.70184,62.167336,62.967407,0.14730597,59.904373,10.054373,60.836082,0.5473829,-0.001531601,101.67675,0.47402745,0.0,241.41843
2026-04-22 10:58:00-04:00,632.46564,16.693996,63.3047,64.12438,0.14828634,60.99075,10.076245,61.97414,0.54822654,-0.001531601,101.597824,0.47364095,0.0,242.98718
2026-04-22 10:59:00-04:00,634.206,16.799885,64.469505,65.293106,0.14809036,62.143803,10.1199,63.120937,0.5456954,-0.0013356209,101.640594,0.47321925,0.0,246.59538
2026-04-22 11:00:00-04:00,635.9954,16.731255,65.59902,66.41479,0.14730597,63.241947,10.141743,64.282135,0.5462728,-0.0013356209,101.765816,0.4732776,0.0,245.16386
2026-04-22 11:01:00-04:00,637.6867,16.82734,66.77953,67.607056,0.14887476,64.375374,10.163585,65.34731,0.54507375,-0.001139164,101.65068,0.47343552,0.0,245.37956
2026-04-22 11:02:00-04:00,637.7112,16.809689,67.952194,68.78756,0.14652157,65.497055,10.207271,66.60577,0.54320884,-0.001531601,101.5765,0.47327152,0.0,245.51683
2026-04-22 11:03:00-04:00,642.9078,16.837143,69.09347,69.93276,0.14887476,66.63049,10.234573,67.71085,0.54272026,-0.0013356209,101.72324,0.47340047,0.0,247.79156
2026-04-22 11:04:00-04:00,643.0058,16.795963,70.27397,71.10542,0.1484828,67.756096,10.272799,68.87786,0.54400796,-0.001531601,101.469,0.47330704,0.0,251.30171
2026-04-22 11:05:00-04:00,644.64813,16.75282,71.39957,72.2624,0.14887476,68.86208,10.29467,70.03972,0.54773796,-0.001139164,101.277054,0.47379166,0.0,251.39975
2026-04-22 11:06:00-04:00,646.0209,16.727333,72.587906,73.43898,0.14946318,69.98766,10.335609,71.21033,0.54587305,-0.001139164,101.07437,0.47364464,0.0,252.73317
2026-04-22 11:07:00-04:00,644.67267,16.729294,73.74488,74.63124,0.14946318,71.13287,10.360199,72.389786,0.54454094,-0.0013356209,101.48857,0.47366,0.0,254.28235
2026-04-22 11:08:00-04:00,646.1679,16.87048,74.945,75.80782,0.14907098,72.2624,10.403883,73.53882,0.54311985,-0.001531601,101.365036,0.47405928,0.0,254.92949
2026-04-22 11:09:00-04:00,646.364,17.060696,76.105896,76.956955,0.1500516,73.36446,10.425725,74.684074,0.54147696,-0.0013356209,101.36683,0.47351032,0.0,255.557
2026-04-22 11:10:00-04:00,649.8447,17.107761,77.262856,78.10607,0.1484828,74.51358,10.455744,75.847984,0.54280907,-0.001531601,101.50436,0.47329473,0.0,256.22372
2026-04-22 11:11:00-04:00,651.5851,17.282284,78.431595,79.29442,0.14789438,75.670555,10.491254,77.02211,0.54378605,-0.001531601,101.488434,0.47355944,0.0,258.69452
2026-04-22 11:12:00-04:00,653.35,17.278358,79.59641,80.47492,0.14867878,76.81184,10.518587,78.20225,0.54018927,-0.0013356209,101.346596,0.47353595,0.0,257.89053
2026-04-22 11:13:00-04:00,655.0167,17.411709,80.8083,81.686806,0.14926696,78.00019,10.556812,79.38842,0.5422762,-0.001531601,101.39773,0.47370186,0.0,259.36127
2026-04-22 11:14:00-04:00,656.80615,17.582314,81.9731,82.8673,0.14946318,79.168915,10.595037,80.579216,0.53930104,-0.0013356209,101.48255,0.47433186,0.0,262.3615
2026-04-22 11:15:00-04:00,656.7816,17.745071,83.17322,84.07526,0.14946318,80.35334,10.622309,81.767685,0.5412548,-0.0013356209,101.409615,0.4747858,0.0,263.44006
2026-04-22 11:16:00-04:00,660.2378,17.976467,84.38902,85.28714,0.14730597,81.541695,10.648301,82.99592,0.53885704,-0.001139164,101.05163,0.4749424,0.0,264.24408
2026-04-22 11:17:00-04:00,660.2378,18.119614,85.5852,86.5147,0.14710999,82.730034,10.687868,84.18805,0.5397453,-0.0013356209,101.06002,0.474322,0.0,267.46005
2026-04-22 11:18:00-04:00,660.1888,18.005882,86.84807,87.75796,0.14887476,83.9576,10.719259,85.41999,0.53876823,-0.001139164,101.30227,0.4744806,0.0,265.69522
2026-04-22 11:19:00-04:00,663.71857,17.813705,88.091324,89.0169,0.14769816,85.157715,10.753426,86.63411,0.54010046,-0.0013356209,101.3795,0.47486588,0.0,270.59763
2026-04-22 11:20:00-04:00,663.71857,17.92352,89.27182,90.2327,0.1484828,86.30685,10.775239,86.63411,0.53876823,-0.0013356209,100.87977,0.47424668,0.0,270.3231
2026-04-22 11:21:00-04:00,667.1993,18.050987,90.47978,91.46811,0.1484828,87.463806,10.818954,89.07353,0.5385017,-0.0013356209,100.85617,0.47465867,0.0,271.73495
2026-04-22 11:22:00-04:00,667.2483,18.215702,91.71912,92.70352,0.14671755,88.67177,10.861266,90.26223,0.5385017,-0.0013356209,101.11987,0.47425836,0.0,274.34308
2026-04-22 11:23:00-04:00,668.9642,18.358856,92.92706,93.91147,0.14828634,89.85227,10.884482,91.496475,0.538635,-0.0013356209,101.240234,0.4743942,0.0,281.24564
2026-04-22 11:24:00-04:00,668.93964,18.27061,94.15071,95.158646,0.14946318,91.02885,10.928167,92.7255,0.53814644,-0.0009431839,101.000305,0.47410068,0.0,275.61765
2026-04-22 11:25:00-04:00,670.6555,18.274532,95.33906,96.35092,0.15534568,92.16621,10.950041,93.92115,0.54058874,-0.0013356209,100.96573,0.47482988,0.0,280.9711
2026-04-22 11:26:00-04:00,672.42035,18.121574,96.5627,97.574554,0.16652346,93.33887,10.993756,95.10458,0.5485374,-0.0009431839,99.61854,0.47380063,0.0,280.3436
2026-04-22 11:27:00-04:00,672.3958,17.990196,97.67261,98.80997,0.17044544,94.507614,11.031981,96.25169,0.5555535,0.00023317337,97.92776,0.47442266,0.0,293.9919
2026-04-22 11:28:00-04:00,674.1117,18.107853,98.347176,100.006165,0.1933887,95.26062,11.059284,96.8854,0.5726494,0.014744282,98.09931,0.4740462,0.0,291.32504
2026-04-22 11:29:00-04:00,674.1117,18.356895,99.31982,100.87683,0.24260879,95.950874,11.103001,97.66892,0.61532295,0.0651412,98.45127,0.47435567,0.0,282.83405
2026-04-22 11:30:00-04:00,674.08716,18.417686,100.14734,101.453354,0.23868704,97.072556,11.12759,98.833885,0.5827294,0.066318035,91.7226,0.473897,0.0,295.56073
2026-04-22 11:31:00-04:00,674.1117,18.380424,100.884674,102.63778,0.30888987,97.551025,11.168529,99.182785,0.6753588,0.12965727,98.21571,0.4739151,0.0,281.7359
2026-04-22 11:32:00-04:00,674.1117,18.403957,101.959274,103.108406,0.32575393,98.76683,11.212245,100.680374,0.6985386,0.1547575,96.492195,0.47343293,0.0,285.36368
2026-04-22 11:33:00-04:00,675.80304,18.415726,102.92799,104.28891,0.38811255,99.661026,11.253216,101.47751,0.7576418,0.21123362,97.96488,0.4740556,0.0,281.9516
2026-04-22 11:34:00-04:00,677.5924,18.331402,104.05359,105.2341,0.42242956,100.770935,11.277774,102.66505,0.7911234,0.24927616,97.24451,0.47475708,0.0,284.2852
2026-04-22 11:35:00-04:00,679.2592,18.303947,105.15173,106.40284,0.47949362,101.7828,11.32152,103.70025,0.84827304,0.30339885,97.94394,0.47550797,0.0,283.26547
2026-04-22 11:36:00-04:00,679.28375,18.586323,106.24988,107.44998,0.52518415,102.87701,11.352911,104.88017,0.89569783,0.34908938,98.189354,0.474985,0.0,284.44208
2026-04-22 11:37:00-04:00,681.04865,18.96872,107.38332,108.61872,0.5810721,103.959465,11.387049,105.93307,0.9493395,0.40399647,98.30066,0.47543213,0.0,285.73627
2026-04-22 11:38:00-04:00,684.5293,18.947147,108.53244,109.72472,0.6330373,105.08114,11.430764,107.00611,1.0004057,0.45694256,98.17294,0.47505713,0.0,287.207
2026-04-22 11:39:00-04:00,686.2452,18.709866,109.66981,110.893456,0.6918664,106.20282,11.474449,108.207016,1.0543134,0.51439905,98.17763,0.47509462,0.0,285.75586
2026-04-22 11:40:00-04:00,686.2452,18.590248,110.803246,112.01905,0.7459893,107.34802,11.501784,109.36868,1.110353,0.57009053,98.19812,0.47505173,0.0,287.91296
2026-04-22 11:41:00-04:00,686.19617,18.492203,111.92885,113.17209,0.8048184,108.430466,11.540008,110.4798,1.1698116,0.6289196,98.48882,0.47497374,0.0,289.22684
2026-04-22 11:42:00-04:00,686.2207,18.511814,113.08189,114.32122,0.8667846,109.548225,11.583726,111.62238,1.2316682,0.6897094,98.554474,0.4748775,0.0,290.8544
2026-04-22 11:43:00-04:00,687.96106,18.511814,114.23494,115.478195,0.9305165,110.70912,11.624664,112.7512,1.292681,0.75402904,98.45152,0.49026385,0.0,293.54095
2026-04-22 11:44:00-04:00,691.04956,18.511814,115.3723,116.61555,0.9971893,111.83864,11.649253,113.50018,1.3362873,0.8207021,98.1113,0.47449896,0.0,293.7959
2026-04-22 11:45:00-04:00,693.0596,18.68045,116.48613,117.75683,1.0620971,112.97207,11.692969,114.93342,1.4207458,0.8860023,98.263306,0.56505835,0.0,297.03146
2026-04-22 11:46:00-04:00,693.1086,18.962833,117.748985,119.0197,1.1403396,114.20356,11.736654,116.29203,1.5033398,0.96287227,98.39084,0.6773454,0.0,299.4042
2026-04-22 11:47:00-04:00,693.1331,18.980484,118.81576,120.07862,1.2048557,115.2821,11.780402,117.33298,1.5635977,1.0291526,98.46158,0.76765925,0.0,295.61954
2026-04-22 11:48:00-04:00,694.8244,18.949108,119.95312,121.21597,1.2785878,116.36847,11.824088,118.4553,1.6358005,1.1021008,98.316635,0.6590155,0.0,299.75717
2026-04-22 11:49:00-04:00,694.8489,18.951069,121.0748,122.3455,1.3527126,117.49407,11.856882,119.5808,1.7139093,1.1768138,98.377785,0.7283016,0.0,299.816
2026-04-22 11:50:00-04:00,696.4422,19.023624,122.16901,123.47109,1.4293866,118.58044,11.889677,120.709564,1.7894872,1.2530951,98.284096,0.90806824,0.0,304.01248
2026-04-22 11:51:00-04:00,696.5893,19.007938,123.28676,124.57708,1.5060601,119.69427,11.938825,121.821655,1.8628448,1.3301613,98.3469,0.8520963,0.0,301.71817
2026-04-22 11:52:00-04:00,698.32965,18.929497,124.392746,125.70268,1.5858717,120.800255,11.97708,122.32953,1.9005004,1.4095807,98.05372,0.8124241,0.0,305.95386
2026-04-22 11:53:00-04:00,698.3051,18.929497,125.48697,126.79297,1.6647024,121.84741,12.020765,124.02137,2.020217,1.4899802,98.17623,0.8611796,0.0,309.03256
2026-04-22 11:54:00-04:00,698.3051,18.827526,126.57335,127.89896,1.7509851,122.92987,12.064512,125.08042,2.1054754,1.5754786,98.312386,0.94895905,0.0,305.79697
2026-04-22 11:55:00-04:00,700.07007,18.915771,127.65971,128.9775,1.8345222,124.04369,12.064512,126.19832,2.189224,1.6594076,98.26636,1.0336055,0.0,307.16968
2026-04-22 11:56:00-04:00,700.07007,19.068722,128.7657,130.0874,1.9257073,125.11046,12.151915,127.28233,2.2789223,1.7503967,98.29245,0.9441732,0.0,306.77747
2026-04-22 11:57:00-04:00,701.81036,19.211876,129.87561,131.19339,2.0153232,126.20076,12.184709,128.39957,2.3724399,1.840013,98.51354,0.9554729,0.0,309.64047
2026-04-22 11:58:00-04:00,703.57526,19.404053,131.01297,132.33858,2.1123915,127.298904,12.233887,129.52283,2.4676003,1.935708,98.488,1.0204643,0.0,310.42487
2026-04-22 11:59:00-04:00,705.2666,19.425625,132.09543,133.43672,2.2039685,128.35391,12.274888,130.61653,2.5592084,2.028266,98.24767,2.4784172,0.0,314.38602
2026-04-22 12:00:00-04:00,705.3156,19.370716,132.9308,134.57018,2.2606406,129.27948,12.310368,131.46526,2.6179569,2.085526,98.03286,15.671313,0.0,312.64072
2026-04-22 12:01:00-04:00,707.0069,19.32169,133.79362,135.58987,2.3333921,130.07956,12.348623,132.32701,2.6942003,2.1567092,98.01688,30.909168,3.8939078,313.05252
2026-04-22 12:02:00-04:00,639.23096,19.5472,134.37407,136.40172,2.3622184,130.8561,12.399204,133.04485,2.7226195,2.1869078,98.090324,38.13724,11.29659,313.3663
2026-04-22 12:03:00-04:00,719.45905,19.776634,134.5231,137.13512,2.3016248,131.20515,12.436056,133.32603,2.7395382,2.1869078,96.783905,37.998333,19.86827,322.05338
2026-04-22 12:04:00-04:00,731.5435,19.937435,134.58586,137.52339,2.3902602,131.38164,12.479743,133.50018,2.7410038,2.1918106,96.72082,39.65385,24.429201,318.38638
2026-04-22 12:05:00-04:00,645.45703,20.153141,134.59763,137.5979,2.3663363,131.44046,12.52352,133.57724,2.7443786,2.1922026,97.08058,39.640545,25.522648,313.7781
2026-04-22 12:06:00-04:00,573.7592,20.008026,134.63684,137.58614,2.2888784,131.4836,12.567237,133.67717,2.7375846,2.1918106,97.120766,39.579247,25.44988,309.24826
2026-04-22 12:07:00-04:00,731.27386,19.817818,134.68,137.62144,2.3379025,131.48752,12.610922,133.7457,2.7409148,2.1978893,97.39434,39.704323,23.876497,303.73795
2026-04-22 12:08:00-04:00,717.6697,19.70996,134.66037,137.67242,2.3920255,131.55028,12.654639,133.82278,2.7640502,2.20338,96.95829,39.787407,24.00619,299.2473
2026-04-22 12:09:00-04:00,712.17896,19.425625,134.66821,137.67242,2.3261366,131.52283,12.698356,133.85986,2.7567232,2.1874967,97.01688,41.776775,26.60046,299.9729
2026-04-22 12:10:00-04:00,712.2034,19.049114,134.66037,137.68027,2.377514,131.52283,12.742072,133.84276,2.7348757,2.182006,97.49711,41.856735,28.102808,295.46268
2026-04-22 12:11:00-04:00,714.0174,18.805954,134.66821,137.6685,2.379475,131.53851,12.78582,133.84276,2.7446446,2.1878886,97.24902,41.739174,27.711908,283.77533
2026-04-22 12:12:00-04:00,715.61066,18.584362,134.67213,137.68027,2.3928099,131.56596,12.832252,133.87703,2.754725,2.192791,97.3037,41.595955,27.649412,277.99045
2026-04-22 12:13:00-04:00,747.05963,18.674568,134.66821,137.68419,2.4006534,131.56596,12.873221,133.9056,2.7587214,2.1906343,97.12877,42.945805,25.094627,266.5384
2026-04-22 12:14:00-04:00,681.9311,19.076569,134.68391,137.71164,2.3857503,131.62872,12.9224615,133.95699,2.7569005,2.1986737,97.24158,41.394985,22.949003,264.45978
2026-04-22 12:15:00-04:00,641.2165,19.445232,134.69176,137.73909,2.3786907,131.67186,12.960686,133.95126,2.745444,2.1959286,96.78241,41.97999,22.861824,254.04704
2026-04-22 12:16:00-04:00,599.42334,19.537395,134.68784,137.74301,2.3869267,131.7346,13.026308,133.9727,2.747309,2.1906343,97.1162,42.472397,22.77104,251.16443
2026-04-22 12:17:00-04:00,721.05237,19.45308,134.69568,137.75478,2.4020262,131.74637,13.068621,133.97983,2.7321227,2.1998506,96.72453,40.27547,16.0124,247.24248
2026-04-22 12:18:00-04:00,716.4686,19.470726,134.69568,137.78223,2.3851619,131.77383,13.113741,133.99983,2.7379396,2.1947517,97.056366,42.44958,18.698763,242.67343
2026-04-22 12:19:00-04:00,712.1054,19.768791,134.69568,137.78223,2.3884954,131.79736,13.143822,134.00269,2.7379396,2.1955361,96.88762,42.660946,29.096544,229.0251
2026-04-22 12:20:00-04:00,717.7677,19.90998,134.64076,137.80183,2.4151645,131.79344,13.205294,134.0141,2.74651,2.2165184,96.91249,39.64981,33.245934,234.59425
2026-04-22 12:21:00-04:00,719.1404,19.494251,134.68391,137.80183,2.387711,131.82089,13.264019,134.01697,2.736297,2.2161264,97.34704,40.079002,23.668139,223.69128
2026-04-22 12:22:00-04:00,717.3755,19.060879,134.69568,137.79007,2.3884954,131.82089,13.309172,133.97983,2.7348757,2.2000465,96.91847,41.00589,26.419863,208.70947
2026-04-22 12:23:00-04:00,432.3489,19.045189,134.69568,137.80968,2.3935938,131.8052,13.35423,133.98267,2.727904,2.2129889,97.468445,40.730507,0.0,205.29741
2026-04-22 12:24:00-04:00,591.653,19.319729,134.67606,137.82536,2.369082,131.86795,13.393859,133.99268,2.7406485,2.1990662,96.1483,41.953995,18.235943,201.72844
2026-04-22 12:25:00-04:00,686.80896,19.704079,134.67606,137.82928,2.3479033,131.8915,13.397946,134.02838,2.7484636,2.2027922,97.25497,41.038303,0.0,184.11896
2026-04-22 12:26:00-04:00,727.7932,19.949196,134.70352,137.83714,2.407713,131.47968,16.08702,133.6429,2.7606308,2.20338,97.953316,41.82558,0.0,226.2013
2026-04-22 12:27:00-04:00,710.43866,20.237461,134.58978,137.43318,2.2427955,131.40909,16.08702,133.44308,2.718801,2.196517,98.659874,28.713129,16.037104,221.08319
2026-04-22 12:28:00-04:00,729.60706,20.586514,134.65253,137.43318,2.311429,131.47968,16.199139,133.6429,2.7287476,2.196517,98.296486,41.046196,10.157206,260.89084
2026-04-22 12:29:00-04:00,719.1649,20.55906,134.65253,137.43318,2.3408442,131.47968,16.08702,133.6429,2.7091208,2.1827898,98.68532,38.308277,13.266538,218.02408
2026-04-22 12:30:00-04:00,726.07733,20.200203,134.65253,137.43318,2.4057517,131.72284,16.066458,133.75429,2.7684016,2.192595,96.607895,42.706806,28.465168,229.8291
2026-04-22 12:31:00-04:00,722.5966,19.90998,134.68391,137.72733,2.3814359,131.87973,16.088364,133.90991,2.7463324,2.1986737,96.70546,43.326057,27.715036,222.18132
2026-04-22 12:32:00-04:00,724.2879,19.819778,134.71136,137.85283,2.4224205,131.92679,16.110207,133.94127,2.7489965,2.197105,96.864044,43.30381,26.06154,224.88747
2026-04-22 12:33:00-04:00,720.8808,19.729572,134.70352,137.85283,2.3988886,131.92679,16.154018,133.96841,2.7524602,2.2063217,96.372574,42.581913,23.715282,227.3779
2026-04-22 12:34:00-04:00,725.9548,19.66486,134.71529,137.85675,2.3908486,131.93463,16.197765,134.00269,2.7506838,2.1953402,96.4844,44.136948,16.044353,211.88626
2026-04-22 12:35:00-04:00,725.0723,19.80605,134.71921,137.84499,2.4002614,131.92679,16.23877,134.02557,2.7581441,2.2182837,96.45934,42.8766,0.0,209.9253
2026-04-22 12:36:00-04:00,732.9653,19.82174,134.71921,137.86067,2.3029976,131.9464,16.282547,134.03699,2.7377176,2.2022038,96.38757,44.114338,0.0,201.2578
2026-04-22 12:37:00-04:00,705.6588,20.119804,134.72705,137.85675,2.407517,131.7503,16.493177,133.69147,2.7528152,2.2300496,96.429924,41.37894,0.0,214.88652
2026-04-22 12:38:00-04:00,726.66565,20.35316,134.75058,137.8842,2.335353,131.15417,18.31555,133.69147,2.730879,2.2174993,97.947876,39.511326,18.690113,222.3578
2026-04-22 12:39:00-04:00,715.6352,20.686523,134.69568,137.72733,2.2743673,131.02475,17.850323,133.69147,2.7377176,2.2022038,92.83097,18.594576,5.3105044,273.12726
2026-04-22 12:40:00-04:00,693.67236,20.980667,134.5035,137.09981,2.3700628,131.33456,17.751808,133.62865,2.732611,2.195732,98.45057,39.510273,23.231094,212.63141
2026-04-22 12:41:00-04:00,721.56714,21.378742,134.64076,137.2057,2.4173217,131.66402,17.729902,133.71855,2.7460656,2.2027922,95.47408,42.901894,26.336914,220.691
2026-04-22 12:42:00-04:00,538.33923,21.433651,134.69568,137.72733,2.4173217,131.85226,17.750404,133.8699,2.7604532,2.2002425,95.95965,43.048042,30.5124,216.98477
2026-04-22 12:43:00-04:00,426.02478,21.419922,134.74274,137.82928,2.4051638,131.89542,17.773684,133.91418,2.760009,2.208675,95.77655,43.0293,33.280582,220.14192
2026-04-22 12:44:00-04:00,564.81226,21.394432,134.80548,137.8842,2.4277148,131.11102,18.627598,133.71855,2.7719095,2.2145576,96.32208,42.864746,34.08264,246.59538
2026-04-22 12:45:00-04:00,719.9248,21.32188,134.32701,135.7546,2.4069285,131.7346,18.728918,133.65291,2.7604532,2.2002425,95.65312,14.692003,8.291748,203.35603
2026-04-22 12:46:00-04:00,732.32794,21.3709,134.53879,137.26454,2.4069285,131.52283,18.627598,133.5858,2.7628067,2.1976933,96.2822,43.4105,34.30025,234.92763
2026-04-22 12:47:00-04:00,719.0178,21.602295,134.68,137.40965,2.4069285,131.81697,18.627598,133.82565,2.7441118,2.1998506,95.70443,43.064243,26.163855,226.63272
2026-04-22 12:48:00-04:00,715.80676,21.368938,134.7545,137.84106,2.4290876,131.93463,18.648129,133.93983,2.774663,2.2098513,96.19106,44.43495,23.959558,219.7301
2026-04-22 12:49:00-04:00,718.65015,21.135586,134.7898,137.88028,2.419283,131.97385,18.66186,133.94698,2.7641833,2.2018113,96.49986,45.186016,26.283579,215.4552
2026-04-22 12:50:00-04:00,712.1054,20.82183,134.77411,137.87636,2.418891,132.04445,18.671408,133.97983,2.762007,2.204949,96.199326,44.912067,0.0,203.59134
2026-04-22 12:51:00-04:00,720.8317,20.574749,134.77803,137.89597,2.4439912,132.06013,18.727482,134.0141,2.7506838,2.2163224,96.2121,42.187603,0.0,201.23819
2026-04-22 12:52:00-04:00,715.56165,20.525723,134.76234,137.88812,2.4245772,132.0719,18.758999,134.04268,2.7647161,2.2092633,96.00475,45.340874,0.0,189.5116
2026-04-22 12:53:00-04:00,658.98773,20.402187,134.79372,137.88812,2.4396768,131.83266,18.92326,133.73428,2.7654707,2.2251468,97.47575,42.620728,0.0,197.47314
2026-04-22 12:54:00-04:00,672.5184,20.547295,134.82118,137.93126,2.2906432,131.24045,19.755556,132.66382,2.7607195,2.1996546,96.95018,42.52392,28.134186,221.84795
2026-04-22 12:55:00-04:00,712.0564,20.768887,134.53879,136.9743,2.3508449,131.24045,19.659725,133.12187,2.7344317,2.1874967,93.13048,17.093193,0.0,293.71744
2026-04-22 12:56:00-04:00,710.3896,20.764965,134.53879,136.9743,2.3284903,130.98944,19.525576,133.12187,2.7007723,2.176907,100.77065,37.60067,28.171705,231.61357
2026-04-22 12:57:00-04:00,710.3406,20.612007,134.53879,136.9743,2.4084973,130.45213,19.525576,131.49944,2.6902928,2.1874967,95.64396,36.508755,6.633217,316.93524
2026-04-22 12:58:00-04:00,712.0564,20.398262,134.52702,136.87234,2.346727,131.45615,19.525576,133.57867,2.7344317,2.1874967,100.08945,41.00674,18.87859,238.28087
2026-04-22 12:59:00-04:00,713.84576,20.282566,134.70744,137.3822,2.4290876,131.81697,19.525576,133.6301,2.724485,2.2063217,94.946144,45.071205,26.682035,262.5184
2026-04-22 13:00:00-04:00,713.74774,20.400227,134.78587,137.79791,2.4124193,132.00523,19.547451,133.86134,2.7564566,2.207498,95.88647,45.122093,20.985378,254.43924
2026-04-22 13:01:00-04:00,556.40466,20.474735,134.79372,137.89597,2.2992716,132.04053,19.563894,133.9056,2.7608974,2.205145,94.9129,45.298134,19.566278,248.63478
2026-04-22 13:02:00-04:00,719.0178,20.627693,134.79372,137.92734,2.4334016,132.07582,19.569387,133.97983,2.761741,2.207498,95.20704,44.31018,0.0,247.45819
2026-04-22 13:03:00-04:00,715.5372,20.73359,134.78587,137.93518,2.312214,132.12288,19.591291,134.01978,2.7598314,2.212401,96.16803,44.131657,17.871542,238.63383
2026-04-22 13:04:00-04:00,713.8703,20.73359,134.78587,137.92342,2.318881,132.11111,19.613167,134.00838,2.7492633,2.2031841,95.12229,44.196606,0.0,234.75113
2026-04-22 13:05:00-04:00,725.9548,20.784573,134.78195,137.87636,2.411831,132.11896,19.61863,134.02412,2.754281,2.212401,95.52673,45.315056,0.0,219.57323
2026-04-22 13:06:00-04:00,682.64197,21.06303,134.7898,137.87244,2.4330091,132.11896,19.651518,134.0712,2.773153,2.2320104,94.577965,41.445473,0.0,217.0828
2026-04-22 13:07:00-04:00,710.29156,21.192455,134.78587,137.91557,2.4279108,132.21309,19.67068,134.08263,2.7542365,2.2161264,96.24477,44.610344,0.0,203.33641
2026-04-22 13:08:00-04:00,705.04596,21.080677,134.79764,137.8842,2.3847694,132.00131,19.724068,134.00557,2.7468653,2.212205,96.22228,45.208523,23.222055,198.00261
2026-04-22 13:09:00-04:00,710.29156,20.90419,134.81726,137.89204,2.3469229,131.27182,20.314217,133.66437,2.7434902,2.2159305,95.94867,41.2934,23.64069,231.75084
2026-04-22 13:10:00-04:00,705.1195,20.813988,134.71529,137.5783,2.3357453,131.35025,20.366266,133.66437,2.7442453,2.2059298,92.17117,10.168727,0.0,284.03027
2026-04-22 13:11:00-04:00,703.33014,20.849285,134.71529,137.5783,2.3604536,131.83266,20.322454,133.58725,2.7252843,2.1908302,98.58613,42.531666,22.240955,221.98521
2026-04-22 13:12:00-04:00,703.3056,20.951252,134.63292,137.5783,2.4153605,131.83266,20.314217,133.66437,2.7588546,2.2059298,95.11025,41.616707,20.747293,218.4751
2026-04-22 13:13:00-04:00,706.8353,21.10421,134.71529,137.5783,2.2751513,132.00916,20.330662,133.8856,2.7442453,2.1994581,96.21622,44.788864,27.912035,219.5144
2026-04-22 13:14:00-04:00,669.11127,21.115974,134.73882,137.66458,2.3104486,132.05229,20.336123,133.93414,2.7338989,2.201027,96.137505,44.473114,25.97406,211.55289
2026-04-22 13:15:00-04:00,703.33014,21.117935,134.7545,137.66458,2.3449621,132.1072,20.336123,133.9741,2.752993,2.2031841,95.99405,41.882042,0.0,205.04248
2026-04-22 13:16:00-04:00,720.46405,21.117935,134.74666,137.6685,2.3673172,132.09543,20.360806,134.00269,2.7559237,2.1980853,96.52492,45.27138,18.860023,192.25696
2026-04-22 13:17:00-04:00,699.8249,21.137547,134.7349,137.66458,2.345158,131.95032,20.410048,133.87703,2.7541475,2.2031841,96.98148,44.573833,22.909424,194.767
2026-04-22 13:18:00-04:00,698.06,21.18657,134.76234,137.62537,2.3633947,131.213,20.81955,133.50587,2.742558,2.2067137,97.32415,42.526432,17.97594,226.00523
2026-04-22 13:19:00-04:00,698.08453,21.341484,134.64076,137.24886,2.2877016,131.14632,20.738728,133.50587,2.7397602,2.1980853,93.084724,4.803623,0.0,288.10907
2026-04-22 13:20:00-04:00,696.3932,21.52974,134.64076,136.62526,2.341628,131.19339,20.730553,133.3603,2.7277267,2.192791,98.752426,39.76325,17.184044,221.67146
2026-04-22 13:21:00-04:00,696.3442,21.576801,134.64076,137.24886,2.3832006,131.64049,20.730553,133.50587,2.7397602,2.1980853,96.1929,42.104004,14.149441,223.08337
2026-04-22 13:22:00-04:00,696.41766,21.596413,134.64076,137.24886,2.395163,131.82481,20.730553,133.72572,2.7195556,2.2023997,96.89396,40.53392,19.459967,224.63254
2026-04-22 13:23:00-04:00,692.937,21.59053,134.68,137.3116,2.3808475,131.91502,20.742847,133.79567,2.7397602,2.1976933,96.6656,42.484318,22.685448,213.51385
2026-04-22 13:24:00-04:00,696.41766,21.427769,134.68,137.35081,2.4057517,131.95032,20.752428,133.8442,2.7409148,2.2029881,96.741684,41.726376,22.940063,212.86673
2026-04-22 13:25:00-04:00,692.9125,21.349327,134.68784,137.3469,2.4045753,131.96992,20.762007,133.86562,2.7397602,2.2173033,96.49141,40.178154,24.36421,205.51312
2026-04-22 13:26:00-04:00,691.1721,21.478752,134.66037,137.33905,2.3818283,131.96208,20.778454,133.87987,2.7382507,2.188673,96.33254,43.270557,22.577024,192.64915
2026-04-22 13:27:00-04:00,692.7899,21.576801,134.68391,137.28807,2.3286862,131.4993,21.07565,133.38594,2.7442453,2.2041645,97.629265,41.514736,21.233078,230.96645
2026-04-22 13:28:00-04:00,692.937,21.627789,134.39368,136.27621,2.3445697,131.4993,21.101706,133.3003,2.6235962,2.188673,96.61311,17.684366,9.373392,217.88681
2026-04-22 13:29:00-04:00,692.937,21.712112,134.39368,134.93492,2.3445697,130.28741,21.07565,133.3003,2.6625397,2.1712198,98.261795,32.03535,6.518996,278.77487
2026-04-22 13:30:00-04:00,689.4317,21.780746,134.14267,135.57811,2.2780929,131.29536,21.081142,133.38594,2.661518,2.116117,99.66402,25.689192,8.353459,225.88757
2026-04-22 13:31:00-04:00,687.71594,21.678776,134.31133,136.27621,2.3792791,131.4993,21.103046,133.17044,2.733721,2.200635,97.07897,40.200512,16.286987,230.57428
2026-04-22 13:32:00-04:00,689.4317,21.5317,134.46428,136.5782,2.369474,131.66794,21.103046,133.63861,2.7239523,2.1937714,97.07356,39.33671,15.209604,226.04445
2026-04-22 13:33:00-04:00,687.71594,21.416,134.53879,136.73508,2.3484917,131.79736,21.124954,133.73141,2.7211986,2.1859274,97.012184,40.397602,17.466427,215.4356
2026-04-22 13:34:00-04:00,685.9755,21.468948,134.42113,136.2723,2.3516293,131.77383,21.14686,133.73141,2.708321,2.1859274,97.12436,39.13796,12.102046,209.1605
2026-04-22 13:35:00-04:00,689.4317,21.52974,134.51526,136.59389,2.3563356,131.79736,21.14686,133.75139,2.7362077,2.197301,96.82556,40.734623,14.531413,227.08374
2026-04-22 13:36:00-04:00,687.71594,21.641514,134.55055,136.7037,2.3631988,131.87973,21.190735,133.80283,2.7254617,2.1955361,96.46463,40.225174,15.998644,214.35707
2026-04-22 13:37:00-04:00,686.0246,21.566998,134.55447,136.7743,2.3749647,131.84834,21.21261,133.7971,2.7169359,2.2004385,96.74295,39.83073,16.072573,212.94516
2026-04-22 13:38:00-04:00,680.73,21.400314,134.56233,136.73116,2.3708467,131.89934,21.234545,133.7971,2.7281704,2.1894574,96.64241,41.2246,14.555544,207.53291
2026-04-22 13:39:00-04:00,680.73,21.335602,134.51526,136.71547,2.377514,131.8758,21.256453,133.80142,2.720133,2.2069101,96.872475,37.29283,14.283205,200.72836
2026-04-22 13:40:00-04:00,679.0141,21.43169,134.50742,136.65273,2.364768,131.85226,21.278389,133.7971,2.72484,2.184163,97.11331,40.885765,17.42511,190.00185
2026-04-22 13:41:00-04:00,670.23883,21.602295,134.5035,136.62134,2.364768,131.42477,21.738634,133.30318,2.731945,2.184947,97.627235,40.344116,18.094648,238.06516
2026-04-22 13:42:00-04:00,672.02814,21.696423,133.51125,136.02129,2.1561208,131.42477,21.76057,133.30318,2.720133,2.184163,97.971954,5.226033,0.0,230.78996
2026-04-22 13:43:00-04:00,672.0527,21.741528,133.51517,135.92715,2.2633858,131.29536,21.738634,133.21182,2.6649818,2.1763186,100.0713,34.688915,7.575979,252.65472
2026-04-22 13:44:00-04:00,670.28784,21.627789,133.66028,135.92715,2.262013,131.18947,21.738634,133.20757,2.7107193,2.184947,95.678986,17.12251,5.701925,226.6131
2026-04-22 13:45:00-04:00,670.23883,21.553272,134.24072,136.02129,2.353786,131.29536,21.756453,133.30318,2.7220428,2.188281,97.864426,38.967606,5.701925,232.26071
2026-04-22 13:46:00-04:00,675.5089,21.592491,134.33878,135.92715,2.3514333,131.68362,21.763287,133.57867,2.7107193,2.1869078,97.03041,36.726917,9.416997,223.16182
2026-04-22 13:47:00-04:00,670.23883,21.576801,134.5035,136.59781,2.379475,131.81305,21.789343,133.66864,2.7323446,2.2037725,96.76507,38.913857,13.964701,228.57407
2026-04-22 13:48:00-04:00,665.1158,21.64544,134.53487,136.66449,2.3686895,131.87187,21.804384,133.72856,2.7354975,2.1994581,96.38335,39.678852,14.535392,224.65215
2026-04-22 13:49:00-04:00,665.8511,21.884674,134.54271,136.67625,2.3737884,131.91502,21.826323,133.73996,2.7358527,2.1982813,96.73946,39.486412,14.029517,217.14163
2026-04-22 13:50:00-04:00,663.32635,21.717995,134.53487,136.67233,2.3659444,131.93071,21.848259,133.78854,2.7062786,2.1871042,97.29221,41.666077,15.049439,212.76868
2026-04-22 13:51:00-04:00,663.3509,21.741528,134.53879,136.64488,2.3645716,131.91502,21.87837,133.77568,2.7182682,2.188869,97.07696,40.258644,13.4528,210.23903
2026-04-22 13:52:00-04:00,663.3509,21.545425,134.53879,136.63312,2.3659444,131.92679,21.894817,133.80568,2.7328331,2.2014189,97.0916,39.86549,14.851179,203.74823
2026-04-22 13:53:00-04:00,659.8947,21.480713,134.59763,136.62526,2.3516293,131.91502,21.935915,133.87564,2.7307906,2.1810255,96.7103,41.67412,14.743692,201.55194
2026-04-22 13:54:00-04:00,657.517,21.441494,134.48389,136.68802,2.3516293,131.41301,21.87837,131.11436,2.7190676,2.2004385,96.97147,39.077564,15.980011,121.66214
2026-04-22 13:55:00-04:00,658.15436,21.598373,134.47212,136.61742,2.326333,130.24036,21.739977,128.0618,2.7212431,2.166122,96.09557,37.22321,15.267191,186.45251
2026-04-22 13:56:00-04:00,654.69806,21.780746,133.03278,132.6445,2.0417967,121.008125,21.045538,127.416306,2.516668,2.0376787,0.0,5.5482035,0.0,378.15668
2026-04-22 13:57:00-04:00,647.7122,21.992527,132.51115,132.82883,2.081212,125.60855,21.403023,130.37408,2.516668,1.9482584,99.28568,4.953659,0.0,172.33354
2026-04-22 13:58:00-04:00,651.1684,21.925854,128.04015,128.94218,1.8625641,124.18488,20.859274,120.90865,2.2029893,1.709805,93.48939,4.933747,0.0,324.01437
2026-04-22 13:59:00-04:00,656.3159,21.849373,128.09898,128.33429,1.6443081,126.03603,20.922276,128.41235,2.1493478,1.4980202,100.61093,4.873403,0.0,194.68855
2026-04-22 14:00:00-04:00,651.14386,21.788586,126.412544,128.31076,1.7688298,124.08291,20.859274,122.10614,2.1133795,1.6621532,101.98318,4.897056,0.0,319.6218
2026-04-22 14:01:00-04:00,651.1193,21.73368,126.412544,128.31076,1.5925388,123.94958,20.736013,125.84939,2.1133795,1.6350918,97.046616,4.870025,0.0,301.424
2026-04-22 14:02:00-04:00,649.4525,21.780746,126.357635,128.33429,1.7813797,124.08291,20.812685,125.84939,2.0847824,1.6350918,102.70434,4.8938065,0.0,265.8325
2026-04-22 14:03:00-04:00,647.7122,21.696423,126.00466,126.365486,1.6598,124.08291,20.861988,125.71124,1.9866467,1.4803715,99.61846,4.8936133,0.0,263.36163
2026-04-22 14:04:00-04:00,647.7122,21.555233,127.80875,129.20497,1.852171,124.40059,20.883926,126.300865,2.2221725,1.6872535,97.97373,4.8911433,0.0,255.81194
2026-04-22 14:05:00-04:00,644.18243,21.52974,127.85581,129.20497,1.8192267,125.37715,20.91953,127.02309,2.1623583,1.6476421,97.68225,4.953506,0.0,260.30255
2026-04-22 14:06:00-04:00,638.96136,21.557194,129.15005,130.3737,1.9443364,126.00466,20.942808,127.84948,2.309651,1.7764778,97.68431,4.879792,0.0,256.43945
2026-04-22 14:07:00-04:00,638.9368,21.57484,129.55402,130.54626,1.9670835,126.82042,20.971548,128.5164,2.3143134,1.7974601,97.6369,4.846923,0.0,261.06732
2026-04-22 14:08:00-04:00,642.39307,21.64544,130.56587,131.72676,2.054543,127.50677,20.974327,129.33324,2.4152465,1.8841348,97.87878,4.9684763,0.0,259.45932
2026-04-22 14:09:00-04:00,638.9368,21.594452,131.18947,132.28368,2.109254,128.26762,20.993486,130.01042,2.4579642,1.9374733,97.770195,4.886031,0.0,261.9105
2026-04-22 14:10:00-04:00,637.22095,21.64544,132.04445,133.20534,2.184751,129.00887,21.015392,130.84901,2.540203,2.0151272,97.65489,4.839103,0.0,262.20465
2026-04-22 14:11:00-04:00,637.2455,21.780746,132.68372,133.9152,2.2182837,129.76187,21.03733,131.56369,2.576793,2.0486598,97.46482,8.0615225,2.7960625,268.77393
2026-04-22 14:12:00-04:00,633.7403,21.816036,133.3073,134.81726,2.284172,130.27173,21.059237,132.0559,2.6422462,2.1129794,97.46387,22.099884,5.391875,267.22473
2026-04-22 14:13:00-04:00,633.7648,21.95919,133.79755,135.35063,2.3141747,130.84433,21.081142,132.65666,2.672442,2.1441588,97.191605,28.642437,6.749262,266.9894
2026-04-22 14:14:00-04:00,630.2841,21.95723,134.23288,135.87617,2.3508449,131.2836,21.103046,133.08337,2.7116518,2.1812215,97.24993,36.87847,8.233226,266.0874
2026-04-22 14:15:00-04:00,628.5437,22.182743,134.48389,136.23306,2.3508449,131.62872,21.119493,133.39452,2.7223978,2.192987,96.9011,38.696465,10.767351,264.16565
2026-04-22 14:16:00-04:00,630.23505,22.28667,134.53487,136.53114,2.3547668,131.75815,21.14686,133.55441,2.725595,2.1857314,97.09866,40.489902,11.469889,261.8909
2026-04-22 14:17:00-04:00,626.8279,22.182743,134.47212,136.63312,2.353002,131.79344,21.149635,133.57582,2.7180462,2.1822019,97.25308,40.498356,16.85435,255.49817
2026-04-22 14:18:00-04:00,625.0385,22.323929,134.49957,136.5782,2.3506489,131.81697,21.182465,133.66008,2.7146268,2.1818094,97.096466,40.348328,16.205847,254.30197
2026-04-22 14:19:00-04:00,623.34717,22.547482,134.55447,136.59781,2.3639836,131.89542,21.197538,133.72856,2.7264388,2.1935754,97.381386,40.29376,15.418795,249.87018
2026-04-22 14:20:00-04:00,616.4102,22.551403,134.62115,136.69978,2.3702588,131.99345,21.234545,133.81424,2.7323,2.200831,97.44734,40.269493,15.471496,246.06592
2026-04-22 14:21:00-04:00,614.66986,22.612194,134.61331,136.78607,2.3494725,132.00523,21.256453,133.81993,2.7343874,2.182006,96.91029,41.49935,14.332794,244.90894
2026-04-22 14:22:00-04:00,618.1261,22.34158,134.56233,136.76254,2.353198,131.99345,21.278389,133.83707,2.7284813,2.1851435,97.03155,41.62629,15.021017,239.96729
2026-04-22 14:23:00-04:00,621.6558,22.182743,134.56233,136.68018,2.3716311,131.96992,21.300264,133.84131,2.725728,2.2029881,96.86785,37.707443,13.373031,236.79054
2026-04-22 14:24:00-04:00,623.32263,22.045475,134.56233,136.77039,2.3659444,131.96992,21.322203,133.84276,2.7264388,2.1980853,96.920525,40.463142,14.149264,233.22156
2026-04-22 14:25:00-04:00,616.4102,22.108227,134.55841,136.8645,2.364768,132.02092,21.322203,133.84276,2.726927,2.200831,97.23855,39.837963,14.135389,228.98587
2026-04-22 14:26:00-04:00,616.38574,22.337654,134.56233,136.82527,2.364768,132.06013,21.366045,133.85135,2.724396,2.2031841,96.5647,37.526207,18.995638,231.10371
2026-04-22 14:27:00-04:00,614.66986,22.24353,134.58194,136.80566,2.361042,132.05229,21.387949,133.87564,2.728437,2.1878886,97.07276,41.301018,15.052011,226.63272
2026-04-22 14:28:00-04:00,611.1647,22.0592,134.58194,136.72723,2.360846,132.06798,21.42084,133.85986,2.7228863,2.1863198,96.853745,41.447533,12.70739,220.67139
2026-04-22 14:29:00-04:00,609.4488,22.063122,134.56233,136.65273,2.361042,132.017,21.445463,133.84276,2.7224422,2.1982813,97.08294,41.943405,10.983418,214.98457
2026-04-22 14:30:00-04:00,605.9436,22.272942,134.57802,136.58997,2.3582964,132.07582,21.471518,133.8856,2.7261279,2.195732,96.94548,39.234455,13.409242,210.70966
2026-04-22 14:31:00-04:00,599.0311,22.408253,134.56625,136.56252,2.3624144,132.06406,21.497574,133.8442,2.723064,2.1947517,97.28174,37.931072,14.083465,210.27824
2026-04-22 14:32:00-04:00,597.2908,22.504341,134.53879,136.51546,2.3457465,132.05621,21.51945,133.85986,2.7120068,2.1818094,97.00637,40.499268,15.4906225,203.92471
2026-04-22 14:33:00-04:00,599.00665,22.504341,134.47997,136.48015,2.3508449,131.97385,21.541386,133.78566,2.7166696,2.1873007,97.113174,39.77339,13.563917,201.21858
2026-04-22 14:34:00-04:00,599.00665,22.504341,134.53487,136.3978,2.3571196,132.01308,21.563292,133.81993,2.720133,2.1939673,96.97178,39.15958,11.573881,197.31625
2026-04-22 14:35:00-04:00,597.2908,22.520027,134.61331,136.37425,2.3630028,131.74637,23.429527,133.44308,2.7252843,2.196517,97.377594,39.151512,11.595843,235.88849
2026-04-22 14:36:00-04:00,592.04517,22.182743,133.53085,133.60146,2.338883,131.74637,22.671703,133.44308,2.7041469,2.1735735,98.31409,4.884234,6.3710856,223.76973
2026-04-22 14:37:00-04:00,592.0207,22.259216,133.65244,135.41731,2.3302546,130.73059,22.552498,132.42404,2.6769269,2.170632,99.67531,33.96471,6.1974835,240.83012
2026-04-22 14:38:00-04:00,590.25586,22.259216,133.58185,134.64076,2.2443643,131.35417,22.549692,133.17328,2.5977523,2.170632,96.46313,12.976989,5.6844983,229.67223
2026-04-22 14:39:00-04:00,583.417,22.26902,134.02895,135.77028,2.338883,131.27576,22.549692,133.07193,2.7041469,2.1735735,97.339035,36.28621,8.623244,228.77017
2026-04-22 14:40:00-04:00,581.62756,22.276867,134.00934,135.39769,2.3055468,131.5738,22.571661,133.31886,2.6644487,2.1404333,97.15493,26.730444,6.9093957,227.26024
2026-04-22 14:41:00-04:00,579.83813,22.449432,134.24072,135.83304,2.3382945,131.65617,22.593597,133.42593,2.7061014,2.1722007,97.31629,35.23688,8.731249,225.20122
2026-04-22 14:42:00-04:00,579.83813,22.48473,134.21327,135.74675,2.3300586,131.76207,22.620964,133.47736,2.6885164,2.1639647,97.02823,35.260323,8.652505,223.47557
2026-04-22 14:43:00-04:00,585.0593,22.555325,134.3623,136.00166,2.3449621,131.86795,22.63744,133.60582,2.7116077,2.1796522,97.01535,37.357567,9.43708,224.02463
2026-04-22 14:44:00-04:00,579.8627,22.572975,134.39368,136.03305,2.3447657,131.91502,22.675821,133.61723,2.7058787,2.1818094,97.19571,37.35032,9.455518,219.61244
2026-04-22 14:45:00-04:00,574.66614,22.306282,134.44075,136.06442,2.346335,131.966,22.703222,133.70001,2.709387,2.1829863,97.43975,37.393093,9.494101,216.39648
2026-04-22 14:46:00-04:00,573.90625,22.294514,134.46428,136.15071,2.3447657,131.97385,22.725128,133.72856,2.7179575,2.1806326,97.033455,39.565815,10.7381525,215.18066
2026-04-22 14:47:00-04:00,571.1364,22.329811,134.44467,136.20561,2.3443737,131.96992,22.747065,133.74857,2.7076106,2.1804366,97.14921,39.424686,11.995651,211.61172
2026-04-22 14:48:00-04:00,571.1609,22.516106,134.40936,136.24483,2.342609,131.966,22.784044,133.71144,2.7059677,2.1786718,97.08038,39.299374,11.887381,208.51338
2026-04-22 14:49:00-04:00,567.68024,22.482769,134.44467,136.15071,2.350453,131.966,22.812847,133.68288,2.7129397,2.1876926,97.079285,35.373768,9.056705,205.63075
2026-04-22 14:50:00-04:00,562.4836,22.623962,134.45644,136.0409,2.3441777,132.017,22.834753,133.75139,2.7079217,2.1816134,96.9034,35.419952,9.112748,203.57173
2026-04-22 14:51:00-04:00,555.5222,22.694557,134.45644,136.0605,2.3486881,132.01308,22.856659,133.73288,2.7122293,2.1865158,97.005585,35.58627,9.063929,201.49312
2026-04-22 14:52:00-04:00,557.23804,22.723965,134.44075,135.95853,2.3377066,131.99738,22.878626,133.75139,2.7009058,2.1763186,96.765396,35.534225,9.046955,199.35567
2026-04-22 14:53:00-04:00,555.5222,22.733772,134.40152,135.9546,2.3471193,131.97385,22.900534,133.72287,2.7061899,2.1782799,97.071396,35.587284,9.035453,196.19852
2026-04-22 14:54:00-04:00,553.8309,22.784756,134.37799,135.87225,2.3328037,131.20123,23.679018,132.76085,2.696998,2.1682787,97.11189,35.621033,8.987563,236.06497
2026-04-22 14:55:00-04:00,548.5608,22.71416,132.40526,134.98589,2.2916236,131.24437,23.448782,132.76085,2.6554346,2.130628,99.03958,6.601403,0.0,263.44006
2026-04-22 14:56:00-04:00,548.43823,22.65926,133.35829,134.98589,2.2916236,131.00513,23.426813,132.1515,2.6554346,2.130628,99.03518,27.61934,6.410898,236.47678
2026-04-22 14:57:00-04:00,546.8449,22.778873,132.9308,134.89177,2.2174993,130.84041,23.426813,132.46686,2.6409142,2.050621,97.84633,6.4338293,0.0,229.77028
2026-04-22 14:58:00-04:00,545.0801,22.667103,133.49948,134.89177,2.269661,130.86394,23.426813,132.64238,2.6421576,2.1065083,97.18559,23.446415,6.4445357,230.18208
2026-04-22 14:59:00-04:00,545.05554,22.716122,133.33084,134.53879,2.269857,131.00513,23.448782,132.61528,2.6080098,2.1065083,97.26665,15.524117,5.491702,228.829
2026-04-22 15:00:00-04:00,541.5748,22.794563,133.58969,134.92314,2.269857,131.12279,23.470657,132.8379,2.6409142,2.1061163,97.0087,22.484224,6.175928,228.27995
2026-04-22 15:01:00-04:00,538.16766,22.965168,133.54262,134.82903,2.2727985,131.18163,23.470657,132.79224,2.632655,2.107685,97.247284,21.82483,5.469317,226.26013
2026-04-22 15:02:00-04:00,531.2062,23.023998,133.6642,134.9663,2.2718177,131.2679,23.49946,132.94635,2.6379833,2.1084695,97.25093,22.08196,6.1513166,225.51498
2026-04-22 15:03:00-04:00,527.701,22.992622,133.59361,134.92706,2.2749553,131.22476,23.514532,132.87642,2.6355853,2.1096458,97.15493,21.966301,6.114514,224.08345
2026-04-22 15:04:00-04:00,531.2062,23.157345,133.66812,134.99373,2.2741709,131.29144,23.53644,132.9749,2.6413584,2.1096458,97.02757,23.806637,6.391779,222.20093
2026-04-22 15:05:00-04:00,527.6765,23.200481,133.64851,135.01334,2.277897,131.27968,23.558407,132.93497,2.6389606,2.1129794,97.09791,23.869293,6.3841968,218.6516
2026-04-22 15:06:00-04:00,525.96063,23.082829,133.67596,134.99765,2.269465,131.31888,23.580284,132.98059,2.6348748,2.1074886,96.68379,23.841469,6.379478,218.41628
2026-04-22 15:07:00-04:00,524.2202,22.904377,133.60538,134.98589,2.2731905,131.2679,23.602251,132.91211,2.6328323,2.1098418,97.03538,23.72863,6.3844147,215.59247
2026-04-22 15:08:00-04:00,518.9747,22.796524,133.58577,134.93884,2.2665234,131.26398,23.614578,132.91211,2.6284807,2.1027822,96.87356,20.014744,6.1341934,211.27835
2026-04-22 15:09:00-04:00,517.3078,22.688675,133.51125,134.81726,2.2602482,131.18555,23.646095,132.8422,2.6230633,2.097096,96.956894,19.993208,5.775616,213.9845
2026-04-22 15:10:00-04:00,512.08673,22.741615,133.47987,134.78195,2.2559342,131.15417,23.651588,132.81505,2.6224418,2.0941544,97.21188,20.112085,5.7054706,209.84685
2026-04-22 15:11:00-04:00,510.22388,22.780834,133.38966,134.63684,2.2480903,131.06396,23.68997,132.7323,2.6108959,2.085526,96.75699,16.612877,5.3523645,205.96411
2026-04-22 15:12:00-04:00,508.58154,22.741615,133.31122,134.55841,2.2422075,130.99336,23.710535,132.70515,2.611429,2.0792508,97.036316,16.921041,5.3534894,205.29741
2026-04-22 15:13:00-04:00,505.1253,22.657299,133.24455,134.5035,2.2386775,130.91493,23.733847,132.59239,2.6022813,2.0759172,96.91212,13.708687,5.416897,204.49341
2026-04-22 15:14:00-04:00,499.8552,22.478848,133.1818,134.4172,2.23103,130.83649,23.75438,132.54962,2.5951767,2.0672889,97.0216,13.689589,5.4544144,202.78737
2026-04-22 15:15:00-04:00,499.87973,22.461197,133.09944,134.34662,2.2249508,130.7502,23.75575,132.46686,2.587095,2.0614061,97.10887,13.790064,5.419813,201.80687
2026-04-22 15:16:00-04:00,499.87973,22.494537,133.0367,134.25249,2.215146,130.68353,23.799627,132.3955,2.5798125,2.0529737,96.73809,11.858472,5.498138,199.6106
2026-04-22 15:17:00-04:00,496.3745,22.48669,132.9661,134.15836,2.207302,130.58156,23.821564,132.31274,2.5780807,2.0455222,96.89595,11.64413,5.5755343,197.51236
2026-04-22 15:18:00-04:00,492.86932,22.414135,132.90335,134.02895,2.2218132,130.10309,24.019001,131.77626,2.57626,2.0500326,98.02632,7.7077985,5.6408405,232.045
2026-04-22 15:19:00-04:00,491.227,22.292553,132.58566,132.76608,2.0676813,130.10309,24.024464,131.77626,2.4973962,1.9290409,99.32805,4.936003,0.0,227.3975
2026-04-22 15:20:00-04:00,487.7708,22.288631,130.67569,132.20525,2.1019983,128.33037,24.019001,129.299,2.4524581,1.9482584,99.72525,4.8774114,0.0,250.18394
2026-04-22 15:21:00-04:00,482.50064,22.34354,131.52675,131.79344,2.0023813,129.20497,24.019001,131.2484,2.4524581,1.8594265,100.635704,4.7619634,0.0,228.29956
2026-04-22 15:22:00-04:00,478.99545,22.496498,131.06396,132.20525,2.1149406,128.56175,24.029924,130.12314,2.4524581,1.9488463,97.75246,4.749381,0.0,237.28079
2026-04-22 15:23:00-04:00,475.51474,22.622002,131.44046,131.97385,2.0525818,129.14221,24.040909,131.0159,2.4299002,1.8890371,98.67027,4.784368,0.0,229.75066
2026-04-22 15:24:00-04:00,475.49023,22.741615,131.52675,132.32681,2.1110187,128.85199,24.040909,130.51099,2.4576092,1.9441404,97.72877,4.8308396,0.0,232.80978
2026-04-22 15:25:00-04:00,473.89694,22.849468,131.55812,132.18172,2.0796428,129.15398,24.062847,130.98166,2.4506817,1.9153142,97.89586,4.8035135,0.0,229.4173
2026-04-22 15:26:00-04:00,472.083,22.953403,131.55028,132.45624,2.111803,129.07162,24.065592,130.79483,2.4747498,1.9457088,97.7224,4.815153,0.0,231.55475
2026-04-22 15:27:00-04:00,457.5474,22.825935,131.63657,132.36604,2.0969,129.25987,24.084784,131.01164,2.4635592,1.9308057,97.691925,4.791323,0.0,230.94684
2026-04-22 15:28:00-04:00,465.12158,22.759262,131.69931,132.55429,2.1186666,129.21674,24.106691,130.94885,2.4805667,1.9521799,97.571465,4.814689,0.0,231.29982
2026-04-22 15:29:00-04:00,465.1461,22.574936,131.75423,132.53468,2.1129794,129.30301,24.106691,131.08578,2.479412,1.9459047,97.83091,4.8244524,0.0,231.22137
2026-04-22 15:30:00-04:00,458.1847,22.496498,131.8052,132.6445,2.1227846,129.29517,24.128658,131.08578,2.479412,1.9568868,97.8304,4.9102874,0.0,231.49591
2026-04-22 15:31:00-04:00,454.70395,22.516106,131.83658,132.6092,2.1206274,129.3187,24.139612,131.14853,2.4822097,1.9535532,97.909615,4.940556,0.0,229.39769
2026-04-22 15:32:00-04:00,454.72845,22.447472,131.83658,132.62881,2.123373,129.34224,24.150534,131.13144,2.4840746,1.9559064,97.39586,4.9158382,0.0,229.96637
2026-04-22 15:33:00-04:00,449.5564,22.551403,131.8405,132.60529,2.1188626,129.30693,24.172503,131.14853,2.4840746,1.9529648,97.66319,4.82412,0.0,227.16219
2026-04-22 15:34:00-04:00,454.70395,22.763184,131.83266,132.62881,2.1225882,129.30693,24.18895,131.14284,2.487272,1.9561024,97.629814,4.866924,0.0,227.12296
2026-04-22 15:35:00-04:00,442.59497,22.75338,131.84442,132.62097,2.1206274,129.28732,24.21638,131.1714,2.4841635,1.9541411,97.503395,4.8689,0.0,227.12296
2026-04-22 15:36:00-04:00,440.80563,22.684753,131.82481,132.60135,2.1174898,129.23634,24.225992,131.12572,2.4813213,1.9519839,97.82267,4.777424,0.0,227.63283
2026-04-22 15:37:00-04:00,440.80563,22.529835,131.78952,132.56213,2.1141562,129.23242,24.238348,131.12427,2.4784799,1.947278,98.054756,4.764466,0.0,227.9858
2026-04-22 15:38:00-04:00,432.15283,22.498459,131.7346,132.49939,2.1094499,129.20105,24.260254,131.0558,2.4720852,1.9429636,97.57093,4.770374,0.0,227.7897
2026-04-22 15:39:00-04:00,432.17734,22.457275,131.72284,132.47978,2.1072927,129.16182,24.26715,131.01733,2.4743946,1.9419832,97.53683,4.775717,0.0,226.3974
2026-04-22 15:40:00-04:00,432.2509,22.551403,131.64833,132.40918,2.101018,129.07947,24.28219,130.97884,2.4671118,1.9361005,97.53345,4.777474,0.0,227.04453
2026-04-22 15:41:00-04:00,423.45108,22.625923,131.62086,132.40526,2.0992532,129.02455,24.304129,130.94885,2.4667568,1.9345317,97.763466,4.860347,0.0,223.9854
2026-04-22 15:42:00-04:00,423.42654,22.463158,131.55028,132.3072,2.092782,128.98141,24.326035,130.87473,2.4554775,1.9262953,97.670906,4.846388,0.0,223.47557
2026-04-22 15:43:00-04:00,420.04385,22.463158,131.4483,132.20525,2.0839572,128.8912,24.34663,130.80196,2.4467742,1.9174714,97.901695,4.8422637,0.0,223.35791
2026-04-22 15:44:00-04:00,415.63168,22.521988,131.36201,132.10327,2.0763097,128.79315,24.353495,130.71207,2.440735,1.909235,97.75283,4.813758,0.0,222.88728
2026-04-22 15:45:00-04:00,411.34207,22.474926,131.25221,131.99345,2.0674849,128.67157,24.369944,130.60228,2.4304333,1.9009991,97.53532,4.7836056,0.0,222.3382
2026-04-22 15:46:00-04:00,415.14142,22.272942,131.16986,131.91895,2.059249,128.57353,24.391878,130.51527,2.4224846,1.8937435,97.88112,4.883381,0.0,222.39703
2026-04-22 15:47:00-04:00,407.86133,22.21804,131.01689,131.78952,2.0478754,128.45195,24.408356,130.37265,2.4101844,1.8809972,97.64971,4.9302897,0.0,220.4949
2026-04-22 15:48:00-04:00,407.83682,22.184704,130.88747,131.63264,2.0339522,128.31076,24.413816,130.2557,2.3995714,1.8696237,97.305214,4.836249,0.0,220.16153
2026-04-22 15:49:00-04:00,400.92447,22.1749,130.75804,131.49536,2.0225792,128.1382,24.435724,130.10028,2.3917117,1.8557005,97.72698,4.812485,0.0,219.61244
2026-04-22 15:50:00-04:00,399.18408,22.090576,130.57372,131.29927,2.0074797,127.97347,24.446737,129.93916,2.3722622,1.8411894,97.7047,4.761317,0.0,216.4553
2026-04-22 15:51:00-04:00,400.92447,22.065083,130.409,131.12279,1.9929686,127.82052,24.457663,129.77948,2.357653,1.8255019,97.50398,4.8691034,0.0,218.49472
2026-04-22 15:52:00-04:00,397.4682,22.043514,130.24036,130.95807,1.9806147,127.64011,24.468645,129.59837,2.3444643,1.813932,97.80537,4.893003,0.0,218.2594
2026-04-22 15:53:00-04:00,392.24713,21.95919,130.07956,130.8208,1.9674759,127.49108,24.47963,129.47437,2.3339403,1.8025584,97.87426,5.0004144,0.0,215.37677
2026-04-22 15:54:00-04:00,385.23666,21.953308,129.94229,130.67569,1.9551215,127.33028,24.490583,129.3161,2.3205743,1.7900081,97.41463,5.121068,0.0,216.55336
2026-04-22 15:55:00-04:00,385.26117,21.95919,129.78148,130.52666,1.9406109,127.20085,24.501568,129.01248,2.293443,1.7762818,97.45773,5.000528,0.0,215.27872
2026-04-22 15:56:00-04:00,385.26117,21.95919,129.63637,130.3541,1.9288449,127.012596,24.508371,129.01248,2.293443,1.763339,97.977745,4.9526997,0.0,212.29807
2026-04-22 15:57:00-04:00,378.34882,21.963112,129.45206,130.16191,1.9125686,126.85964,24.523504,128.83997,2.2762582,1.7474551,97.52967,4.873055,0.0,214.14137
2026-04-22 15:58:00-04:00,381.82953,21.929775,129.25987,129.96974,1.8994303,126.671394,24.523504,128.66751,2.2625365,1.732552,97.54947,4.941428,0.0,212.14119
2026-04-22 15:59:00-04:00,380.13815,22.021942,129.08339,129.77756,1.8811932,126.45177,24.545412,128.47939,2.2484603,1.717452,97.63682,4.8799367,0.0,211.53328
2026-04-22 16:00:00-04:00,378.37335,22.063122,128.90297,129.57755,1.8690352,126.275276,24.545412,128.3169,2.2342508,1.7031374,97.740715,4.933355,0.0,210.94498
2026-04-22 16:01:00-04:00,374.89258,22.106266,128.72256,129.3893,1.8506021,126.08702,24.567348,128.12021,2.2187088,1.6864691,97.89402,4.9648266,0.0,209.61154
2026-04-22 16:02:00-04:00,371.4119,22.13176,128.51079,129.20105,1.8382483,125.894844,24.567348,127.937836,2.2038329,1.6733308,97.62183,5.1181808,0.0,207.3368
2026-04-22 16:03:00-04:00,366.16632,22.237652,128.33429,129.03632,1.8223643,125.74974,24.567348,127.786766,2.1876693,1.6590157,97.756805,5.088785,0.0,208.98402
2026-04-22 16:04:00-04:00,362.73456,22.298435,128.1578,128.84807,1.8113828,125.5811,24.58657,127.59867,2.1770566,1.6466613,97.86574,5.0827017,0.0,206.121
2026-04-22 16:05:00-04:00,362.71005,22.392563,128.0127,128.6951,1.7982445,125.45952,24.58657,127.454765,2.1636462,1.6327391,97.94492,5.0572815,0.0,207.35643
2026-04-22 16:06:00-04:00,357.5135,22.314125,127.84405,128.51471,1.7815762,125.275185,24.593437,127.2909,2.1495697,1.6188159,97.56764,4.9394307,0.0,207.53291
2026-04-22 16:07:00-04:00,355.7732,22.357265,127.65187,128.31076,1.7656922,125.07909,24.611227,127.09284,2.1338947,1.6023436,97.28361,4.9128246,0.0,206.121
2026-04-22 16:08:00-04:00,350.57657,22.390602,127.495,128.1578,1.7537303,124.93397,24.611227,126.92618,2.1214168,1.5897932,97.08621,4.806792,0.0,206.35632
2026-04-22 16:09:00-04:00,352.34146,22.396484,127.243996,127.91464,1.73667,124.7222,24.624985,126.73816,2.1024115,1.5711641,97.23787,4.777844,0.0,205.66997
2026-04-22 16:10:00-04:00,350.57657,22.27098,127.05182,127.718544,1.7200017,124.537865,24.633192,126.53018,2.0905554,1.5546923,97.802765,4.857848,0.0,203.84628
2026-04-22 16:11:00-04:00,347.07135,22.049397,126.808655,127.48324,1.702157,124.329994,24.646862,126.3023,2.0674644,1.5356708,97.65159,4.8128934,0.0,202.86581
2026-04-22 16:12:00-04:00,341.89932,22.094498,126.59296,127.27145,1.6860771,124.14566,24.65513,126.09718,2.0492585,1.5205717,97.103165,4.8359804,0.0,202.98347
2026-04-22 16:13:00-04:00,338.39413,22.094498,126.38117,127.067505,1.6729383,123.92996,24.65513,125.88356,2.0391338,1.5056677,97.518105,4.822209,0.0,201.6696
2026-04-22 16:14:00-04:00,334.96237,22.178822,126.185074,126.84788,1.6529365,123.769165,24.677036,125.692764,2.0195954,1.4880192,97.17264,4.853495,0.0,199.47333
2026-04-22 16:15:00-04:00,333.17297,22.086655,125.930145,126.60472,1.6358767,123.55737,24.677036,125.44638,2.0044088,1.4703705,97.34151,4.839225,0.0,197.53197
2026-04-22 16:16:00-04:00,331.40817,22.067043,125.71445,126.33803,1.6156783,123.35735,24.694887,125.228546,1.982517,1.4519374,97.41784,4.8946548,0.0,198.64973
2026-04-22 16:17:00-04:00,328.00095,22.155289,125.451675,126.10271,1.6003828,123.12988,24.699007,124.98508,1.964977,1.4352696,97.34616,4.9372745,0.0,199.08112
2026-04-22 16:18:00-04:00,324.47122,22.149406,125.243805,125.92622,1.5843029,122.89065,24.708618,124.76727,1.955563,1.4201698,97.68996,4.9484086,0.0,200.84602
2026-04-22 16:19:00-04:00,319.25015,22.102345,125.03986,125.66738,1.5754786,121.9337,24.694887,120.85461,1.9484582,1.4029133,98.81988,5.088092,0.0,235.22177
2026-04-22 16:20:00-04:00,315.81842,22.090576,124.73396,125.03594,1.4846854,122.0239,24.457663,123.768,1.9187067,1.3403587,98.30342,4.979206,0.0,242.53616
2026-04-22 16:21:00-04:00,315.7939,22.11803,122.98086,122.84359,1.4178166,120.05117,24.4385,120.747986,1.7345135,1.2495658,99.044624,4.9467607,0.0,252.12532
2026-04-22 16:22:00-04:00,312.3132,22.090576,122.05136,123.17694,1.3623214,120.56101,24.457663,122.72496,1.7736789,1.2189746,99.957634,4.9903092,0.0,241.02623
2026-04-22 16:23:00-04:00,308.857,22.043514,121.79643,122.62788,1.3819308,119.61975,24.457663,121.111984,1.7145312,1.2113266,97.77352,5.0446196,0.0,250.3016
2026-04-22 16:24:00-04:00,307.14117,22.043514,122.05136,122.38471,1.3201606,119.831535,24.457663,121.803154,1.7091137,1.1736763,99.08536,5.0304003,0.0,241.9675
2026-04-22 16:25:00-04:00,303.66043,22.043514,121.46306,122.251366,1.3429077,119.23148,24.457663,120.86886,1.70081,1.1599495,98.328156,4.9633775,0.0,245.4384
2026-04-22 16:26:00-04:00,300.1552,22.041553,121.41207,121.886635,1.3015313,119.235405,24.457663,120.86886,1.675188,1.1338687,97.92479,4.9090886,0.0,241.7714
2026-04-22 16:27:00-04:00,294.95865,22.139603,121.05126,121.76505,1.3040805,118.83144,24.457663,120.529,1.6674615,1.1344571,97.54776,4.835792,0.0,243.75197
2026-04-22 16:28:00-04:00,293.1938,22.13176,120.890465,121.41207,1.2736859,118.6981,24.457663,120.44794,1.6411737,1.10465,97.32176,4.8257766,0.0,242.1636
2026-04-22 16:29:00-04:00,289.78662,22.153328,120.58847,121.251274,1.2678027,118.36866,24.457663,120.075516,1.635845,1.1001401,97.48265,4.8583474,0.0,241.73218
2026-04-22 16:30:00-04:00,287.99725,22.153328,120.39237,120.98067,1.2452514,118.211784,24.457663,119.95183,1.6119549,1.0764122,97.38138,4.8273587,0.0,239.57512
2026-04-22 16:31:00-04:00,284.54102,22.153328,120.13745,120.75712,1.2301521,117.925476,24.457663,119.623474,1.6044949,1.0648427,97.305824,4.901524,0.0,240.12416
2026-04-22 16:32:00-04:00,279.31995,22.15725,119.85899,120.427666,1.208385,117.72546,24.463186,119.415924,1.5839797,1.0426838,97.5902,4.868189,0.0,238.32008
2026-04-22 16:33:00-04:00,275.86374,22.092537,119.604065,120.2159,1.1952469,117.41171,24.472733,119.12889,1.5689706,1.0291526,97.37679,4.8313932,0.0,237.65338
2026-04-22 16:34:00-04:00,272.40753,22.041553,119.34522,119.91782,1.1766179,117.20384,24.467274,118.91569,1.5482779,1.0107198,97.291824,4.828287,0.0,237.69257
2026-04-22 16:35:00-04:00,268.85327,22.0141,119.094215,119.69427,1.1646557,116.91754,24.47963,118.640015,1.536022,0.9967971,97.47359,4.8447447,0.0,237.67296
2026-04-22 16:36:00-04:00,265.3726,22.108227,118.85497,119.43542,1.1507328,116.70575,24.47963,118.41838,1.516217,0.98169756,97.18146,4.904493,0.0,237.9671
2026-04-22 16:37:00-04:00,263.6812,22.065083,118.61574,119.20403,1.1321037,116.474365,24.47963,118.16543,1.503695,0.96718645,97.508804,4.943699,0.0,236.39835
2026-04-22 16:38:00-04:00,258.46014,22.047436,118.34513,118.921646,1.1152394,116.22336,24.47963,117.90116,1.4867767,0.9485574,97.14921,4.9127564,0.0,235.00606
2026-04-22 16:39:00-04:00,256.6953,22.09842,118.0902,118.658875,1.098767,115.94882,24.47963,117.63837,1.4675491,0.9330654,96.98313,4.9327445,0.0,234.82957
2026-04-22 16:40:00-04:00,251.4987,22.112148,117.81174,118.3922,1.081903,115.70174,24.496046,117.37561,1.4560037,0.9162011,97.436935,4.8906746,0.0,233.55493
2026-04-22 16:41:00-04:00,246.27763,22.061161,117.52152,118.10197,1.0646465,115.43897,24.501568,117.1072,1.4359326,0.89914083,97.22496,4.893739,0.0,234.51582
2026-04-22 16:42:00-04:00,244.5373,22.067043,117.24699,117.82743,1.0495467,115.15267,24.501568,116.82309,1.4224331,0.88364935,97.04504,4.9077435,0.0,232.33914
2026-04-22 16:43:00-04:00,241.08109,22.10038,116.984215,117.548965,1.0340552,114.893814,24.515266,116.55759,1.4050708,0.8677654,97.207504,5.0005693,0.0,231.57436
2026-04-22 16:44:00-04:00,239.36525,22.139603,116.74105,117.30582,1.0167987,114.65851,24.523504,116.475174,1.396545,0.8520775,96.489105,4.9127483,0.0,233.63336
2026-04-22 16:45:00-04:00,234.09512,22.21608,116.44299,117.00382,0.9997382,114.37613,24.523504,116.02934,1.3691025,0.8348212,96.7266,4.924296,0.0,231.10371
2026-04-22 16:46:00-04:00,230.68797,22.167057,116.180214,116.76458,0.9856193,114.09374,24.523504,115.74681,1.3505856,0.82011366,96.89972,4.9002256,0.0,231.16255
2026-04-22 16:47:00-04:00,225.44235,22.153328,115.88607,116.474365,0.96718645,113.819214,24.534428,115.48138,1.3361984,0.80383754,96.58426,4.922629,0.0,229.08392
2026-04-22 16:48:00-04:00,223.67749,22.127834,115.65861,116.20767,0.95267534,113.56821,24.545412,115.20166,1.3218554,0.7871697,96.80316,4.843948,0.0,227.10335
2026-04-22 16:49:00-04:00,218.45642,22.061161,115.32523,115.87038,0.9265945,113.2623,24.545412,114.8937,1.3040932,0.7687366,96.09953,4.8672686,0.0,232.045
2026-04-22 16:50:00-04:00,215.00021,21.980762,115.015396,115.58016,0.91169095,112.92894,24.567348,114.598495,1.2851322,0.75167584,96.31084,4.9031696,0.0,228.73094
2026-04-22 16:51:00-04:00,211.49498,21.908203,114.705574,115.270325,0.897964,112.60734,24.567348,114.27493,1.2656827,0.7338314,96.20089,4.847911,0.0,228.10345
2026-04-22 16:52:00-04:00,206.29842,21.925854,114.39966,114.9448,0.8716874,112.31319,24.567348,113.98542,1.248187,0.7159867,96.30677,4.8746123,0.0,229.96637
2026-04-22 16:53:00-04:00,204.53357,21.925854,114.07806,114.64282,0.8616862,111.97983,24.567348,113.67616,1.2338886,0.6995144,96.35271,4.86257,0.0,227.08374
2026-04-22 16:54:00-04:00,199.36151,21.84153,113.772156,114.309456,0.84482193,111.66607,24.587944,113.361176,1.2152382,0.68186545,95.55555,4.798319,0.0,227.45633
2026-04-22 16:55:00-04:00,195.8808,21.851337,113.423096,113.98393,0.8259969,111.38761,24.589317,113.050514,1.1982753,0.6655896,96.347595,4.8019614,0.0,226.43661
2026-04-22 16:56:00-04:00,194.14041,21.84153,113.10934,113.61527,0.8046222,111.06602,24.589317,112.73701,1.1777602,0.6455877,95.20713,4.8013673,0.0,225.61302
2026-04-22 16:57:00-04:00,190.6107,21.906242,112.69362,113.16817,0.7805023,110.69343,24.589317,112.345566,1.1551135,0.6216638,96.03394,4.7347717,0.0,225.78952
2026-04-22 16:58:00-04:00,188.89484,21.890556,112.281815,112.72892,0.7608924,110.32869,24.600271,111.94285,1.1316231,0.59891653,95.81854,4.7432933,0.0,222.69118
2026-04-22 16:59:00-04:00,185.41411,21.853298,111.81903,112.30534,0.73500776,109.89336,24.611227,111.46638,1.1049356,0.5749929,95.07119,4.727219,0.0,222.27937
2026-04-22 17:00:00-04:00,181.98244,21.819962,111.4033,111.858246,0.70402455,109.48155,24.611227,111.07227,1.0825108,0.55303,94.70483,4.688739,0.0,224.63254
2026-04-22 17:01:00-04:00,178.4527,21.816036,110.94051,111.41898,0.6789241,109.03053,24.611227,110.62717,1.0586652,0.53087115,94.72606,4.7274995,0.0,224.9855
2026-04-22 17:02:00-04:00,174.99648,21.808193,110.48949,110.95621,0.6655896,108.603035,24.611227,110.2005,1.0301126,0.5093007,94.02081,4.6623325,0.0,220.65178
2026-04-22 17:03:00-04:00,171.46674,21.829765,110.05416,110.53655,0.6389203,108.183395,24.611227,109.77115,1.0164803,0.48812222,95.10181,4.641772,0.0,220.92632
2026-04-22 17:04:00-04:00,168.01051,21.888596,109.64235,110.11691,0.62362504,107.78728,24.63182,109.36868,0.9901923,0.46890473,94.15238,4.6550064,0.0,222.45586
2026-04-22 17:05:00-04:00,164.52983,21.867023,109.234474,109.68157,0.60872173,107.38332,24.633192,108.94931,0.9711425,0.44772625,94.24261,4.6428385,0.0,216.98477
2026-04-22 17:06:00-04:00,162.78944,21.84153,108.82267,109.2776,0.5826409,106.94798,24.633192,108.52008,0.9524479,0.4279201,93.16896,4.61483,0.0,219.2595
2026-04-22 17:07:00-04:00,161.07362,21.7827,108.403015,108.8462,0.55361843,106.51656,24.649609,108.11072,0.9251385,0.40791845,93.25266,4.6989584,0.0,223.7305
2026-04-22 17:08:00-04:00,157.6174,21.72976,107.983376,108.44224,0.54734325,106.12045,24.65513,107.69148,0.9138152,0.38948536,93.99627,4.673533,0.0,216.88673
2026-04-22 17:09:00-04:00,154.13667,21.653282,107.57941,108.01867,0.520674,105.70865,24.65513,107.286446,0.8925008,0.37046385,93.11457,4.634236,0.0,217.63188
2026-04-22 17:10:00-04:00,150.63148,21.64544,107.17154,107.59902,0.5077319,105.30862,24.65513,106.89854,0.879712,0.3514428,93.85252,4.6198616,0.0,215.90623
2026-04-22 17:11:00-04:00,147.12624,21.57484,106.74796,107.19507,0.47498345,104.896805,24.65513,106.44548,0.8480065,0.33183312,93.385315,4.702885,0.0,219.43596
2026-04-22 17:12:00-04:00,143.67003,21.551311,106.33617,106.779335,0.46184492,104.5007,24.666117,106.037796,0.8290012,0.3141842,92.736176,4.624853,0.0,219.23988
2026-04-22 17:13:00-04:00,140.3854,21.600334,105.93612,106.38715,0.44870687,104.09673,24.677036,105.64005,0.8063544,0.29712367,91.86124,4.7217736,0.0,215.21988
2026-04-22 17:14:00-04:00,138.44896,21.604256,105.532166,105.97142,0.4306655,103.712395,24.677036,105.242355,0.79405415,0.2796712,91.36061,4.603542,0.0,214.90613
2026-04-22 17:15:00-04:00,134.96823,21.496403,105.163506,105.587074,0.38536716,103.32019,24.677036,104.8858,0.7615052,0.26319933,89.288864,4.6809335,0.0,225.88757
2026-04-22 17:16:00-04:00,131.6591,21.447376,104.79092,105.2341,0.39438772,102.9476,24.681156,104.50379,0.7400573,0.24751139,88.263084,4.7208996,0.0,215.47481
2026-04-22 17:17:00-04:00,129.79619,21.394432,104.41049,104.837975,0.37752366,102.58679,24.682499,104.101974,0.7459632,0.2304511,91.944786,4.684019,0.0,215.08261
2026-04-22 17:18:00-04:00,126.24193,21.157158,104.018295,104.45756,0.3620317,102.20636,24.694887,103.70025,0.7237162,0.21613598,91.05431,4.735798,0.0,213.63152
2026-04-22 17:19:00-04:00,124.55061,21.082638,103.594734,104.05359,0.33634305,101.81418,24.699007,103.31131,0.7166558,0.19927144,93.484535,4.699571,0.0,215.6513
2026-04-22 17:20:00-04:00,121.04537,21.04538,103.21822,103.657486,0.32202816,101.41021,24.699007,102.90258,0.695208,0.18279934,89.75405,4.742731,0.0,214.02371
2026-04-22 17:21:00-04:00,117.56465,21.04538,102.829956,103.245674,0.31594896,101.01801,24.699007,102.51659,0.6782009,0.16613126,89.738014,4.7505574,0.0,209.98413
2026-04-22 17:22:00-04:00,114.05941,21.027729,102.4103,102.8574,0.2845738,100.61014,24.699007,102.11219,0.65835166,0.15083551,90.262215,4.7353272,0.0,214.43552
2026-04-22 17:23:00-04:00,110.65222,20.90615,102.02987,102.45737,0.27555323,100.21794,24.699007,101.72628,0.6390354,0.13534403,89.95121,4.7089744,0.0,212.8471
2026-04-22 17:24:00-04:00,107.12251,20.72182,101.633766,102.07301,0.23437285,99.81007,24.699007,101.35879,0.608529,0.119264126,87.85815,4.6229944,0.0,222.06366
2026-04-22 17:25:00-04:00,103.61727,20.65907,101.23764,101.6926,0.24025583,99.429634,24.699007,100.929115,0.5726494,0.10357642,84.26604,4.598198,0.0,212.57257
2026-04-22 17:26:00-04:00,100.161064,20.6022,100.8533,101.28863,0.22868586,99.06882,24.699007,100.55745,0.597472,0.09141827,91.285355,4.5712895,0.0,211.43523
2026-04-22 17:27:00-04:00,98.420715,20.55906,100.488556,100.92782,0.20515442,98.69623,24.699007,100.18866,0.55915016,0.07631898,87.39484,4.5757565,0.0,217.12202
2026-04-22 17:28:00-04:00,95.03804,20.543373,100.14342,100.59053,0.02847147,98.01382,24.699007,99.51051,0.32127112,0.041805744,0.0,4.6390038,0.0,207.14072
2026-04-22 17:29:00-04:00,86.33625,20.529644,99.806145,100.48071,0.023372889,96.73526,24.699007,99.14605,0.3081716,0.021215677,0.0,4.711806,0.0,334.95657
2026-04-22 17:30:00-04:00,86.33625,20.46101,99.47277,99.90027,0.030236244,95.5626,24.699007,98.58113,0.32060507,0.030432224,0.0,4.723896,0.0,358.8215
2026-04-22 17:31:00-04:00,81.1642,20.341396,99.11588,99.4061,0.022392273,94.872345,24.699007,98.22243,0.31203482,0.019646883,0.0,4.7310038,0.0,392.66782
2026-04-22 17:32:00-04:00,77.63445,20.200203,98.75506,99.05313,0.013763905,93.6291,24.699007,97.73952,0.304486,0.011999369,0.0,4.6983194,0.0,379.72546
2026-04-22 17:33:00-04:00,60.25538,20.066856,98.464836,98.78252,0.008469582,93.22906,24.699007,97.37529,0.29738104,0.0033707619,0.0,4.577222,0.0,400.09988
2026-04-22 17:34:00-04:00,32.45868,19.888412,98.15501,98.52759,0.0041553974,92.31917,24.699007,97.20301,0.2952497,0.00023317337,0.0,4.5589776,0.0,393.6091
2026-04-22 17:35:00-04:00,23.732372,19.686428,98.01382,98.30011,3.71933e-05,91.63675,24.699007,96.54244,0.29063147,-0.0009431839,0.0,4.6022153,0.0,376.27417
2026-04-22 17:36:00-04:00,23.732372,19.500134,97.87263,98.14324,0.0008215904,90.9857,24.693514,96.10639,0.289477,-0.00015878677,0.0,4.7211995,0.0,360.25302
2026-04-22 17:37:00-04:00,15.128628,19.370716,97.805954,97.89616,-0.00055098534,90.71902,24.683905,95.65621,0.28814477,-0.00055098534,0.0,4.733642,0.0,348.03622
2026-04-22 17:38:00-04:00,15.05509,19.260899,97.65692,97.331406,-0.001531601,90.32682,24.677036,95.21744,0.28787833,-0.0007472038,0.0,4.7015753,0.0,339.78058
2026-04-22 17:39:00-04:00,15.05509,19.158928,97.519646,96.79801,-0.0025119781,89.577736,24.677036,94.80413,0.28659064,-0.0009431839,0.0,4.6333523,0.0,327.07346
2026-04-22 17:40:00-04:00,15.030578,19.041267,97.38238,96.50779,-0.0042767525,89.162,24.671576,94.43737,0.28494757,-0.0007472038,0.0,4.6696644,0.0,308.46387
2026-04-22 17:41:00-04:00,15.05509,18.99617,97.31964,96.25287,-0.006041765,88.4992,24.65513,94.02835,0.28348228,-0.00055098534,0.0,4.6915817,0.0,289.10916
2026-04-22 17:42:00-04:00,15.05509,18.976563,97.19414,95.93127,-0.006825924,87.79718,24.65513,93.64476,0.28206137,3.71933e-05,0.0,4.6195,0.0,271.0682
2026-04-22 17:43:00-04:00,15.006065,18.921654,97.02157,95.50769,-0.008983135,87.14222,24.638655,93.26404,0.28117317,-0.00015878677,0.0,4.6045375,0.0,255.63544
2026-04-22 17:44:00-04:00,15.030578,18.85498,96.86861,95.095894,-0.010355949,86.89121,24.633192,92.87211,0.27890846,-0.00055098534,0.0,4.523872,0.0,240.26143
2026-04-22 17:45:00-04:00,15.05509,18.800072,96.68428,94.70762,-0.011532307,86.01662,24.616716,92.480255,0.2782868,-0.00035500526,0.0,4.7162848,0.0,227.69165
2026-04-22 17:46:00-04:00,15.030578,18.762814,96.42935,94.31151,-0.012709141,85.65972,24.611227,92.08837,0.27713233,-0.00055098534,0.0,4.674957,0.0,216.00429
2026-04-22 17:47:00-04:00,11.574366,18.71379,96.1156,93.931076,-0.013297319,84.85964,24.609852,91.66838,0.27637747,-0.00055098534,0.0,4.567269,0.0,206.121
2026-04-22 17:48:00-04:00,8.118153,18.69614,95.80576,93.483986,-0.014277935,84.29881,24.589317,91.33156,0.27535605,-0.00035500526,0.0,4.561554,0.0,201.29701
2026-04-22 17:49:00-04:00,0.0,18.682411,95.34298,93.248665,-0.014277935,83.93407,24.583826,90.979324,0.27522284,-0.00035500526,0.0,4.7355843,0.0,200.31654
2026-04-22 17:50:00-04:00,0.0,18.656921,94.82136,93.46437,-0.014277935,82.88299,24.567348,90.5665,0.27611107,-0.0007472038,0.0,4.7515516,0.0,200.12045
2026-04-22 17:51:00-04:00,0.0,18.647114,93.53497,94.46839,-0.009571552,82.04369,23.77772,90.25798,0.27837563,-0.0013356209,0.0,4.654982,0.0,250.6742
2026-04-22 17:52:00-04:00,0.0,18.647114,91.46419,93.248665,-0.0078065395,75.756836,23.77223,89.77489,0.28299385,-0.00055098534,0.0,4.585475,0.0,264.18524
2026-04-22 17:53:00-04:00,0.0,18.641232,91.193565,91.53478,-0.008394718,70.27789,23.74483,89.4622,0.28281623,-0.00055098534,0.0,4.670196,0.0,264.16565
2026-04-22 17:54:00-04:00,0.0,18.590248,91.03277,90.966095,-0.008002758,70.5642,23.77772,89.0566,0.28246087,-0.00035500526,0.0,4.7284427,0.0,264.20486
2026-04-22 17:55:00-04:00,0.0,18.502007,90.87982,90.68372,-0.008002758,71.077965,23.77223,88.67224,0.28263846,-0.0007472038,0.0,4.755934,0.0,264.18524
2026-04-22 17:56:00-04:00,0.0,18.46867,90.801384,90.70333,-0.008002758,70.88971,23.753036,88.28504,0.28330466,-0.00055098534,0.0,4.6254,0.0,264.16565
2026-04-22 17:57:00-04:00,0.0,18.417686,90.76216,90.69549,-0.008002758,70.32496,23.733847,87.907776,0.2825942,-0.0007472038,0.0,4.7381096,0.0,264.20486
2026-04-22 17:58:00-04:00,0.0,18.337284,90.71902,90.4484,-0.008198738,70.30142,23.711908,87.530556,0.28246087,-0.00055098534,0.0,4.7831035,0.0,263.85187
2026-04-22 17:59:00-04:00,0.0,18.27061,90.605286,90.16602,-0.008198738,70.795586,23.68997,87.36729,0.28308266,-0.00055098534,0.0,4.7473335,0.0,263.8911
2026-04-22 18:00:00-04:00,0.0,18.201977,90.47978,90.07581,-0.008590937,70.77597,23.66535,86.80153,0.28290504,-0.00055098534,0.0,4.6679683,0.0,263.83228
2026-04-22 18:01:00-04:00,0.0,18.15295,90.41703,90.22093,-0.008590937,70.54851,23.646095,86.38221,0.28308266,-0.00055098534,0.0,4.653997,0.0,262.98904
2026-04-22 18:02:00-04:00,0.0,18.094128,90.369965,90.32682,-0.008590937,69.63862,23.613205,86.00097,0.28339347,-0.00055098534,0.0,4.7802896,0.0,263.00867
2026-04-22 18:03:00-04:00,0.0,18.011765,90.31898,90.373886,-0.008394718,68.90521,23.59679,85.63238,0.2835267,-0.00055098534,0.0,4.5948167,0.0,263.00867
2026-04-22 18:04:00-04:00,0.0,17.960781,90.24838,90.397415,-0.008590937,68.375755,23.558407,85.26807,0.28348228,-0.00055098534,0.0,4.5658855,0.0,262.75372
2026-04-22 18:05:00-04:00,0.0,17.947052,90.17779,90.27583,-0.008394718,67.956116,23.541931,84.89676,0.2837931,-0.00055098534,0.0,4.4632382,0.0,262.4792
2026-04-22 18:06:00-04:00,0.0,17.95882,90.06405,90.111115,-0.008394718,67.4541,23.525517,84.528336,0.2839263,-0.00055098534,0.0,4.583212,0.0,262.28308
2026-04-22 18:07:00-04:00,0.0,17.929405,89.93463,89.918945,-0.008590937,67.15995,23.506294,84.1655,0.2838819,-0.00055098534,0.0,4.6829267,0.0,261.5576
2026-04-22 18:08:00-04:00,0.0,17.945091,89.80913,90.1268,-0.008590937,66.3638,23.470657,83.77185,0.2838819,-0.0009431839,0.0,4.6626453,0.0,261.5576
2026-04-22 18:09:00-04:00,0.0,18.064713,89.65225,89.78952,-0.008590937,66.210846,23.470657,83.4176,0.28419274,-0.00055098534,0.0,4.769449,0.0,261.53796
2026-04-22 18:10:00-04:00,0.0,18.096088,89.456154,89.573814,-0.008590937,66.5952,23.432306,83.10833,0.2837487,-0.0007472038,0.0,4.6643977,0.0,261.0085
2026-04-22 18:11:00-04:00,0.0,18.172562,89.30319,89.58166,-0.008590937,66.12456,23.426813,82.75416,0.2838819,-0.0009431839,0.0,4.794133,0.0,260.96927
2026-04-22 18:12:00-04:00,0.0,18.172562,89.13847,89.60911,-0.008590937,66.12456,23.40213,82.39159,0.28463677,-0.00055098534,0.0,4.8224583,0.0,260.59668
2026-04-22 18:13:00-04:00,0.0,18.141186,89.040436,89.860115,-0.008787155,65.042114,23.382969,82.02899,0.2839707,-0.0009431839,0.0,4.8376737,0.0,260.63593
2026-04-22 18:14:00-04:00,0.0,18.072556,88.95807,89.96601,-0.008590937,64.40675,23.361032,81.67491,0.28414834,-0.00055098534,0.0,4.7950044,0.0,260.2045
2026-04-22 18:15:00-04:00,0.0,18.025494,88.86787,89.78168,-0.008590937,64.045944,23.339127,81.32232,0.28423712,-0.0007472038,0.0,4.758418,0.0,260.14566
2026-04-22 18:16:00-04:00,0.0,17.996078,88.71099,89.47968,-0.008787155,63.853764,23.317158,80.9739,0.28437033,-0.00055098534,0.0,4.7677083,0.0,259.57697
2026-04-22 18:17:00-04:00,0.0,17.950974,88.61686,89.55028,-0.008590937,63.559616,23.295221,80.6677,0.28450355,-0.0007472038,0.0,4.772131,0.0,259.55737
2026-04-22 18:18:00-04:00,0.0,17.868614,88.522736,89.59342,-0.008590937,62.95172,23.273314,80.2857,0.28441474,-0.0007472038,0.0,4.8722324,0.0,259.53775
2026-04-22 18:19:00-04:00,0.0,17.82547,88.42076,89.54636,-0.008787155,62.35559,23.251375,79.944435,0.28499213,-0.0007472038,0.0,4.8943143,0.0,259.36127
2026-04-22 18:20:00-04:00,0.0,17.82351,88.29918,89.38556,-0.008590937,61.873184,23.22944,79.60181,0.2848589,-0.00055098534,0.0,4.7780914,0.0,258.98868
2026-04-22 18:21:00-04:00,0.0,17.831352,88.14623,89.14632,-0.008787155,61.88103,23.207533,79.2817,0.28499213,-0.0007472038,0.0,4.7877073,0.0,258.98868
2026-04-22 18:22:00-04:00,0.0,17.78429,88.02073,89.09925,-0.008590937,61.36726,23.185564,78.95038,0.28459236,-0.00055098534,0.0,4.9995017,0.0,258.20428
2026-04-22 18:23:00-04:00,0.0,17.74115,87.87562,89.07572,-0.008590937,61.351574,23.163689,78.63589,0.28459236,-0.00055098534,0.0,5.089831,0.0,258.20428
2026-04-22 18:24:00-04:00,0.0,17.7235,87.75796,88.93846,-0.008787155,60.798573,23.160944,78.4675,0.28503639,-0.0009431839,0.0,5.1780653,0.0,258.18466
2026-04-22 18:25:00-04:00,0.0,17.715656,87.62069,88.70314,-0.008983135,60.535812,23.125305,78.01838,0.28490317,-0.0009431839,0.0,5.0203333,0.0,258.18466
2026-04-22 18:26:00-04:00,0.0,17.66663,87.491264,88.67177,-0.008787155,60.163223,23.118443,77.67033,0.2853916,-0.0007472038,0.0,4.874982,0.0,257.32184
2026-04-22 18:27:00-04:00,0.0,17.609768,87.39713,88.6247,-0.008590937,59.527874,23.096535,77.35461,0.28530297,-0.0009431839,0.0,4.926288,0.0,257.34143
2026-04-22 18:28:00-04:00,0.0,17.603886,87.27163,88.49528,-0.008983135,59.135674,23.07594,77.044495,0.28548056,-0.0007472038,0.0,5.1450934,0.0,257.30222
2026-04-22 18:29:00-04:00,0.0,17.592117,87.15006,88.38546,-0.008983135,58.719955,23.051289,76.74151,0.28561378,-0.00055098534,0.0,5.325856,0.0,256.83163
2026-04-22 18:30:00-04:00,0.0,17.539173,87.016716,88.26781,-0.008787155,58.414043,23.032095,76.4399,0.2853916,-0.0007472038,0.0,5.3269773,0.0,256.87088
2026-04-22 18:31:00-04:00,0.0,17.476421,86.90298,88.150154,-0.008590937,57.872807,23.010126,76.132675,0.28543615,-0.0007472038,0.0,5.2279534,0.0,256.87088
2026-04-22 18:32:00-04:00,0.0,17.417591,86.79708,88.02857,-0.008787155,57.492386,22.988281,75.84099,0.28556922,-0.0009431839,0.0,5.224316,0.0,256.87088
2026-04-22 18:33:00-04:00,0.0,17.333267,86.695114,87.950134,-0.008787155,57.178627,22.966316,75.53942,0.28556922,-0.0007472038,0.0,5.398243,0.0,256.1845
2026-04-22 18:34:00-04:00,0.0,17.243061,86.608826,87.836395,-0.008983135,56.700157,22.945782,75.24915,0.2860134,-0.0009431839,0.0,5.6147556,0.0,256.1453
2026-04-22 18:35:00-04:00,0.0,17.1862,86.53823,87.74619,-0.008787155,56.24521,22.927933,74.9547,0.2858358,-0.0007472038,0.0,5.686611,0.0,256.16492
2026-04-22 18:36:00-04:00,0.0,17.156784,86.44803,87.69913,-0.009179354,55.884396,22.908772,74.66865,0.28627983,-0.0009431839,0.0,5.718829,0.0,255.79231
2026-04-22 18:37:00-04:00,0.0,17.135212,86.36566,87.608925,-0.008983135,55.60986,22.900534,74.38266,0.28641304,-0.001139164,0.0,5.626763,0.0,255.7727
2026-04-22 18:38:00-04:00,0.0,17.123447,86.267624,87.49911,-0.008983135,55.22158,22.867643,74.10089,0.2859246,-0.0009431839,0.0,5.5920086,0.0,255.79231
2026-04-22 18:39:00-04:00,0.0,17.0705,86.16566,87.42851,-0.008983135,54.78233,22.856659,73.81356,0.28636864,-0.001139164,0.0,5.4856653,0.0,255.12558
2026-04-22 18:40:00-04:00,0.0,17.015594,86.10683,87.342224,-0.008983135,54.409744,22.834753,73.552864,0.28636864,-0.0007472038,0.0,5.504216,0.0,255.12558
2026-04-22 18:41:00-04:00,0.0,16.976372,86.02838,87.212814,-0.008787155,54.14698,22.812847,73.25296,0.28654623,-0.0007472038,0.0,5.5372252,0.0,255.14519
2026-04-22 18:42:00-04:00,0.0,16.933231,85.926414,87.11084,-0.008983135,53.82538,22.790909,72.97129,0.28641304,-0.0009431839,0.0,5.4501476,0.0,255.14519
2026-04-22 18:43:00-04:00,0.0,16.894012,85.812675,87.0324,-0.008983135,53.49201,22.769001,72.68822,0.28654623,-0.0009431839,0.0,5.385729,0.0,254.61572
2026-04-22 18:44:00-04:00,0.0,16.841064,85.74208,86.953964,-0.008983135,53.197872,22.752558,72.40939,0.28690147,-0.001139164,0.0,5.3816805,0.0,254.61572
2026-04-22 18:45:00-04:00,0.0,16.819492,85.65972,86.8716,-0.008983135,52.970398,22.729248,72.13481,0.28707907,-0.001139164,0.0,5.318404,0.0,254.59612
2026-04-22 18:46:00-04:00,0.0,16.768509,85.553825,86.77355,-0.008983135,52.61742,22.725128,71.88827,0.2872567,-0.0009431839,0.0,5.3000994,0.0,254.5765
2026-04-22 18:47:00-04:00,0.0,16.727333,85.50284,86.67942,-0.008590937,52.29975,22.693611,71.5983,0.28663504,-0.0009431839,0.0,5.342047,0.0,253.92938
2026-04-22 18:48:00-04:00,0.0,16.682232,85.412636,86.59706,-0.009179354,52.170326,22.681284,71.32797,0.28667945,-0.0009431839,0.0,5.3145866,0.0,253.89015
2026-04-22 18:49:00-04:00,0.0,16.635166,85.3146,86.467636,-0.008983135,51.78989,22.659378,71.18511,0.28659064,-0.0009431839,0.0,5.3609843,0.0,253.90976
2026-04-22 18:50:00-04:00,0.0,16.611633,85.22047,86.322525,-0.009179354,51.440834,22.63744,70.835014,0.2873011,-0.001139164,0.0,5.378318,0.0,253.85094
2026-04-22 18:51:00-04:00,0.0,16.613594,85.09496,86.19311,-0.009179354,51.22906,22.615501,70.54096,0.28681266,-0.0009431839,0.0,5.482961,0.0,253.83133
2026-04-22 18:52:00-04:00,0.0,16.611633,84.9773,86.09898,-0.008983135,50.89177,22.60455,70.27492,0.2873011,-0.0007472038,0.0,5.5393457,0.0,253.20381
2026-04-22 18:53:00-04:00,0.0,16.609673,84.843956,86.00877,-0.008983135,50.67998,22.593597,70.01171,0.28716788,-0.0009431839,0.0,5.4760857,0.0,253.20381
2026-04-22 18:54:00-04:00,0.0,16.615555,84.7616,85.88327,-0.009179354,50.487816,22.571661,69.74714,0.28690147,-0.0007472038,0.0,5.4504185,0.0,253.22342
2026-04-22 18:55:00-04:00,0.0,16.599869,84.63217,85.777374,-0.008983135,50.5584,22.549692,69.48534,0.28667945,-0.0013356209,0.0,5.4588284,0.0,253.04694
2026-04-22 18:56:00-04:00,0.0,16.592026,84.53412,85.671486,-0.009179354,50.166214,22.527847,69.23337,0.2874343,-0.001139164,0.0,5.4078813,0.0,253.02731
2026-04-22 18:57:00-04:00,0.0,16.56261,84.42432,85.55775,-0.009179354,49.852455,22.505878,68.97164,0.28707907,-0.0009431839,0.0,5.4031873,0.0,253.02731
2026-04-22 18:58:00-04:00,0.0,16.523392,84.32234,85.44401,-0.009179354,49.585766,22.49221,68.721115,0.28707907,-0.0009431839,0.0,5.601031,0.0,253.02731
2026-04-22 18:59:00-04:00,0.0,16.478287,84.19292,85.34989,-0.008983135,49.585766,22.472988,68.46641,0.28676826,-0.0009431839,0.0,5.696923,0.0,253.04694
2026-04-22 19:00:00-04:00,0.0,16.456715,84.130165,85.247925,-0.009179354,49.570076,22.45932,68.21596,0.2872567,-0.0009431839,0.0,5.85425,0.0,251.41937
