timestamp,RAD,T_AMB,T5,T8,P8,T3,T2,T4,P4,P5,CAUDAL,EV FB,CAUDAL VAP,Nivel
2026-04-13 07:01:00-04:00,0.0,5.849842,23.555887,23.936314,-0.014866114,7.9858065,9.573869,9.371002,0.2781092,-0.0040807724,0.0,0.45162997,0.0,146.23305
2026-04-13 07:02:00-04:00,0.0,5.8243496666666665,23.533662,23.918011,-0.014866114,7.9740405333333335,9.559765,9.359095,0.2779907933333333,-0.0040807724,0.0,0.45161125333333335,0.0,146.23958666666667
2026-04-13 07:03:00-04:00,0.0,5.798857333333333,23.511436999999997,23.899708,-0.014866114,7.962274566666666,9.545660999999999,9.347188000000001,0.2778723866666667,-0.0040807724,0.0,0.45159253666666666,0.0,146.24612333333332
2026-04-13 07:04:00-04:00,0.0,5.773365,23.489212,23.881405,-0.014866114,7.9505086,9.531557,9.335281,0.27775398,-0.0040807724,0.0,0.45157382,0.0,146.25266
2026-04-13 07:05:00-04:00,0.0,5.7125759,23.474832,23.870946333333332,-0.01493152,7.9413573,9.521998,9.325193333333333,0.2779611966666667,-0.0040154457,0.0,0.4514927266666667,0.0,146.25266
2026-04-13 07:06:00-04:00,0.0,5.6517868,23.460452,23.860487666666668,-0.014996925999999999,7.932206,9.512438999999999,9.315105666666668,0.2781684133333333,-0.003950119,0.0,0.45141163333333334,0.0,146.25266
2026-04-13 07:07:00-04:00,0.0,5.5909977,23.446072,23.850029,-0.015062332,7.9230547,9.50288,9.305018,0.27837563,-0.0038847923,0.0,0.45133054,0.0,146.25266
2026-04-13 07:08:00-04:00,0.0,5.5779248,23.423847333333335,23.835649,-0.015062332,7.9152108,9.490148999999999,9.290354666666667,0.2781684133333333,-0.0038847923,0.0,0.45136834,0.0,146.24612333333332
2026-04-13 07:09:00-04:00,0.0,5.5648519,23.401622666666665,23.821269,-0.015062332,7.9073669,9.477418,9.275691333333333,0.2779611966666667,-0.0038847923,0.0,0.45140614,0.0,146.23958666666667
2026-04-13 07:10:00-04:00,0.0,5.551779,23.379398,23.806889,-0.015062332,7.899523,9.464687,9.261028,0.27775398,-0.0038847923,0.0,0.45144394,0.0,146.23305
2026-04-13 07:11:00-04:00,0.0,5.590998466666666,23.362402333333332,23.784663666666667,-0.015062332,7.886449666666667,9.450125333333332,9.246832666666666,0.2777835866666667,-0.0038847923,0.0,0.45141099333333334,0.0,146.23305
2026-04-13 07:12:00-04:00,0.0,5.630217933333333,23.345406666666666,23.762438333333336,-0.015062332,7.873376333333334,9.435563666666667,9.232637333333333,0.2778131933333333,-0.0038847923,0.0,0.45137804666666664,0.0,146.23305
2026-04-13 07:13:00-04:00,0.0,5.6694374,23.328411,23.740213,-0.015062332,7.860303,9.421002,9.218442,0.2778428,-0.0038847923,0.0,0.4513451,0.0,146.23305
2026-04-13 07:14:00-04:00,0.0,5.674666733333333,23.307494,23.725833,-0.015062332,7.853766333333334,9.406451,9.208812333333332,0.2777243833333333,-0.003950119,0.0,0.45139959333333335,0.0,146.23305
2026-04-13 07:15:00-04:00,0.0,5.679896066666667,23.286577,23.711453,-0.015062332,7.847229666666666,9.3919,9.199182666666667,0.2776059666666667,-0.0040154457,0.0,0.45145408666666664,0.0,146.23305
2026-04-13 07:16:00-04:00,0.0,5.6851254,23.26566,23.697073,-0.015062332,7.840693,9.377349,9.189553,0.27748755,-0.0040807724,0.0,0.45150858,0.0,146.23305
2026-04-13 07:17:00-04:00,0.0,5.6851254,23.249972,23.677464666666665,-0.014996925999999999,7.830234333333333,9.363692333333335,9.17672,0.27763556666666667,-0.0040154457,0.0,0.4514464733333333,0.0,146.22651333333332
2026-04-13 07:18:00-04:00,0.0,5.6851254,23.234284000000002,23.657856333333335,-0.01493152,7.819775666666667,9.350035666666667,9.163887,0.27778358333333336,-0.003950119,0.0,0.45138436666666665,0.0,146.21997666666667
2026-04-13 07:19:00-04:00,0.0,5.6851254,23.218596,23.638248,-0.014866114,7.809317,9.336379,9.151054,0.2779316,-0.0038847923,0.0,0.45132226,0.0,146.21344
2026-04-13 07:20:00-04:00,0.0,5.7276116,23.198988333333336,23.62778966666667,-0.014866114,7.797551066666666,9.328193333333333,9.136391,0.2781092133333333,-0.003950119,0.0,0.4513328,0.0,146.21997666666667
2026-04-13 07:21:00-04:00,0.0,5.7700978,23.179380666666667,23.617331333333333,-0.014866114,7.785785133333333,9.320007666666667,9.121728000000001,0.27828682666666665,-0.0040154457,0.0,0.45134334,0.0,146.22651333333332
2026-04-13 07:22:00-04:00,0.0,5.812584,23.159773,23.606873,-0.014866114,7.7740192,9.311822,9.107065,0.27846444,-0.0040807724,0.0,0.45135388,0.0,146.23305
2026-04-13 07:23:00-04:00,7.9843280000000005,5.88318,23.138855666666668,23.589877666666666,-0.014866114,7.7635606,9.2972705,9.092412,0.27833122666666665,-0.0040154457,0.0,0.4514143766666667,0.0,146.22651333333332
2026-04-13 07:24:00-04:00,15.968656000000001,5.9537759999999995,23.117938333333335,23.572882333333332,-0.014866114,7.753102,9.282719,9.077759,0.2781980133333333,-0.003950119,0.0,0.4514748733333333,0.0,146.21997666666667
2026-04-13 07:25:00-04:00,23.952984,6.024372,23.097021,23.555887,-0.014866114,7.7426434,9.2681675,9.063106,0.2780648,-0.0038847923,0.0,0.45153537,0.0,146.21344
2026-04-13 07:26:00-04:00,26.853582,6.083853333333333,23.083947333333334,23.536277,-0.014800707666666666,7.732184766666667,9.258598666666668,9.055764,0.27785758,-0.0038847923,0.0,0.45151946666666665,0.0,146.21344
2026-04-13 07:27:00-04:00,29.754179999999998,6.143334666666667,23.070873666666667,23.516667,-0.014735301333333334,7.721726133333333,9.249029833333333,9.048421999999999,0.27785758,-0.0038847923,0.0,0.45150356333333336,0.0,146.21344
2026-04-13 07:28:00-04:00,32.654778,6.202816,23.0578,23.497057,-0.014669895,7.7112675,9.239461,9.04108,0.27744314,-0.0038847923,0.0,0.45148766,0.0,146.21344
2026-04-13 07:29:00-04:00,39.05242966666667,6.3178609,23.042112,23.482676333333334,-0.014539241666666668,7.7073455,9.227187666666667,9.028247333333333,0.27767996,-0.0038193861333333332,0.0,0.45141628333333333,0.0,146.20690333333332
2026-04-13 07:30:00-04:00,45.45008133333333,6.4329058,23.026424000000002,23.468295666666666,-0.014408588333333333,7.7034235,9.214914333333333,9.015414666666667,0.27791678,-0.0037539799666666666,0.0,0.45134490666666666,0.0,146.20036666666667
2026-04-13 07:31:00-04:00,51.847733,6.5479507,23.010736,23.453915,-0.014277935,7.6995015,9.202641,9.002582,0.2781536,-0.0036885738,0.0,0.45127353,0.0,146.19383
2026-04-13 07:32:00-04:00,54.731989999999996,6.578671133333334,22.993741,23.442149,-0.014343261666666668,7.692964866666667,9.188079,8.99343,0.27802039333333334,-0.0036885738,0.0,0.45128951333333334,0.0,146.19383
2026-04-13 07:33:00-04:00,57.616247,6.609391566666667,22.976746000000002,23.430383,-0.014408588333333333,7.686428233333333,9.173517,8.984278,0.2778871866666667,-0.0036885738,0.0,0.45130549666666664,0.0,146.19383
2026-04-13 07:34:00-04:00,60.500504,6.640112,22.959751,23.418617,-0.014473915,7.6798916,9.158955,8.975126,0.27775398,-0.0036885738,0.0,0.45132148,0.0,146.19383
2026-04-13 07:35:00-04:00,63.417442666666666,6.766922666666667,22.945370333333333,23.408158333333333,-0.014343182333333334,7.6798916,9.148949333333334,8.960462666666666,0.2777835866666667,-0.0036885738,0.0,0.45133808,0.0,146.08924333333331
2026-04-13 07:36:00-04:00,66.33438133333334,6.8937333333333335,22.93098966666667,23.397699666666668,-0.014212449666666667,7.6798916,9.138943666666666,8.945799333333333,0.2778131933333333,-0.0036885738,0.0,0.45135468,0.0,145.98465666666667
2026-04-13 07:37:00-04:00,69.25132,7.020544,22.916609,23.387241,-0.014081717,7.6798916,9.128938,8.931136,0.2778428,-0.0036885738,0.0,0.45137128,0.0,145.88007
2026-04-13 07:38:00-04:00,75.05251666666668,7.153235666666666,22.899613666666667,23.372860333333332,-0.013950984,7.678584266666667,9.121647,8.921974333333333,0.2779316,-0.003623247133333333,0.0,0.4513997933333333,0.0,145.89968
2026-04-13 07:39:00-04:00,80.85371333333333,7.285927333333333,22.882618333333333,23.358479666666668,-0.013820251,7.677276933333333,9.114356,8.912812666666667,0.2780204,-0.0035579204666666667,0.0,0.45142830666666667,0.0,145.91929
2026-04-13 07:40:00-04:00,86.65491,7.418619,22.865623,23.344099,-0.013689518,7.6759696,9.107065,8.903651,0.2781092,-0.0034925938,0.0,0.45145682,0.0,145.9389
2026-04-13 07:41:00-04:00,89.54733666666667,7.525164166666666,22.852549666666665,23.337562666666667,-0.013689518,7.677276933333333,9.095228333333333,8.895861333333333,0.2779907933333333,-0.0035579204666666667,0.0,0.4514844733333333,0.0,145.91929
2026-04-13 07:42:00-04:00,92.43976333333333,7.631709333333333,22.839476333333334,23.331026333333334,-0.013689518,7.678584266666667,9.083391666666667,8.888071666666667,0.2778723866666667,-0.003623247133333333,0.0,0.4515121266666667,0.0,145.89968
2026-04-13 07:43:00-04:00,95.33219,7.7382545,22.826403,23.32449,-0.013689518,7.6798916,9.071555,8.880282,0.27775398,-0.0036885738,0.0,0.45153978,0.0,145.88007
2026-04-13 07:44:00-04:00,98.22461666666666,7.809504166666667,22.814637,23.316645666666666,-0.013624191333333332,7.686428233333333,9.061102,8.870194999999999,0.27784278,-0.003623247133333333,0.0,0.45158382,0.0,145.90621666666667
2026-04-13 07:45:00-04:00,101.11704333333333,7.880753833333333,22.802871,23.308801333333335,-0.013558864666666667,7.692964866666667,9.050649,8.860108,0.27793158,-0.0035579204666666667,0.0,0.45162786,0.0,145.9323633333333
2026-04-13 07:46:00-04:00,104.00947,7.9520035,22.791105,23.300957,-0.013493538,7.6995015,9.040196,8.850021,0.27802038,-0.0034925938,0.0,0.4516719,0.0,145.95851
2026-04-13 07:47:00-04:00,106.92640999999999,8.008870333333334,22.78064666666667,23.286576666666665,-0.013493538,7.6995015,9.032935666666667,8.842232,0.27788717333333335,-0.0034925938,0.0,0.45165152333333336,0.0,145.9519733333333
2026-04-13 07:48:00-04:00,109.84335,8.065737166666667,22.770188333333333,23.272196333333333,-0.013493538,7.6995015,9.025675333333332,8.834443,0.2777539666666667,-0.0034925938,0.0,0.45163114666666665,0.0,145.94543666666667
2026-04-13 07:49:00-04:00,112.76029,8.122604,22.75973,23.257816,-0.013493538,7.6995015,9.018415,8.826654,0.27762076,-0.0034925938,0.0,0.45161077,0.0,145.9389
2026-04-13 07:50:00-04:00,115.65271666666666,8.151365,22.741429333333333,23.252586666666666,-0.013428131666666666,7.706038133333333,9.013848999999999,8.822993333333333,0.27784277333333335,-0.0035579204666666667,0.0,0.45159573,0.0,145.9519733333333
2026-04-13 07:51:00-04:00,118.54514333333333,8.180126000000001,22.723128666666668,23.247357333333333,-0.013428131666666666,7.712574766666667,9.009283,8.819332666666666,0.2780647866666667,-0.003623247133333333,0.0,0.45158069,0.0,145.96504666666667
2026-04-13 07:52:00-04:00,121.43757,8.208887,22.704828,23.242128,-0.013297319,7.7191114,9.004717,8.815672,0.2782868,-0.0036885738,0.0,0.45156565,0.0,145.97812
2026-04-13 07:53:00-04:00,124.92645333333333,8.278829666666667,22.694369333333334,23.225135,-0.013362725333333334,7.7256480666666665,8.997904333333333,8.810170999999999,0.27809439,-0.003623247133333333,0.0,0.4515958666666667,0.0,145.98465666666667
2026-04-13 07:54:00-04:00,128.41533666666666,8.348772333333335,22.683910666666666,23.208142,-0.013428131666666666,7.732184733333334,8.991091666666668,8.80467,0.27790198,-0.0035579204666666667,0.0,0.4516260833333333,0.0,145.9911933333333
2026-04-13 07:55:00-04:00,131.90422,8.418715,22.673452,23.191149,-0.013493538,7.7387214,8.984279,8.799169,0.27770957,-0.0034925938,0.0,0.4516563,0.0,145.99773
2026-04-13 07:56:00-04:00,135.37676333333334,8.535718666666668,22.664300666666666,23.189841,-0.013362725666666667,7.753101933333333,8.976997666666668,8.791826666666665,0.27787238000000003,-0.003427187633333333,0.0,0.45168436666666667,0.0,145.9911933333333
2026-04-13 07:57:00-04:00,138.84930666666668,8.652722333333333,22.655149333333334,23.188533,-0.013231913333333333,7.767482466666667,8.969716333333333,8.784484333333333,0.27803519,-0.0033617814666666666,0.0,0.45171243333333333,0.0,145.98465666666667
2026-04-13 07:58:00-04:00,142.32185,8.769726,22.645998,23.187225,-0.013101101,7.781863,8.962435,8.777142,0.278198,-0.0032963753,0.0,0.4517405,0.0,145.97812
2026-04-13 07:59:00-04:00,147.55927333333335,8.984124,22.634232,23.179381333333335,-0.013166507000000001,7.793629,8.955154666666667,8.777142,0.2780796,-0.0032310486,0.0,0.45178944666666665,0.0,145.74281333333332
2026-04-13 08:00:00-04:00,152.79669666666666,9.198522,22.622466,23.171537666666666,-0.013231913,7.805395,8.947874333333333,8.777142,0.2779612,-0.0031657219,0.0,0.45183839333333337,0.0,145.50750666666667
2026-04-13 08:01:00-04:00,158.03412,9.41292,22.6107,23.163694,-0.013297319,7.817161,8.940594,8.777142,0.2778428,-0.0031003952,0.0,0.45188734,0.0,145.2722
2026-04-13 08:02:00-04:00,160.91837666666666,9.544306333333333,22.608085333333335,23.159772,-0.013231913,7.8328489999999995,8.934228333333333,8.775322333333333,0.2778131933333333,-0.0031003952,0.0,0.4518717033333334,0.0,145.2722
2026-04-13 08:03:00-04:00,163.80263333333335,9.675692666666666,22.605470666666665,23.15585,-0.013166507000000001,7.848537,8.927862666666668,8.773502666666666,0.2777835866666667,-0.0031003952,0.0,0.45185606666666667,0.0,145.2722
2026-04-13 08:04:00-04:00,166.68689,9.807079,22.602856,23.151928,-0.013101101,7.864225,8.921497,8.771683,0.27775398,-0.0031003952,0.0,0.45184043,0.0,145.2722
2026-04-13 08:05:00-04:00,169.58748333333332,9.962648666666666,22.595012333333333,23.148006000000002,-0.013035774333333333,7.874683666666667,8.919666333333334,8.77031,0.27766517,-0.002969582866666667,0.0,0.45199121000000003,0.0,145.2722
2026-04-13 08:06:00-04:00,172.48807666666667,10.118218333333333,22.587168666666667,23.144084,-0.012970447666666668,7.8851423333333335,8.917835666666667,8.768937,0.27757636,-0.0028387705333333332,0.0,0.45214199,0.0,145.2722
2026-04-13 08:07:00-04:00,175.38867,10.273788,22.579325,23.140162,-0.012905121,7.895601,8.916005,8.767564,0.27748755,-0.0027079582,0.0,0.45229277,0.0,145.2722
2026-04-13 08:08:00-04:00,178.29744333333332,10.496684,22.572788333333335,23.136240333333333,-0.012905121,7.919132833333333,8.909639666666667,8.766191333333333,0.27763556666666667,-0.0027079582,0.0,0.45238111333333336,0.0,145.27873666666667
2026-04-13 08:09:00-04:00,181.20621666666668,10.719579999999999,22.566251666666666,23.132318666666666,-0.012905121,7.9426646666666665,8.903274333333334,8.764818666666667,0.27778358333333336,-0.0027079582,0.0,0.45246945666666666,0.0,145.28527333333332
2026-04-13 08:10:00-04:00,184.11499,10.942476,22.559715,23.128397,-0.012905121,7.9661965,8.896909,8.763446,0.2779316,-0.0027079582,0.0,0.4525578,0.0,145.29181
2026-04-13 08:11:00-04:00,187.03192666666666,11.117656,22.553178,23.128397,-0.012905121,7.989728666666666,8.896909,8.766191666666666,0.27796119333333336,-0.0026426315,0.0,0.4525781266666667,0.0,145.29181
2026-04-13 08:12:00-04:00,189.94886333333335,11.292836,22.546641,23.128397,-0.012905121,8.013260833333334,8.896909,8.768937333333334,0.27799078666666666,-0.0025773047999999997,0.0,0.4525984533333333,0.0,145.29181
2026-04-13 08:13:00-04:00,192.8658,11.468016,22.540104,23.128397,-0.012905121,8.036793,8.896909,8.771683,0.27802038,-0.0025119781,0.0,0.45261878,0.0,145.29181
2026-04-13 08:14:00-04:00,197.49041333333335,11.494162333333334,22.532260333333333,23.127089333333334,-0.012839794333333333,8.056400666666667,8.896909,8.773502666666666,0.27799078666666666,-0.0025119781,0.0,0.4526801933333333,0.0,145.29181
2026-04-13 08:15:00-04:00,202.11502666666667,11.520308666666667,22.524416666666667,23.127089333333334,-0.012774467666666667,8.076008333333332,8.896909,8.775322333333333,0.27796119333333336,-0.0025119781,0.0,0.4527416066666667,0.0,145.29181
2026-04-13 08:16:00-04:00,206.73964,11.546455,22.516573,23.124474,-0.012709141,8.095616,8.896909,8.777142,0.2779316,-0.0025119781,0.0,0.45280302,0.0,145.29181
2026-04-13 08:17:00-04:00,211.39693666666668,11.594824333333333,22.510036666666668,23.125781666666665,-0.012578408000000001,8.120455333333332,8.896909,8.781280666666666,0.2780204,-0.0023812452666666663,0.0,0.4528931,0.0,145.29834666666667
2026-04-13 08:18:00-04:00,216.05423333333334,11.643193666666667,22.50350033333333,23.127089333333334,-0.012447675,8.145294666666667,8.896909,8.785419333333333,0.2781092,-0.0022505124333333333,0.0,0.45298318,0.0,145.30488333333332
2026-04-13 08:19:00-04:00,220.71153,11.691563,22.496964,23.128397,-0.012316942,8.170134,8.896909,8.789558,0.278198,-0.0021197796,0.0,0.45307326,0.0,145.31142
2026-04-13 08:20:00-04:00,223.60395666666668,11.828178666666666,22.491733999999997,23.125782,-0.012186209333333333,8.196280333333332,8.896909,8.792761666666665,0.27806479333333334,-0.0022505124333333333,0.0,0.4530621833333333,0.0,145.31142
2026-04-13 08:21:00-04:00,226.49638333333334,11.964794333333334,22.486504,23.123167,-0.012055476666666667,8.222426666666667,8.896909,8.795965333333333,0.2779315866666667,-0.0023812452666666663,0.0,0.45305110666666665,0.0,145.31142
2026-04-13 08:22:00-04:00,229.38881,12.10141,22.481274,23.120552,-0.011924744,8.248573,8.896909,8.799169,0.27779838,-0.0025119781,0.0,0.45304003,0.0,145.31142
2026-04-13 08:23:00-04:00,232.27306666666667,12.175272666666666,22.478659333333333,23.127088666666666,-0.011859337666666666,8.273412500000001,8.90419,8.806500333333332,0.27790198666666666,-0.0023812452666666663,0.0,0.45308544,0.0,145.31795333333332
2026-04-13 08:24:00-04:00,235.15732333333335,12.249135333333333,22.476044666666667,23.133625333333335,-0.011793931333333334,8.298252,8.911471,8.813831666666667,0.27800559333333336,-0.0023813247,0.0,0.45313085,0.0,145.32448666666667
2026-04-13 08:25:00-04:00,238.04158,12.322998,22.47343,23.140162,-0.011728525,8.3230915,8.918752,8.821163,0.2781092,-0.002315998,0.0,0.45317626,0.0,145.33102
2026-04-13 08:26:00-04:00,240.96669,12.479875,22.470816,23.140162,-0.011728525,8.355774666666667,8.920582333333334,8.828494666666668,0.27796119,-0.0022505918666666665,0.0,0.45317138333333334,0.0,145.31795
2026-04-13 08:27:00-04:00,243.89180000000002,12.636752,22.468202,23.140162,-0.011728525,8.388457833333334,8.922412666666666,8.835826333333333,0.27781318,-0.0021851857333333334,0.0,0.45316650666666664,0.0,145.30488
2026-04-13 08:28:00-04:00,246.81691,12.793629,22.465588,23.140162,-0.011728525,8.421141,8.924243,8.843158,0.27766517,-0.0021197796,0.0,0.45316163,0.0,145.29181
2026-04-13 08:29:00-04:00,249.70116666666667,13.0851595,22.46428,23.146699,-0.011728525,8.453824333333333,8.929693333333335,8.8550655,0.27775398,-0.0020544529,0.0,0.45321643666666667,0.0,145.30488
2026-04-13 08:30:00-04:00,252.58542333333335,13.37669,22.462972,23.153236,-0.011728525,8.486507666666666,8.935143666666667,8.866973,0.27784279,-0.0019891262,0.0,0.4532712433333333,0.0,145.31795
2026-04-13 08:31:00-04:00,255.46968,13.6682205,22.461664,23.159773,-0.011728525,8.519191,8.940594,8.8788805,0.2779316,-0.0019237995,0.0,0.45332605,0.0,145.33102
2026-04-13 08:32:00-04:00,258.37028,13.819215,22.461664,23.171538666666667,-0.011663119,8.553179666666667,8.944692,8.888957333333332,0.27784279,-0.0019237995,0.0,0.45338324999999996,0.0,145.32448666666667
2026-04-13 08:33:00-04:00,261.27088,13.970209500000001,22.461664,23.183304333333336,-0.011597713,8.587168333333333,8.94879,8.899034166666667,0.27775398,-0.0019237995,0.0,0.45344045,0.0,145.31795333333332
2026-04-13 08:34:00-04:00,264.17148,14.121204,22.461664,23.19507,-0.011532307,8.621157,8.952888,8.909111,0.27766517,-0.0019237995,0.0,0.45349765,0.0,145.31142
2026-04-13 08:35:00-04:00,264.2613533333333,14.111399,22.464279333333334,23.210756,-0.011532307,8.662991333333334,8.963351666666666,8.923784666666666,0.27766517,-0.0019237995,0.0,0.4535610333333333,0.0,145.30488333333332
2026-04-13 08:36:00-04:00,264.35122666666666,14.101594,22.466894666666665,23.226442000000002,-0.011532307,8.704825666666666,8.973815333333334,8.938458333333333,0.27766517,-0.0019237995,0.0,0.45362441666666664,0.0,145.29834666666667
2026-04-13 08:37:00-04:00,264.4411,14.091789,22.46951,23.242128,-0.011532307,8.74666,8.984279,8.953132,0.27766517,-0.0019237995,0.0,0.4536878,0.0,145.29181
2026-04-13 08:38:00-04:00,269.56413333333336,14.048648666666667,22.473431333333334,23.242128,-0.011597713,8.788494666666667,8.991549333333333,8.967784666666667,0.2776503666666667,-0.0018583933333333334,0.0,0.4537161333333333,0.0,145.30488
2026-04-13 08:39:00-04:00,274.68716666666666,14.068913666666667,22.477352666666665,23.242128,-0.011663119,8.830329333333333,8.998819666666668,8.982437333333333,0.27763556333333334,-0.0017929871666666666,0.0,0.4537444666666666,0.0,145.31795
2026-04-13 08:40:00-04:00,279.8102,13.962368,22.481274,23.242128,-0.011728525,8.872164,9.00609,8.99709,0.27762076,-0.001727581,0.0,0.4537728,0.0,145.33102
2026-04-13 08:41:00-04:00,283.8546866666667,14.068913666666667,22.481274,23.246050333333333,-0.011793931333333334,8.910074333333332,9.017011333333334,9.01635,0.27767996666666667,-0.001727581,0.0,0.45377635,0.0,145.32448666666667
2026-04-13 08:42:00-04:00,287.89917333333335,14.175459333333333,22.481274,23.249972666666668,-0.011859337666666666,8.947984666666667,9.027932666666667,9.03561,0.27773917333333337,-0.001727581,0.0,0.45377989999999996,0.0,145.31795333333332
2026-04-13 08:43:00-04:00,291.94366,14.282005,22.481274,23.253895,-0.011924744,8.985895,9.038854,9.05487,0.27779838,-0.001727581,0.0,0.45378345,0.0,145.31142
2026-04-13 08:44:00-04:00,294.85243333333335,14.285926666666667,22.486504,23.260431333333333,-0.011859337666666666,9.030344333333334,9.049754333333334,9.072268333333334,0.27763557,-0.001727581,0.0,0.4538696333333333,0.0,145.31795333333332
2026-04-13 08:45:00-04:00,297.7612066666667,14.289848333333333,22.491733999999997,23.266967666666666,-0.011793931333333334,9.074793666666666,9.060654666666666,9.089666666666666,0.27747276000000004,-0.001727581,0.0,0.4539558166666667,0.0,145.32448666666667
2026-04-13 08:46:00-04:00,300.66998,14.29377,22.496964,23.273504,-0.011728525,9.119243,9.071555,9.107065,0.27730995,-0.001727581,0.0,0.454042,0.0,145.33102
2026-04-13 08:47:00-04:00,303.5624066666667,14.225136000000001,22.499578333333332,23.281347666666665,-0.011728525,9.162384666666668,9.086127,9.127239333333334,0.27722114000000003,-0.0016622543333333333,0.0,0.45397403333333336,0.0,145.32448666666667
2026-04-13 08:48:00-04:00,306.45483333333334,14.289848333333333,22.502192666666666,23.289191333333335,-0.011728525,9.205526333333333,9.100699,9.147413666666667,0.27713233,-0.0015969276666666667,0.0,0.45390606666666666,0.0,145.31795333333332
2026-04-13 08:49:00-04:00,309.34726,14.29377,22.504807,23.297035,-0.011728525,9.248668,9.115271,9.167588,0.27704352,-0.001531601,0.0,0.4538381,0.0,145.31142
2026-04-13 08:50:00-04:00,312.2642,14.296384333333334,22.511343333333333,23.307493666666666,-0.011597792333333334,9.290502333333334,9.132557333333333,9.185455000000001,0.27710272666666663,-0.001531601,0.0,0.4539360233333333,0.0,145.31142
2026-04-13 08:51:00-04:00,315.18113999999997,14.504900666666666,22.517879666666666,23.317952333333334,-0.011467059666666666,9.332336666666667,9.149843666666667,9.203322,0.27716193333333333,-0.001531601,0.0,0.4540339466666667,0.0,145.31142
2026-04-13 08:52:00-04:00,318.09808,14.713417,22.524416,23.328411,-0.011336327,9.374171,9.16713,9.221189,0.27722114,-0.001531601,0.0,0.45413187,0.0,145.31142
2026-04-13 08:53:00-04:00,320.9823533333333,14.789240333333334,22.53095233333333,23.342791666666667,-0.011467059666666666,9.421233,9.186237333333333,9.241800333333334,0.27692506,-0.001531601,0.0,0.45410434666666666,0.0,145.30488333333332
2026-04-13 08:54:00-04:00,323.86662666666666,14.865063666666666,22.53748866666667,23.35717233333333,-0.011597792333333334,9.468295,9.205344666666667,9.262411666666667,0.27662897999999997,-0.001531601,0.0,0.4540768233333333,0.0,145.29834666666667
2026-04-13 08:55:00-04:00,326.7509,14.940887,22.544025,23.371553,-0.011728525,9.515357,9.224452,9.283023,0.2763329,-0.001531601,0.0,0.4540493,0.0,145.29181
2026-04-13 08:56:00-04:00,332.5439133333333,14.937618,22.549255000000002,23.387241,-0.011728525,9.562420833333332,9.243101333333334,9.306869,0.27662897999999997,-0.0014662743,0.0,0.45419883333333333,0.0,145.29834666666667
2026-04-13 08:57:00-04:00,338.33692666666667,14.934349,22.554485,23.402929,-0.011728525,9.609484666666667,9.261750666666666,9.330715,0.27692506,-0.0014009476,0.0,0.45434836666666667,0.0,145.30488333333332
2026-04-13 08:58:00-04:00,344.12994,14.93108,22.559715,23.418617,-0.011728525,9.6565485,9.2804,9.354561,0.27722114,-0.0013356209,0.0,0.4544979,0.0,145.31142
2026-04-13 08:59:00-04:00,347.11224,14.889901666666667,22.572788,23.435612333333335,-0.011793931333333334,9.710149,9.298154666666667,9.378365666666667,0.27707313333333333,-0.0014009476,0.0,0.45446892333333333,0.0,145.30488333333332
2026-04-13 09:00:00-04:00,350.09454,14.911475,22.585861,23.452607666666665,-0.011859337666666666,9.7637495,9.315909333333334,9.402170333333332,0.27692512666666663,-0.0014662743,0.0,0.4544399466666667,0.0,145.29834666666667
2026-04-13 09:01:00-04:00,353.07684,14.807545,22.598934,23.469603,-0.011924744,9.81735,9.333664,9.425975,0.27677712,-0.001531601,0.0,0.45441097,0.0,145.29181
2026-04-13 09:02:00-04:00,356.49218666666667,14.911475,22.600241333333333,23.485290666666668,-0.011859337666666666,9.863104666666667,9.355506333333334,9.451650666666666,0.27689552333333334,-0.0014662743,0.0,0.45453495666666666,0.0,145.29834666666667
2026-04-13 09:03:00-04:00,359.90753333333333,15.015405,22.601548666666666,23.500978333333332,-0.011793931333333334,9.908859333333332,9.377348666666666,9.477326333333334,0.27701392666666663,-0.0014009476,0.0,0.45465894333333334,0.0,145.30488333333332
2026-04-13 09:04:00-04:00,363.32288,15.119335,22.602856,23.516666,-0.011728525,9.954614,9.399191,9.503002,0.27713233,-0.0013356209,0.0,0.45478293,0.0,145.31142
2026-04-13 09:05:00-04:00,366.2071466666667,15.135677333333334,22.612007333333334,23.534969,-0.011793931333333334,10.001677666666666,9.421023,9.524986666666667,0.27710272666666663,-0.0013356209,0.0,0.4547048533333333,0.0,145.29834666666667
2026-04-13 09:06:00-04:00,369.0914133333333,15.152019666666666,22.621158666666666,23.553272,-0.011859337666666666,10.048741333333334,9.442855,9.546971333333333,0.27707312333333334,-0.0013356209,0.0,0.4546267766666667,0.0,145.28527333333332
2026-04-13 09:07:00-04:00,371.97568,15.168362,22.63031,23.571575,-0.011924744,10.095805,9.464687,9.568956,0.27704352,-0.0013356209,0.0,0.4545487,0.0,145.2722
2026-04-13 09:08:00-04:00,374.8762633333333,15.173591833333333,22.642075666666667,23.58857,-0.011924744,10.15202,9.486529333333333,9.598303333333334,0.2768363033333333,-0.0013356209,0.0,0.45460919333333333,0.0,145.27873666666667
2026-04-13 09:09:00-04:00,377.7768466666667,15.178821666666668,22.653841333333336,23.605565,-0.011924744,10.208235,9.508371666666667,9.627650666666666,0.2766290866666667,-0.0013356209,0.0,0.4546696866666667,0.0,145.28527333333332
2026-04-13 09:10:00-04:00,380.67743,15.1840515,22.665607,23.62256,-0.011924744,10.26445,9.530214,9.656998,0.27642187,-0.0013356209,0.0,0.45473018,0.0,145.29181
2026-04-13 09:11:00-04:00,384.1581433333333,15.250068666666667,22.676065666666666,23.640860666666665,-0.011924744,10.324585333333333,9.552046333333333,9.678993,0.2763478733333333,-0.0014009476,0.0,0.45478340666666667,0.0,145.28527333333332
2026-04-13 09:12:00-04:00,387.6388566666667,15.316085833333334,22.686524333333335,23.659161333333333,-0.011924744,10.384720666666666,9.573878666666667,9.700987999999999,0.2762738766666667,-0.0014662743,0.0,0.4548366333333333,0.0,145.27873666666667
2026-04-13 09:13:00-04:00,391.11957,15.382103,22.696983,23.677462,-0.011924744,10.444856,9.595711,9.722983,0.27619988,-0.001531601,0.0,0.45488986,0.0,145.2722
2026-04-13 09:14:00-04:00,396.33249,15.523295000000001,22.708748666666665,23.699686999999997,-0.011859337666666666,10.501071,9.622546,9.752309333333333,0.27637748666666667,-0.0014662743,0.0,0.4549617733333333,0.0,145.27873666666667
2026-04-13 09:15:00-04:00,401.54541,15.664487,22.720514333333334,23.721912,-0.011793931333333334,10.557286,9.649381,9.781635666666666,0.27655509333333333,-0.0014009476,0.0,0.45503368666666666,0.0,145.28527333333332
2026-04-13 09:16:00-04:00,406.75833,15.805679,22.73228,23.744137,-0.011728525,10.613501,9.676216,9.810962,0.2767327,-0.0013356209,0.0,0.4551056,0.0,145.29181
2026-04-13 09:17:00-04:00,409.6507466666667,15.961248666666666,22.754503333333332,23.768975666666666,-0.011597792333333334,10.680174666666666,9.700336666666667,9.834797666666667,0.27642182666666665,-0.0013356209,0.0,0.45515456666666665,0.0,145.29181
2026-04-13 09:18:00-04:00,412.5431633333333,16.116818333333335,22.77672666666667,23.793814333333334,-0.011467059666666666,10.746848333333334,9.724457333333334,9.858633333333334,0.27611095333333335,-0.0013356209,0.0,0.45520353333333335,0.0,145.29181
2026-04-13 09:19:00-04:00,415.43558,16.272388,22.79895,23.818653,-0.011336327,10.813522,9.748578,9.882469,0.27611095333333335,-0.0013356209,0.0,0.4552525,0.0,145.29181
2026-04-13 09:20:00-04:00,418.91629333333333,16.348865333333332,22.808101,23.842185333333333,-0.011467059666666666,10.877579,9.770420333333334,9.913168333333333,0.27611095333333335,-0.0013356209,0.0,0.45542099333333336,0.0,145.29181
2026-04-13 09:21:00-04:00,422.3970066666667,16.425342666666666,22.817252,23.86571766666667,-0.011597792333333334,10.941636,9.792262666666666,9.943867666666668,0.27609621333333334,-0.0013356209,0.0,0.45558948666666665,0.0,145.29181
2026-04-13 09:22:00-04:00,425.87772,16.50182,22.826403,23.88925,-0.011728525,11.005693,9.814105,9.974567,0.27624428,-0.0013356209,0.0,0.45575798,0.0,145.29181
2026-04-13 09:23:00-04:00,428.77016333333336,16.571762333333332,22.84993533333333,23.921933,-0.011859258,11.074981666666668,9.843228,10.000690666666667,0.27639228666666665,-0.0013356209,0.0,0.45576208,0.0,145.29181
2026-04-13 09:24:00-04:00,431.66260666666665,16.641704666666666,22.873467666666667,23.954616,-0.011989991,11.144270333333333,9.872351,10.026814333333332,0.27639228666666665,-0.0013356209,0.0,0.45576618,0.0,145.29181
2026-04-13 09:25:00-04:00,434.55505,16.711647,22.897,23.987299,-0.012120724,11.213559,9.901474,10.052938,0.2766883,-0.0013356209,0.0,0.45577028,0.0,145.29181
2026-04-13 09:26:00-04:00,437.4556333333333,16.80904,22.911380666666666,24.014752666666666,-0.011924585,11.273694333333333,9.925604666666667,10.082275,0.2764662333333333,-0.0013356209,0.0,0.45577471333333336,0.0,145.29181
2026-04-13 09:27:00-04:00,440.3562166666667,16.906433,22.925761333333334,24.042206333333333,-0.011728446,11.333829666666666,9.949735333333333,10.111612000000001,0.2762441666666667,-0.0013356209,0.0,0.4557791466666667,0.0,145.29181
2026-04-13 09:28:00-04:00,443.2568,17.003826,22.940142,24.06966,-0.011532307,11.393965,9.973866,10.140949,0.2760221,-0.0013356209,0.0,0.45578358,0.0,145.29181
2026-04-13 09:29:00-04:00,446.15740666666665,17.117562666666668,22.959751333333333,24.104956333333334,-0.011532307,11.463253333333332,10.000701666666666,10.170306333333334,0.2758741433333333,-0.0012701352666666665,0.0,0.4558551866666667,0.0,145.29181
2026-04-13 09:30:00-04:00,449.05801333333335,17.231299333333332,22.97936066666667,24.140252666666665,-0.011532307,11.532541666666667,10.027537333333333,10.199663666666666,0.27572618666666665,-0.0012046496333333334,0.0,0.45592679333333336,0.0,145.29181
2026-04-13 09:31:00-04:00,451.95862,17.345036,22.99897,24.175549,-0.011532307,11.60183,10.054373,10.229021,0.27557823,-0.001139164,0.0,0.4559984,0.0,145.29181
2026-04-13 09:32:00-04:00,455.4229966666667,17.31366,23.023809333333332,24.201695333333333,-0.011532307,11.671116333333334,10.081218333333334,10.258337666666666,0.27574104,-0.0012046496333333334,0.0,0.4560376166666667,0.0,145.29181
2026-04-13 09:33:00-04:00,458.8873733333333,17.282284,23.04864866666667,24.227841666666666,-0.011532307,11.740402666666666,10.108063666666666,10.287654333333334,0.27590385,-0.0012701352666666665,0.0,0.4560768333333333,0.0,145.29181
2026-04-13 09:34:00-04:00,462.35175,17.250908,23.073488,24.253988,-0.011532307,11.809689,10.134909,10.316971,0.27606666,-0.0013356209,0.0,0.45611605,0.0,145.29181
2026-04-13 09:35:00-04:00,465.2523333333333,17.36203,23.100942,24.289286,-0.011597713,11.87767,10.161754333333334,10.340817000000001,0.27618506333333337,-0.0012701352666666665,0.0,0.45624638666666667,0.0,145.29834666666667
2026-04-13 09:36:00-04:00,468.15291666666667,17.473152,23.128396000000002,24.324583999999998,-0.011663119,11.945651,10.188599666666667,10.364663,0.27630346666666666,-0.0012046496333333334,0.0,0.45637672333333335,0.0,145.30488333333332
2026-04-13 09:37:00-04:00,471.0535,17.584274,23.15585,24.359882,-0.011728525,12.013632,10.215445,10.388509,0.27642187,-0.001139164,0.0,0.45650706,0.0,145.31142
2026-04-13 09:38:00-04:00,473.96228333333335,17.660097666666665,23.176765333333336,24.393872333333334,-0.011728525,12.086840333333333,10.241853333333333,10.417378333333334,0.27642187,-0.0010738373,0.0,0.45648554,0.0,145.31142
2026-04-13 09:39:00-04:00,476.87106666666665,17.735921333333334,23.197680666666667,24.427862666666666,-0.011728525,12.160048666666667,10.268261666666668,10.446247666666666,0.27642187,-0.0010085106,0.0,0.45646401999999997,0.0,145.31142
2026-04-13 09:40:00-04:00,479.77985,17.811745,23.218596,24.461853,-0.011728525,12.233257,10.29467,10.475117,0.27642187,-0.0009431839,0.0,0.4564425,0.0,145.31142
2026-04-13 09:41:00-04:00,484.96823333333333,17.799325666666665,23.248664666666667,24.497151000000002,-0.011663119,12.309082,10.325614,10.503091,0.27624426,-0.0008778572,0.0,0.45646111666666667,0.0,145.31142
2026-04-13 09:42:00-04:00,490.1566166666667,17.786906333333334,23.278733333333335,24.532449,-0.011597713,12.384907,10.356558,10.531065,0.27606664999999997,-0.0008125305000000001,0.0,0.4564797333333333,0.0,145.31142
2026-04-13 09:43:00-04:00,495.345,17.774487,23.308802,24.567747,-0.011532307,12.460732,10.387502,10.559039,0.27588904,-0.0007472038,0.0,0.45649835,0.0,145.31142
2026-04-13 09:44:00-04:00,497.63280000000003,17.901948666666666,23.576802333333333,24.405640333333334,0.03912591866666667,15.336817,10.414805,14.436596333333334,0.36512886,-0.0014662742333333334,33.28279,0.46668721,0.0,139.50041166666665
2026-04-13 09:45:00-04:00,499.9206,18.029410333333335,23.844802666666666,24.243533666666668,0.08978414433333333,18.212902,10.442108,18.31415366666667,0.45436868,-0.002185344666666667,66.56558,0.47687607,0.0,133.68940333333333
2026-04-13 09:46:00-04:00,502.2084,18.156872,24.112803,24.081427,0.14044237,21.088987,10.469411,18.55044,0.5436085,-0.0029044151,99.84837,0.48706493,0.0,127.878395
2026-04-13 09:47:00-04:00,505.1008166666667,18.245117333333333,23.103557333333335,23.379399333333335,0.14018098333333334,20.715097333333333,10.498544666666666,20.977954,0.5436232333333334,-0.002708276066666667,99.82186,0.48643943666666667,0.0,127.15284
2026-04-13 09:48:00-04:00,507.9932333333333,18.333362666666666,22.094311666666666,22.677371666666666,0.13991959666666667,20.341207666666666,10.527678333333334,19.764197,0.5436379666666666,-0.0025121370333333333,99.79535,0.48581394333333333,0.0,126.427285
2026-04-13 09:49:00-04:00,510.88565,18.421608,21.085066,21.975344,0.13965821,19.967318,10.556812,18.55044,0.5436527,-0.002315998,99.76884,0.48518845,0.0,125.70173
2026-04-13 09:50:00-04:00,513.7862533333333,18.487625333333334,20.963486333333336,21.60929833333333,0.13906987333333334,20.275843666666667,10.592301333333333,19.043145,0.5434750833333333,-0.0022505918666666665,99.71608666666667,0.4846485933333333,0.0,127.08748
2026-04-13 09:51:00-04:00,516.6868566666667,18.553642666666665,20.841906666666667,21.243252666666667,0.13848153666666665,20.58436933333333,10.627790666666668,19.53585,0.5432974666666667,-0.0021851857333333334,99.66333333333333,0.48410873666666665,0.0,128.47323
2026-04-13 09:52:00-04:00,519.58746,18.61966,20.720327,20.877207,0.13906987333333334,20.892895,10.66328,20.028555,0.54311985,-0.0021197796,99.61058,0.48356888,0.0,129.85898
2026-04-13 09:53:00-04:00,522.4798733333333,18.731436666666667,20.973944666666668,21.134746666666665,0.13867759666666665,21.024933333333333,10.693328666666666,20.376132333333334,0.5429126433333333,-0.0021197796,99.66518333333333,0.48292048666666665,0.0,130.24464
2026-04-13 09:54:00-04:00,525.3722866666666,18.84321333333333,21.22756233333333,21.392286333333335,0.13946199333333334,21.156971666666667,10.723377333333334,20.723709666666668,0.5427054366666666,-0.0021197796,99.71978666666666,0.4822720933333333,0.0,130.6303
2026-04-13 09:55:00-04:00,528.2647,18.95499,21.48118,21.649826,0.14024639,21.28901,10.753426,21.071287,0.54249823,-0.0021197796,99.77439,0.4816237,0.0,131.01596
2026-04-13 09:56:00-04:00,530.5933666666666,19.008589333333333,21.937431999999998,22.19889566666667,0.14018106333333333,21.579232666666666,10.788467666666666,21.36564866666667,0.5420837533333334,-0.0020544529,99.68743833333333,0.48118426666666664,0.0,131.1663
2026-04-13 09:57:00-04:00,532.9220333333334,19.062188666666664,22.393684,22.747965333333333,0.14011573666666666,21.869455333333335,10.823509333333334,21.660010333333332,0.54249823,-0.0019891262,99.60048666666667,0.48074483333333334,0.0,131.31664
2026-04-13 09:58:00-04:00,535.2507,19.115788,22.849936,23.297035,0.14005041,22.159678,10.858551,21.954372,0.5412548,-0.0019237995,99.513535,0.4803054,0.0,131.46698
2026-04-13 09:59:00-04:00,538.7068866666667,19.102059999999998,23.571573,23.997755666666666,0.14063867,22.913996666666666,10.889047666666666,22.702546666666667,0.5426906,-0.0019237995,99.60609666666667,0.48008594666666665,0.0,131.26434333333333
2026-04-13 10:00:00-04:00,542.1630733333334,19.088332,24.29321,24.698476333333335,0.14122693,23.668315333333332,10.919544333333334,23.450721333333334,0.5441264,-0.0019237995,99.69865833333333,0.47986649333333337,0.0,131.06170666666668
2026-04-13 10:01:00-04:00,545.61926,19.074604,25.014847,25.399197,0.14181519,24.422634,10.950041,24.198896,0.5441116,-0.0019237995,99.79122,0.47964704,0.0,130.85907
2026-04-13 10:02:00-04:00,547.9479066666667,19.178536666666666,25.899896666666667,26.314314666666668,0.14168445666666668,25.186103666666664,10.984635333333333,25.010201666666667,0.5448369,-0.0019237995,99.84553166666666,0.47874052666666667,0.0,131.78073
2026-04-13 10:03:00-04:00,550.2765533333334,19.282469333333335,26.784946333333334,27.22943233333333,0.14142299,25.949573333333333,11.019229666666668,25.821507333333333,0.5441116,-0.0019237995,99.89984333333334,0.47783401333333336,0.0,132.70239
2026-04-13 10:04:00-04:00,552.6052,19.386402,27.669996,28.14455,0.14142299,26.713043,11.053824,26.632813,0.5433863,-0.0019237995,99.954155,0.4769275,0.0,133.62405
2026-04-13 10:05:00-04:00,555.4976433333333,19.424967333333335,28.458305333333335,28.95246733333333,0.14129225666666667,27.481742666666666,11.092059,27.414761666666667,0.5426462333333333,-0.0016622543333333333,99.906652,0.47736602666666667,0.0,131.62385666666668
2026-04-13 10:06:00-04:00,558.3900866666667,19.463532666666666,29.246614666666666,29.760384666666667,0.14116152333333332,28.250442333333332,11.130294,28.196710333333332,0.5419061666666667,-0.0014007091666666666,99.859149,0.4778045533333333,0.0,129.62366333333333
2026-04-13 10:07:00-04:00,561.28253,19.502098,30.034924,30.568302,0.14103079,29.019142,11.168529,28.978659,0.5411661,-0.001139164,99.811646,0.47824308,0.0,127.62347
2026-04-13 10:08:00-04:00,564.7387533333333,19.400781,30.872909333333332,31.408903666666667,0.14109619333333331,29.830982666666667,11.197673333333332,29.788360666666666,0.5396859666666667,-0.0012046496333333334,99.92412733333333,0.47805437333333334,0.0,126.99596133333333
2026-04-13 10:09:00-04:00,568.1949766666667,19.299464,31.710894666666665,32.24950533333333,0.14116159666666667,30.642823333333332,11.226817666666667,30.598062333333335,0.5382058333333333,-0.0012701352666666665,100.03660866666667,0.47786566666666663,0.0,126.36845266666667
2026-04-13 10:10:00-04:00,571.6512,19.299464,32.54888,33.090107,0.141227,31.454664,11.255962,31.407764,0.5367257,-0.0013356209,100.14909,0.47767696,0.0,125.740944
2026-04-13 10:11:00-04:00,574.5436,19.244557999999998,33.42608533333333,33.969928,0.14214213333333334,32.288728,11.291908666666666,32.28408266666667,0.5382058333333333,-0.0013356209,100.24417333333334,0.47783072,0.0,125.969726
2026-04-13 10:12:00-04:00,577.436,19.290969,34.30329066666666,34.849749,0.14305726666666665,33.122792000000004,11.327855333333334,33.16040133333333,0.5396859666666667,-0.0013356209,100.33925666666667,0.47798448,0.0,126.198508
2026-04-13 10:13:00-04:00,580.3284,19.33738,35.180496,35.72957,0.1439724,33.956856,11.363802,34.03672,0.5411661,-0.0013356209,100.43434,0.47813824,0.0,126.42729
2026-04-13 10:14:00-04:00,583.229,19.44131,36.057704,36.614618666666665,0.14384158666666666,34.809224,11.395224,34.908636666666666,0.5397303133333333,-0.0013356209,100.36069666666667,0.47764908333333334,0.0,130.81985333333333
2026-04-13 10:15:00-04:00,586.1296,19.54524,36.934912,37.499667333333335,0.14371077333333335,35.661592,11.426646,35.78055333333334,0.5382945266666667,-0.0013356209,100.28705333333333,0.4771599266666667,0.0,135.21241666666668
2026-04-13 10:16:00-04:00,589.0302,19.64917,37.81212,38.384716,0.14357996,36.51396,11.458068,36.65247,0.53685874,-0.0013356209,100.21341,0.47667077,0.0,139.60498
2026-04-13 10:17:00-04:00,591.318,19.781861666666668,38.70893566666667,39.28545633333333,0.14364544666666668,37.37678533333333,11.492652000000001,37.51350933333333,0.5361186933333333,-0.0013356209,100.16107666666666,0.49542328,0.0,139.35006333333334
2026-04-13 10:18:00-04:00,593.6058,19.914553333333334,39.60575133333333,40.18619666666667,0.14371093333333332,38.239610666666664,11.527236,38.37454866666667,0.5353786466666667,-0.0013356209,100.10874333333334,0.51417579,0.0,139.09514666666666
2026-04-13 10:19:00-04:00,595.8936,19.781861666666668,40.502567,41.086937,0.14377642,39.102436,11.56182,39.235588,0.5346386,-0.0013356209,100.05641,0.5329283,0.0,138.84023
2026-04-13 10:20:00-04:00,597.6421333333333,19.81781266666667,41.424221333333335,42.012511333333336,0.14331881333333332,39.97702666666667,11.598255333333334,40.201898,0.5346829333333333,-0.0012048085666666666,100.11915666666667,0.5426787666666667,0.0,138.10813666666667
2026-04-13 10:21:00-04:00,599.3906666666667,19.588380333333333,42.345875666666664,42.938085666666666,0.14286120666666666,40.85161733333333,11.634690666666666,41.168208,0.5347272666666667,-0.0010739962333333334,100.18190333333332,0.5524292333333333,0.0,137.3760433333333
2026-04-13 10:22:00-04:00,601.1392,19.358948,43.26753,43.86366,0.1424036,41.726208,11.671126,42.134518,0.5347716,-0.0009431839,100.24465,0.5621797,0.0,136.64395
2026-04-13 10:23:00-04:00,602.8713833333333,19.43411766666667,44.203566,44.80361766666667,0.14292653333333333,42.63217433333333,11.707551333333333,43.04469533333333,0.5343276,-0.0010085106,100.23313333333333,0.6125178666666666,0.0,137.64403666666666
2026-04-13 10:24:00-04:00,604.6035666666667,19.509287333333333,45.139602,45.74357533333333,0.14344946666666666,43.53814066666667,11.743976666666667,43.95487266666667,0.5338836,-0.0010738373,100.22161666666666,0.6628560333333333,0.0,138.6441233333333
2026-04-13 10:25:00-04:00,606.33575,19.584457,46.075638,46.683533,0.1439724,44.444107,11.780402,44.86505,0.5334396,-0.001139164,100.2101,0.7131942,0.0,139.64421
2026-04-13 10:26:00-04:00,609.2281666666667,19.606028000000002,47.024743666666666,47.639178666666666,0.14338414,45.357918000000005,11.816827,45.812106666666665,0.5331879666666667,-0.0012046496333333334,100.21314333333333,0.6956375,0.0,140.7292833333333
2026-04-13 10:27:00-04:00,612.1205833333333,19.627599,47.973849333333334,48.59482433333333,0.14279588000000001,46.271729,11.853252000000001,46.75916333333333,0.5329363333333333,-0.0012046496333333334,100.21618666666666,0.6780807999999999,0.0,141.81435666666667
2026-04-13 10:28:00-04:00,615.013,19.64917,48.922955,49.55047,0.14220762,47.18554,11.889677,47.70622,0.5326847,-0.0013356209,100.21923,0.6605241,0.0,142.89943
2026-04-13 10:29:00-04:00,616.73702,19.612565333333336,49.87467866666667,50.511342,0.14259974,48.10458,11.926102333333334,48.651789,0.5333803333333333,-0.0012701352666666665,100.23739833333333,0.71782448,0.0,144.76887666666667
2026-04-13 10:30:00-04:00,618.46104,19.575960666666667,50.826402333333334,51.472214,0.14299186,49.02362,11.962527666666666,49.597358,0.5340759666666667,-0.0012046496333333334,100.25556666666667,0.7751248599999999,0.0,146.63832333333332
2026-04-13 10:31:00-04:00,620.18506,19.539356,51.778126,52.433086,0.14338398,49.94266,11.998953,50.542927,0.5326847,-0.001139164,100.273735,0.83242524,0.0,148.50777
2026-04-13 10:32:00-04:00,623.0774966666667,19.704730666666666,52.753380666666665,53.41487733333334,0.14338398,50.88654,12.035378333333334,51.51159933333333,0.5323145433333334,-0.001139164,100.23227,0.8533390599999999,0.0,149.39021
2026-04-13 10:33:00-04:00,625.9699333333334,19.870105333333335,53.72863533333334,54.39666866666666,0.14338398,51.83042,12.071803666666666,52.48027166666667,0.5298574866666667,-0.001139164,100.190805,0.87425288,0.0,150.27265
2026-04-13 10:34:00-04:00,628.86237,20.03548,54.70389,55.37846,0.14338398,52.7743,12.108229,53.448944,0.52740043,-0.001139164,100.14934,0.8951667,0.0,151.15509
2026-04-13 10:35:00-04:00,631.1992,20.038748,55.698756,56.38247666666666,0.14344930666666666,53.736481,12.144644,54.447275999999995,0.52725242,-0.001139164,100.14298,0.9861677666666667,0.0,151.12240666666668
2026-04-13 10:36:00-04:00,633.53603,20.042016,56.693622,57.386493333333334,0.14351463333333334,54.698662,12.181059,55.445608,0.52710441,-0.001139164,100.13662000000001,1.0771688333333334,0.0,151.08972333333332
2026-04-13 10:37:00-04:00,635.87286,20.045284,57.688488,58.39051,0.14357996,55.660843,12.217474,56.44394,0.5269564,-0.001139164,100.13026,1.1681699,0.0,151.05704
2026-04-13 10:38:00-04:00,638.7325733333333,19.934816666666666,58.725183,59.424594666666664,0.14364544666666668,56.65832266666666,12.260732666666666,57.490612666666664,0.5273708833333334,-0.0012046496333333334,100.20257333333333,1.1283019666666667,0.0,152.14211333333333
2026-04-13 10:39:00-04:00,641.5922866666666,19.824349333333334,59.761877999999996,60.458679333333336,0.14371093333333332,57.655802333333334,12.303991333333334,58.53728533333334,0.5277853666666666,-0.0012701352666666665,100.27488666666667,1.0884340333333333,0.0,153.22718666666668
2026-04-13 10:40:00-04:00,644.452,19.824349333333334,60.798573,61.492764,0.14377642,58.653282,12.34725,59.583958,0.52819985,-0.0013356209,100.3472,1.0485661,0.0,154.31226
2026-04-13 10:41:00-04:00,646.7888333333333,19.762253666666666,61.83135133333333,62.53468933333333,0.14416853666666665,59.64814366666666,12.382323000000001,60.580874333333334,0.5280666333333334,-0.0013356209,100.36736133333333,1.1266612999999999,0.0,154.81557
2026-04-13 10:42:00-04:00,649.1256666666667,19.810625333333334,62.86412966666667,63.576614666666664,0.14456065333333334,60.643005333333335,12.417396,61.577790666666665,0.5279334166666667,-0.0013356209,100.38752266666667,1.2047565,0.0,155.31888
2026-04-13 10:43:00-04:00,651.4625,19.858997,63.896908,64.61854,0.14495277,61.637867,12.452469,62.574707,0.5278002,-0.0013356209,100.407684,1.2828517,0.0,155.82219
2026-04-13 10:44:00-04:00,653.2028666666666,19.954429333333334,64.93883533333333,65.66439199999999,0.14501809666666668,62.653648,12.490725000000001,63.650838,0.5275930000000001,-0.0012701352666666665,100.43593933333334,1.3034059,0.0,156.96609
2026-04-13 10:45:00-04:00,654.9432333333333,20.049861666666665,65.98076266666666,66.710244,0.14508342333333332,63.669429,12.528981,64.726969,0.5273858,-0.0012046496333333334,100.46419466666667,1.3239600999999999,0.0,158.10999
2026-04-13 10:46:00-04:00,656.6836,20.145294,67.02269,67.756096,0.14514875,64.68521,12.567237,65.8031,0.5271786,-0.001139164,100.49245,1.3445143,0.0,159.25389
2026-04-13 10:47:00-04:00,658.4076166666666,20.132874666666666,68.08030333333333,68.81763066666667,0.14554103,65.71537333333333,12.610038333333334,66.832682,0.5274598,-0.0010738373,100.45013666666667,1.3531775666666666,0.0,160.20822
2026-04-13 10:48:00-04:00,660.1316333333333,20.120455333333332,69.13791666666667,69.87916533333333,0.14593331,66.74553666666667,12.652839666666667,67.862264,0.527741,-0.0010085106,100.40782333333334,1.3618408333333334,0.0,161.16255
2026-04-13 10:49:00-04:00,661.85565,20.108036,70.19553,70.9407,0.14632559,67.7757,12.695641,68.891846,0.5280222,-0.0009431839,100.36551,1.3705041,0.0,162.11688
2026-04-13 10:50:00-04:00,664.1924666666666,20.164251999999998,71.26622,72.01008333333334,0.14671778666666668,68.81370333333334,12.732981333333333,69.95229066666667,0.52745972,-0.0010085106,100.302135,1.4008213,0.0,162.86205
2026-04-13 10:51:00-04:00,666.5292833333333,20.220468,72.33691,73.07946666666666,0.14710998333333333,69.85170666666666,12.770321666666668,71.01273533333332,0.52689724,-0.0010738373,100.23876,1.4311384999999999,0.0,163.60722
2026-04-13 10:52:00-04:00,668.8661,20.276684,73.4076,74.14885,0.14750218,70.88971,12.807662,72.07318,0.52633476,-0.001139164,100.175385,1.4614557,0.0,164.35239
2026-04-13 10:53:00-04:00,669.4217199999999,20.386497666666667,74.49266666666666,75.24176,0.14763291333333334,71.96170833333333,12.845460666666668,73.15007,0.5261275400000001,-0.0012699763333333333,100.161975,1.4702306666666667,0.0,164.91453666666666
2026-04-13 10:54:00-04:00,669.97734,20.49631133333333,75.57773333333334,76.33467,0.14776364666666666,73.03370666666666,12.883259333333333,74.22695999999999,0.52592032,-0.0014007886666666668,100.148565,1.4790056333333332,0.0,165.47668333333334
2026-04-13 10:55:00-04:00,670.53296,20.606125,76.6628,77.42758,0.14789438,74.105705,12.921058,75.30385,0.5257131,-0.001531601,100.135155,1.4877806,0.0,166.03883
2026-04-13 10:56:00-04:00,672.8452566666666,20.638807999999997,77.75048333333334,78.52441666666667,0.14789438,75.15547333333333,12.963412333333334,76.386468,0.5253874666666667,-0.0014662743,100.180232,1.5000720666666667,0.0,167.73179333333331
2026-04-13 10:57:00-04:00,675.1575533333333,20.671491,78.83816666666667,79.62125333333334,0.14789438,76.20524166666667,13.005766666666666,77.469086,0.5250618333333333,-0.0014009476,100.225309,1.5123635333333334,0.0,169.42475666666667
2026-04-13 10:58:00-04:00,677.46985,20.704174,79.92585,80.71809,0.14789438,77.25501,13.048121,78.551704,0.5247362,-0.0013356209,100.270386,1.524655,0.0,171.11772
2026-04-13 10:59:00-04:00,680.3868,20.655802666666666,81.03576,81.82276666666667,0.14841731333333333,78.32047,13.091858,79.68784933333333,0.5254762666666667,-0.0013356209,100.27308933333333,1.5942953,0.0,172.03284
2026-04-13 11:00:00-04:00,683.3037499999999,20.60743133333333,82.14567,82.92744333333334,0.14894024666666666,79.38593,13.135595,80.82399466666666,0.5262163333333333,-0.0013356209,100.27579266666667,1.6639356,0.0,172.94796
2026-04-13 11:01:00-04:00,686.2207,20.55906,83.25558,84.03212,0.14946318,80.45139,13.179332,81.96014,0.5269564,-0.0013356209,100.278496,1.7335759,0.0,173.86308
2026-04-13 11:02:00-04:00,685.0114333333333,20.695020666666665,84.34979666666666,85.147255,0.14952850666666667,81.51684866666668,13.215767666666666,82.84385166666667,0.5261571,-0.0013356209,100.234404,1.7256830666666667,0.0,175.15732666666668
2026-04-13 11:03:00-04:00,683.8021666666666,20.830981333333334,85.44401333333333,86.26239000000001,0.14959383333333334,82.58230733333333,13.252203333333334,83.72756333333334,0.5253578,-0.0013356209,100.190312,1.7177902333333332,0.0,176.45157333333333
2026-04-13 11:04:00-04:00,682.5929,20.966942,86.53823,87.377525,0.14965916,83.647766,13.288639,84.611275,0.5245585,-0.0013356209,100.14622,1.7098974,0.0,177.74582
2026-04-13 11:05:00-04:00,684.3414333333333,21.169574666666666,87.64814,88.48743333333334,0.14920155333333335,84.71191900000001,13.332366333333333,85.90343666666666,0.5244104766666667,-0.0012048085666666666,100.27070666666667,1.7593666666666667,0.0,179.16425
2026-04-13 11:06:00-04:00,686.0899666666667,21.372207333333332,88.75805,89.59734166666667,0.14874394666666665,85.776072,13.376093666666668,87.19559833333334,0.5242624533333333,-0.0010739962333333334,100.39519333333332,1.8088359333333333,0.0,180.58268
2026-04-13 11:07:00-04:00,687.8385,21.57484,89.86796,90.70725,0.14828634,86.840225,13.419821,88.48776,0.52411443,-0.0009431839,100.51968,1.8583052,0.0,182.00111
2026-04-13 11:08:00-04:00,690.1426166666666,21.660468666666667,90.97525166666667,91.82892333333334,0.14815568666666665,87.90306666666667,13.463548166666667,89.55358666666666,0.5227970866666667,-0.0008778572,100.42778333333332,1.867146,0.0,183.2169066666667
2026-04-13 11:09:00-04:00,692.4467333333333,21.74609733333333,92.08254333333333,92.95059666666667,0.14802503333333333,88.96590833333333,13.507275333333332,90.61941333333333,0.5214797433333334,-0.0008125305000000001,100.33588666666667,1.8759868,0.0,184.43270333333334
2026-04-13 11:10:00-04:00,694.75085,21.831726,93.189835,94.07227,0.14789438,90.02875,13.5510025,91.68524,0.5201624,-0.0007472038,100.24399,1.8848276,0.0,185.6485
2026-04-13 11:11:00-04:00,694.7426666666667,21.879442666666666,94.26836333333334,95.16125666666667,0.15508453,91.064142,13.592919333333333,92.78787333333332,0.5247361833333334,-0.0008125305000000001,99.53189333333333,1.8842539,0.0,187.38723000000002
2026-04-13 11:12:00-04:00,694.7344833333334,21.927159333333332,95.34689166666666,96.25024333333333,0.16227468,92.09953399999999,13.634836166666666,93.89050666666667,0.5293099666666666,-0.0008778572,98.81979666666666,1.8836802,0.0,189.12596
2026-04-13 11:13:00-04:00,694.7263,21.974876,96.42542,97.33923,0.16946483,93.134926,13.676753,94.99314,0.53388375,-0.0009431839,98.1077,1.8831065,0.0,190.86469
2026-04-13 11:14:00-04:00,695.8947333333333,22.011481999999997,97.26079666666666,98.360245,0.18711344666666668,93.82257399999999,13.722300666666666,95.75140333333333,0.5493367666666666,0.0204966874,96.89489999999999,1.9121617666666666,0.0,193.93686666666667
2026-04-13 11:15:00-04:00,697.0631666666667,22.048088,98.09617333333334,99.38126,0.20476206333333336,94.510222,13.767848333333333,96.50966666666667,0.5647897833333333,0.0419365587,95.6821,1.9412170333333334,0.0,197.00904333333332
2026-04-13 11:16:00-04:00,698.2316,22.084694,98.93155,100.402275,0.22241068,95.19787,13.813396,97.26793,0.5802428,0.06337643,94.4693,1.9702723,0.0,200.08122
2026-04-13 11:17:00-04:00,700.51941,21.995796,99.72901,101.09645833333333,0.23724873999999999,96.02539666666667,13.862605,98.17792333333334,0.5956662333333334,0.08841149333333333,92.21740333333334,1.9768740666666667,0.0,204.74179
2026-04-13 11:18:00-04:00,702.8072199999999,21.906898,100.52647,101.79064166666667,0.2520868,96.85292333333332,13.911814,99.08791666666667,0.6110896666666666,0.11344655666666667,89.96550666666667,1.9834758333333333,0.0,209.40236
2026-04-13 11:19:00-04:00,705.09503,21.818,101.32393,102.484825,0.26692486,97.68045,13.961023,99.99791,0.6265131,0.13848162,87.71361,1.9900776,0.0,214.06293
2026-04-13 11:20:00-04:00,705.6996533333333,21.923893666666668,102.27826666666667,103.45092666666666,0.32098213999999997,98.64263,14.002929666666667,100.91147000000001,0.6801250666666667,0.18253795666666667,90.08170333333334,1.9687711,0.0,209.24548666666666
2026-04-13 11:21:00-04:00,706.3042766666666,22.029787333333335,103.23260333333334,104.41702833333333,0.37503942,99.60481,14.044836333333334,101.82503,0.7337370333333333,0.22659429333333334,92.44979666666667,1.9474646,0.0,204.42804333333333
2026-04-13 11:22:00-04:00,706.9089,22.135681,104.18694,105.38313,0.4290967,100.56699,14.086743,102.73859,0.787349,0.27065063,94.81789,1.9261581,0.0,199.6106
2026-04-13 11:23:00-04:00,708.6165533333334,22.186010666666668,105.1988,106.37668333333333,0.4726956666666667,101.58931,14.134131666666667,103.77273666666667,0.82959325,0.31470712,94.64598000000001,1.9494428666666668,0.0,199.18572333333333
2026-04-13 11:24:00-04:00,710.3242066666667,22.236340333333334,106.21066,107.37023666666666,0.5162946333333334,102.61163,14.181520333333333,104.80688333333333,0.8718375,0.35876361,94.47407,1.9727276333333332,0.0,198.76084666666668
2026-04-13 11:25:00-04:00,712.03186,22.28667,107.22252,108.36379,0.5598936,103.63395,14.228909,105.84103,0.91408175,0.4028201,94.30216,1.9960124,0.0,198.33597
2026-04-13 11:26:00-04:00,712.6120066666667,22.421325333333336,108.27882666666667,109.43186666666666,0.6116630166666667,104.67456866666667,14.274466666666667,106.876185,0.9672496333333334,0.4549164666666667,94.63059666666666,2.0674726666666667,0.0,199.2184
2026-04-13 11:27:00-04:00,713.1921533333333,22.555980666666667,109.33513333333333,110.49994333333333,0.6634324333333333,105.71518733333333,14.320024333333333,107.91134,1.0204175166666667,0.5070128333333334,94.95903333333334,2.1389329333333333,0.0,200.10083
2026-04-13 11:28:00-04:00,713.7723,22.529833333333336,110.39144,111.56802,0.71520185,106.755806,14.365582,108.946495,1.0735854,0.5591092,95.28747,2.2103932,0.0,200.98326
2026-04-13 11:29:00-04:00,716.0927666666666,22.610234666666667,111.44252,112.61387133333334,0.7723314,107.79904066666667,14.413875666666666,109.984975,1.1278338333333333,0.61362409,95.55539333333333,2.154232733333333,0.0,200.63029
2026-04-13 11:30:00-04:00,718.4132333333333,22.529833333333336,112.4936,113.65972266666667,0.82946095,108.84227533333333,14.462169333333334,111.023455,1.1820822666666666,0.66813898,95.82331666666667,2.0980722666666667,0.0,200.27732
2026-04-13 11:31:00-04:00,720.7337,22.449432,113.54468,114.705574,0.8865905,109.88551,14.510463,112.061935,1.2363307,0.72265387,96.09124,2.0419118,0.0,199.92435
2026-04-13 11:32:00-04:00,721.24845,22.54813366666667,114.58660533333334,115.75142266666667,0.9470537666666666,110.89998666666666,14.555116,113.12508333333334,1.2987793666666665,0.7831823133333333,96.29605866666667,2.0975557,0.0,200.40805333333333
2026-04-13 11:33:00-04:00,721.7632,22.646835333333332,115.62853066666666,116.79727133333333,1.0075170333333334,111.91446333333333,14.599769,114.18823166666667,1.3612280333333333,0.8437107566666667,96.50087733333334,2.1531995999999998,0.0,200.89175666666668
2026-04-13 11:34:00-04:00,722.27795,22.745537,116.670456,117.84312,1.0679803,112.92894,14.644422,115.25138,1.4236767,0.9042392,96.705696,2.2088435,0.0,201.37546
2026-04-13 11:35:00-04:00,724.3369666666667,22.738346333333332,117.72022733333334,118.896812,1.1346531666666668,113.97348,14.692736666666667,116.27387333333333,1.4884787666666666,0.9703892333333334,96.84119733333334,2.268307,0.0,201.15976
2026-04-13 11:36:00-04:00,726.3959833333333,22.731155666666666,118.76999866666667,119.950504,1.2013260333333333,115.01802,14.741051333333333,117.29636666666667,1.5532808333333334,1.0365392666666666,96.97669866666666,2.3277704999999997,0.0,200.94406
2026-04-13 11:37:00-04:00,728.455,22.723965,119.81977,121.004196,1.2679989,116.06256,14.789366,118.31886,1.6180829,1.1026893,97.1122,2.387234,0.0,200.72836
2026-04-13 11:38:00-04:00,728.6184000000001,22.805673333333335,120.87216000000001,122.05919733333333,1.3387244333333335,117.10841,14.835849333333332,119.37457333333333,1.6882284666666667,1.1733494666666666,97.17819866666667,2.429976866666667,0.0,202.80698
2026-04-13 11:39:00-04:00,728.7818,22.887381666666666,121.92455,123.11419866666667,1.4094499666666667,118.15426,14.882332666666667,120.43028666666667,1.7583740333333333,1.2440096333333335,97.24419733333333,2.4727197333333333,0.0,204.8856
2026-04-13 11:40:00-04:00,728.9452,22.96909,122.97694,124.1692,1.4801755,119.20011,14.928816,121.486,1.8285196,1.3146698,97.310196,2.5154626,0.0,206.96422
2026-04-13 11:41:00-04:00,728.7573,23.140348,123.99925333333333,125.19674666666667,1.5535157666666668,120.21458,14.972564333333333,122.50858333333333,1.9027208666666666,1.3870294666666667,97.26312266666667,3.5321177333333336,0.0,207.15378333333334
2026-04-13 11:42:00-04:00,728.5694,23.311606,125.02156666666667,126.22429333333334,1.6268560333333333,121.22905,15.016312666666666,123.53116666666666,1.976922133333333,1.4593891333333333,97.21604933333333,4.548772866666667,0.0,207.34334666666666
2026-04-13 11:43:00-04:00,728.3815,23.482864,126.04388,127.25184,1.7001963,122.24352,15.060061,124.55375,2.0511234,1.5317488,97.168976,5.565428,0.0,207.53291
2026-04-13 11:44:00-04:00,731.0042666666667,23.531233333333333,126.78774333333334,128.16565,1.7512466333333334,123.02922000000001,15.111089999999999,125.33793,2.1030922666666667,1.5834530333333332,97.04255066666667,15.966008666666667,2.6033932333333336,209.51348
2026-04-13 11:45:00-04:00,733.6270333333333,23.579602666666666,127.53160666666668,129.07945999999998,1.8022969666666666,123.81492,15.162119,126.12210999999999,2.155061133333333,1.6351572666666667,96.91612533333333,26.366589333333334,5.206786466666667,211.49405
2026-04-13 11:46:00-04:00,736.2498,23.627972,128.27547,129.99327,1.8533473,124.60062,15.213148,126.90629,2.20703,1.6868615,96.7897,36.76717,7.8101797,213.47462
2026-04-13 11:47:00-04:00,730.7591,23.547573333333332,128.43888,130.48874,1.8575960666666667,124.884305,15.264208666666667,127.17223466666667,2.2148305333333336,1.6913064333333334,96.73577133333333,38.36417766666667,10.4317433,204.57183666666666
2026-04-13 11:48:00-04:00,725.2684,23.46717466666667,128.60229,130.98421,1.8618448333333333,125.16799,15.315269333333333,127.43817933333332,2.2226310666666667,1.6957513666666666,96.68184266666667,39.96118533333333,13.053306899999999,195.66905333333332
2026-04-13 11:49:00-04:00,719.7777,23.386776,128.7657,131.47968,1.8660936,125.451675,15.36633,127.704124,2.2304316,1.7001963,96.627914,41.558193,15.6748705,186.76627
2026-04-13 11:50:00-04:00,727.5643866666667,23.58614066666667,128.77877333333333,131.56465333333333,1.8645903,125.53665133333332,15.416454333333332,127.795796,2.2268792333333334,1.7011113333333334,96.444974,41.65571333333334,18.333385,183.45877
2026-04-13 11:51:00-04:00,735.3510733333333,23.785505333333333,128.7918466666667,131.64962666666668,1.863087,125.62162766666667,15.466578666666667,127.887468,2.223326866666667,1.7020263666666666,96.262034,41.75323366666667,20.991899500000002,180.15127
2026-04-13 11:52:00-04:00,743.13776,23.98487,128.80492,131.7346,1.8615837,125.706604,15.516703,127.97914,2.2197745,1.7029414,96.079094,41.850754,23.650414,176.84377
2026-04-13 11:53:00-04:00,743.1295733333333,24.033239333333334,128.81015333333335,131.79735666666667,1.8685778,125.73666933333334,15.565027666666666,128.01667666666665,2.2223203333333337,1.7019608666666668,95.951916,42.43152366666667,23.394273333333334,172.96759
2026-04-13 11:54:00-04:00,743.1213866666667,24.081608666666668,128.81538666666665,131.86011333333332,1.8755719,125.76673466666666,15.613352333333333,128.05421333333334,2.2248661666666667,1.7009803333333333,95.824738,43.01229333333333,23.138132666666667,169.09141
2026-04-13 11:55:00-04:00,743.1132,24.129978,128.82062,131.92287,1.882566,125.78112,15.661677,128.09175,2.227412,1.6999998,95.69756,43.593063,22.881992,165.21523
2026-04-13 11:56:00-04:00,744.8944166666666,23.931269333333333,128.81146333333334,131.90194666666665,1.8832195666666667,125.79157333333333,15.7113645,128.09175,2.2264795333333334,1.6994768666666666,95.66460466666666,43.598937666666664,23.153874000000002,161.02529666666666
2026-04-13 11:57:00-04:00,746.6756333333334,23.732560666666668,128.80230666666665,131.88102333333333,1.8838731333333334,125.78634666666667,15.761052,128.09175,2.225547066666667,1.6989539333333334,95.63164933333333,43.604812333333335,23.425756,156.83536333333333
2026-04-13 11:58:00-04:00,748.45685,23.533852,128.79315,131.8601,1.8845267,125.78112,15.8107395,128.09175,2.2246146,1.698431,95.598694,43.610687,23.697638,152.64543
2026-04-13 11:59:00-04:00,748.416,23.720141333333334,128.79968666666667,131.87056666666666,1.8743297,125.78242666666667,15.866813333333333,128.10029,2.2239041333333334,1.6987578,95.343136,43.662358,24.303886666666667,146.69715666666667
2026-04-13 12:00:00-04:00,748.37515,23.906430666666665,128.80622333333332,131.88103333333333,1.8641327,125.78373333333333,15.922887166666667,128.10882999999998,2.223193666666667,1.6990846,95.087578,43.714029000000004,24.910135333333333,140.74888333333334
2026-04-13 12:01:00-04:00,748.3343,24.09272,128.81276,131.8915,1.8539357,125.78504,15.978961,128.11737,2.2224832,1.6994114,94.83202,43.7657,25.516384,134.80061
2026-04-13 12:02:00-04:00,747.7378333333334,24.128018666666666,128.81538,131.91241333333335,1.8701464333333333,125.78504,16.030021666666666,128.13447,2.2209586666666667,1.7092816,94.84361666666666,42.664608333333334,25.090643333333333,129.27722666666668
2026-04-13 12:03:00-04:00,747.1413666666666,24.163317333333335,128.81799999999998,131.93332666666666,1.8863571666666668,125.78504,16.081082333333335,128.15157,2.2194341333333334,1.7086933333333334,94.85521333333334,41.56351666666667,24.664902666666666,123.75384333333334
2026-04-13 12:04:00-04:00,746.5449,24.198616,128.82062,131.95424,1.9025679,125.85954,16.132143,128.16867,2.2179096,1.7086933333333334,94.86681,40.462425,24.239162,118.23046
2026-04-13 12:05:00-04:00,745.96479,24.044352333333332,128.7997,131.83004333333332,1.8704080666666667,125.72096833333333,17.273782,128.02330666666666,2.2093244666666667,1.7086933333333334,95.39006,39.44214,23.562126,128.75431666666665
2026-04-13 12:06:00-04:00,745.38468,23.890088666666667,128.77877999999998,131.70584666666667,1.8382482333333332,125.58239666666667,18.415421,127.87794333333333,2.2007393333333334,1.6883646666666667,95.91331,38.421855,22.88509,139.27817333333334
2026-04-13 12:07:00-04:00,744.80457,23.735825,128.75786,131.58165,1.8060884,125.58240500000001,18.998526,127.73258,2.1921542,1.6915679333333333,96.43656,37.40157,22.208054,149.80203
2026-04-13 12:08:00-04:00,745.36833,23.601826,128.74478666666667,131.53719999999998,1.8557659333333332,125.58240500000001,19.370881999999998,127.79243,2.2000880333333335,1.6798019666666668,95.91994333333334,39.518718,21.865156333333335,142.55298333333334
2026-04-13 12:09:00-04:00,745.93209,23.467827,128.73171333333332,131.49275,1.8557659333333332,125.58240500000001,19.184704,127.85228000000001,2.2080218666666664,1.6915679333333333,95.40332666666666,41.635866,21.522258666666666,135.30393666666666
2026-04-13 12:10:00-04:00,746.49585,23.333828,128.71864,131.4483,1.8806047,125.651695,18.998526,127.91213,2.2159557,1.7033339,94.88671,43.753014,21.179361,128.05489
2026-04-13 12:11:00-04:00,749.9766,23.399194,128.75394,131.63394333333332,1.8840690999999998,125.72751666666667,19.050086666666665,127.98054333333333,2.216562466666667,1.7056216,94.43415999999999,43.980277,23.200808666666667,127.76075
2026-04-13 12:12:00-04:00,753.45735,23.46456,128.78924,131.81958666666668,1.8875335,125.80333833333333,19.101647333333332,128.04895666666667,2.2171692333333333,1.7079093,93.98161,44.20754,25.222256333333334,127.46661
2026-04-13 12:13:00-04:00,756.9381,23.529926,128.82454,132.00523,1.8909979,125.87916,19.153208,128.11737,2.217776,1.710197,93.52906,44.434803,27.243704,127.17247
2026-04-13 12:14:00-04:00,758.6702799999999,23.692033,128.73694333333333,131.72416,1.8891677999999998,125.66606666666667,19.624662,127.90552466666666,2.2232231000000002,1.7112427,94.61494333333333,43.80966866666667,26.447659333333334,138.6572
2026-04-13 12:15:00-04:00,760.40246,23.85414,128.64934666666667,131.44309,1.8873377,125.45297333333333,20.096116,127.69367933333334,2.2286702,1.7122884,95.70082666666667,43.18453433333333,25.651614666666667,150.14193
2026-04-13 12:16:00-04:00,762.13464,24.016247,128.56175,131.16202,1.8855076,125.23988,20.56757,127.481834,2.2266867,1.7133341,96.78671,42.5594,24.85557,161.62666
2026-04-13 12:17:00-04:00,762.59218,23.982256666666668,128.66503333333333,131.46662,1.8677934,125.15229,20.978021,127.07538066666667,2.2266867,1.7140531666666667,95.97951666666667,42.982670666666664,26.791304333333333,166.4441
2026-04-13 12:18:00-04:00,763.04972,23.948266333333333,128.76831666666666,131.77122,1.8500792,125.0647,21.388472,126.66892733333333,2.2266867,1.7147722333333333,95.17232333333332,43.40594133333333,28.72703866666667,171.26154
2026-04-13 12:19:00-04:00,763.50726,23.914276,128.8716,132.07582,1.8677934,124.97711,21.388472,126.262474,2.2229714,1.7154913,94.36513,43.829212,30.662773,176.07898
2026-04-13 12:20:00-04:00,763.6543399999999,23.922120333333336,128.76701333333332,131.78821333333332,1.8540010333333334,125.24902999999999,21.650979,126.81901933333333,2.2229862666666667,1.7148377000000001,94.51250333333333,43.389497999999996,25.777696666666667,170.57520666666667
2026-04-13 12:21:00-04:00,763.80142,23.929964666666667,128.76701333333332,131.50060666666667,1.8756370666666666,125.52095,21.503035,127.37556466666666,2.2230011333333333,1.7141841,94.65987666666666,42.949784,20.892620333333333,165.07143333333332
2026-04-13 12:22:00-04:00,763.9485,23.937809,128.71472,131.213,1.8972731,125.79287,21.355091,127.93211,2.223016,1.7135305,94.80725,42.51007,16.007544,159.56766
2026-04-13 12:23:00-04:00,762.1427666666666,23.970492,128.40227133333332,130.62863333333334,1.8963580333333334,125.58631666666666,21.550519333333334,127.52509833333333,2.2177020666666665,1.7111774666666668,94.92461666666667,41.35893333333333,12.802822566666666,184.13203666666666
2026-04-13 12:24:00-04:00,760.3370333333334,24.003175000000002,128.08982266666666,130.04426666666666,1.8954429666666666,125.37976333333333,21.74594766666667,127.11808666666666,2.2177020666666665,1.7088244333333333,95.04198333333333,40.20779666666667,9.598101133333333,208.6964133333333
2026-04-13 12:25:00-04:00,758.5313,24.035858,127.777374,129.4599,1.8945279,125.17321,21.941376,126.711075,2.2177020666666665,1.7064714,95.15935,39.05666,6.3933797,233.26079
2026-04-13 12:26:00-04:00,757.97572,24.137174,128.13557933333334,130.30180333333334,1.8725649333333332,125.45951,21.939555666666667,127.15608666666667,2.2161626333333335,1.7071903333333334,95.32556,40.770672,12.793987466666668,214.50087
2026-04-13 12:27:00-04:00,757.42014,24.23849,128.49378466666667,131.14370666666667,1.8725649333333332,125.74581,21.937735333333336,127.60109833333333,2.2252510666666665,1.7086282,95.49177,42.484684,19.194595233333335,195.74095
2026-04-13 12:28:00-04:00,756.86456,24.339806,128.85199,131.98561,1.828639,126.03211,21.935915,128.04611,2.2343395,1.7086282,95.65798,44.198696,25.595203,176.98103
2026-04-13 12:29:00-04:00,760.32894,24.390792,128.89644,132.04313666666667,1.8595569666666667,125.70528333333334,22.318201000000002,127.26261,2.2371369333333333,1.7122885666666665,95.85407133333332,44.234656,26.331945666666666,185.17133333333334
2026-04-13 12:30:00-04:00,763.79332,24.441778,128.94089,132.10066333333333,1.8904749333333333,125.37845666666666,22.700487,126.47911,2.2399343666666667,1.7159489333333333,96.05016266666667,44.270616,27.068688333333334,193.36163666666667
2026-04-13 12:31:00-04:00,767.2577,24.492764,128.98534,132.15819,1.9213929,125.05163,22.700487,125.69561,2.2427318,1.7159487666666666,96.246254,44.306576,27.805431,201.55194
2026-04-13 12:32:00-04:00,767.2658566666667,24.423475,128.90951333333334,131.84312666666665,1.9183208,125.33139333333334,22.942556333333332,126.44872,2.244552533333333,1.7177790333333334,95.97450599999999,43.89350066666667,25.03999,195.44026
2026-04-13 12:33:00-04:00,767.2740133333333,24.354186000000002,128.83368666666667,131.52806333333334,1.9152487,125.61115666666666,22.80233966666667,127.20183,2.2463732666666667,1.7159487666666666,95.702758,43.48042533333333,22.274549,189.32858000000002
2026-04-13 12:34:00-04:00,767.28217,24.284897,128.75786,131.213,1.9121766,125.89092,22.662123,127.95494,2.248194,1.7141185,95.43101,43.06735,19.509108,183.2169
2026-04-13 12:35:00-04:00,759.7569599999999,24.169854666666666,128.61536333333333,130.99859999999998,1.8872070333333333,125.61115666666666,22.782711333333335,127.56645666666667,2.2495705333333333,1.7164718333333333,95.872718,43.108379,18.915215333333332,209.31739000000002
2026-04-13 12:36:00-04:00,752.23175,24.054812333333334,128.47286666666665,130.7842,1.8872070333333333,125.33139333333334,22.903299666666666,127.17797333333333,2.2509470666666664,1.7188251666666667,96.314426,43.149408,18.321322666666667,235.41788
2026-04-13 12:37:00-04:00,744.70654,23.93977,128.61536333333333,130.5698,1.8372679,125.05163,23.023888,126.78949,2.2523236,1.7211785,96.756134,43.190437,17.72743,261.51837
2026-04-13 12:38:00-04:00,752.2235933333334,24.106452,128.54084666666665,131.0600433333333,1.8662246333333334,125.39414666666667,23.038502666666666,127.56645666666667,2.252545666666667,1.7192174333333332,96.48667400000001,43.70707933333333,22.576773333333332,250.00094
2026-04-13 12:39:00-04:00,759.7406466666666,24.273134,128.75132333333335,131.55028666666666,1.8951813666666666,125.73666333333333,23.053117333333333,127.67663666666665,2.252767733333333,1.7172563666666667,96.217214,44.22372166666667,27.426116666666665,238.48351
2026-04-13 12:40:00-04:00,767.2577,24.439816,128.9618,132.04053,1.9241381,126.07918,23.067732,128.12021,2.2529898,1.7152953,95.947754,44.740364,32.27546,226.96608
2026-04-13 12:41:00-04:00,767.2577,24.47707266666667,128.95395333333335,132.06405666666666,1.9177324,126.06218333333332,23.09149,128.13921666666667,2.2510358666666668,1.7129421,95.85954600000001,44.988022666666666,32.36204666666667,226.27321
2026-04-13 12:42:00-04:00,767.2577,24.514329333333333,128.94610666666668,132.08758333333333,1.9113267,126.04518666666667,23.115247999999998,128.15822333333332,2.249081933333333,1.7130074333333334,95.771338,45.23568133333333,32.44863333333333,225.58034
2026-04-13 12:43:00-04:00,767.2577,24.551586,128.93826,132.11111,1.904921,126.02819,23.139006,128.17723,2.247128,1.7130074333333334,95.68313,45.48334,32.53522,224.88747
2026-04-13 12:44:00-04:00,764.9372,24.713693,128.91081,131.93854333333334,1.9014566333333334,125.93798666666666,23.300734,128.100265,2.2413109,1.7130074333333334,96.44779666666668,43.843243333333334,31.264057,224.29917666666668
2026-04-13 12:45:00-04:00,762.6167,24.8758,128.88336,131.76597666666666,1.8979922666666666,125.84778333333334,23.462462,128.0233,2.2354938,1.7177791666666666,97.21246333333333,42.20314666666666,29.992894,223.71088333333333
2026-04-13 12:46:00-04:00,760.2962,25.037907,128.85591,131.59341,1.8945279,125.75758,23.62419,127.946335,2.2296767,1.7177138333333333,97.97713,40.56305,28.721731,223.12259
2026-04-13 12:47:00-04:00,760.8845,25.078434333333334,128.91081,131.87841666666665,1.8993649333333333,125.86608666666667,23.644744,128.00429333333332,2.2384246,1.7201323666666668,97.10442,42.172050999999996,29.246505,224.41029
2026-04-13 12:48:00-04:00,761.4728,25.118961666666667,128.91342333333333,131.87841666666665,1.9042019666666665,125.97459333333333,23.665298,128.06225166666667,2.2471725,1.7177138333333333,96.23170999999999,43.781052,29.771279,225.69799
2026-04-13 12:49:00-04:00,762.0611,25.159489,128.94218,132.02092,1.909039,126.0831,23.685852,128.12021,2.2559204,1.7152953,95.359,45.390053,30.296053,226.98569
2026-04-13 12:50:00-04:00,762.0529333333334,25.041831000000002,128.94480000000001,132.01307333333332,1.8912594999999999,125.68306,24.045051,126.41190666666665,2.260627433333333,1.7145762333333334,96.01593,45.349383333333336,30.517158666666667,236.39833666666667
2026-04-13 12:51:00-04:00,762.0447666666666,24.924173,128.94742,132.00522666666666,1.87348,125.28302000000001,24.40425,126.33209333333335,2.257534,1.7138571666666667,96.67286,45.30871366666667,30.738264333333333,245.81098333333335
2026-04-13 12:52:00-04:00,762.0366,24.806515,128.95004,131.99738,1.8557005,124.88298,24.398736333333336,126.33209333333335,2.2700415,1.7131381,97.32979,45.268044,30.95937,255.22363
2026-04-13 12:53:00-04:00,762.0366,24.888875333333335,128.90951333333334,131.71369333333334,1.8906059,125.21634666666667,24.581092666666667,124.66369666666667,2.257534,1.7132689,97.458622,43.946395,29.421354666666666,241.50339666666667
2026-04-13 12:54:00-04:00,762.0366,24.971235666666665,128.86898666666667,131.68754666666666,1.8906059,125.54971333333334,24.398736333333336,126.33209333333335,2.2450265,1.7133997,97.587454,42.624746,27.883339333333335,227.78316333333333
2026-04-13 12:55:00-04:00,762.0366,25.053596,128.89904666666666,131.14632,1.9080586,125.88308,24.21638,128.00049,2.232519,1.7135305,97.716286,41.303097,26.345324,214.06293
2026-04-13 12:56:00-04:00,762.6330333333334,25.077781333333334,128.89904666666666,131.68754666666666,1.9108040666666666,125.97197666666668,24.238316666666666,128.05322333333334,2.238987266666667,1.7120272,96.82680066666667,42.64599466666667,28.062579666666668,220.77597333333333
2026-04-13 12:57:00-04:00,763.2294666666667,25.101966666666666,128.89904666666666,131.68754666666666,1.9135495333333334,126.06087333333333,24.260253333333335,128.10595666666669,2.2454555333333333,1.7105238999999999,95.93731533333333,43.98889233333333,29.779835333333335,227.48901666666666
2026-04-13 12:58:00-04:00,763.8259,25.126152,128.93434,131.95816,1.916295,126.14977,24.28219,128.15869,2.2519238,1.7090206,95.04783,45.33179,31.497091,234.20206
2026-04-13 12:59:00-04:00,764.3978666666667,25.178445,128.93695333333332,131.97254333333333,1.8848541333333333,126.14454333333333,24.307779,128.17579333333333,2.2485490666666665,1.7122233666666666,95.18313166666667,45.43557333333333,31.42060066666667,226.24052666666665
2026-04-13 13:00:00-04:00,764.9698333333333,25.230738000000002,128.93956666666668,131.98692666666665,1.8534132666666667,126.13931666666667,24.333368,128.19289666666668,2.2451743333333334,1.7154261333333332,95.31843333333333,45.53935666666667,31.344110333333333,218.27899333333335
2026-04-13 13:01:00-04:00,765.5418,25.283031,128.94218,132.00131,1.8219724,126.13409,24.358957,128.21,2.2417996,1.7186289,95.453735,45.64314,31.26762,210.31746
2026-04-13 13:02:00-04:00,765.5336333333333,25.316367666666668,128.87682,131.77906,1.8417126666666666,125.93276333333333,24.508869666666666,128.04088666666667,2.2453519666666666,1.7154914666666665,95.89258,45.476694333333334,30.043793333333333,216.21344000000002
2026-04-13 13:03:00-04:00,765.5254666666666,25.34970433333333,128.87682,131.55681,1.8614529333333334,125.86216333333333,24.658782333333335,127.87177333333334,2.2489043333333334,1.7123540333333334,96.331425,45.310248666666666,28.819966666666666,222.10942
2026-04-13 13:04:00-04:00,765.5173,25.383041,128.87682,131.71108,1.8811932,125.53011,24.808695,127.70266,2.2524567,1.7092166,96.77027,45.143803,27.59614,228.0054
2026-04-13 13:05:00-04:00,764.3570666666667,25.407878666666665,128.8245366666667,131.71108,1.8909327333333334,125.69613666666666,24.82881233333333,127.84563666666666,2.2514206000000003,1.7119617333333332,96.42414333333333,45.01195666666666,26.775889,224.92668666666668
2026-04-13 13:06:00-04:00,763.1968333333333,25.43271633333333,128.90297333333334,131.71108,1.9006722666666667,125.86216333333333,24.848929666666667,127.98861333333332,2.2503845,1.7147068666666667,96.07801666666667,44.880110333333334,25.955638,221.84797333333333
2026-04-13 13:07:00-04:00,762.0366,25.457554,128.98141,131.89934,1.9104118,126.02819,24.869047,128.13159,2.2493484,1.717452,95.73189,44.748264,25.135387,218.76926
2026-04-13 13:08:00-04:00,760.8926866666667,25.462784,128.99448333333333,131.91502666666668,1.9146604333333335,126.06871666666666,24.900118,128.17673666666667,2.252752866666667,1.7190863,95.84113,44.756746,26.236212666666667,209.95143333333334
2026-04-13 13:09:00-04:00,759.7487733333334,25.468014,129.0075566666667,131.93071333333333,1.9143333333333332,126.10924333333334,24.931189,128.22188333333332,2.2561573333333333,1.7207206,95.95037,44.765228,27.337038333333336,201.13360666666665
2026-04-13 13:10:00-04:00,758.60486,25.473244,129.02063,131.9464,1.9143333333333332,126.02819,24.96226,128.26703,2.2595618,1.7184330666666667,96.05961,44.77371,28.437864,192.31578
2026-04-13 13:11:00-04:00,759.1359733333334,25.367351666666668,128.67942,131.21822333333333,1.9143333333333332,125.85301,25.093907666666667,127.83243,2.243309366666667,1.7184330666666667,95.95897533333334,43.907061,21.995153000000002,213.11511333333334
2026-04-13 13:12:00-04:00,759.6670866666667,25.367351666666668,128.6375933333333,131.18685,1.9055089666666667,125.55625,25.225555333333332,127.39783,2.2270569333333334,1.7145112333333332,95.85834066666666,43.040412,15.552442000000001,233.91444666666666
2026-04-13 13:13:00-04:00,760.1982,25.367351666666668,127.997,129.76187,1.9064896666666666,125.25949,25.26948,126.96323,2.2108045,1.7105894,95.757706,42.173763,9.109731,254.71378
2026-04-13 13:14:00-04:00,759.0788,25.367351666666668,128.31729666666666,130.47436,1.9015871333333334,125.26602866666667,25.327962,126.99363666666666,2.2237116666666665,1.7107200666666666,95.517794,43.25889866666667,16.826858,250.5107766666667
2026-04-13 13:15:00-04:00,757.9594000000001,25.379115666666667,128.6375933333333,131.18685,1.9064896666666666,125.27256733333333,25.298721,127.02404333333334,2.2366188333333334,1.7108507333333334,95.277882,44.34403433333333,24.543985,246.30777333333333
2026-04-13 13:16:00-04:00,756.84,25.49089,128.95789,131.89934,1.9113922,125.279106,25.26948,127.05445,2.249526,1.7109814,95.03797,45.42917,32.261112,242.10477
2026-04-13 13:17:00-04:00,756.25171,25.488929333333335,128.89905666666667,131.66141,1.9187131000000002,125.50919066666667,25.306043333333335,127.34273333333334,2.2455591333333333,1.7132037666666666,94.80367666666666,44.75613333333333,29.244787,232.01885666666666
2026-04-13 13:18:00-04:00,755.66342,25.486968666666666,128.8402233333333,131.42348,1.926034,125.73927533333332,25.342606666666665,127.63101666666667,2.2415922666666668,1.7126153333333334,94.56938333333333,44.08309666666667,26.228462,221.93294333333333
2026-04-13 13:19:00-04:00,755.07513,25.485008,128.78139,131.18555,1.9333549,125.96936,25.37917,127.9193,2.2376254,1.7126153333333334,94.33509,43.41006,23.212137,211.84703
2026-04-13 13:20:00-04:00,754.49502,25.495466666666665,128.82583666666665,131.42348,1.9157715,125.82425166666667,25.386471666666665,127.80150333333334,2.2357012000000003,1.7126153333333334,94.92180833333333,43.78506166666667,24.699019,218.92611666666667
2026-04-13 13:21:00-04:00,753.91491,25.505925333333334,128.87028333333333,131.66141,1.8981881,125.67914333333333,25.393773333333332,127.68370666666667,2.233777,1.7075821666666666,95.50852666666667,44.16006333333333,26.185900999999998,226.00520333333333
2026-04-13 13:22:00-04:00,753.3348,25.516384,128.91473,131.89934,1.8806047,125.534035,25.401075,127.56591,2.2318528,1.702549,96.095245,44.535065,27.672783,233.08429
2026-04-13 13:23:00-04:00,751.6107666666667,25.519652,128.87159,131.67056,1.8768790333333332,125.655612,25.429888666666667,127.66708333333334,2.2334513,1.705033,96.20125333333334,44.19117,26.370156666666666,227.01836666666668
2026-04-13 13:24:00-04:00,749.8867333333333,25.52292,128.82845,131.44178,1.8731533666666667,125.77718899999999,25.45870233333333,127.76825666666666,2.2350498,1.7075170000000002,96.30726166666666,43.847275,25.067530333333334,220.95244333333332
2026-04-13 13:25:00-04:00,748.1627,25.526188,128.78531,131.213,1.8694277,125.898766,25.487516,127.86943,2.2366483,1.710001,96.41327,43.50338,23.764904,214.88652
2026-04-13 13:26:00-04:00,747.5580666666666,25.530764333333334,128.82845,131.42216666666667,1.8792977333333334,125.98635733333333,25.50990133333333,127.96728,2.2431315333333335,1.7089551333333335,96.04279333333334,44.069343333333336,25.70024666666667,214.80809
2026-04-13 13:27:00-04:00,746.9534333333334,25.535340666666666,128.87159,131.63133333333332,1.8891677666666666,126.07394866666667,25.532286666666668,128.06513,2.249614766666667,1.7079092666666666,95.67231666666666,44.635306666666665,27.635589333333332,214.72966
2026-04-13 13:28:00-04:00,746.3488,25.539917,128.91473,131.8405,1.8990378,126.16154,25.554672,128.16298,2.256098,1.7068634,95.30184,45.20127,29.570932,214.65123
2026-04-13 13:29:00-04:00,748.0891833333333,25.599399666666667,128.91211666666666,131.83135,1.8902788000000001,126.16023200000001,25.576620666666667,128.18387333333334,2.2524420000000003,1.7086281666666667,95.54545333333333,45.003103333333335,29.32346,210.33709333333334
2026-04-13 13:30:00-04:00,749.8295666666667,25.65888233333333,128.90950333333333,131.8222,1.8815198,126.158924,25.598569333333334,128.20476666666667,2.248786,1.7103929333333332,95.78906666666667,44.80493666666666,29.075988,206.02295666666666
2026-04-13 13:31:00-04:00,751.56995,25.718365,128.90689,131.81305,1.8727608,126.157616,25.620518,128.22566,2.24513,1.7121577,96.03268,44.60677,28.828516,201.70882
2026-04-13 13:32:00-04:00,747.5254533333333,25.835369333333333,128.7827,131.51760000000002,1.8827618,125.88961733333333,25.722935333333332,127.94067,2.242628466666667,1.7086933333333332,96.52341,44.31583166666667,27.731374,208.72255333333334
2026-04-13 13:33:00-04:00,743.4809566666667,25.952373666666666,128.73302666666666,131.47838666666667,1.8927628,125.83471333333334,25.825352666666667,127.65568,2.2401269333333333,1.7052289666666667,97.01414,44.02489333333333,26.634232,215.73628666666667
2026-04-13 13:34:00-04:00,739.43646,26.069378,128.73302666666666,131.47838666666667,1.9027638,125.35362,25.92777,127.80577666666667,2.2376254,1.7017646,97.50487,43.733955,25.53709,222.75002
2026-04-13 13:35:00-04:00,739.44462,26.156968666666668,128.73302666666666,131.20254333333335,1.9008680666666666,125.59416666666667,25.942853333333332,127.58823333333333,2.233865766666667,1.7054251,97.02276333333333,43.79692,26.394413333333333,220.48183
2026-04-13 13:36:00-04:00,739.4527800000001,26.24455933333333,128.73302666666666,131.47838666666667,1.8989723333333333,125.83471333333334,25.95793666666667,127.80577666666667,2.2301061333333334,1.7090855999999999,96.54065666666666,43.859885,27.251736666666666,218.21364
2026-04-13 13:37:00-04:00,739.46094,26.33215,128.83238,131.75423,1.8970766,126.07526,25.97302,128.02332,2.2263465,1.7127461,96.05855,43.92285,28.10906,215.94545
2026-04-13 13:38:00-04:00,738.4069266666667,26.37398333333333,128.83107333333334,131.73853666666668,1.8834153666666666,126.09225333333333,26.001823333333334,128.04613,2.238927933333333,1.7105237333333332,95.78094666666667,43.899011333333334,28.188001333333332,205.7092
2026-04-13 13:39:00-04:00,737.3529133333334,26.415816666666668,128.82976666666667,131.72284333333334,1.8834153666666666,126.10924666666666,26.030626666666667,128.06894,2.251509366666667,1.7083013666666667,95.50334333333333,43.875172666666664,28.26694266666667,195.47295
2026-04-13 13:40:00-04:00,736.2989,26.45765,128.82846,131.70715,1.8560929,126.12624,26.05943,128.09175,2.251509366666667,1.706079,95.22574,43.851334,28.345884,185.2367
2026-04-13 13:41:00-04:00,735.00792,26.48641,128.84937333333335,131.69669333333334,1.8748528,126.16153666666666,26.086870666666666,128.12024333333332,2.2580813666666666,1.7077131333333333,94.93680166666667,44.19071866666667,27.994698666666668,182.79203333333334
2026-04-13 13:42:00-04:00,733.71694,26.51517,128.87028666666666,131.68623666666667,1.8936127,126.19683333333333,26.114311333333333,128.14873666666668,2.252071933333333,1.7093472666666667,94.64786333333333,44.53010333333333,27.643513333333335,180.3473666666667
2026-04-13 13:43:00-04:00,732.42596,26.54393,128.8912,131.67578,1.9123726,126.23213,26.141752,128.17723,2.2460625,1.7109814,94.358925,44.869488,27.292328,177.9027
2026-04-13 13:44:00-04:00,730.9225733333334,26.359598666666667,128.88205,131.67970333333332,1.9103462,126.23213,26.168266666666668,128.17962,2.242421333333333,1.7132692666666667,94.81840333333334,44.27996533333333,27.271435333333333,171.38574666666668
2026-04-13 13:45:00-04:00,729.4191866666666,26.175267333333334,128.87290000000002,131.68362666666667,1.9083198000000001,126.23213,26.19478133333333,128.18201000000002,2.238780166666667,1.7155571333333335,95.27788166666666,43.69044266666667,27.250542666666668,164.86879333333334
2026-04-13 13:46:00-04:00,727.9158,25.990936,128.86375,131.68755,1.9062934,126.23213,26.221296,128.1844,2.235139,1.717845,95.73736,43.10092,27.22965,158.35184
2026-04-13 13:47:00-04:00,724.7864,26.010546333333334,128.87290000000002,131.70715666666666,1.9044633,125.94321666666667,26.535949,127.38139000000001,2.2413851333333334,1.7193483,95.81109,42.653106666666666,27.547875333333334,164.77728000000002
2026-04-13 13:48:00-04:00,721.657,26.030156666666667,128.88205,131.72676333333334,1.9026332000000001,125.65430333333333,26.850602,127.18473,2.2476312666666667,1.7208516,95.88482,42.20529333333334,27.866100666666664,171.20272
2026-04-13 13:49:00-04:00,718.5276,26.049767,128.8912,131.74637,1.9008031,125.36539,27.165255,127.18473,2.2538774,1.7223549,95.95855,41.75748,28.184326,177.62816
2026-04-13 13:50:00-04:00,718.5194166666666,26.119055666666664,128.81537666666665,131.39732,1.8738724333333334,125.54841,27.045411666666666,126.48004999999999,2.2433831,1.7177793333333333,95.346858,41.66293433333333,24.171288666666666,172.18974333333333
2026-04-13 13:51:00-04:00,718.5112333333334,26.188344333333333,128.73955333333333,131.04827,1.8469417666666668,125.73143,26.92556833333333,127.18473,2.2328888,1.7132037666666666,94.735166,41.56838866666667,20.158251333333332,166.75132666666667
2026-04-13 13:52:00-04:00,718.50305,26.257633,128.66373,131.27704666666665,1.8200111,125.91445,26.805725,127.88941,2.2223945,1.7086282,94.123474,41.473843,16.145214,161.31291
2026-04-13 13:53:00-04:00,717.3428333333334,26.490333333333332,128.74347666666665,130.98813333333334,1.7940610000000001,125.99027666666667,26.827683666666665,127.96539666666666,2.2293365333333335,1.7114388333333332,94.575416,41.785742,18.438572999999998,159.18199666666666
2026-04-13 13:54:00-04:00,716.1826166666666,26.723033666666666,128.82322333333335,131.27704666666665,1.7681109,126.06610333333333,26.849642333333332,128.04138333333333,2.2362785666666665,1.7142494666666668,95.02735799999999,42.097641,20.731932,157.05108333333334
2026-04-13 13:55:00-04:00,715.0224,26.955734,128.90297,131.56596,1.7421608,126.14193,26.871601,128.11737,2.2432206,1.7170601,95.4793,42.40954,23.025291,154.92017
2026-04-13 13:56:00-04:00,713.3229,26.89363833333333,128.87420666666668,131.53850666666665,1.7801381666666667,126.15239,26.897211666666667,128.12211,2.2342063,1.7186943666666668,95.07794666666666,41.85078166666667,23.056412666666667,149.67130333333336
2026-04-13 13:57:00-04:00,711.6234,26.831542666666667,128.84544333333332,131.51105333333334,1.8181155333333332,126.16285,26.922822333333333,128.12685,2.225192,1.7203286333333334,94.67659333333333,41.29202333333333,23.087534333333334,144.42243666666667
2026-04-13 13:58:00-04:00,709.9239,26.769447,128.81668,131.4836,1.8560929,126.17331,26.948433,128.13159,2.2161777,1.7219629,94.27524,40.733265,23.118656,139.17357
2026-04-13 13:59:00-04:00,708.1345,26.685778,128.80622333333332,131.48229333333333,1.8601455333333332,126.17069333333333,26.977694333333336,128.12019666666666,2.2176578,1.7128116,94.48064666666666,41.87036666666667,23.334227333333335,133.24491333333333
2026-04-13 14:00:00-04:00,706.3451,26.602109,128.79576666666668,131.48098666666667,1.8641981666666667,126.16807666666666,27.006955666666666,128.10880333333333,2.2191378999999998,1.7036603000000001,94.68605333333333,43.007468333333335,23.549798666666668,127.31625666666667
2026-04-13 14:01:00-04:00,704.5557,26.6008005,128.78531,131.47968,1.8682508,126.16546,27.036217,128.09741,2.220618,1.694509,94.89146,44.14457,23.76537,121.3876
2026-04-13 14:02:00-04:00,703.256575,26.5458935,128.7784475,131.47477750000002,1.8711923,126.16448,27.06640875,128.09456749999998,2.218741875,1.698333,94.87649599999999,43.672541,23.6546625,116.5685275
2026-04-13 14:03:00-04:00,701.95745,26.573347,128.77158500000002,131.469875,1.8741338,126.1635,27.0966005,128.091725,2.21686575,1.7021570000000001,94.861532,43.200512,23.543955,111.74945500000001
2026-04-13 14:04:00-04:00,700.658325,26.6008005,128.7647225,131.4649725,1.8770753,126.16252,27.12679225,128.0888825,2.214989625,1.705981,94.84656799999999,42.728483,23.4332475,106.93038250000001
2026-04-13 14:05:00-04:00,699.3592,26.628254,128.75786,131.46007,1.8800168,126.16154,27.156984,128.08604,2.2131135,1.709805,94.831604,42.256454,23.32254,102.11131
2026-04-13 14:06:00-04:00,697.631075,26.6008,128.75982,131.46399,1.88560555,125.84582499999999,27.567317000000003,126.544813,2.2215507,1.7063732,95.1908495,43.1992855,22.8119315,107.39611
2026-04-13 14:07:00-04:00,695.90295,26.6008,128.76178,131.46791,1.8911943,125.53011,27.567317000000003,125.003586,2.2299879,1.7029414,95.550095,44.142117,22.301323,112.68091
2026-04-13 14:08:00-04:00,693.5988,26.594917666666667,128.65588666666665,131.12931666666665,1.8746568,125.59809166666666,27.567317000000003,125.88286066666666,2.2153636,1.6992155666666666,95.73179,41.740887,19.533317333333333,116.37406533333333
2026-04-13 14:09:00-04:00,691.29465,26.58903533333333,128.65327333333332,130.87832333333333,1.8581193,125.66607333333333,27.668373333333335,126.76213533333333,2.2007393,1.6994117333333334,95.913485,39.339656999999995,16.765311666666666,120.06722066666666
2026-04-13 14:10:00-04:00,688.9905,26.583153,128.65327333333332,130.87832333333333,1.8415818,125.734055,27.513735,127.64141,2.186115,1.6917639,96.09518,36.938427,13.997306,123.760376
2026-04-13 14:11:00-04:00,688.4104,26.436733333333333,128.54868666666667,130.66522666666668,1.8526938666666666,125.88570166666666,27.52656066666667,127.74353333333333,2.196683533333333,1.6994117333333334,95.72437,38.32396133333333,15.468124,121.86477933333333
2026-04-13 14:12:00-04:00,687.8303,26.290313666666666,128.65327333333332,130.87832333333333,1.8638059333333334,126.03734833333334,27.539386333333333,127.84565666666666,2.207252066666667,1.7070595666666666,95.35356,39.70949566666667,16.938941999999997,119.96918266666667
2026-04-13 14:13:00-04:00,687.2502,26.143894,128.75786,131.09142,1.874918,126.188995,27.552212,127.94778,2.2178206,1.7147074,94.98275,41.09503,18.40976,118.073586
2026-04-13 14:14:00-04:00,684.34958,26.251093333333333,128.77877999999998,131.13979,1.8806702333333334,126.22690800000001,27.566837333333336,127.99577,2.2199520666666666,1.7151648333333334,95.08145133333333,41.183725,18.57938233333333,113.56336066666667
2026-04-13 14:15:00-04:00,681.44896,26.358292666666667,128.7997,131.18815999999998,1.8864224666666667,126.264821,27.581462666666667,128.04376,2.2220835333333335,1.7156222666666667,95.18015266666666,41.27242,18.749004666666668,109.05313533333334
2026-04-13 14:16:00-04:00,678.54834,26.465492,128.82062,131.23653,1.8921747,126.302734,27.596088,128.09175,2.224215,1.7160797,95.278854,41.361115,18.918627,104.54291
2026-04-13 14:17:00-04:00,677.39628,26.58642066666667,128.82584666666665,131.2299933333333,1.8881220666666667,126.33672266666667,27.614396000000003,128.11311666666666,2.2214026666666666,1.7150991666666668,95.16545266666667,41.38516766666667,19.061977666666667,101.91521
2026-04-13 14:18:00-04:00,676.24422,26.707349333333333,128.83107333333334,131.22345666666666,1.8840694333333332,126.37071133333333,27.632704,128.13448333333332,2.218590333333333,1.7141186333333334,95.05205133333332,41.40922033333333,19.205328333333334,99.28751
2026-04-13 14:19:00-04:00,675.09216,26.828278,128.8363,131.21692,1.8800168,126.4047,27.651012,128.15585,2.215778,1.7131381,94.93865,41.433273,19.348679,96.65981
2026-04-13 14:20:00-04:00,675.1003400000001,26.764217666666667,128.56176666666667,130.79988666666665,1.8530208333333333,125.90661333333334,27.625381333333333,127.71273333333332,2.2111598,1.7029412666666668,96.00634,41.421622,16.141938333333336,111.99457666666666
2026-04-13 14:21:00-04:00,675.10852,26.700157333333333,128.28723333333332,130.38285333333334,1.8260248666666665,125.40852666666666,27.59975066666667,127.26961666666666,2.2065416,1.6927444333333332,97.07403000000001,41.409971,12.935197666666667,127.32934333333333
2026-04-13 14:22:00-04:00,675.1167,26.636097,128.3526,129.96582,1.7990289,125.63992,27.57412,127.438184,2.2019234,1.6937901333333334,98.14172,41.39832,9.728457,142.66411
2026-04-13 14:23:00-04:00,672.7717,26.747872666666666,128.18265,130.14622333333332,1.8375945,125.27517999999999,27.581442666666668,127.132342,2.198193333333333,1.6937901333333334,96.46286333333333,41.02914333333333,11.296175666666667,138.74871
2026-04-13 14:24:00-04:00,670.4267,26.859648333333332,128.3526,130.32662666666667,1.8375945,125.63992,27.588765333333335,127.438184,2.194463266666667,1.6937901333333334,94.78400666666667,40.65996666666667,12.863894333333334,134.83331
2026-04-13 14:25:00-04:00,668.0817,26.856382666666665,128.52255,130.50703,1.8568773,126.00466,27.596088,127.744026,2.1907332,1.6994114,93.10515,40.29079,14.431613,130.91791
2026-04-13 14:26:00-04:00,665.2056333333333,26.913903333333334,128.56568666666666,130.68090999999998,1.8592303333333333,126.06349,27.603412000000002,127.79627066666667,2.1955142,1.6993460666666667,93.26342,40.63702333333333,15.943753666666668,127.00904666666668
2026-04-13 14:27:00-04:00,662.3295666666667,26.856382666666665,128.60882333333333,130.85479,1.8615833666666668,126.12232,27.610736,127.84851533333334,2.2002952000000002,1.6992807333333333,93.42169,40.98325666666667,17.455894333333333,123.10018333333333
2026-04-13 14:28:00-04:00,659.4535,26.798862,128.65196,131.02867,1.8639364,126.18115,27.61806,127.90076,2.2050762,1.6992154,93.57996,41.32949,18.968035,119.19132
2026-04-13 14:29:00-04:00,658.3913,26.734802,128.62319666666667,130.98421666666667,1.8244557333333333,126.18638,27.632705666666666,127.89981,2.203551666666667,1.6962086333333333,94.15981,41.27197233333333,19.004294333333334,114.61573
2026-04-13 14:30:00-04:00,657.3290999999999,26.670742,128.59443333333334,130.93976333333333,1.7849750666666666,126.19161,27.647351333333333,127.89886,2.2020271333333334,1.6932018666666666,94.73966,41.21445466666667,19.040553666666668,110.04014000000001
2026-04-13 14:31:00-04:00,656.2669,26.606682,128.56567,130.89531,1.7454944,126.19684,27.661997,127.89791,2.2005026,1.6901951,95.31951,41.156937,19.076813,105.46455
2026-04-13 14:32:00-04:00,655.0167799999999,26.75833,128.58136333333334,130.88746666666665,1.7819029666666666,125.79679999999999,27.581942333333334,126.52127333333333,2.203166866666667,1.6928097333333334,95.44604333333334,41.17274466666667,18.13512766666667,116.96889
2026-04-13 14:33:00-04:00,653.76666,26.909978,128.59705666666667,130.87962333333334,1.8183115333333333,125.39676,27.501887666666665,125.94373333333333,2.205831133333333,1.6954243666666666,95.57257666666666,41.188552333333334,17.193442333333333,128.47323
2026-04-13 14:34:00-04:00,652.51654,27.061626,128.61275,130.87178,1.8547201,125.39676,27.421833,123.768,2.2084954,1.698039,95.69911,41.20436,16.251757,139.97757
2026-04-13 14:35:00-04:00,649.9591066666667,27.094964,128.272852,130.12269,1.8249788333333332,125.175825,27.482664666666665,124.85586666666667,2.166414033333333,1.6673172,95.20890333333334,32.916135,12.401977666666667,136.91846333333334
2026-04-13 14:36:00-04:00,647.4016733333333,27.128301999999998,128.24670533333335,129.37359999999998,1.7952375666666667,125.35493,27.543496333333334,125.94373333333333,2.1243326666666666,1.6365954,94.71869666666666,24.62791,8.552198333333333,133.85935666666666
2026-04-13 14:37:00-04:00,644.84424,27.16164,128.24670533333335,128.62451,1.7654963,125.534035,27.604328,127.0316,2.0822513,1.6058736,94.22849,16.339685,4.702419,130.80025
2026-04-13 14:38:00-04:00,642.1887833333334,27.232886999999998,128.24670533333335,129.25332666666665,1.7945185,125.73013,27.616228666666665,127.27903666666667,2.1219348,1.6371183333333332,94.12219666666667,23.546921666666666,7.706139333333334,129.98971666666668
2026-04-13 14:39:00-04:00,639.5333266666667,27.304134,128.24670533333335,129.88214333333335,1.8235407,125.926225,27.628129333333334,127.52647333333333,2.1616182999999998,1.6683630666666667,94.01590333333333,30.754158333333336,10.709859666666667,129.17918333333333
2026-04-13 14:40:00-04:00,636.87787,27.375381,128.57353,130.51096,1.8525629,126.12232,27.64003,127.77391,2.2013018,1.6996078,93.90961,37.961395,13.71358,128.36865
2026-04-13 14:41:00-04:00,635.11298,27.305441333333334,128.56699,130.58025,1.8471376,126.132778,27.6478,127.78863666666666,2.196654,1.6954897,93.90161333333333,38.88911166666667,14.512080333333333,123.59695666666667
2026-04-13 14:42:00-04:00,633.3480900000001,27.235501666666668,128.56045,130.64954,1.8417123,126.143236,27.65557,127.80336333333334,2.1920062,1.6913715999999999,93.89361666666667,39.81682833333333,15.310580666666667,118.82526333333333
2026-04-13 14:43:00-04:00,631.5832,27.165562,128.55391,130.71883,1.836287,126.153694,27.66334,127.81809,2.1873584,1.6872535,93.88562,40.744545,16.109081,114.05357
2026-04-13 14:44:00-04:00,629.2872666666667,27.057706333333336,128.55914333333334,130.66915333333333,1.8438040333333334,126.143236,27.684840666666666,127.82950166666666,2.191088533333333,1.6922866666666667,94.17860166666667,39.70780166666667,15.595022333333333,110.98138999999999
2026-04-13 14:45:00-04:00,626.9913333333333,26.949850666666666,128.56437666666667,130.61947666666666,1.8513210666666666,126.132778,27.706341333333334,127.84091333333333,2.194818666666667,1.6973198333333332,94.47158333333334,38.671058333333335,15.080963666666667,107.90921
2026-04-13 14:46:00-04:00,624.6954,27.057706333333336,128.56961,130.5698,1.8588381,126.12232,27.727842,127.852325,2.1985488,1.702353,94.764565,37.634315,14.566905,104.83703
2026-04-13 14:47:00-04:00,622.93052,27.057706333333336,128.56568333333334,130.55542,1.8586421,125.93668333333333,27.789142333333334,127.63954666666666,2.2039071000000003,1.7004574,95.42926666666666,38.34808,13.814369333333334,108.373315
2026-04-13 14:48:00-04:00,621.1656399999999,27.19758566666667,128.56175666666667,130.54103999999998,1.8584461,125.75104666666667,27.850442666666666,127.42676833333333,2.2092654,1.6985618,96.09396833333334,39.061845,13.061833666666667,111.9096
2026-04-13 14:49:00-04:00,619.40076,27.375381,128.55783,130.52666,1.8582501,125.56541,27.911743,127.21399,2.2146237,1.6966662,96.75867,39.77561,12.309298,115.445885
2026-04-13 14:50:00-04:00,617.7093933333333,27.374727333333333,128.38134666666667,130.15799666666666,1.827136,125.42814,27.894360666666667,127.19689,2.1977199,1.6720886,95.98841,36.16962133333333,10.941655,125.68866333333334
2026-04-13 14:51:00-04:00,616.0180266666666,27.374073666666668,128.20486333333332,129.78933333333333,1.811971,125.29087,27.876978333333334,127.17979,2.1808161,1.6594076,95.21815,32.56363266666666,9.574012,135.93144166666667
2026-04-13 14:52:00-04:00,614.32666,27.37342,128.02838,129.42067,1.7649078,125.1536,27.859596,127.16269,2.1639123,1.6229334,94.44789,28.957644,8.206369,146.17422
2026-04-13 14:53:00-04:00,610.8459399999999,27.381918,128.02315333333334,129.44158333333334,1.7884394000000001,125.24642,27.87423233333333,127.143212,2.1695667,1.6411705,95.03163,30.870352666666665,7.701793866666667,142.01697333333334
2026-04-13 14:54:00-04:00,607.36522,27.390416000000002,128.01792666666665,129.46249666666665,1.811971,125.33924,27.888868666666667,127.123734,2.1752211,1.6594076,95.61537,32.783061333333336,7.197218733333334,137.85972666666666
2026-04-13 14:55:00-04:00,603.8845,27.398914,128.0127,129.48341,1.8355026,125.43206,27.903505,127.104256,2.1808755,1.6776447,96.19911,34.69577,6.6926436,133.70248
2026-04-13 14:56:00-04:00,602.6997666666666,27.427020666666667,128.16827333333333,129.68343333333334,1.837529,125.62423333333334,27.91632,127.308009,2.1838951,1.6818281666666668,95.55884333333334,35.96992866666667,7.5457624,133.41487
2026-04-13 14:57:00-04:00,601.5150333333333,27.455127333333333,128.32384666666667,129.88345666666666,1.8395554,125.81640666666667,27.929135,127.511762,2.1869147,1.6860116333333333,94.91857666666667,37.24408733333333,8.3988812,133.12726
2026-04-13 14:58:00-04:00,600.3303,27.483234,128.47942,130.08348,1.8415818,126.00858,27.94195,127.715515,2.1899343,1.6901951,94.27831,38.518246,9.252,132.83965
2026-04-13 14:59:00-04:00,597.4542,27.516570666666667,128.47811333333334,130.16061333333334,1.8417124666666667,126.01903833333333,27.958416666666665,127.72501866666667,2.1907632,1.6914371,94.21841,38.694055,9.625521333333333,128.636648
2026-04-13 15:00:00-04:00,594.5781,27.549907333333334,128.47680666666668,130.23774666666665,1.8418431333333334,126.02949666666667,27.974883333333334,127.73452233333333,2.1915921,1.6926791,94.15850999999999,38.869864,9.999042666666668,124.433646
2026-04-13 15:01:00-04:00,591.702,27.583244,128.4755,130.31488,1.8419738,126.039955,27.99135,127.744026,2.192421,1.6939211,94.09861,39.045673,10.372564,120.230644
2026-04-13 15:02:00-04:00,589.9371333333333,27.491078333333334,128.47942,130.25996999999998,1.8392938,126.08309666666668,28.009658,127.761116,2.1917104333333333,1.6905873666666666,94.34672333333333,39.062966333333335,10.405861666666667,118.589966
2026-04-13 15:03:00-04:00,588.1722666666667,27.398912666666668,128.48334,130.20506,1.8391631333333334,126.12623833333333,28.027966,127.778206,2.1909998666666666,1.6872536333333334,94.59483666666667,39.08025966666666,10.439159333333334,116.949288
2026-04-13 15:04:00-04:00,586.4074,27.306747,128.48726,130.15015,1.8339338,126.16938,28.046274,127.795296,2.1902893,1.6839199,94.84295,39.097553,10.472457,115.30861
2026-04-13 15:05:00-04:00,583.5395000000001,27.272104666666667,128.48464666666666,130.15015,1.8365484666666667,126.15238666666667,28.070053666666666,127.78771066666667,2.1912366666666667,1.6846389666666668,95.110398,39.105105333333334,10.483374,110.8899
2026-04-13 15:06:00-04:00,580.6716,27.272759999999998,128.48203333333333,130.15015,1.8391631333333334,126.13539333333333,28.093833333333333,127.78012533333333,2.192184033333333,1.6853580333333333,95.377846,39.112657666666664,10.494291,106.47119
2026-04-13 15:07:00-04:00,577.8037,27.20282,128.47942,130.15015,1.8417778,126.1184,28.117613,127.77254,2.1931314,1.6860771,95.645294,39.12021,10.505208,102.05248
2026-04-13 15:08:00-04:00,574.3393333333333,27.272759999999998,128.47026333333335,130.09132,1.8407319333333334,125.65169,28.378896333333334,125.99186,2.1952628,1.6845738000000001,95.93077933333333,38.925063333333334,10.177751,117.38071000000001
2026-04-13 15:09:00-04:00,570.8749666666668,27.3427,128.46110666666667,130.03249,1.8396860666666666,125.18498,28.640179666666665,125.40483733333333,2.1973941999999997,1.6830705,96.21626466666667,38.72991666666667,9.850294,132.70894
2026-04-13 15:10:00-04:00,567.4106,27.20282,128.45195,129.97366,1.8386402,125.09085,28.499687666666667,125.40483733333333,2.1995256,1.6815672,96.50175,38.53477,9.522837,148.03717
2026-04-13 15:11:00-04:00,565.0819333333334,27.184514666666665,127.99439000000001,129.22064666666665,1.785302,124.84246333333334,28.700575333333333,123.91766866666666,2.1385127666666666,1.6288824,94.82777866666667,27.421422800000002,6.348558000000001,145.36371333333332
2026-04-13 15:12:00-04:00,562.7532666666667,26.956389333333334,127.53683,128.46763333333334,1.7486971333333332,124.96665666666667,28.499687666666667,125.40483733333333,2.0774999333333333,1.5761976,93.15380733333333,16.308075600000002,3.1742790000000003,142.69025666666667
2026-04-13 15:13:00-04:00,560.4246,26.728264,127.07927,127.71462,1.7486971333333332,125.09085,28.2988,126.892006,2.0164871,1.5929310666666667,91.479836,5.1947284,0.0,140.0168
2026-04-13 15:14:00-04:00,557.5321666666667,26.723689,127.23615,128.10289333333333,1.7486971333333332,125.04509333333334,28.313445666666667,126.80178599999999,2.0569846333333333,1.5929310666666667,92.88480733333334,11.7774466,1.8640516666666664,140.52664666666666
2026-04-13 15:15:00-04:00,554.6397333333333,26.719113999999998,127.39303,128.49116666666666,1.7486971333333332,124.99933666666666,28.328091333333333,126.711566,2.0974821666666665,1.5929310666666667,94.28977866666666,18.3601648,3.728103333333333,141.0364933333333
2026-04-13 15:16:00-04:00,551.7473,26.714539,127.54991,128.87944,1.7837329,124.95358,28.342737,126.621346,2.1379797,1.6276402,95.69475,24.942883,5.592155,141.54634
2026-04-13 15:17:00-04:00,549.42685,26.707348,127.58389666666666,128.89382,1.7822297333333332,125.05947333333333,28.355542333333332,126.729614,2.1325030666666667,1.6260059333333334,95.44642333333333,25.516613333333332,5.661689333333333,140.35015333333334
2026-04-13 15:18:00-04:00,547.1064,26.700156999999997,127.61788333333334,128.9082,1.7807265666666667,125.16536666666667,28.36834766666667,126.83788200000001,2.127026433333333,1.6243716666666668,95.19809666666667,26.090343666666666,5.731223666666667,139.15396666666666
2026-04-13 15:19:00-04:00,544.78595,26.692966,127.65187,128.92258,1.7792234,125.27126,28.381153,126.94615,2.1215498,1.6227374,94.94977,26.664074,5.800758,137.95778
2026-04-13 15:20:00-04:00,541.8853333333333,26.719113333333333,127.70416333333334,128.97879666666668,1.7816417666666666,125.31701666666666,28.397629333333335,126.99364,2.1251762333333333,1.6248944666666667,94.76072666666667,26.695626,5.807204166666667,134.9901866666667
2026-04-13 15:21:00-04:00,538.9847166666667,26.745260666666667,127.75645666666667,129.03501333333332,1.7840601333333335,125.36277333333334,28.414105666666668,127.04113000000001,2.1288026666666666,1.6270515333333333,94.57168333333333,26.727178,5.813650333333333,132.02259333333333
2026-04-13 15:22:00-04:00,536.0841,26.771408,127.75645666666667,129.02847666666665,1.7864785,125.40853,28.430582,127.08862,2.1324291,1.6292086,94.38264,26.75873,5.8200965,129.055
2026-04-13 15:23:00-04:00,533.7636333333334,26.794283333333333,127.78652333333334,129.05985333333334,1.7838638333333334,125.39807,28.445218333333333,127.06961333333334,2.1314078,1.628555,94.56171333333333,26.711888,5.829176666666666,128.64318833333334
2026-04-13 15:24:00-04:00,531.4431666666667,26.817158666666668,127.76429666666667,129.02847666666665,1.7812491666666666,125.38761,28.45985466666667,127.05060666666667,2.1303865,1.6279013999999998,94.74078666666666,26.665046,5.838256833333333,128.23137666666668
2026-04-13 15:25:00-04:00,529.1227,26.840034,127.74207,128.9971,1.7786345,125.37715,28.474491,127.0316,2.1293652,1.6272478,94.91986,26.618204,5.847337,127.819565
2026-04-13 15:26:00-04:00,526.8267333333333,26.886445,127.75253,129.01409333333334,1.7802686333333333,125.39676,28.489137333333332,127.04301133333333,2.1292173,1.628163,94.70705866666667,26.605408333333333,5.849747,125.70826
2026-04-13 15:27:00-04:00,524.5307666666666,26.932856,127.76299,129.03108666666665,1.7819027666666667,125.41637,28.503783666666667,127.05442266666667,2.1290694,1.6290782,94.49425733333334,26.592612666666664,5.852157,123.59695500000001
2026-04-13 15:28:00-04:00,522.2348,26.979267,127.77345,129.04808,1.7835369,125.39676,28.51843,127.065834,2.1289215,1.6299934,94.281456,26.579817,5.854567,121.48565
2026-04-13 15:29:00-04:00,518.1739666666666,26.843306,127.73292333333333,129.02063,1.780138,125.39937666666667,28.533065999999998,127.03543266666667,2.1285218333333336,1.6274440666666667,94.618694,26.615834666666665,5.8402619,121.13922000000001
2026-04-13 15:30:00-04:00,514.1131333333333,26.707345,127.69239666666667,128.99318,1.7767391000000001,125.36277333333334,28.547702,127.00503133333333,2.1281221666666665,1.6248947333333332,94.955932,26.651852333333334,5.8259568,120.79279
2026-04-13 15:31:00-04:00,510.0523,26.571384,127.65187,128.96573,1.7733402,125.32617,28.562338,126.97463,2.1277225,1.6223454,95.29317,26.68787,5.8116517,120.44636
2026-04-13 15:32:00-04:00,507.16802666666666,26.530203333333333,127.56951333333333,128.85068333333334,1.7682415333333334,125.24773,28.584307333333335,126.90529666666667,2.1203659333333333,1.6153513333333334,95.264925,25.042510333333333,5.583158966666667,116.53096
2026-04-13 15:33:00-04:00,504.2837533333333,26.489022666666667,127.48715666666666,128.73563666666666,1.7631428666666666,125.16929,28.606276666666666,126.83596333333334,2.1130093666666667,1.6083572666666666,95.23667999999999,23.39715066666667,5.354666233333333,112.61556
2026-04-13 15:34:00-04:00,501.39948,26.447842,127.4048,128.62059,1.7580442,125.09085,28.628246,126.76663,2.1056528,1.6013632,95.208435,21.751791,5.1261735,108.70016
2026-04-13 15:35:00-04:00,497.93511333333333,26.51059366666667,127.34466333333333,128.52254333333332,1.750658,125.00849000000001,28.641061666666666,126.70301,2.1003981333333335,1.5956111,95.19362333333333,20.083780333333333,4.961806466666666,107.21636133333332
2026-04-13 15:36:00-04:00,494.4707466666666,26.573345333333332,127.28452666666666,128.42449666666667,1.7432718,124.92613,28.653877333333334,126.63939,2.095143466666667,1.5898590000000001,95.17881166666666,18.415769666666666,4.7974394333333334,105.73256266666667
2026-04-13 15:37:00-04:00,491.00638,26.636097,127.22439,128.32645,1.7358856,124.84377,28.666693,126.57577,2.0898888,1.5841069,95.164,16.747759,4.6330724,104.248764
2026-04-13 15:38:00-04:00,488.08126,26.525629666666667,127.09496166666666,128.20748333333333,1.726473,124.72872666666667,28.683159666666665,126.46181133333334,2.0795424666666666,1.5745633333333333,95.12580666666666,14.762790999999998,4.6458585999999995,102.85646933333332
2026-04-13 15:39:00-04:00,485.15614,26.41516233333333,126.96553333333334,128.08851666666666,1.7170604,124.61368333333333,28.699626333333335,126.34785266666667,2.0691961333333335,1.5650197666666668,95.08761333333334,12.777823,4.6586448,101.46417466666666
2026-04-13 15:40:00-04:00,482.23102,26.304695,126.836105,127.96955,1.7076478,124.49864,28.716093,126.233894,2.0588498,1.5554762,95.04942,10.792855,4.671431,100.07188
2026-04-13 15:41:00-04:00,479.3386033333333,26.432811666666666,126.73544666666668,127.87411333333333,1.7049678,124.35614133333333,28.73073966666667,126.13752266666667,2.0536691333333335,1.5493973333333333,95.11980666666666,10.442218,4.697947666666667,100.18954
2026-04-13 15:42:00-04:00,476.4461866666667,26.560928333333333,126.63478833333333,127.77867666666667,1.7022878,124.21364266666667,28.745386333333332,126.04115133333333,2.0484884666666665,1.5433184666666666,95.19019333333334,10.091581,4.724464333333334,100.3072
2026-04-13 15:43:00-04:00,473.55377,26.689045,126.53413,127.68324,1.6996078,124.071144,28.760033,125.94478,2.0433078,1.5372396,95.26058,9.740944,4.750981,100.42486
2026-04-13 15:44:00-04:00,470.6776733333333,26.502099333333334,126.21384,127.29758666666666,1.6698010333333333,123.584826,28.782002333333335,125.51477333333332,2.0324580666666665,1.5156689666666667,95.69348333333333,8.359499833333334,3.167320666666667,114.31504333333332
2026-04-13 15:45:00-04:00,467.8015766666667,26.315153666666667,125.89355,126.91193333333334,1.6399942666666667,123.098508,28.803971666666666,125.08476666666667,2.0216083333333335,1.4940983333333333,96.12638666666668,6.978055666666667,1.5836603333333334,128.20522666666665
2026-04-13 15:46:00-04:00,464.92548,26.128208,125.57326,126.52628,1.6101875,122.61219,28.825941,124.65476,2.0107586,1.4725277,96.55929,5.5966115,0.0,142.09541
2026-04-13 15:47:00-04:00,461.4447666666667,26.104021666666668,125.24642866666667,126.14846833333333,1.5990753,122.50368333333333,28.825941,124.39049666666666,1.9761373333333332,1.4533754666666667,96.51306333333333,5.5627889999999995,0.0,141.20644
2026-04-13 15:48:00-04:00,457.9640533333333,26.107288333333333,124.91959733333333,125.77065666666667,1.5879631,122.39517666666667,28.825941,124.12623333333333,1.9415160666666667,1.4342232333333333,96.46683666666667,5.5289665,0.0,140.31747000000001
2026-04-13 15:49:00-04:00,454.48334,26.055649,124.592766,125.53011,1.5768509,122.28667,28.825941,123.86197,1.9068948,1.415071,96.42061,5.495144,0.0,139.4285
2026-04-13 15:50:00-04:00,451.5990933333333,26.107288333333333,124.68428066666667,125.4386,1.5693338666666665,122.33504,28.825941,123.99005666666666,1.913023,1.4102339666666666,96.03609,5.522601333333333,0.0,139.35659333333334
2026-04-13 15:51:00-04:00,448.7148466666667,26.158927666666667,124.77579533333333,125.484355,1.5618168333333333,122.38341,28.825941,124.11814333333334,1.9109802666666666,1.4053969333333334,95.65156999999999,5.550058666666667,0.0,139.2846866666667
2026-04-13 15:52:00-04:00,445.8306,26.210567,124.86731,125.53011,1.5542998,122.43178,28.825941,124.24623,1.913023,1.4005599,95.26705,5.577516,0.0,139.21278
2026-04-13 15:53:00-04:00,442.3580533333333,26.151738,124.81109333333333,125.484355,1.5565223333333333,122.38863666666667,28.82823,124.16463,1.9136446333333332,1.4016711666666666,95.50957666666666,5.544519666666667,0.0,138.10157666666666
2026-04-13 15:54:00-04:00,438.8855066666667,26.092909,124.75487666666668,125.48827666666666,1.5587448666666666,122.34549333333334,28.830519,124.08303,1.9142662666666668,1.4027824333333334,95.75210333333334,5.511523333333333,0.0,136.99037333333334
2026-04-13 15:55:00-04:00,435.41296,26.03408,124.69866,125.46736,1.5609674,122.30235,28.832808,124.00143,1.9148879,1.4038937,95.99463,5.478527,0.0,135.87917
2026-04-13 15:56:00-04:00,432.5205266666667,26.015123666666668,124.64637,125.40199333333334,1.5554113,122.24482666666667,28.837842,123.96728,1.9090411666666667,1.3985991333333334,95.84645,5.502891666666667,0.0,135.41506333333334
2026-04-13 15:57:00-04:00,429.6280933333333,25.996167333333332,124.59408,125.33662666666666,1.5498551999999999,122.18730333333333,28.842876,123.93312999999999,1.9031944333333335,1.3933045666666666,95.69827,5.527256333333333,0.0,134.95095666666666
2026-04-13 15:58:00-04:00,426.73566,25.977211,124.54179,125.27126,1.5442991,122.12978,28.84791,123.89898,1.8973477,1.38801,95.55009,5.551621,0.0,134.48685
2026-04-13 15:59:00-04:00,423.2631133333333,26.030157666666668,124.49080133333334,125.21896666666666,1.5403118,122.08010666666667,28.85523333333333,123.84394999999999,1.8938988,1.3838265666666667,95.67757866666666,5.614884333333333,0.0,134.92480666666668
2026-04-13 16:00:00-04:00,419.7905666666667,26.08310433333333,124.43981266666667,125.16667333333334,1.5363244999999999,122.03043333333333,28.862556666666666,123.78892,1.8904499,1.3796431333333332,95.80506733333334,5.678147666666667,0.0,135.36276333333333
2026-04-13 16:01:00-04:00,416.31802,26.136051,124.388824,125.11438,1.5323372,121.98076,28.86988,123.73389,1.887001,1.3754597,95.932556,5.741411,0.0,135.80072
2026-04-13 16:02:00-04:00,411.6607133333333,26.08179733333333,124.27508766666666,124.99803166666666,1.5233820333333332,121.88663333333334,28.876276666666666,123.63615,1.8778388333333333,1.3663738666666667,95.88753066666666,5.710037266666667,0.0,135.0490166666667
2026-04-13 16:03:00-04:00,407.00340666666665,26.027543666666666,124.16135133333333,124.88168333333333,1.5144268666666667,121.79250666666667,28.882673333333333,123.53841,1.8686766666666665,1.3572880333333333,95.84250533333334,5.678663533333333,0.0,134.29731333333334
2026-04-13 16:04:00-04:00,402.3461,25.97329,124.047615,124.765335,1.5054717,121.69838,28.88907,123.44067,1.8595145,1.3482022,95.79748,5.6472898,0.0,133.54561
2026-04-13 16:05:00-04:00,400.0093,26.015124333333333,123.94172333333333,124.64898333333333,1.4967781666666666,121.57287666666667,28.895478333333333,123.33159133333334,1.8523209,1.3404237333333333,95.88607166666667,5.687538966666667,0.0,132.36249
2026-04-13 16:06:00-04:00,397.67249999999996,26.056958666666667,123.83583166666666,124.53263166666666,1.4880846333333333,121.44737333333333,28.901886666666666,123.22251266666666,1.8451273,1.3326452666666666,95.97466333333332,5.727788133333333,0.0,131.17937
2026-04-13 16:07:00-04:00,395.3357,26.098793,123.72994,124.41628,1.4793911,121.32187,28.908295,123.113434,1.8379337,1.3248668,96.063255,5.7680373,0.0,129.99625
2026-04-13 16:08:00-04:00,391.89581666666663,25.987018666666668,123.58352,124.27901,1.4697170333333334,121.18983333333334,28.910126666666667,122.976846,1.8241236333333333,1.3146697999999999,95.51147666666667,5.686231533333333,0.0,128.77391666666668
2026-04-13 16:09:00-04:00,388.45593333333335,25.875244333333335,123.4371,124.14174,1.4600429666666666,121.05779666666666,28.91195833333333,122.840258,1.8103135666666668,1.3044728,94.95969833333334,5.604425766666666,0.0,127.55158333333334
2026-04-13 16:10:00-04:00,385.01605,25.76347,123.29068,124.00447,1.4503689,120.92576,28.91379,122.70367,1.7965035,1.2942758,94.40792,5.52262,0.0,126.32925
2026-04-13 16:11:00-04:00,382.68741666666665,25.78308,123.13772666666667,123.84236666666666,1.4372957666666666,120.77411,28.922953333333332,122.55429,1.7861126,1.2833597,94.40005166666667,5.611252666666666,0.0,126.64300666666666
2026-04-13 16:12:00-04:00,380.35878333333335,25.80269,122.98477333333332,123.68026333333333,1.4242226333333334,120.62246,28.932116666666666,122.40491,1.7757217,1.2724436,94.39218333333334,5.6998853333333335,0.0,126.95676333333334
2026-04-13 16:13:00-04:00,378.03015,25.8223,122.83182,123.51816,1.4111495,120.47081,28.94128,122.25553,1.7653308,1.2615275,94.384315,5.788518,0.0,127.27052
2026-04-13 16:14:00-04:00,374.57393333333334,25.734054666666665,122.65532999999999,123.33121333333332,1.3980109666666667,120.28648,28.948125,122.08861999999999,1.7524829,1.248912,94.36096,5.740671333333333,0.0,127.28359333333334
2026-04-13 16:15:00-04:00,371.11771666666664,25.645809333333332,122.47884,123.14426666666667,1.3848724333333333,120.10215000000001,28.95497,121.92171,1.739635,1.2362965,94.337605,5.692824666666667,0.0,127.29666666666667
2026-04-13 16:16:00-04:00,367.6615,25.645809333333332,122.30235,122.95732,1.3717339,119.91782,28.961815,121.7548,1.7267871,1.223681,94.31425,5.644978,0.0,127.30974
2026-04-13 16:17:00-04:00,364.1889566666667,25.645809333333332,122.09449000000001,122.75468666666666,1.3594452666666665,119.73871666666668,28.967775333333336,121.55143,1.7113044,1.2098889666666668,94.12958333333333,5.6861251,0.0,124.845455
2026-04-13 16:18:00-04:00,360.7164133333333,25.641232666666667,121.88663,122.55205333333333,1.3471566333333334,119.55961333333333,28.973735666666666,121.34806,1.6958217,1.1960969333333333,93.94491666666667,5.7272722,0.0,122.38117
2026-04-13 16:19:00-04:00,357.24387,25.683067,121.67877,122.34942,1.334868,119.38051,28.979696,121.14469,1.680339,1.1823049,93.76025,5.7684193,0.0,119.916885
2026-04-13 16:20:00-04:00,354.33511333333337,25.68176,121.472215,122.14025,1.3193108666666666,119.171342,28.987009,120.94135333333332,1.6673430666666667,1.1678589333333333,93.82336333333333,5.6934998666666665,0.0,121.45297666666666
2026-04-13 16:21:00-04:00,351.42635666666666,25.680453,121.26566,121.93108,1.3037537333333333,118.962174,28.994322,120.73801666666667,1.6543471333333333,1.1534129666666668,93.88647666666667,5.618580433333333,0.0,122.98906833333334
2026-04-13 16:22:00-04:00,348.5176,25.679146,121.059105,121.72191,1.2881966,118.753006,29.001635,120.53468,1.6413512,1.138967,93.94959,5.543661,0.0,124.52516
2026-04-13 16:23:00-04:00,345.05322666666666,25.665419333333332,120.83424666666667,121.49966666666666,1.2738815333333333,118.53468566666666,29.008968666666668,120.30722999999999,1.6271859,1.1244558333333334,93.81313666666667,5.601201466666667,0.0,122.98253333333334
2026-04-13 16:24:00-04:00,341.58885333333336,25.651692666666666,120.60938833333333,121.27742333333333,1.2595664666666666,118.31636533333334,29.016302333333332,120.07978,1.6130206,1.1099446666666666,93.67668333333333,5.658741933333333,0.0,121.43990666666666
2026-04-13 16:25:00-04:00,338.12448,25.637966,120.38453,121.05518,1.2452514,118.098045,29.023636,119.85233,1.5988553,1.0954335,93.54023,5.7162824,0.0,119.89728
2026-04-13 16:26:00-04:00,335.21569666666664,25.615088,120.14790666666667,120.79894533333332,1.2277334333333332,117.86926666666666,29.025009333333333,119.62348999999999,1.5818037,1.0792227666666667,93.23297333333333,5.6833100666666665,0.0,120.681665
2026-04-13 16:27:00-04:00,332.30691333333334,25.592209999999998,119.91128333333333,120.54271066666666,1.2102154666666667,117.64048833333334,29.026382666666667,119.39465,1.5647521,1.0630120333333333,92.92571666666666,5.650337733333333,0.0,121.46605
2026-04-13 16:28:00-04:00,329.39813,25.569332,119.67466,120.286476,1.1926975,117.41171,29.027756,119.16581,1.5477005,1.0468013,92.61846,5.6173654,0.0,122.250435
2026-04-13 16:29:00-04:00,325.36180333333334,25.575868,119.41189,120.03155066666666,1.1768790666666666,117.16201,29.033696,118.91287333333332,1.5315518333333333,1.0310484333333334,92.93657999999999,5.620747766666667,0.0,121.06731333333333
2026-04-13 16:30:00-04:00,321.32547666666665,25.582404,119.14912,119.77662533333333,1.1610606333333333,116.91231,29.039636,118.65993666666667,1.5154031666666665,1.0152955666666668,93.2547,5.624130133333333,0.0,119.88419166666667
2026-04-13 16:31:00-04:00,317.28915,25.58894,118.88635,119.5217,1.1452422,116.66261,29.045576,118.407,1.4992545,0.9995427,93.57282,5.6275125,0.0,118.70107
2026-04-13 16:32:00-04:00,313.2365,25.551028000000002,118.62227466666666,119.25108666666667,1.1285739,116.399842,29.046959333333334,118.14274666666667,1.4820400333333332,0.9824168666666667,93.37366999999999,5.6430321,0.0,117.42644666666666
2026-04-13 16:33:00-04:00,309.18385,25.513116,118.35819933333333,118.98047333333334,1.1119056,116.137074,29.048342666666667,117.87849333333332,1.4648255666666667,0.9652910333333333,93.17452,5.658551699999999,0.0,116.15182333333334
2026-04-13 16:34:00-04:00,305.1312,25.475204,118.094124,118.70986,1.0952373,115.874306,29.049726,117.61424,1.4476111,0.9481652,92.97537,5.6740713,0.0,114.8772
2026-04-13 16:35:00-04:00,302.24694,25.479779333333333,117.83396933333333,118.44317000000001,1.0795496666666666,115.62591566666667,29.055665,117.35716,1.4316400333333335,0.93280428,92.82102666666667,5.647761333333333,0.0,114.58958666666666
2026-04-13 16:36:00-04:00,299.36268,25.48435466666667,117.57381466666666,118.17648,1.0638620333333333,115.37752533333334,29.061604,117.10008,1.4156689666666666,0.91744336,92.66668333333332,5.621451366666666,0.0,114.30197333333334
2026-04-13 16:37:00-04:00,296.47842,25.48893,117.31366,117.90979,1.0481744,115.129135,29.067543,116.843,1.3996979,0.90208244,92.51234,5.5951414,0.0,114.01436
2026-04-13 16:38:00-04:00,293.5778266666667,25.413106666666668,117.02213,117.61564333333334,1.02810718,114.85329333333334,29.067543,116.555215,1.3813732666666667,0.8845644766666667,92.40417333333333,5.6437187,0.0,114.90987
2026-04-13 16:39:00-04:00,290.67723333333333,25.337283333333332,116.7306,117.32149666666666,1.00803996,114.57745166666666,29.067543,116.26743,1.3630486333333334,0.8670465133333334,92.29600666666666,5.692296,0.0,115.80538
2026-04-13 16:40:00-04:00,287.77664,25.26146,116.43907,117.02735,0.98797274,114.30161,29.067543,115.979645,1.344724,0.84952855,92.18784,5.7408733,0.0,116.70089
2026-04-13 16:41:00-04:00,284.86786666666666,25.269957666666667,116.15799866666667,116.75020333333333,0.9733962266666667,114.01008,29.07212,115.69619,1.329493,0.8337100333333334,92.43691799999999,5.719452033333333,0.0,114.79222
2026-04-13 16:42:00-04:00,281.9590933333333,25.278455333333333,115.87692733333333,116.47305666666666,0.9588197133333333,113.71855,29.076697,115.412735,1.314262,0.8178915166666667,92.685996,5.698030766666666,0.0,112.88355
2026-04-13 16:43:00-04:00,279.05032,25.286953,115.595856,116.19591,0.9442432,113.42702,29.081274,115.12928,1.299031,0.802073,92.935074,5.6766095,0.0,110.97488
2026-04-13 16:44:00-04:00,275.57776666666666,25.313100333333335,115.30563066666666,115.90045666666667,0.9266597466666666,113.15902133333333,29.084030666666667,114.85110466666666,1.2804992333333334,0.7850778900000001,92.45996933333333,5.649741466666667,0.0,109.52376666666666
2026-04-13 16:45:00-04:00,272.1052133333333,25.339247666666665,115.01540533333333,115.60500333333333,0.9090762933333333,112.89102266666667,29.086787333333334,114.57292933333333,1.2619674666666667,0.76808278,91.98486466666667,5.622873433333333,0.0,108.07265333333334
2026-04-13 16:46:00-04:00,268.63266,25.365395,114.72518,115.30955,0.89149284,112.623024,29.089544,114.294754,1.2434357,0.75108767,91.50976,5.5960054,0.0,106.62154
2026-04-13 16:47:00-04:00,265.1519466666667,25.383043,114.43234333333334,115.01148133333334,0.8780929266666666,112.33149466666667,29.089544,114.00578266666666,1.2256883666666667,0.7355306966666667,91.41429533333333,5.645947433333333,0.0,107.03987333333333
2026-04-13 16:48:00-04:00,261.6712333333333,25.400691,114.13950666666666,114.71341266666667,0.8646930133333334,112.03996533333333,29.089544,113.71681133333334,1.2079410333333334,0.7199737233333333,91.31883066666667,5.695889466666667,0.0,107.45820666666667
2026-04-13 16:49:00-04:00,258.19052,25.418339,113.84667,114.415344,0.8512931,111.748436,29.089544,113.42784,1.1901937,0.70441675,91.223366,5.7458315,0.0,107.87654
2026-04-13 16:50:00-04:00,254.73431666666667,25.392193,113.55513666666667,114.13950266666667,0.8316835666666667,111.46082566666666,29.089544,113.14179,1.1735712666666667,0.6886636333333334,90.61990066666667,5.7183340000000005,0.0,109.73292666666667
2026-04-13 16:51:00-04:00,251.27811333333332,25.366047000000002,113.26360333333334,113.86366133333333,0.8120740333333334,111.17321533333333,29.089544,112.85574,1.1569488333333333,0.6729105166666667,90.01643533333333,5.6908365,0.0,111.58931333333334
2026-04-13 16:52:00-04:00,247.82191,25.339901,112.97207,113.58782,0.7924645,110.885605,29.089544,112.56969,1.1403264,0.6571574,89.41297,5.663339,0.0,113.4457
2026-04-13 16:53:00-04:00,244.33301333333333,25.309178666666668,112.67792333333334,113.27798833333333,0.77631919,110.61107133333333,29.089544,112.25865,1.1169248666666667,0.6406853,88.37692333333334,5.5869827999999995,0.0,112.04033
2026-04-13 16:54:00-04:00,240.84411666666668,25.278456333333335,112.38377666666666,112.96815666666667,0.76017388,110.33653766666667,29.089544,111.94761,1.0935233333333332,0.6242132,87.34087666666666,5.5106266,0.0,110.63496
2026-04-13 16:55:00-04:00,237.35522,25.247734,112.08963,112.658325,0.74402857,110.062004,29.089544,111.63657,1.0701218,0.6077411,86.30483,5.4342704,0.0,109.22959
2026-04-13 16:56:00-04:00,234.45462666666666,25.237275333333333,111.79025666666666,112.39555666666666,0.70585498,109.72602266666667,29.089544,111.2916,1.0296833666666667,0.5929685333333333,79.4661,5.448333266666666,0.0,119.04097333333333
2026-04-13 16:57:00-04:00,231.55403333333334,25.226816666666668,111.49088333333333,112.13278833333334,0.6676813899999999,109.39004133333334,29.089544,110.94663,0.9892449333333333,0.5781959666666667,72.62737,5.462396133333334,0.0,128.85235666666665
2026-04-13 16:58:00-04:00,228.65344,25.216358,111.19151,111.87002,0.6295078,109.05406,29.089544,110.60166,0.9488065,0.5634234,65.78864,5.476459,0.0,138.66374
2026-04-13 16:59:00-04:00,225.18907,25.179098666666665,110.83984666666666,111.50135333333333,0.5956484666666666,108.81090166666667,29.089544,110.26057833333333,0.91769322,0.5420487766666666,62.35142666666667,5.491894,0.0,141.00382666666667
2026-04-13 17:00:00-04:00,221.7247,25.141839333333333,110.48818333333334,111.13268666666667,0.5617891333333334,108.56774333333334,29.089544,109.91949666666667,0.8865799400000001,0.5206741533333333,58.91421333333333,5.5073289999999995,0.0,143.34391333333332
2026-04-13 17:01:00-04:00,218.26033,25.10458,110.13652,110.76402,0.5279298,108.324585,29.089544,109.578415,0.85546666,0.49929953,55.477,5.522764,0.0,145.684
2026-04-13 17:02:00-04:00,215.97253,25.088892666666666,109.71425666666667,110.269855,0.48531144,107.93631333333333,29.091375,109.08682666666667,0.7962892633333334,0.47164996666666664,36.98466666666667,5.585974333333333,0.0,144.65775666666667
2026-04-13 17:03:00-04:00,213.68473,25.073205333333334,109.29199333333334,109.77569,0.44269308,107.54804166666666,29.093206000000002,108.59523833333334,0.7371118666666666,0.44400040333333335,18.492333333333335,5.649184666666667,0.0,143.63151333333332
2026-04-13 17:04:00-04:00,211.39693,25.057518,108.86973,109.281525,0.40007472,107.15977,29.095037,108.10365,0.67793447,0.41635084,0.0,5.712395,0.0,142.60527
2026-04-13 17:05:00-04:00,206.73146333333332,24.95554866666667,108.37295333333334,108.85795866666666,0.3881127033333333,106.60285666666667,29.093206000000002,107.78312,0.67088878,0.3979830733333333,12.076400666666666,5.660746433333333,0.0,146.08271666666667
2026-04-13 17:06:00-04:00,202.06599666666668,24.853579333333332,107.87617666666667,108.43439233333334,0.3761506866666667,106.04594333333333,29.091375,107.46259,0.66384309,0.37961530666666665,24.152801333333333,5.609097866666667,0.0,149.56016333333332
2026-04-13 17:07:00-04:00,197.40053,24.75161,107.3794,108.010826,0.36418867,105.48903,29.089544,107.14206,0.6567974,0.36124754,36.229202,5.5574493,0.0,153.03761
2026-04-13 17:08:00-04:00,193.38054,24.737228666666667,106.91791666666667,107.44737733333334,0.34392539666666666,104.42618333333333,29.089544,106.46827,0.6298138666666666,0.34242224666666665,24.152801333333336,5.504644366666667,0.0,199.18570666666668
2026-04-13 17:09:00-04:00,189.36055000000002,24.722847333333334,106.45643333333334,106.88392866666666,0.32366212333333333,103.36333666666667,29.089544,105.79448,0.6028303333333334,0.3235969533333333,12.076400666666668,5.451839433333333,0.0,245.33380333333332
2026-04-13 17:10:00-04:00,185.34056,24.708466,105.99495,106.32048,0.30339885,102.30049,29.089544,105.12069,0.5758468,0.30477166,0.0,5.3990345,0.0,291.4819
2026-04-13 17:11:00-04:00,181.85168000000002,24.651597333333335,105.57791666666667,105.89298666666667,0.28888774,101.37883333333333,29.089544,104.69720666666666,0.5623475333333333,0.28954148333333335,0.0,5.418473333333333,0.0,309.32016666666664
2026-04-13 17:12:00-04:00,178.3628,24.594728666666665,105.16088333333333,105.46549333333333,0.27437663,100.45717666666667,29.089544,104.27372333333334,0.5488482666666666,0.27431130666666664,0.0,5.437912166666667,0.0,327.15843333333333
2026-04-13 17:13:00-04:00,174.87392,24.53786,104.74385,105.038,0.25986552,99.53552,29.089544,103.85024,0.535349,0.25908113,0.0,5.457351,0.0,344.9967
2026-04-13 17:14:00-04:00,171.98149333333333,24.53524733333333,104.41179666666666,104.71901666666666,0.24659625666666668,98.714532,29.082210333333332,103.4005,0.5220126233333333,0.24502754666666665,0.0,5.517283466666667,0.0,346.3628333333333
2026-04-13 17:15:00-04:00,169.08906666666667,24.532634666666667,104.07974333333334,104.40003333333334,0.23332699333333334,97.893544,29.07487666666667,102.95076,0.5086762466666667,0.23097396333333334,0.0,5.577215933333333,0.0,347.7289666666667
2026-04-13 17:16:00-04:00,166.19664,24.530022,103.74769,104.08105,0.22005773,97.072556,29.067543,102.50102,0.49533987,0.21692038,0.0,5.6371484,0.0,349.0951
2026-04-13 17:17:00-04:00,163.29604,24.480996666666666,103.40648,103.75422,0.20456600333333333,96.343074,29.060220666666666,102.06844,0.48182588,0.20437010333333333,0.0,5.5361317,0.0,331.93665
2026-04-13 17:18:00-04:00,160.39544,24.431971333333333,103.06527,103.42739,0.18907427666666668,95.61359200000001,29.052898333333335,101.63586000000001,0.46831189,0.19181982666666667,0.0,5.435115,0.0,314.7782
2026-04-13 17:19:00-04:00,157.49484,24.382946,102.72406,103.10056,0.17358255,94.88411,29.045576,101.20328,0.4547979,0.17926955,0.0,5.3340983,0.0,297.61975
2026-04-13 17:20:00-04:00,154.60241666666667,24.316926333333335,102.38416,102.76066,0.16155544666666666,94.41740200000001,29.045576,100.77275,0.44264564333333334,0.16560816666666667,0.0,5.3434804,0.0,316.62152000000003
2026-04-13 17:21:00-04:00,151.70999333333333,24.250906666666666,102.04426,102.42076,0.14952834333333334,93.950694,29.045576,100.34222,0.43049338666666664,0.15194678333333334,0.0,5.3528625000000005,0.0,335.62329
2026-04-13 17:22:00-04:00,148.81757,24.184887,101.70436,102.08086,0.13750124,93.483986,29.045576,99.91169,0.41834113,0.1382854,0.0,5.3622446,0.0,354.62506
2026-04-13 17:23:00-04:00,145.37770999999998,24.101220333333334,101.36968666666667,101.73442,0.12704261166666667,92.78849533333333,29.033228,99.51428999999999,0.40493068666666665,0.12475474666666667,0.0,5.373741633333333,0.0,358.45548333333335
2026-04-13 17:24:00-04:00,141.93785,24.017553666666664,101.03501333333332,101.38798,0.11658398333333334,92.09300466666667,29.02088,99.11689,0.39152024333333335,0.11122409333333333,0.0,5.385238666666667,0.0,362.2859066666667
2026-04-13 17:25:00-04:00,138.49799,23.933887,100.70034,101.04154,0.106125355,91.397514,29.008532,98.71949,0.3781098,0.09769344,0.0,5.3967357,0.0,366.11633
2026-04-13 17:26:00-04:00,135.58104666666665,23.886169,100.36044,100.71079333333333,0.091222048,90.896816,28.99892,98.27422333333332,0.36518789333333335,0.08638516833333333,0.0,5.352581466666667,0.0,343.93125333333336
2026-04-13 17:27:00-04:00,132.66410333333334,23.838451,100.02054,100.38004666666667,0.076318741,90.396118,28.989308,97.82895666666667,0.35226598666666664,0.07507689666666667,0.0,5.308427233333333,0.0,321.74617666666666
2026-04-13 17:28:00-04:00,129.74716,23.790733,99.68064,100.0493,0.061415434,89.89542,28.979696,97.38369,0.33934408,0.063768625,0.0,5.264273,0.0,299.5611
2026-04-13 17:29:00-04:00,126.26643666666668,23.678305333333334,99.32243533333333,99.70809333333334,0.049322843666666664,89.44047333333333,28.972373,96.943802,0.3280651433333333,0.05095704366666666,0.0,5.254039666666666,0.0,308.8168566666667
2026-04-13 17:30:00-04:00,122.78571333333333,23.565877666666665,98.96423066666667,99.36688666666666,0.03723025333333333,88.98552666666667,28.965049999999998,96.503914,0.3167862066666667,0.03814546233333333,0.0,5.243806333333334,0.0,318.0726133333333
2026-04-13 17:31:00-04:00,119.30499,23.45345,98.606026,99.02568,0.025137663,88.53058,28.957727,96.064026,0.30550727,0.025333881,0.0,5.233573,0.0,327.32837
2026-04-13 17:32:00-04:00,116.98452,23.42926466666667,98.285734,98.68446999999999,0.017293771166666666,87.94751833333333,28.943081333333332,95.60361233333333,0.29510164,0.014613946,0.0,5.222537333333333,0.0,332.5380133333333
2026-04-13 17:33:00-04:00,114.66405,23.405079333333333,97.965442,98.34326,0.009449879333333334,87.36445666666667,28.928435666666665,95.14319866666666,0.28469601,0.0038940109999999993,0.0,5.211501666666666,0.0,337.74765666666667
2026-04-13 17:34:00-04:00,112.34358,23.380894,97.64515,98.00205,0.0016059875,86.781395,28.91379,94.682785,0.27429038,-0.006825924,0.0,5.200466,0.0,342.9573
2026-04-13 17:35:00-04:00,107.12249866666667,23.278923333333335,97.45167000000001,97.79810666666667,-0.0012046496666666664,85.974785,28.900973666666665,94.19718999999999,0.27221813666666667,-0.0052572092,0.0,5.182791766666666,0.0,311.83020999999997
2026-04-13 17:36:00-04:00,101.90141733333333,23.176952666666665,97.25819,97.59416333333333,-0.004015286833333333,85.168175,28.888157333333332,93.711595,0.27014589333333333,-0.0036884943999999998,0.0,5.1651175333333335,0.0,280.70312
2026-04-13 17:37:00-04:00,96.680336,23.074982,97.06471,97.39022,-0.006825924,84.361565,28.875341,93.226,0.26807365,-0.0021197796,0.0,5.1474433,0.0,249.57603
2026-04-13 17:38:00-04:00,93.20779399999999,23.005040666666666,96.97973466666667,97.05424333333333,-0.007414261666666666,84.22167999999999,28.859779666666665,92.91725,0.26767396666666665,-0.001662254333333333,0.0,5.167309866666667,0.0,237.83637666666667
2026-04-13 17:39:00-04:00,89.735252,22.935099333333334,96.89475933333333,96.71826666666666,-0.008002599333333332,84.081795,28.844218333333334,92.6085,0.26727428333333336,-0.0012047290666666664,0.0,5.187176433333333,0.0,226.09672333333333
2026-04-13 17:40:00-04:00,86.26271,22.865158,96.809784,96.38229,-0.008590937,83.94191,28.828657,92.29975,0.2668746,-0.0007472038,0.0,5.207043,0.0,214.35707
2026-04-13 17:41:00-04:00,72.36436,22.776261666666667,96.68689599999999,95.93911333333334,-0.010290464,83.25557333333333,28.813095,91.94556,0.26546846,-0.0006164709533333333,0.0,5.158425533333333,0.0,195.79324666666668
2026-04-13 17:42:00-04:00,58.46601,22.687365333333336,96.564008,95.49593666666667,-0.011989991,82.56923666666667,28.797532999999998,91.59137,0.26406232,-0.0004857381066666667,0.0,5.109808066666666,0.0,177.22942333333333
2026-04-13 17:43:00-04:00,44.56766,22.598469,96.44112,95.05276,-0.013689518,81.8829,28.781971,91.23718,0.26265618,-0.00035500526,0.0,5.0611906,0.0,158.6656
2026-04-13 17:44:00-04:00,37.59805133333333,22.416098333333334,96.17442666666666,94.58996666666667,-0.015323638666666667,81.31944666666666,28.767334666666667,90.88213999999999,0.26133884,-0.00028959909666666667,0.0,5.1071265666666665,0.0,142.00391666666667
2026-04-13 17:45:00-04:00,30.628442666666665,22.233727666666667,95.90773333333334,94.12717333333333,-0.016957759333333336,80.75599333333334,28.75269833333333,90.5271,0.2600215,-0.00028959909666666667,0.0,5.153062533333333,0.0,125.34223333333334
2026-04-13 17:46:00-04:00,23.658834,22.051357,95.64104,93.66438,-0.01859188,80.19254,28.738062,90.17206,0.25870416,-0.00015878677,0.0,5.1989985,0.0,108.68055
2026-04-13 17:47:00-04:00,20.766407,21.957232,93.92192666666666,92.63553,-0.017153898333333334,76.80529666666666,28.393998666666665,89.77208,0.2600215,-0.00028951962666666666,0.0,5.142953333333334,0.0,124.59706666666666
2026-04-13 17:48:00-04:00,17.87398,21.863107,92.20281333333334,91.60668,-0.015715916666666666,73.41805333333333,28.049935333333334,89.3721,0.26133884,-0.0004202524833333333,0.0,5.0869081666666665,0.0,140.51358333333334
2026-04-13 17:49:00-04:00,14.981553,21.768982,90.4837,90.57783,-0.014277935,70.03081,27.771751,88.97212,0.26265618,-0.00055098534,0.0,5.030863,0.0,156.4301
2026-04-13 17:50:00-04:00,14.973382333333333,21.697078666666666,90.09935,90.10327333333333,-0.014277935,70.09748333333333,27.727831666666667,88.63048,0.26283379333333334,-0.0004202524833333333,0.0,5.008376,0.0,155.8875666666667
2026-04-13 17:51:00-04:00,14.965211666666667,21.625175333333335,89.715,89.62871666666668,-0.014277935,70.16415666666667,27.74979133333333,88.28884,0.26301140666666667,-0.00028951962666666666,0.0,4.985889,0.0,155.34503333333333
2026-04-13 17:52:00-04:00,14.957041,21.553272,89.33065,89.15416,-0.014277935,70.23083,27.771751,87.9472,0.26318902,-0.00015878677,0.0,4.963402,0.0,154.8025
2026-04-13 17:53:00-04:00,14.973382333333333,21.497056,89.28097000000001,89.03127666666667,-0.014277935,69.84909499999999,27.74246833333333,87.58172666666667,0.26317421333333335,-0.00028951962666666666,0.0,4.959272833333333,0.0,154.48220333333333
2026-04-13 17:54:00-04:00,14.989723666666666,21.440839999999998,89.23129,88.90839333333334,-0.014277935,69.46736,27.713185666666668,87.21625333333333,0.26315940666666665,-0.0004202524833333333,0.0,4.955143666666667,0.0,154.16190666666668
2026-04-13 17:55:00-04:00,15.006065,21.384624,89.18161,88.78551,-0.014277935,69.085625,27.683903,86.85078,0.2631446,-0.00055098534,0.0,4.9510145,0.0,153.84161
2026-04-13 17:56:00-04:00,14.997894333333333,21.321221333333334,89.09794666666667,88.811655,-0.014343261666666668,68.80324666666667,27.654631333333334,86.47183333333334,0.26324820666666665,-0.0004202524833333333,0.0,4.8933819000000005,0.0,153.44942333333333
2026-04-13 17:57:00-04:00,14.989723666666666,21.257818666666665,89.01428333333334,88.8378,-0.014408588333333333,68.52086833333333,27.625359666666668,86.09288666666666,0.26335181333333335,-0.00028951962666666666,0.0,4.8357493,0.0,153.05723666666668
2026-04-13 17:58:00-04:00,14.981553,21.194416,88.93062,88.863945,-0.014473915,68.23849,27.596088,85.71394,0.26345542,-0.00015878677,0.0,4.7781167,0.0,152.66505
2026-04-13 17:59:00-04:00,14.981553,21.12120566666667,88.81688333333334,88.60509666666667,-0.014539241666666668,67.80446333333333,27.561335333333336,85.36279833333333,0.26336662,-9.346008e-05,0.0,4.828251466666667,0.0,152.41666
2026-04-13 18:00:00-04:00,14.981553,21.047995333333333,88.70314666666667,88.34624833333334,-0.014604568333333333,67.37043666666666,27.526582666666666,85.01165666666667,0.26327782,-2.8133389999999997e-05,0.0,4.878386233333333,0.0,152.16827
2026-04-13 18:01:00-04:00,14.981553,20.974785,88.58941,88.0874,-0.014669895,66.93641,27.49183,84.660515,0.26318902,3.71933e-05,0.0,4.928521,0.0,151.91988
2026-04-13 18:02:00-04:00,11.525340333333332,20.91857166666667,88.43384,88.0155,-0.014669895,66.48146333333332,27.460716666666666,84.29165666666667,0.2634554333333333,-0.00015886624666666666,0.0,4.887106666666667,0.0,151.43616333333333
2026-04-13 18:03:00-04:00,8.069127666666667,20.862358333333333,88.27826999999999,87.9436,-0.014669895,66.02651666666667,27.429603333333333,83.92279833333333,0.26372184666666665,-0.00035492579333333335,0.0,4.845692333333333,0.0,150.95244666666667
2026-04-13 18:04:00-04:00,4.612915,20.806145,88.1227,87.8717,-0.014669895,65.57157,27.39849,83.55394,0.26398826,-0.00055098534,0.0,4.804278,0.0,150.46873
2026-04-13 18:05:00-04:00,3.0752766666666664,20.74862166666667,87.95405666666666,87.899152,-0.014735301333333334,65.51274,27.37196433333333,83.17303466666667,0.26389950666666667,-0.0006817181933333333,0.0,4.7877404666666665,0.0,150.24649666666667
2026-04-13 18:06:00-04:00,1.5376383333333332,20.691098333333333,87.78541333333334,87.926604,-0.014800707666666666,65.45391,27.345438666666666,82.79212933333334,0.2638107533333333,-0.0008124510466666667,0.0,4.771202933333334,0.0,150.02426333333332
2026-04-13 18:07:00-04:00,0.0,20.633575,87.61677,87.954056,-0.014866114,65.39508,27.318913,82.411224,0.263722,-0.0009431839,0.0,4.7546654,0.0,149.80203
2026-04-13 18:08:00-04:00,0.0,20.580628333333333,87.49911,87.82986066666666,-0.014800707666666666,64.72573566666667,27.288715666666665,82.05527933333333,0.26388481,-0.0007471243533333333,0.0,4.769054933333334,0.0,149.42290666666668
2026-04-13 18:09:00-04:00,0.0,20.527681666666666,87.38145,87.70566533333333,-0.014735301333333334,64.05639133333334,27.258518333333335,81.69933466666667,0.26404762,-0.0005510648066666666,0.0,4.7834444666666665,0.0,149.04378333333332
2026-04-13 18:10:00-04:00,0.0,20.474735,87.26379,87.58147,-0.014669895,63.387047,27.228321,81.34339,0.26421043,-0.00035500526,0.0,4.797834,0.0,148.66466
2026-04-13 18:11:00-04:00,0.0,20.417869333333332,87.08991666666667,87.42067166666666,-0.014604568333333333,63.19356666666667,27.197229333333333,81.00346,0.26419563,-0.00042033195333333336,0.0,4.771002833333333,0.0,148.4032
2026-04-13 18:12:00-04:00,0.0,20.361003666666665,86.91604333333333,87.25987333333333,-0.014539241666666668,63.000086333333336,27.166137666666668,80.66353,0.26418083,-0.00048565864666666664,0.0,4.7441716666666665,0.0,148.14174
2026-04-13 18:13:00-04:00,0.0,20.304138,86.74217,87.099075,-0.014473915,62.806606,27.135046,80.3236,0.26416603,-0.00055098534,0.0,4.7173405,0.0,147.88028
2026-04-13 18:14:00-04:00,0.0,20.251843666666666,86.60228833333333,86.98533866666666,-0.014670054,62.33728266666667,27.107605,79.98004666666667,0.26428443333333335,-0.00055098534,0.0,4.7275111,0.0,147.55345333333332
2026-04-13 18:15:00-04:00,0.0,20.199549333333334,86.46240666666667,86.87160233333334,-0.014866193,61.86795933333334,27.080164,79.63649333333333,0.26440283666666664,-0.00055098534,0.0,4.7376816999999996,0.0,147.22662666666668
2026-04-13 18:16:00-04:00,0.0,20.147255,86.322525,86.757866,-0.015062332,61.398636,27.052723,79.29294,0.26452124,-0.00055098534,0.0,4.7478523,0.0,146.8998
2026-04-13 18:17:00-04:00,0.0,20.096924,86.132965,86.68334733333334,-0.015062332,61.168546,27.023441333333334,78.94715333333333,0.26466924999999997,-0.0006163914933333334,0.0,4.744733,0.0,146.61218666666667
2026-04-13 18:18:00-04:00,0.0,20.046593,85.943405,86.60882866666667,-0.015062332,60.938456,26.994159666666665,78.60136666666666,0.26481726,-0.0006817976466666667,0.0,4.7416137,0.0,146.32457333333332
2026-04-13 18:19:00-04:00,0.0,19.996262,85.753845,86.53431,-0.015062332,60.708366,26.964878,78.25558,0.26496527,-0.0007472038,0.0,4.7384944,0.0,146.03696
2026-04-13 18:20:00-04:00,0.0,19.972078,85.57605333333333,86.246702,-0.015062332,60.358010666666665,26.93424333333333,77.91456,0.26502448,-0.0006817976466666667,0.0,4.728581266666667,0.0,145.62516
2026-04-13 18:21:00-04:00,0.0,19.947894,85.39826166666667,85.95909400000001,-0.015062332,60.00765533333333,26.903608666666667,77.57354,0.26508369,-0.0006163914933333334,0.0,4.718668133333334,0.0,145.21336
2026-04-13 18:22:00-04:00,0.0,19.92371,85.22047,85.671486,-0.015062332,59.6573,26.872974,77.23252,0.2651429,-0.00055098534,0.0,4.708755,0.0,144.80156
2026-04-13 18:23:00-04:00,0.0,19.874684666666667,85.03744333333334,85.64534066666667,-0.015127658666666667,59.172285,26.843245,76.890225,0.2652021,-0.0006163914933333334,0.0,4.712149466666666,0.0,144.63160666666667
2026-04-13 18:24:00-04:00,0.0,19.825659333333334,84.85441666666667,85.61919533333334,-0.015192985333333332,58.68727,26.813516,76.54793,0.26526130000000003,-0.0006817976466666667,0.0,4.7155439333333335,0.0,144.46165333333332
2026-04-13 18:25:00-04:00,0.0,19.776634,84.67139,85.59305,-0.015258312,58.202255,26.783787,76.205635,0.2653205,-0.0007472038,0.0,4.7189384,0.0,144.2917
2026-04-13 18:26:00-04:00,0.0,19.726301666666668,84.50928466666667,85.44401666666667,-0.015454371333333333,57.80875266666667,26.754515333333334,75.87277666666667,0.2653205,-0.0006817976466666667,0.0,4.661211833333334,0.0,143.86029
2026-04-13 18:27:00-04:00,0.0,19.675969333333335,84.34717933333333,85.29498333333333,-0.015650430666666666,57.41525033333333,26.725243666666668,75.53991833333333,0.2653205,-0.0006163914933333334,0.0,4.603485266666667,0.0,143.42888
2026-04-13 18:28:00-04:00,0.0,19.625637,84.185074,85.14595,-0.01584649,57.021748,26.695972,75.20706,0.2653205,-0.00055098534,0.0,4.5457587,0.0,142.99747
2026-04-13 18:29:00-04:00,0.0,19.634134666666668,83.998126,84.96553666666667,-0.015650430666666666,56.658318666666666,26.664870333333333,74.87619666666667,0.2654389066666667,-0.0006163914933333334,0.0,4.597218666666667,0.0,142.80791
2026-04-13 18:30:00-04:00,0.0,19.64263233333333,83.811178,84.78512333333333,-0.015454371333333333,56.29488933333334,26.63376866666667,74.54533333333333,0.2655573133333333,-0.0006817976466666667,0.0,4.648678633333334,0.0,142.61835
2026-04-13 18:31:00-04:00,0.0,19.65113,83.62423,84.60471,-0.015258312,55.93146,26.602667,74.21447,0.26567572,-0.0007472038,0.0,4.7001386,0.0,142.42879
2026-04-13 18:32:00-04:00,0.0,19.577268666666665,83.50265333333333,84.63216666666666,-0.015454371333333333,55.460826000000004,26.571574666666667,73.90236333333334,0.26573493,-0.0007472038,0.0,4.6203904,0.0,142.27191
2026-04-13 18:33:00-04:00,0.0,19.50340733333333,83.38107666666667,84.65962333333333,-0.015650430666666666,54.990192,26.540482333333333,73.59025666666666,0.26579414,-0.0007472038,0.0,4.5406422,0.0,142.11503
2026-04-13 18:34:00-04:00,0.0,19.429546,83.2595,84.68708,-0.01584649,54.519558,26.50939,73.27815,0.26585335,-0.0007472038,0.0,4.460894,0.0,141.95815
2026-04-13 18:35:00-04:00,0.0,19.46418733333333,83.117,84.48444833333333,-0.015911817,54.148281000000004,26.476468,72.96475333333333,0.26579414,-0.0007472038,0.0,4.4967093333333334,0.0,141.68362333333332
2026-04-13 18:36:00-04:00,0.0,19.498828666666668,82.97449999999999,84.28181666666666,-0.015977144,53.777004,26.443545999999998,72.65135666666666,0.26573493,-0.0007472038,0.0,4.532524666666666,0.0,141.40909666666667
2026-04-13 18:37:00-04:00,0.0,19.53347,82.832,84.079185,-0.016042471,53.405727,26.410624,72.33796,0.26567572,-0.0007472038,0.0,4.56834,0.0,141.13457
2026-04-13 18:38:00-04:00,0.0,19.511248333333334,82.70258,83.99551666666666,-0.015977144,53.03445266666667,26.381353,72.03632666666667,0.26585333333333333,-0.0008125305000000001,0.0,4.518897666666667,0.0,140.90578333333332
2026-04-13 18:39:00-04:00,0.0,19.489026666666668,82.57316,83.91184833333334,-0.015911817,52.663178333333335,26.352082,71.73469333333333,0.26603094666666666,-0.0008778572,0.0,4.469455333333333,0.0,140.67699666666667
2026-04-13 18:40:00-04:00,0.0,19.466805,82.44374,83.82818,-0.01584649,52.291904,26.322811,71.43306,0.26620856,-0.0009431839,0.0,4.420013,0.0,140.44821
2026-04-13 18:41:00-04:00,0.0,19.427584666666668,82.28816666666667,83.66999666666666,-0.015911817,51.997759333333335,26.293549666666667,71.13569333333334,0.26629742,-0.0008778572,0.0,4.5033286666666665,0.0,140.20635333333334
2026-04-13 18:42:00-04:00,0.0,19.38836433333333,82.13259333333333,83.51181333333334,-0.015977144,51.70361466666667,26.264288333333333,70.83832666666666,0.26638628,-0.0008125305000000001,0.0,4.586644333333333,0.0,139.96449666666666
2026-04-13 18:43:00-04:00,0.0,19.349144,81.97702,83.35363,-0.016042471,51.40947,26.235027,70.54096,0.26647514,-0.0007472038,0.0,4.66996,0.0,139.72264
2026-04-13 18:44:00-04:00,0.0,19.30012,81.85674999999999,83.26473,-0.015977144,51.11270666666667,26.205766333333333,70.26001333333333,0.26656389333333336,-0.0007472038,0.0,4.5644176666666665,0.0,139.65074
2026-04-13 18:45:00-04:00,0.0,19.251096,81.73648,83.17582999999999,-0.015911817,50.81594333333333,26.176505666666667,69.97906666666667,0.26654903333333335,-0.0007472038,0.0,4.458875333333333,0.0,139.57883999999999
2026-04-13 18:46:00-04:00,0.0,19.202072,81.61621,83.08693,-0.01584649,50.51918,26.147245,69.69812,0.2667414,-0.0007472038,0.0,4.353333,0.0,139.50694
2026-04-13 18:47:00-04:00,0.0,19.245211666666666,81.47109666666667,82.93266866666666,-0.015911817,50.214579,26.116142,69.41630333333333,0.26654903333333335,-0.0008125305000000001,0.0,4.457202433333333,0.0,139.2650933333333
2026-04-13 18:48:00-04:00,0.0,19.242597333333332,81.32598333333333,82.77840733333333,-0.015977144,49.909977999999995,26.085039000000002,69.13448666666667,0.2663566666666667,-0.0008778572,0.0,4.5610718666666665,0.0,139.02324666666667
2026-04-13 18:49:00-04:00,0.0,19.26286,81.18087,82.624146,-0.016042471,49.605377,26.053936,68.85267,0.2661643,-0.0009431839,0.0,4.6649413,0.0,138.7814
2026-04-13 18:50:00-04:00,0.0,19.245211666666666,81.03576133333333,82.493414,-0.016042471,49.37659566666667,26.023771333333332,68.58912000000001,0.2663863166666667,-0.0008778572,0.0,4.614762533333333,0.0,138.45456666666666
2026-04-13 18:51:00-04:00,0.0,19.245211666666666,80.89065266666667,82.36268199999999,-0.016042471,49.14781433333333,25.99360666666667,68.32557,0.26660833333333334,-0.0008125305000000001,0.0,4.564583766666667,0.0,138.12773333333334
2026-04-13 18:52:00-04:00,0.0,19.209915,80.745544,82.23195,-0.016042471,48.919033,25.963442,68.06202,0.26683035,-0.0007472038,0.0,4.514405,0.0,137.8009
2026-04-13 18:53:00-04:00,0.0,19.263515333333334,80.58997066666666,82.01232333333333,-0.016107877333333333,48.700714,25.929593666666666,67.79108466666666,0.26683035,-0.0008125305000000001,0.0,4.500381766666667,0.0,137.5786566666667
2026-04-13 18:54:00-04:00,0.0,19.317115666666666,80.43439733333334,81.79269666666667,-0.016173283666666666,48.482395000000004,25.895745333333334,67.52014933333334,0.26683035,-0.0008778572,0.0,4.486358533333333,0.0,137.35641333333334
2026-04-13 18:55:00-04:00,0.0,19.370716,80.278824,81.57307,-0.01623869,48.264076,25.861897,67.249214,0.26683035,-0.0009431839,0.0,4.4723353,0.0,137.13417
2026-04-13 18:56:00-04:00,0.0,19.317115666666666,80.11279933333333,81.48286333333333,-0.01623869,48.01830133333333,25.832656,66.982526,0.26688955999999997,-0.0008778572,0.0,4.5234552,0.0,136.82695333333334
2026-04-13 18:57:00-04:00,0.0,19.32888133333333,79.94677466666667,81.39265666666667,-0.01623869,47.77252666666667,25.803414999999998,66.715838,0.26694877,-0.0008125305000000001,0.0,4.574575100000001,0.0,136.5197366666667
2026-04-13 18:58:00-04:00,0.0,19.307964,79.78075,81.30245,-0.01623869,47.526752,25.774174,66.44915,0.26700798,-0.0007472038,0.0,4.625695,0.0,136.21252
2026-04-13 18:59:00-04:00,0.0,19.306003333333333,79.623868,81.12204333333332,-0.01623869,47.257444666666665,25.743988333333334,66.18347,0.26703758666666666,-0.0009433428333333333,0.0,4.5934005,0.0,135.9902766666667
2026-04-13 19:00:00-04:00,0.0,19.304042666666664,79.46698599999999,80.94163666666667,-0.01623869,46.988137333333334,25.713802666666666,65.91779,0.26706719333333334,-0.0011394818666666667,0.0,4.561106,0.0,135.76803333333334
2026-04-13 19:01:00-04:00,0.0,19.302082,79.310104,80.76123,-0.01623869,46.71883,25.683617,65.65211,0.2670968,-0.0013356209,0.0,4.5288115,0.0,135.54579
2026-04-13 19:02:00-04:00,0.0,19.397514333333334,79.13231133333333,80.582125,-0.01623869,46.505739999999996,25.653908666666666,65.39113333333333,0.2670227333333334,-0.0011394818666666667,0.0,4.577354766666667,0.0,135.3758366666667
2026-04-13 19:03:00-04:00,0.0,19.492946666666665,78.95451866666666,80.40302,-0.01623869,46.29265,25.624200333333334,65.13015666666666,0.26694866666666667,-0.0009433428333333333,0.0,4.625898033333333,0.0,135.20588333333333
2026-04-13 19:04:00-04:00,0.0,19.588379,78.776726,80.223915,-0.01623869,46.07956,25.594492,64.86918,0.2668746,-0.0007472038,0.0,4.6744413,0.0,135.03593
2026-04-13 19:05:00-04:00,0.0,19.615833333333335,78.62507733333334,80.08142000000001,-0.01623869,45.822018,25.560654666666665,64.59710533333333,0.2668746,-0.0007472038,0.0,4.665270766666667,0.0,134.89866333333333
2026-04-13 19:06:00-04:00,0.0,19.643287666666666,78.47342866666666,79.938925,-0.01623869,45.564476,25.526817333333334,64.32503066666666,0.2668746,-0.0007472038,0.0,4.6561002333333334,0.0,134.76139666666668
2026-04-13 19:07:00-04:00,0.0,19.670742,78.32178,79.79643,-0.01623869,45.306934,25.49298,64.052956,0.2668746,-0.0007472038,0.0,4.6469297,0.0,134.62413
2026-04-13 19:08:00-04:00,0.0,19.587074333333334,78.19889500000001,79.67354166666667,-0.016304096,45.07292533333333,25.462345,63.81261966666666,0.2670670666666667,-0.0008125305000000001,0.0,4.616905966666667,0.0,134.40842666666668
2026-04-13 19:09:00-04:00,0.0,19.503406666666667,78.07601,79.55065333333333,-0.016369502,44.83891666666667,25.43171,63.57228333333333,0.26725953333333335,-0.0008778572,0.0,4.586882233333333,0.0,134.19272333333333
2026-04-13 19:10:00-04:00,0.0,19.419739,77.953125,79.427765,-0.016434908,44.604908,25.401075,63.331947,0.26727438,-0.0009431839,0.0,4.5568585,0.0,133.97702
2026-04-13 19:11:00-04:00,0.0,19.437388333333335,77.82892866666667,79.33886666666666,-0.016434908,44.39181633333333,25.371824666666665,63.080471333333335,0.2673927933333333,-0.0010085106,0.0,4.595682333333333,0.0,133.80053333333333
2026-04-13 19:12:00-04:00,0.0,19.455037666666666,77.70473233333333,79.24996833333333,-0.016434908,44.17872466666667,25.342574333333335,62.828995666666664,0.2673335866666667,-0.0010738373,0.0,4.634506166666666,0.0,133.6240466666667
2026-04-13 19:13:00-04:00,0.0,19.472687,77.580536,79.16107,-0.016434908,43.965633,25.313324,62.57752,0.26727438,-0.001139164,0.0,4.67333,0.0,133.44756
2026-04-13 19:14:00-04:00,0.0,19.411242333333334,77.45634066666666,79.07479,-0.016434908,43.709399999999995,25.284064,62.332163333333334,0.26736318666666664,-0.0010085106,0.0,4.6486328,0.0,133.39526666666669
2026-04-13 19:15:00-04:00,0.0,19.349797666666667,77.33214533333333,78.98851,-0.016434908,43.453167,25.254804,62.08680666666667,0.26745199333333336,-0.0008778572,0.0,4.6239356,0.0,133.34297333333333
2026-04-13 19:16:00-04:00,0.0,19.288353,77.20795,78.90223,-0.016434908,43.196934,25.225544,61.84145,0.2675408,-0.0007472038,0.0,4.5992384,0.0,133.29068
2026-04-13 19:17:00-04:00,0.0,19.247825333333335,77.09029333333334,78.78718666666667,-0.016434908,42.959005,25.19903933333333,61.60778333333334,0.2675704066666667,-0.0008125305000000001,0.0,4.5942716,0.0,133.09458
2026-04-13 19:18:00-04:00,0.0,19.207297666666665,76.97263666666666,78.67214333333334,-0.016434908,42.721076000000004,25.172534666666667,61.374116666666666,0.26760001333333333,-0.0008778572,0.0,4.5893048,0.0,132.89848
2026-04-13 19:19:00-04:00,0.0,19.16677,76.85498,78.5571,-0.016434908,42.483147,25.14603,61.14045,0.26762962,-0.0009431839,0.0,4.584338,0.0,132.70238
2026-04-13 19:20:00-04:00,0.0,19.126243,76.73862666666666,78.41329333333334,-0.01650023466666667,42.293585666666665,25.121346,60.91055,0.26765922333333336,-0.0009431839,0.0,4.6204658,0.0,132.58472
2026-04-13 19:21:00-04:00,0.0,19.085716,76.62227333333334,78.26948666666667,-0.016565561333333333,42.104024333333335,25.096662000000002,60.68065,0.26768882666666666,-0.0009431839,0.0,4.6565936,0.0,132.46706
2026-04-13 19:22:00-04:00,0.0,19.045189,76.50592,78.12568,-0.016630888,41.914463,25.071978,60.45075,0.26771843,-0.0009431839,0.0,4.6927214,0.0,132.3494
2026-04-13 19:23:00-04:00,0.0,19.088985666666666,76.37911333333334,77.97141833333333,-0.016696294,41.7066,25.042728,60.22461933333333,0.26771843,-0.0009431839,0.0,4.643941933333333,0.0,132.03565333333333
2026-04-13 19:24:00-04:00,0.0,19.132782333333335,76.25230666666667,77.81715666666668,-0.016696294,41.498737,25.013478000000003,59.99848866666667,0.26771843,-0.0009431839,0.0,4.595162466666666,0.0,131.72190666666668
2026-04-13 19:25:00-04:00,0.0,19.176579,76.1255,77.662895,-0.016827106,41.290874,24.984228,59.772358,0.26771843,-0.0009431839,0.0,4.546383,0.0,131.40816
2026-04-13 19:26:00-04:00,0.0,19.190959,75.983002,77.51778133333333,-0.0167617,41.13530266666667,24.95862866666667,59.544888666666665,0.26777763,-0.0010085106,0.0,4.556600666666666,0.0,131.17284
2026-04-13 19:27:00-04:00,0.0,19.205339000000002,75.84050400000001,77.37266766666667,-0.016696294,40.97973133333333,24.933029333333334,59.31741933333333,0.26783683,-0.0010738373,0.0,4.566818333333333,0.0,130.93752
2026-04-13 19:28:00-04:00,0.0,19.219719,75.698006,77.227554,-0.0167617,40.82416,24.90743,59.08995,0.26789603,-0.001139164,0.0,4.577036,0.0,130.7022
2026-04-13 19:29:00-04:00,0.0,19.202069333333334,75.538516,77.09028933333333,-0.016761621,40.59146,24.877254,58.857394666666664,0.26792563333333336,-0.0010738373,0.0,4.654864,0.0,130.60415
2026-04-13 19:30:00-04:00,0.0,19.184419666666667,75.37902600000001,76.95302466666666,-0.016892354,40.358760000000004,24.847078,58.624839333333334,0.26795523666666665,-0.0010085106,0.0,4.732692,0.0,130.5061
2026-04-13 19:31:00-04:00,0.0,19.16677,75.219536,76.81576,-0.017023087,40.12606,24.816902,58.392284,0.26798484,-0.0009431839,0.0,4.81052,0.0,130.40805
2026-04-13 19:32:00-04:00,0.0,19.119054666666667,75.09403233333333,76.70463666666666,-0.017088413666666667,40.037162333333335,24.792228666666666,58.164445,0.26804404666666665,-0.0009431839,0.0,4.7883198,0.0,130.40151333333333
2026-04-13 19:33:00-04:00,0.0,19.071339333333334,74.96852866666667,76.59351333333333,-0.017088413333333333,39.94826466666667,24.767555333333334,57.936606,0.26810325333333335,-0.0009431839,0.0,4.766119600000001,0.0,130.39497666666668
2026-04-13 19:34:00-04:00,0.0,19.023624,74.843025,76.48239,-0.017219067,39.859367,24.742882,57.708767,0.26816246,-0.0009431839,0.0,4.7439194,0.0,130.38844
2026-04-13 19:35:00-04:00,0.0,18.972638333333336,74.7136,76.35035333333333,-0.017088413333333333,39.574373666666666,24.713631333333336,57.484239,0.26798484666666667,-0.0008778572,0.0,4.706157933333333,0.0,130.08776
2026-04-13 19:36:00-04:00,0.0,18.921652666666667,74.584175,76.21831666666667,-0.01695775966666667,39.289380333333334,24.684380666666666,57.259711,0.26780723333333334,-0.0008125305000000001,0.0,4.668396466666667,0.0,129.78708
2026-04-13 19:37:00-04:00,0.0,18.870667,74.45475,76.08628,-0.016827106,39.004387,24.65513,57.035183,0.26762962,-0.0007472038,0.0,4.630635,0.0,129.4864
2026-04-13 19:38:00-04:00,0.0,18.834716,74.33055666666667,75.967315,-0.01695775966666667,38.793908,24.625869333333334,56.814391,0.2677480266666667,-0.0008778572000000001,0.0,4.650512833333333,0.0,129.3426
2026-04-13 19:39:00-04:00,0.0,18.798765,74.20636333333334,75.84835,-0.017088413333333333,38.583429,24.596608666666665,56.593599000000005,0.2678664333333333,-0.0010085106,0.0,4.670390666666667,0.0,129.1988
2026-04-13 19:40:00-04:00,0.0,18.762814,74.08217,75.729385,-0.017219067,38.37295,24.567348,56.372807,0.26798484,-0.001139164,0.0,4.6902685,0.0,129.055
2026-04-13 19:41:00-04:00,0.0,18.664112666666664,73.96843333333334,75.60126466666667,-0.017088413333333333,38.203002000000005,24.538108666666666,56.160903,0.2680588466666667,-0.001139164,0.0,4.77642,0.0,129.06153333333333
2026-04-13 19:42:00-04:00,0.0,18.565411333333333,73.85469666666667,75.47314433333332,-0.017088413666666667,38.033054,24.508869333333333,55.948999,0.2681328533333333,-0.001139164,0.0,4.8625715000000005,0.0,129.06806666666668
2026-04-13 19:43:00-04:00,0.0,18.46671,73.74096,75.345024,-0.017023087,37.863106,24.47963,55.737095,0.26820686,-0.001139164,0.0,4.948723,0.0,129.0746
2026-04-13 19:44:00-04:00,0.0,18.443178,73.63637866666667,75.243056,-0.017023087,37.69707733333333,24.4522,55.527543333333334,0.26828086,-0.001139164,0.0,4.919982233333333,0.0,128.76084333333333
2026-04-13 19:45:00-04:00,0.0,18.419646,73.53179733333333,75.141088,-0.017023087,37.53104866666667,24.42477,55.317991666666664,0.26835486,-0.001139164,0.0,4.891241466666667,0.0,128.44708666666668
2026-04-13 19:46:00-04:00,0.0,18.396114,73.427216,75.03912,-0.017023087,37.36502,24.39734,55.10844,0.26842886,-0.001139164,0.0,4.8625007,0.0,128.13333
2026-04-13 19:47:00-04:00,0.0,18.30264,73.31739733333333,74.90839,-0.017153819666666667,37.191147666666666,24.373113666666665,54.905434666666665,0.26838446666666665,-0.001139164,0.0,4.850805633333334,0.0,128.01567
2026-04-13 19:48:00-04:00,0.0,18.209166,73.20757866666666,74.77766,-0.01728455233333333,37.01727533333334,24.348887333333334,54.702429333333335,0.2683400733333333,-0.001139164,0.0,4.839110566666666,0.0,127.89801
2026-04-13 19:49:00-04:00,0.0,18.119614,73.09776,74.64693,-0.017415285,36.843403,24.324661,54.499424,0.26829568,-0.001139164,0.0,4.8274155,0.0,127.78035
2026-04-13 19:50:00-04:00,0.0,18.116999333333332,72.95526333333333,74.51881333333333,-0.017415285,36.67606633333333,24.29589,54.296472,0.2682512733333333,-0.001139164,0.0,4.945798433333334,0.0,127.56465
2026-04-13 19:51:00-04:00,0.0,18.118306666666665,72.81276666666666,74.39069666666667,-0.017415285,36.50872966666667,24.267118999999997,54.09352,0.26820686666666665,-0.001139164,0.0,5.064181366666666,0.0,127.34895
2026-04-13 19:52:00-04:00,0.0,18.119614,72.67027,74.26258,-0.017415285,36.341393,24.238348,53.890568,0.26816246,-0.001139164,0.0,5.1825643,0.0,127.13325
2026-04-13 19:53:00-04:00,0.0,18.117653,72.52777333333333,74.13054,-0.017415285,36.18974466666666,24.209076666666665,53.691822,0.26825126,-0.0012046496333333334,0.0,5.245606466666667,0.0,127.08095666666667
2026-04-13 19:54:00-04:00,0.0,18.115692,72.38527666666667,73.9985,-0.017415285,36.038096333333336,24.179805333333334,53.493076,0.26834006,-0.0012046496333333334,0.0,5.308648633333333,0.0,127.02866333333334
2026-04-13 19:55:00-04:00,0.0,18.113731,72.24278,73.86646,-0.017415285,35.886448,24.150534,53.29433,0.26842886,-0.0013356209,0.0,5.3716908,0.0,126.97637
2026-04-13 19:56:00-04:00,0.0,18.132687333333333,72.11597,73.74226333333334,-0.017349879,35.738722,24.124040666666666,53.097010000000004,0.26847326666666665,-0.0012048085666666666,0.0,5.4424182,0.0,126.86524833333334
2026-04-13 19:57:00-04:00,0.0,18.15164366666667,71.98916,73.61806666666666,-0.017284473,35.590996,24.097547333333335,52.89969,0.2685176733333333,-0.0010739962333333334,0.0,5.5131456,0.0,126.75412666666666
2026-04-13 19:58:00-04:00,0.0,18.1706,71.86235,73.49387,-0.017219067,35.44327,24.071054,52.70237,0.26856208,-0.0009431839,0.0,5.583873,0.0,126.643005
