timestamp,RAD,T_AMB,T5,T8,P8,T3,T2,T4,P4,P5,CAUDAL,EV FB,CAUDAL VAP,Nivel
2026-05-13 20:01:00-04:00,0.0,11.352318,24.673635,24.775606,-0.014669895,17.38276,15.079189,19.68102,0.2880561,-0.0036885738,0.0,0.4531195,0.0,224.61292
2026-05-13 20:02:00-04:00,0.0,11.391537,24.669712,24.740309,-0.014669895,17.36315,15.060061,19.65344,0.28778952,-0.0031003952,0.0,0.45321247,0.0,224.5933
2026-05-13 20:03:00-04:00,0.0,11.354279,24.646181,24.72462,-0.014277935,17.312162,15.051885,19.614847,0.2880561,-0.0032963753,0.0,0.45319918,0.0,224.5933
2026-05-13 20:04:00-04:00,0.0,11.328785,24.626572,24.697166,-0.014866114,17.280787,15.038187,19.583115,0.28832236,-0.0031003952,0.0,0.45319474,0.0,224.61292
2026-05-13 20:05:00-04:00,0.0,11.275839,24.599117,24.677557,-0.014473915,17.253334,15.016313,19.548609,0.2880561,-0.0032963753,0.0,0.45309895,0.0,224.5737
2026-05-13 20:06:00-04:00,0.0,11.285645,24.583435,24.681479,-0.014473915,17.202354,15.016313,19.51276,0.28849998,-0.0027079582,0.0,0.45315996,0.0,224.5933
2026-05-13 20:07:00-04:00,0.0,11.301331,24.583435,24.669712,-0.014473915,17.170979,14.995811,19.482435,0.28823373,-0.0027079582,0.0,0.45328113,0.0,224.61292
2026-05-13 20:08:00-04:00,0.0,11.401342,24.563826,24.66579,-0.014277935,17.13568,999.0,19.44381,0.28832236,-0.0027079582,0.0,0.45316604,0.0,224.5933
2026-05-13 20:09:00-04:00,0.0,11.4739,24.548138,24.634415,-0.014473915,17.09646,14.972533,19.41626,0.28832236,-0.0031003952,0.0,0.4531257,0.0,224.5737
2026-05-13 20:10:00-04:00,0.0,11.548416,24.53245,24.60696,-0.014669895,17.045475,14.960238,19.372143,0.28832236,-0.0029044151,0.0,0.45320815,0.0,224.5933
2026-05-13 20:11:00-04:00,0.0,11.615089,24.504995,24.583435,-0.014473915,17.002333,14.950659,19.33904,0.28832236,-0.0029044151,0.0,0.45320445,0.0,224.5933
2026-05-13 20:12:00-04:00,0.0,11.65431,24.49715,24.55206,-0.014277935,16.982723,14.928816,19.316982,0.28832236,-0.0029044151,0.0,0.4532556,0.0,224.5933
2026-05-13 20:13:00-04:00,0.0,11.671959,24.47362,24.528526,-0.014473915,16.943502,14.928816,19.267344,0.2886332,-0.0031003952,0.0,0.45319158,0.0,224.5933
2026-05-13 20:14:00-04:00,0.0,11.652349,24.45401,24.49715,-0.014277935,16.908205,14.906941,19.239763,0.28841132,-0.0029044151,0.0,0.453331,0.0,224.61292
2026-05-13 20:15:00-04:00,0.0,11.628817,24.446165,24.485386,-0.014669895,16.868984,14.906941,19.195648,0.2882781,-0.0029044151,0.0,0.45331585,0.0,224.5933
2026-05-13 20:16:00-04:00,0.0,11.607246,24.41479,24.457932,-0.014473915,16.829765,14.885067,19.157053,0.28845572,-0.0031003952,0.0,0.45318556,0.0,224.5933
2026-05-13 20:17:00-04:00,0.0,11.583714,24.41479,24.446165,-0.014277935,16.790545,14.863163,19.12947,0.28823373,-0.0029044151,0.0,0.4533335,0.0,224.61292
2026-05-13 20:18:00-04:00,0.0,11.558222,24.37557,24.438322,-0.014473915,16.74741,14.863163,19.107414,0.28796715,-0.0031003952,0.0,0.45316532,0.0,224.5933
2026-05-13 20:19:00-04:00,0.0,11.556261,24.367725,24.418713,-0.014473915,16.723877,14.841319,19.0633,0.28823373,-0.0031003952,0.0,0.45313892,0.0,224.61292
2026-05-13 20:20:00-04:00,0.0,11.513119,24.344194,24.39518,-0.014473915,16.684658,14.841319,19.03709,0.28832236,-0.0031003952,0.0,0.45324323,0.0,224.5737
2026-05-13 20:21:00-04:00,0.0,11.509197,24.328506,24.367725,-0.014669895,16.661125,14.819446,18.997124,0.28845572,-0.0031003952,0.0,0.45320496,0.0,224.5737
2026-05-13 20:22:00-04:00,0.0,11.485664,24.304974,24.340271,-0.014473915,16.617983,14.808524,18.975065,0.28814477,-0.0027079582,0.0,0.453343,0.0,224.5933
2026-05-13 20:23:00-04:00,0.0,11.460173,24.29713,24.340271,-0.014277935,16.574842,14.797572,18.930918,0.2886332,-0.0032963753,0.0,0.45329937,0.0,224.5933
2026-05-13 20:24:00-04:00,0.0,11.440561,24.281443,24.312819,-0.014473915,16.5317,14.794857,18.90883,0.28832236,-0.0031003952,0.0,0.45334923,0.0,224.5933
2026-05-13 20:25:00-04:00,0.0,11.424873,24.253988,24.29713,-0.014669895,16.49248,14.775698,18.870235,0.2880561,-0.0031003952,0.0,0.45317307,0.0,224.5933
2026-05-13 20:26:00-04:00,0.0,11.3699665,24.250067,24.269676,-0.014669895,16.461103,14.753823,18.842686,0.28823373,-0.0032963753,0.0,0.45314124,0.0,224.5933
2026-05-13 20:27:00-04:00,0.0,11.303293,24.222612,24.250067,-0.014473915,16.437572,14.753823,18.799942,0.2877007,-0.0031003952,0.0,0.45315737,0.0,224.5933
2026-05-13 20:28:00-04:00,0.0,11.199366,24.191236,24.2383,-0.014669895,16.402275,14.7346945,18.776512,0.28818914,-0.0034925938,0.0,0.45325732,0.0,224.5933
2026-05-13 20:29:00-04:00,0.0,11.08955,24.17947,24.222612,-0.014866114,16.363054,14.727861,18.73929,0.28796715,-0.0031003952,0.0,0.45322737,0.0,224.5541
2026-05-13 20:30:00-04:00,0.0,11.022877,24.15594,24.195158,-0.014473915,16.343445,14.710075,18.710304,0.28801155,-0.0031003952,0.0,0.45305598,0.0,224.5933
2026-05-13 20:31:00-04:00,0.0,10.987579,24.140251,24.167706,-0.014473915,16.312075,14.710075,18.67449,0.2880561,-0.0032963753,0.0,0.4531762,0.0,224.53448
2026-05-13 20:32:00-04:00,0.0,10.948359,24.144173,24.148094,-0.014277935,16.280699,14.693662,18.644163,0.28814477,-0.0032963753,0.0,0.45313218,0.0,224.5933
2026-05-13 20:33:00-04:00,0.0,10.932671,24.116724,24.152016,-0.014277935,16.257168,14.674534,18.622074,0.2882781,-0.0032963753,0.0,0.4532983,0.0,224.5737
2026-05-13 20:34:00-04:00,0.0,10.926788,24.108881,24.148094,-0.014866114,16.237556,14.6663265,18.57802,0.28778952,-0.0036885738,0.0,0.45307565,0.0,224.5737
2026-05-13 20:35:00-04:00,0.0,10.928749,24.097115,24.148094,-0.014866114,16.217947,14.647168,18.555962,0.2881005,-0.0036885738,0.0,0.45319936,0.0,224.5737
2026-05-13 20:36:00-04:00,0.0,11.001305,24.065739,24.124569,-0.014866114,16.194416,14.633531,18.521486,0.28818914,-0.0038847923,0.0,0.45313576,0.0,224.5737
2026-05-13 20:37:00-04:00,0.0,11.071901,24.053972,24.108881,-0.015062332,16.16304,14.62261,18.489788,0.28778952,-0.0036885738,0.0,0.45316866,0.0,224.5541
2026-05-13 20:38:00-04:00,0.0,11.105238,24.030441,24.06966,-0.015062332,16.139507,14.610253,18.45394,0.2879229,-0.0036885738,0.0,0.45317167,0.0,224.5541
2026-05-13 20:39:00-04:00,0.0,11.126808,24.018675,24.04613,-0.015062332,16.100288,14.600705,18.423615,0.28814477,-0.0036885738,0.0,0.4531006,0.0,224.5541
2026-05-13 20:40:00-04:00,0.0,11.14838,23.983377,24.002987,-0.015062332,16.072834,14.578831,18.393288,0.2882781,-0.0036885738,0.0,0.45312595,0.0,224.5541
2026-05-13 20:41:00-04:00,0.0,11.16799,23.963768,23.971611,-0.015062332,16.037537,14.578831,18.357439,0.28832236,-0.0036885738,0.0,0.45318773,0.0,224.5737
2026-05-13 20:42:00-04:00,0.0,11.18956,23.952002,23.944157,-0.015062332,16.002237,14.556989,18.313322,0.2883669,-0.0038847923,0.0,0.45305073,0.0,224.5737
2026-05-13 20:43:00-04:00,0.0,11.218975,23.940235,23.924547,-0.015062332,15.986549,14.535084,18.291296,0.28832236,-0.0034925938,0.0,0.4531146,0.0,224.5541
2026-05-13 20:44:00-04:00,0.0,11.244463,23.920626,23.90886,-0.014866114,15.959096,14.535084,18.26924,0.2886332,-0.0036885738,0.0,0.4531583,0.0,224.5933
2026-05-13 20:45:00-04:00,0.0,11.266033,23.897093,23.88925,-0.014669895,15.943408,14.513208,18.22927,0.28876656,-0.0036885738,0.0,0.45306304,0.0,224.5737
2026-05-13 20:46:00-04:00,0.0,11.264072,23.881405,23.881405,-0.015062332,15.912032,14.513208,18.203064,0.2886332,-0.0038847923,0.0,0.45313984,0.0,224.5541
2026-05-13 20:47:00-04:00,0.0,11.266033,23.853952,23.86964,-0.015062332,15.876734,14.491366,18.17411,0.28867775,-0.0038847923,0.0,0.4531159,0.0,224.5541
2026-05-13 20:48:00-04:00,0.0,11.256229,23.842186,23.881405,-0.014669895,15.8610525,14.491366,18.13689,0.28854454,-0.0036885738,0.0,0.4531561,0.0,224.5541
2026-05-13 20:49:00-04:00,0.0,11.25819,23.826498,23.897093,-0.014866114,15.849286,14.469492,18.112087,0.28867775,-0.0034925938,0.0,0.4531412,0.0,224.5541
2026-05-13 20:50:00-04:00,0.0,11.254269,23.806889,23.88925,-0.014669895,15.81791,14.447618,18.080418,0.2882781,-0.0034925938,0.0,0.45308423,0.0,224.63254
2026-05-13 20:51:00-04:00,0.0,11.256229,23.7912,23.885328,-0.014866114,15.790457,14.447618,18.048689,0.28801155,-0.0036885738,0.0,0.45308524,0.0,224.61292
2026-05-13 20:52:00-04:00,0.0,11.238579,23.779434,23.88925,-0.015062332,15.77869,14.425775,18.0115,0.28823373,-0.0036885738,0.0,0.45320186,0.0,224.61292
2026-05-13 20:53:00-04:00,0.0,11.18956,23.763746,23.86964,-0.014866114,15.759081,14.425775,17.982483,0.2882781,-0.0034925938,0.0,0.45322528,0.0,224.63254
2026-05-13 20:54:00-04:00,0.0,11.171911,23.740213,23.86964,-0.014866114,15.735549,14.403839,17.96052,0.28823373,-0.0036885738,0.0,0.45309797,0.0,224.63254
2026-05-13 20:55:00-04:00,0.0,11.158184,23.740213,23.842186,-0.014866114,15.708095,14.395663,17.937088,0.28841132,-0.0036885738,0.0,0.45312205,0.0,224.61292
2026-05-13 20:56:00-04:00,0.0,11.14838,23.720604,23.83042,-0.015062332,15.684563,14.381965,17.894314,0.28818914,-0.0034925938,0.0,0.45319986,0.0,224.61292
2026-05-13 20:57:00-04:00,0.0,11.118965,23.700994,23.822577,-0.014669895,15.661031,14.381965,17.872225,0.28823373,-0.0036885738,0.0,0.4531516,0.0,224.5933
2026-05-13 20:58:00-04:00,0.0,11.087589,23.700994,23.802965,-0.015062332,15.641421,14.360123,17.836409,0.2879229,-0.0036885738,0.0,0.45310792,0.0,224.61292
2026-05-13 20:59:00-04:00,0.0,11.06798,23.677462,23.795122,-0.015062332,15.610045,14.338247,17.806112,0.28823373,-0.0034925938,0.0,0.45297664,0.0,224.61292
2026-05-13 21:00:00-04:00,0.0,11.04837,23.653936,23.787277,-0.015062332,15.5943575,14.332818,17.784023,0.28849998,-0.0036885738,0.0,0.45307952,0.0,224.61292
2026-05-13 21:01:00-04:00,0.0,11.007189,23.634327,23.759825,-0.015062332,15.562982,14.316373,17.759253,0.28885534,-0.0036885738,0.0,0.4532319,0.0,224.63254
2026-05-13 21:02:00-04:00,0.0,10.960125,23.638248,23.740213,-0.015062332,15.547294,14.315001,17.738567,0.28832236,-0.0034925938,0.0,0.4531535,0.0,224.61292
2026-05-13 21:03:00-04:00,0.0,10.93071,23.62256,23.73237,-0.015062332,15.527683,14.2945,17.695854,0.28889975,-0.0038847923,0.0,0.45314854,0.0,224.63254
2026-05-13 21:04:00-04:00,0.0,10.907177,23.602951,23.716682,-0.015258312,15.50023,14.2726555,17.673796,0.28858894,-0.0036885738,0.0,0.45316082,0.0,224.5933
2026-05-13 21:05:00-04:00,0.0,10.8797245,23.595106,23.708838,-0.015062332,15.476698,14.2726555,17.65177,0.28898856,-0.0036885738,0.0,0.45305175,0.0,224.63254
2026-05-13 21:06:00-04:00,0.0,10.854231,23.571575,23.697073,-0.015258312,15.445322,14.250751,17.611773,0.28823373,-0.0036885738,0.0,0.45305786,0.0,224.63254
2026-05-13 21:07:00-04:00,0.0,10.856192,23.555887,23.67354,-0.015258312,15.410024,14.24529,17.585596,0.28858894,-0.0038847923,0.0,0.45315474,0.0,224.5933
2026-05-13 21:08:00-04:00,0.0,10.858152,23.528433,23.64217,-0.01565051,15.382576,14.228909,17.563568,0.28867775,-0.0038847923,0.0,0.45312348,0.0,224.5737
2026-05-13 21:09:00-04:00,0.0,10.842464,23.520588,23.606873,-0.01565051,15.355122,14.223386,17.538734,0.28818914,-0.0038847923,0.0,0.4530998,0.0,224.5933
2026-05-13 21:10:00-04:00,0.0,10.838543,23.508823,23.567654,-0.015454531,15.31198,14.207034,17.501545,0.28814477,-0.0038847923,0.0,0.4530361,0.0,224.5933
2026-05-13 21:11:00-04:00,0.0,10.820894,23.481369,23.54412,-0.015258312,15.304136,14.185129,17.475368,0.2886332,-0.0036885738,0.0,0.45308506,0.0,224.53448
2026-05-13 21:12:00-04:00,0.0,10.807167,23.465681,23.536278,-0.015258312,15.268839,14.185129,17.447788,0.28832236,-0.0038847923,0.0,0.45319006,0.0,224.5541
2026-05-13 21:13:00-04:00,0.0,10.809128,23.434305,23.524511,-0.015258312,15.237463,14.1646595,17.42573,0.28876656,-0.0038847923,0.0,0.4531227,0.0,224.5933
2026-05-13 21:14:00-04:00,0.0,10.799324,23.422539,23.508823,-0.01565051,15.217853,14.160572,17.389914,0.28814477,-0.0038847923,0.0,0.4531616,0.0,224.5541
2026-05-13 21:15:00-04:00,0.0,10.787558,23.40293,23.493135,-0.015258312,15.194321,14.141413,17.36511,0.28876656,-0.0040807724,0.0,0.45306075,0.0,224.53448
2026-05-13 21:16:00-04:00,0.0,10.76207,23.40293,23.493135,-0.015258312,15.166866,14.141413,17.343052,0.28845572,-0.0038847923,0.0,0.45301408,0.0,224.5541
2026-05-13 21:17:00-04:00,0.0,10.730694,23.371553,23.489212,-0.014866114,15.143335,14.119539,17.311354,0.28858894,-0.0038847923,0.0,0.45305514,0.0,224.5737
2026-05-13 21:18:00-04:00,0.0,10.705202,23.363708,23.477448,-0.015062332,15.123725,14.108618,17.290699,0.2886332,-0.0040807724,0.0,0.45303327,0.0,224.53448
2026-05-13 21:19:00-04:00,0.0,10.689514,23.351944,23.481369,-0.015454531,15.084505,14.097695,17.254883,0.28854454,-0.0040807724,0.0,0.45312968,0.0,224.49525
2026-05-13 21:20:00-04:00,0.0,10.685593,23.336256,23.469603,-0.015062332,15.060973,14.089489,17.232826,0.28849998,-0.0038847923,0.0,0.4531561,0.0,224.5737
2026-05-13 21:21:00-04:00,0.0,10.652254,23.30488,23.44215,-0.015062332,15.053129,14.07579,17.210737,0.2883669,-0.0036885738,0.0,0.45317045,0.0,224.5541
2026-05-13 21:22:00-04:00,0.0,10.618917,23.297035,23.434305,-0.014866114,15.029597,14.053947,17.183187,0.28867775,-0.0036885738,0.0,0.45312592,0.0,224.53448
2026-05-13 21:23:00-04:00,0.0,10.597347,23.289192,23.410774,-0.015258312,15.002144,14.053947,17.147371,0.28854454,-0.0036885738,0.0,0.45314845,0.0,224.53448
2026-05-13 21:24:00-04:00,0.0,10.58362,23.26566,23.375475,-0.015454531,14.990377,14.032074,17.122599,0.28849998,-0.0036885738,0.0,0.45308304,0.0,224.5541
2026-05-13 21:25:00-04:00,0.0,10.58362,23.242128,23.363708,-0.014866114,14.951158,14.015661,17.10054,0.28849998,-0.0036885738,0.0,0.4530396,0.0,224.5737
2026-05-13 21:26:00-04:00,0.0,10.554205,23.242128,23.344099,-0.015062332,14.931554,14.0102,17.078482,0.28849998,-0.0036885738,0.0,0.45310953,0.0,224.5541
2026-05-13 21:27:00-04:00,0.0,10.526751,23.210752,23.32449,-0.01623869,14.92371,14.001994,17.050934,0.28841132,-0.0038847923,0.0,0.45301625,0.0,224.5541
2026-05-13 21:28:00-04:00,0.0,10.479687,23.198992,23.332333,-0.01584649,14.892334,13.988326,17.01786,0.2883669,-0.0036885738,0.0,0.45305184,0.0,224.5737
2026-05-13 21:29:00-04:00,0.0,10.440468,23.183304,23.312723,-0.016042471,14.868802,13.971944,16.990313,0.28858894,-0.0036885738,0.0,0.45296758,0.0,224.5541
2026-05-13 21:30:00-04:00,0.0,10.401247,23.179382,23.297035,-0.01565051,14.84527,13.966483,16.968254,0.2883669,-0.0040807724,0.0,0.45300287,0.0,224.5541
2026-05-13 21:31:00-04:00,0.0,10.375755,23.15585,23.277426,-0.01565051,14.817816,13.944608,16.946198,0.28854454,-0.0038847923,0.0,0.45302254,0.0,224.53448
2026-05-13 21:32:00-04:00,0.0,10.371834,23.140162,23.24605,-0.01584649,14.790362,13.939149,16.906261,0.28867775,-0.0040807724,0.0,0.45300046,0.0,224.5737
2026-05-13 21:33:00-04:00,0.0,10.360067,23.128397,23.22644,-0.01565051,14.76683,13.922735,16.891098,0.28867775,-0.0038847923,0.0,0.45298663,0.0,224.5541
2026-05-13 21:34:00-04:00,0.0,10.3365345,23.11663,23.218596,-0.01565051,14.739376,13.9172735,16.858027,0.28854454,-0.0040807724,0.0,0.45285743,0.0,224.5541
2026-05-13 21:35:00-04:00,0.0,10.334574,23.093098,23.198992,-0.016042471,14.711923,13.900892,16.83597,0.28876656,-0.0038847923,0.0,0.45308837,0.0,224.5737
2026-05-13 21:36:00-04:00,0.0,10.313004,23.07741,23.183304,-0.01565051,14.692312,13.884447,16.813944,0.28885534,-0.0038847923,0.0,0.4530105,0.0,224.5737
2026-05-13 21:37:00-04:00,0.0,10.273788,23.061722,23.187225,-0.01584649,14.66878,13.879018,16.791918,0.28867775,-0.0040807724,0.0,0.45297846,0.0,224.53448
2026-05-13 21:38:00-04:00,0.0,10.267906,23.053879,23.167616,-0.016042471,14.641327,13.879018,16.764336,0.28903297,-0.0038847923,0.0,0.45300338,0.0,224.5541
2026-05-13 21:39:00-04:00,0.0,10.246336,23.042112,23.15585,-0.016042471,14.613873,13.857143,16.731297,0.28912178,-0.0038847923,0.0,0.45299497,0.0,224.5541
2026-05-13 21:40:00-04:00,0.0,10.228687,23.026424,23.15585,-0.01584649,14.594263,13.835271,16.703716,0.28841132,-0.0038847923,0.0,0.45273733,0.0,224.5933
2026-05-13 21:41:00-04:00,0.0,10.244373,23.010736,23.144085,-0.016042471,14.570731,13.835271,16.68169,0.28876656,-0.0040807724,0.0,0.45290184,0.0,224.53448
2026-05-13 21:42:00-04:00,0.0,10.246336,22.99897,23.140162,-0.01623869,14.539355,13.813396,16.659632,0.28876656,-0.0040807724,0.0,0.4529218,0.0,224.53448
2026-05-13 21:43:00-04:00,0.0,10.254179,22.97936,23.128397,-0.01565051,14.519745,13.807936,16.637573,0.28849998,-0.0038847923,0.0,0.45313394,0.0,224.5541
2026-05-13 21:44:00-04:00,0.0,10.254179,22.967594,23.11663,-0.01584649,14.504057,13.791523,16.612803,0.2883669,-0.0040807724,0.0,0.45290175,0.0,224.5737
2026-05-13 21:45:00-04:00,0.0,10.267906,22.951906,23.093098,-0.01584649,14.476609,13.788808,16.592115,0.28867775,-0.0038847923,0.0,0.45308894,0.0,224.5737
2026-05-13 21:46:00-04:00,0.0,10.279673,22.936218,23.085255,-0.016042471,14.453077,13.777885,16.549404,0.28858894,-0.0038847923,0.0,0.45304552,0.0,224.5737
2026-05-13 21:47:00-04:00,0.0,10.297321,22.916609,23.061722,-0.01565051,14.429545,13.75052,16.527378,0.28858894,-0.0038847923,0.0,0.4529105,0.0,224.5737
2026-05-13 21:48:00-04:00,0.0,10.322807,22.916609,23.042112,-0.016042471,14.394247,13.747805,16.505322,0.28872216,-0.0038847923,0.0,0.45292148,0.0,224.5541
2026-05-13 21:49:00-04:00,0.0,10.332613,22.90092,23.014658,-0.016042471,14.366794,13.725901,16.483294,0.2883669,-0.0040807724,0.0,0.45291188,0.0,224.5541
2026-05-13 21:50:00-04:00,0.0,10.334574,22.885233,22.995049,-0.016042471,14.351106,13.725901,16.461235,0.28876656,-0.0040807724,0.0,0.45294747,0.0,224.5541
2026-05-13 21:51:00-04:00,0.0,10.309082,22.873466,22.987206,-0.01584649,14.315807,13.704087,16.436432,0.2883669,-0.0038847923,0.0,0.4529836,0.0,224.5541
2026-05-13 21:52:00-04:00,0.0,10.291439,22.861702,22.97544,-0.01584649,14.300119,13.704087,16.411661,0.28867775,-0.0038847923,0.0,0.45305106,0.0,224.5737
2026-05-13 21:53:00-04:00,0.0,10.279673,22.846014,22.983282,-0.01584649,14.284431,13.682183,16.375813,0.2880561,-0.0040807724,0.0,0.4529054,0.0,224.5541
2026-05-13 21:54:00-04:00,0.0,10.252218,22.830326,22.97544,-0.01584649,14.264822,13.668578,16.356564,0.28841132,-0.0038847923,0.0,0.45288542,0.0,224.5737
2026-05-13 21:55:00-04:00,0.0,10.25614,22.802872,22.959751,-0.01584649,14.237368,13.660341,16.328981,0.28858894,-0.0038847923,0.0,0.4531499,0.0,224.5541
2026-05-13 21:56:00-04:00,0.0,10.242413,22.802872,22.95583,-0.01623869,14.217758,13.643929,16.306953,0.28889975,-0.0040807724,0.0,0.45301133,0.0,224.5541
2026-05-13 21:57:00-04:00,0.0,10.1777,22.791105,22.951906,-0.01565051,14.190304,13.633038,16.284897,0.28898856,-0.0038847923,0.0,0.45308417,0.0,224.5541
2026-05-13 21:58:00-04:00,0.0,10.124754,22.775417,22.936218,-0.01584649,14.158928,13.616592,16.26284,0.28858894,-0.0040807724,0.0,0.45305684,0.0,224.5737
2026-05-13 21:59:00-04:00,0.0,10.058081,22.75973,22.908766,-0.016042471,14.151085,13.613848,16.240845,0.28894415,-0.0040807724,0.0,0.45298192,0.0,224.5541
2026-05-13 22:00:00-04:00,0.0,10.054157,22.744047,22.885233,-0.01623869,14.119709,13.594749,16.218786,0.28885534,-0.0040807724,0.0,0.4529595,0.0,224.5737
2026-05-14 05:01:00-04:00,0.0,8.45009,18.053413,18.17891,-0.015258312,9.652626,10.163585,10.427038,0.2880561,-0.0040807724,0.0,0.4525563,0.0,224.49525
2026-05-14 05:02:00-04:00,0.0,8.461855,18.037724,18.1593,-0.015258312,9.648705,10.163585,10.427038,0.2877007,-0.0040807724,0.0,0.45256898,0.0,224.51488
2026-05-14 05:03:00-04:00,0.0,8.467739,18.02988,18.155384,-0.015258312,9.652626,10.149949,10.427038,0.2880561,-0.0040807724,0.0,0.4525621,0.0,224.49525
2026-05-14 05:04:00-04:00,0.0,8.434402,18.022038,18.1593,-0.01565051,9.644783,10.141743,10.404982,0.28849998,-0.0040807724,0.0,0.45259959,0.0,224.51488
2026-05-14 05:05:00-04:00,0.0,8.428518,18.014193,18.135775,-0.01565051,9.644783,10.141743,10.404982,0.28787833,-0.0038847923,0.0,0.45241895,0.0,224.51488
2026-05-14 05:06:00-04:00,0.0,8.418715,18.002426,18.131851,-0.01565051,9.629095,10.141743,10.402235,0.2876563,-0.0040807724,0.0,0.45251885,0.0,224.49525
2026-05-14 05:07:00-04:00,0.0,8.463818,18.010271,18.116165,-0.01584649,9.640861,10.1363125,10.382986,0.28787833,-0.0040807724,0.0,0.45239452,0.0,224.49525
2026-05-14 05:08:00-04:00,0.0,8.465778,17.998505,18.116165,-0.01565051,9.617329,10.1199,10.382986,0.28787833,-0.0040807724,0.0,0.45230782,0.0,224.51488
2026-05-14 05:09:00-04:00,0.0,8.467739,17.986738,18.100475,-0.01584649,9.617329,10.1199,10.377496,0.28801155,-0.0040807724,0.0,0.45253703,0.0,224.49525
2026-05-14 05:10:00-04:00,0.0,8.489304,17.974972,18.08871,-0.01584649,9.609485,10.1199,10.3609915,0.28841132,-0.0040807724,0.0,0.4523966,0.0,224.51488
2026-05-14 05:11:00-04:00,0.0,8.503031,17.967129,18.073023,-0.01584649,9.601641,10.114439,10.3609915,0.28801155,-0.0040807724,0.0,0.4527253,0.0,224.49525
2026-05-14 05:12:00-04:00,0.0,8.520679,17.95144,18.057335,-0.01565051,9.589874,10.098087,10.344488,0.28783393,-0.0038847923,0.0,0.4525237,0.0,224.51488
2026-05-14 05:13:00-04:00,0.0,8.544212,17.943596,18.04949,-0.015454531,9.589874,10.098087,10.338997,0.28823373,-0.0040807724,0.0,0.45232463,0.0,224.51488
2026-05-14 05:14:00-04:00,0.0,8.552055,17.943596,18.037724,-0.015454531,9.585953,10.092566,10.338997,0.28783393,-0.0040807724,0.0,0.45245892,0.0,224.49525
2026-05-14 05:15:00-04:00,0.0,8.569704,17.935753,18.018114,-0.015454531,9.578109,10.076245,10.329356,0.28796715,-0.0038847923,0.0,0.4522796,0.0,224.49525
2026-05-14 05:16:00-04:00,0.0,8.593237,17.931831,18.022038,-0.01565051,9.562421,10.076245,10.316971,0.28774512,-0.0038847923,0.0,0.45251954,0.0,224.51488
2026-05-14 05:17:00-04:00,0.0,8.593237,17.920065,17.998505,-0.015454531,9.574186,10.076245,10.31151,0.28832236,-0.0040807724,0.0,0.45245358,0.0,224.51488
2026-05-14 05:18:00-04:00,0.0,8.648144,17.908298,17.998505,-0.01565051,9.566343,10.076245,10.294975,0.2877007,-0.0040807724,0.0,0.4524381,0.0,224.49525
2026-05-14 05:19:00-04:00,0.0,8.665792,17.908298,17.994583,-0.01565051,9.558498,10.070754,10.294975,0.28787833,-0.0040807724,0.0,0.4525909,0.0,224.49525
2026-05-14 05:20:00-04:00,0.0,8.691286,17.896534,17.978895,-0.01565051,9.558498,10.054373,10.294975,0.2881005,-0.0038847923,0.0,0.4524691,0.0,224.47565
2026-05-14 05:21:00-04:00,0.0,8.695208,17.880844,17.97105,-0.01584649,9.558498,10.054373,10.27298,0.2880561,-0.0040807724,0.0,0.45264384,0.0,224.53448
2026-05-14 05:22:00-04:00,0.0,8.669716,17.876923,17.95144,-0.015454531,9.554577,10.054373,10.27298,0.2877007,-0.0040807724,0.0,0.45249337,0.0,224.49525
2026-05-14 05:23:00-04:00,0.0,8.667753,17.857313,17.97105,-0.01584649,9.550655,10.048912,10.264713,0.28796715,-0.0038847923,0.0,0.45235482,0.0,224.53448
2026-05-14 05:24:00-04:00,0.0,8.661871,17.857313,17.95144,-0.015454531,9.538889,10.03253,10.256476,0.28814477,-0.0038847923,0.0,0.4527768,0.0,224.49525
2026-05-14 05:25:00-04:00,0.0,8.6422615,17.849468,17.935753,-0.01584649,9.531045,10.03253,10.250955,0.28814477,-0.0040807724,0.0,0.45260543,0.0,224.53448
2026-05-14 05:26:00-04:00,0.0,8.620689,17.837704,17.939674,-0.01565051,9.5271225,10.03253,10.250955,0.28796715,-0.0038847923,0.0,0.45254382,0.0,224.47565
2026-05-14 05:27:00-04:00,0.0,8.640301,17.837704,17.935753,-0.015454531,9.531045,10.03253,10.229021,0.2874343,-0.0040807724,0.0,0.452622,0.0,224.51488
2026-05-14 05:28:00-04:00,0.0,8.640301,17.825937,17.935753,-0.01584649,9.531045,10.028411,10.229021,0.28823373,-0.0038847923,0.0,0.4523421,0.0,224.49525
2026-05-14 05:29:00-04:00,0.0,8.6422615,17.802406,17.916143,-0.01584649,9.531045,10.010687,10.223437,0.28796715,-0.0038847923,0.0,0.45249817,0.0,224.49525
2026-05-14 05:30:00-04:00,0.0,8.640301,17.802406,17.904377,-0.01584649,9.5271225,10.010687,10.21386,0.28778952,-0.0038847923,0.0,0.45240062,0.0,224.49525
2026-05-14 05:31:00-04:00,0.0,8.65991,17.798483,17.888689,-0.01584649,9.523201,10.010687,10.206996,0.2877007,-0.0038847923,0.0,0.45242265,0.0,224.49525
2026-05-14 05:32:00-04:00,0.0,8.657949,17.782795,17.888689,-0.016042471,9.5192795,9.999766,10.206996,0.28778952,-0.0040807724,0.0,0.4524685,0.0,224.51488
2026-05-14 05:33:00-04:00,0.0,8.67952,17.778873,17.876923,-0.01584649,9.5192795,9.988844,10.206996,0.28796715,-0.0040807724,0.0,0.45237568,0.0,224.51488
2026-05-14 05:34:00-04:00,0.0,8.705013,17.767107,17.865158,-0.01584649,9.503592,9.988844,10.18497,0.2876563,-0.0040807724,0.0,0.45242935,0.0,224.49525
2026-05-14 05:35:00-04:00,0.0,8.712856,17.759264,17.865158,-0.01584649,9.511435,9.988844,10.18497,0.2877007,-0.0040807724,0.0,0.452644,0.0,224.49525
2026-05-14 05:36:00-04:00,0.0,8.730505,17.767107,17.849468,-0.01584649,9.507513,9.988844,10.18497,0.2879229,-0.0040807724,0.0,0.45249075,0.0,224.51488
2026-05-14 05:37:00-04:00,0.0,8.734428,17.747498,17.853392,-0.01584649,9.503592,9.988844,-1.0,0.2876563,-0.0040807724,0.0,0.4526092,0.0,224.47565
2026-05-14 05:38:00-04:00,0.0,8.767765,17.735731,17.837704,-0.016042471,9.495747,9.967032,10.162975,0.28778952,-0.0038847923,0.0,0.4524592,0.0,224.53448
2026-05-14 05:39:00-04:00,0.0,8.777569,17.735731,17.825937,-0.01565051,9.495747,9.967032,10.162975,0.28752312,-0.0040807724,0.0,0.45240477,0.0,224.51488
2026-05-14 05:40:00-04:00,0.0,8.7873745,17.723965,17.822016,-0.016042471,9.495747,9.967032,10.162975,0.28761208,-0.0040807724,0.0,0.452406,0.0,224.51488
2026-05-14 05:41:00-04:00,0.0,8.814829,17.716122,17.818092,-0.01584649,9.495747,9.967032,10.142321,0.28761208,-0.0040807724,0.0,0.4525044,0.0,224.51488
2026-05-14 05:42:00-04:00,0.0,8.81875,17.708279,17.825937,-0.016042471,9.472216,9.945191,10.140949,0.28783393,-0.0040807724,0.0,0.4526299,0.0,224.49525
2026-05-14 05:43:00-04:00,0.0,8.832478,17.696518,17.81417,-0.015454531,9.483981,9.945191,10.140949,0.28778952,-0.0038847923,0.0,0.4524846,0.0,224.49525
2026-05-14 05:44:00-04:00,0.0,8.846205,17.692596,17.802406,-0.01584649,9.483981,9.945191,10.118984,0.28778952,-0.0038847923,0.0,0.4525518,0.0,224.51488
2026-05-14 05:45:00-04:00,0.0,8.887384,17.68083,17.794561,-0.016042471,9.483981,9.945191,10.118984,0.28801155,-0.0040807724,0.0,0.452525,0.0,224.51488
2026-05-14 05:46:00-04:00,0.0,8.924644,17.665142,17.794561,-0.01565051,9.480059,9.945191,10.118984,0.28761208,-0.0038847923,0.0,0.45252323,0.0,224.51488
2026-05-14 05:47:00-04:00,0.0,8.954052,17.66122,17.786716,-0.01584649,9.480059,9.945191,10.118984,0.28801155,-0.0038847923,0.0,0.45269835,0.0,224.51488
2026-05-14 05:48:00-04:00,0.0,8.995234,17.653376,17.778873,-0.01565051,9.476137,9.930151,10.118984,0.2881005,-0.0040807724,0.0,0.4525792,0.0,224.49525
2026-05-14 05:49:00-04:00,0.0,9.026609,17.64161,17.77103,-0.01584649,9.468293,9.923317,10.09699,0.28761208,-0.0040807724,0.0,0.45254612,0.0,224.49525
2026-05-14 05:50:00-04:00,0.0,9.04818,17.649454,17.767107,-0.016042471,9.464371,9.923317,10.09699,0.28787833,-0.0040807724,0.0,0.45260897,0.0,224.51488
2026-05-14 05:51:00-04:00,0.0,9.099167,17.633766,17.759264,-0.01623869,9.468293,9.923317,10.09699,0.28787833,-0.0040807724,0.0,0.45237446,0.0,224.49525
2026-05-14 05:52:00-04:00,0.0,9.112894,17.629845,17.739655,-0.01584649,9.464371,9.917856,10.094213,0.28778952,-0.0038847923,0.0,0.45241195,0.0,224.49525
2026-05-14 05:53:00-04:00,0.0,9.130543,17.618078,17.743576,-0.01565051,9.476137,9.901474,10.079082,0.28783393,-0.0038847923,0.0,0.4525024,0.0,224.51488
2026-05-14 05:54:00-04:00,0.0,9.148191,17.606312,17.735731,-0.01565051,9.464371,9.901474,10.074964,0.2880561,-0.0038847923,0.0,0.4526631,0.0,224.53448
2026-05-14 05:55:00-04:00,0.0,9.177607,17.60239,17.735731,-0.01584649,9.472216,9.901474,10.074964,0.2874343,-0.0038847923,0.0,0.45279172,0.0,224.49525
2026-05-14 05:56:00-04:00,0.0,9.201138,17.590624,17.7122,-0.016042471,9.468293,9.901474,10.069473,0.28814477,-0.0040807724,0.0,0.45258865,0.0,224.51488
2026-05-14 05:57:00-04:00,0.0,9.214865,17.60239,17.716122,-0.01565051,9.464371,9.901474,10.05846,0.2879229,-0.0036885738,0.0,0.4526446,0.0,224.51488
2026-05-14 05:58:00-04:00,0.0,9.226631,17.574936,17.7122,-0.01565051,9.460449,9.901474,10.052938,0.2874343,-0.0038847923,0.0,0.45269197,0.0,224.51488
2026-05-14 05:59:00-04:00,0.0,9.240358,17.574936,17.704355,-0.01565051,9.464371,9.885093,10.052938,0.2877007,-0.0036885738,0.0,0.45257252,0.0,224.51488
2026-05-14 06:00:00-04:00,0.0,9.22467,17.56317,17.688673,-0.01565051,9.460449,9.882379,10.052938,0.2879229,-0.0038847923,0.0,0.45266765,0.0,224.53448
2026-05-14 06:01:00-04:00,0.0,9.218786,17.551405,17.692596,-0.01565051,9.456528,9.879663,10.052938,0.28752312,-0.0038847923,0.0,0.45272988,0.0,224.51488
2026-05-14 06:02:00-04:00,0.0,9.205059,17.555326,17.688673,-0.01584649,9.460449,9.879663,10.03372,0.28774512,-0.0040807724,0.0,0.45252076,0.0,224.53448
2026-05-14 06:03:00-04:00,0.0,9.18741,17.539639,17.684752,-0.01584649,9.452605,9.879663,10.030943,0.28761208,-0.0040807724,0.0,0.45246226,0.0,224.51488
2026-05-14 06:04:00-04:00,0.0,9.18741,17.531794,17.684752,-0.016042471,9.456528,9.879663,10.030943,0.28823373,-0.0040807724,0.0,0.45250466,0.0,224.51488
2026-05-14 06:05:00-04:00,0.0,9.189373,17.52395,17.669064,-0.01623869,9.456528,9.868742,10.030943,0.28801155,-0.0038847923,0.0,0.45287693,0.0,224.5541
2026-05-14 06:06:00-04:00,0.0,9.189373,17.527872,17.669064,-0.01584649,9.460449,9.863251,10.029571,0.28761208,-0.0038847923,0.0,0.4527126,0.0,224.51488
2026-05-14 06:07:00-04:00,0.0,9.199177,17.512184,17.669064,-0.01565051,9.444761,9.8578205,10.00898,0.28796715,-0.0038847923,0.0,0.45269412,0.0,224.53448
2026-05-14 06:08:00-04:00,0.0,9.207022,17.516106,17.66122,-0.01584649,9.444761,9.8578205,10.00898,0.28774512,-0.0038847923,0.0,0.4526911,0.0,224.51488
2026-05-14 06:09:00-04:00,0.0,9.207022,17.500418,17.649454,-0.016042471,9.448683,9.8578205,10.00898,0.28796715,-0.0038847923,0.0,0.45274875,0.0,224.51488
2026-05-14 06:10:00-04:00,0.0,9.205059,17.504341,17.645533,-0.016042471,9.4330015,9.8578205,10.00898,0.28796715,-0.0038847923,0.0,0.45254973,0.0,224.49525
2026-05-14 06:11:00-04:00,0.0,9.220749,17.492575,17.645533,-0.016042471,9.429079,9.8578205,10.0007105,0.2879229,-0.0040807724,0.0,0.45275584,0.0,224.53448
2026-05-14 06:12:00-04:00,0.0,9.24428,17.48473,17.637688,-0.01584649,9.444761,9.8578205,9.986983,0.2880561,-0.0036885738,0.0,0.45269674,0.0,224.51488
2026-05-14 06:13:00-04:00,0.0,9.238398,17.476887,17.64161,-0.01584649,9.429079,9.85233,9.986983,0.28814477,-0.0038847923,0.0,0.45247442,0.0,224.51488
2026-05-14 06:14:00-04:00,0.0,9.207022,17.461199,17.633766,-0.01584649,9.429079,9.848243,9.986983,0.2880561,-0.0036885738,0.0,0.45256764,0.0,224.51488
2026-05-14 06:15:00-04:00,0.0,9.201138,17.46512,17.618078,-0.015258312,9.4330015,9.835947,9.986983,0.28801155,-0.0038847923,0.0,0.45269623,0.0,224.51488
2026-05-14 06:16:00-04:00,0.0,9.18545,17.449432,17.610233,-0.01565051,9.4330015,9.835947,9.986983,0.28832236,-0.0036885738,0.0,0.45264614,0.0,224.51488
2026-05-14 06:17:00-04:00,0.0,9.177607,17.449432,17.598469,-0.01565051,9.425158,9.835947,9.970449,0.2877007,-0.0038847923,0.0,0.4527095,0.0,224.51488
2026-05-14 06:18:00-04:00,0.0,9.150152,17.437666,17.590624,-0.01584649,9.4330015,9.835947,9.964989,0.2881005,-0.0038847923,0.0,0.45293093,0.0,224.51488
2026-05-14 06:19:00-04:00,0.0,9.150152,17.437666,17.574936,-0.01565051,9.417314,9.835947,9.964989,0.28796715,-0.0038847923,0.0,0.4527943,0.0,224.53448
2026-05-14 06:20:00-04:00,0.0,9.140347,17.429823,17.56317,-0.01584649,9.417314,9.815509,9.964989,0.28761208,-0.0038847923,0.0,0.45259976,0.0,224.53448
2026-05-14 06:21:00-04:00,0.0,9.128582,17.410213,17.555326,-0.016042471,9.405547,9.814105,9.944336,0.28823373,-0.0036885738,0.0,0.45269614,0.0,224.51488
2026-05-14 06:22:00-04:00,0.0,9.118776,17.410213,17.539639,-0.016042471,9.413391,9.814105,9.942964,0.28778952,-0.0038847923,0.0,0.45258686,0.0,224.53448
2026-05-14 06:23:00-04:00,0.0,9.101128,17.402369,17.535717,-0.016042471,9.413391,9.814105,9.942964,0.28752312,-0.0038847923,0.0,0.45271555,0.0,224.53448
2026-05-14 06:24:00-04:00,0.0,9.083479,17.394526,17.52395,-0.016827106,9.401626,9.814105,9.942964,0.28778952,-0.004472971,0.0,0.45285827,0.0,224.53448
2026-05-14 06:25:00-04:00,0.0,9.077595,17.38668,17.527872,-0.016434908,9.405547,9.814105,9.942964,0.28787833,-0.0048651695,0.0,0.45283464,0.0,224.53448
2026-05-14 06:26:00-04:00,0.0,9.042297,17.378838,17.504341,-0.017023087,9.413391,9.814105,9.942964,0.28796715,-0.004472971,0.0,0.45276606,0.0,224.53448
2026-05-14 06:27:00-04:00,0.0,9.018766,17.38276,17.492575,-0.016630888,9.401626,9.814105,9.920968,0.2880561,-0.004668951,0.0,0.45257208,0.0,224.53448
2026-05-14 06:28:00-04:00,0.0,9.008961,17.359226,17.488653,-0.016630888,9.405547,9.808675,9.920968,0.2874343,-0.0042767525,0.0,0.4526337,0.0,224.49525
2026-05-14 06:29:00-04:00,0.0,8.993273,17.355305,17.472965,-0.016434908,9.397703,9.808675,9.920968,0.2873455,-0.004472971,0.0,0.45284927,0.0,224.49525
2026-05-14 06:30:00-04:00,0.0,8.979546,17.343538,17.461199,-0.017219067,9.397703,9.8004675,9.920968,0.28796715,-0.004668951,0.0,0.4525238,0.0,224.49525
2026-05-14 06:31:00-04:00,0.0,8.977585,17.339617,17.453354,-0.016827106,9.374171,9.792262,9.90175,0.28841132,-0.004668951,0.0,0.4524675,0.0,224.53448
2026-05-14 06:32:00-04:00,0.0,8.936403,17.335695,17.44551,-0.016827106,9.378094,9.792262,9.90175,0.2880561,-0.004668951,0.0,0.4526745,0.0,224.51488
2026-05-14 06:33:00-04:00,0.0,8.889347,17.32785,17.433744,-0.016630888,9.385938,9.792262,9.899005,0.2883669,-0.004472971,0.0,0.45265305,0.0,224.53448
2026-05-14 06:34:00-04:00,0.0,8.832478,17.316086,17.418056,-0.016630888,9.385938,9.792262,9.899005,0.2879229,-0.004472971,0.0,0.4527939,0.0,224.51488
2026-05-14 06:35:00-04:00,0.0,8.77953,17.300398,17.398447,-0.016434908,9.37025,9.792262,9.899005,0.28778952,-0.004668951,0.0,0.45253286,0.0,224.49525
2026-05-14 06:36:00-04:00,0.0,8.730505,17.30432,17.390602,-0.016630888,9.366327,9.786833,9.899005,0.2876563,-0.0048651695,0.0,0.45275742,0.0,224.47565
2026-05-14 06:37:00-04:00,0.0,8.705013,17.288631,17.38668,-0.017023087,9.374171,9.786833,9.876947,0.28814477,-0.004668951,0.0,0.45259026,0.0,224.49525
2026-05-14 06:38:00-04:00,0.0,8.665792,17.276865,17.38276,-0.016630888,9.366327,9.775911,9.876947,0.2879229,-0.004472971,0.0,0.4528045,0.0,224.51488
2026-05-14 06:39:00-04:00,0.0,8.648144,17.269022,17.359226,-0.016630888,9.366327,9.77042,9.876947,0.28849998,-0.0048651695,0.0,0.45286468,0.0,224.53448
2026-05-14 06:40:00-04:00,0.0,8.630495,17.24549,17.335695,-0.017023087,9.362406,9.77042,9.875606,0.28774512,-0.0048651695,0.0,0.4525699,0.0,224.53448
2026-05-14 06:41:00-04:00,0.0,8.62265,17.24549,17.339617,-0.016827106,9.366327,9.77042,9.854954,0.2881005,-0.004668951,0.0,0.45283145,0.0,224.49525
2026-05-14 06:42:00-04:00,0.0,8.605001,17.237652,17.323929,-0.017023087,9.362406,9.77042,9.854954,0.28814477,-0.0048651695,0.0,0.45274124,0.0,224.49525
2026-05-14 06:43:00-04:00,0.0,8.593237,17.23373,17.312162,-0.017023087,9.362406,9.77042,9.854954,0.28801155,-0.0050611496,0.0,0.4527261,0.0,224.51488
2026-05-14 06:44:00-04:00,0.0,8.587353,17.221964,17.30432,-0.016827106,9.338874,9.77042,9.854954,0.28778952,-0.0048651695,0.0,0.45261398,0.0,224.49525
2026-05-14 06:45:00-04:00,0.0,8.593237,17.206276,17.30824,-0.016827106,9.338874,9.77042,9.854954,0.28823373,-0.0048651695,0.0,0.45250103,0.0,224.51488
2026-05-14 06:46:00-04:00,0.0,8.571665,17.202354,17.296474,-0.017023087,9.338874,9.758157,9.832957,0.28814477,-0.0048651695,0.0,0.45244572,0.0,224.51488
2026-05-14 06:47:00-04:00,0.0,8.567743,17.190588,17.28471,-0.016827106,9.33103,9.754069,9.832957,0.2877007,-0.004668951,0.0,0.45279086,0.0,224.53448
2026-05-14 06:48:00-04:00,0.0,8.573626,17.190588,17.272943,-0.016434908,9.33103,9.748578,9.832957,0.28801155,-0.0048651695,0.0,0.45259038,0.0,224.51488
2026-05-14 06:49:00-04:00,0.0,8.5814705,17.1749,17.269022,-0.016630888,9.327107,9.748578,9.832957,0.28814477,-0.004472971,0.0,0.4525573,0.0,224.49525
2026-05-14 06:50:00-04:00,0.0,8.57951,17.167055,17.253334,-0.016630888,9.33103,9.748578,9.827468,0.2880561,-0.0048651695,0.0,0.45274878,0.0,224.49525
2026-05-14 06:51:00-04:00,0.0,8.577549,17.147446,17.257256,-0.016434908,9.33103,9.748578,9.810962,0.28814477,-0.0048651695,0.0,0.45270094,0.0,224.49525
2026-05-14 06:52:00-04:00,0.0,8.5893135,17.151367,17.257256,-0.016434908,9.315342,9.733569,9.810962,0.2877007,-0.004668951,0.0,0.4525478,0.0,224.49525
2026-05-14 06:53:00-04:00,0.0,8.595198,17.151367,17.241568,-0.016630888,9.319263,9.7349415,9.810962,0.2879229,-0.004668951,0.0,0.4525937,0.0,224.49525
2026-05-14 06:54:00-04:00,0.0,8.595198,17.139603,17.241568,-0.016827106,9.323186,9.726766,9.805472,0.28832236,-0.004668951,0.0,0.45263508,0.0,224.51488
2026-05-14 06:55:00-04:00,0.0,8.591274,17.119991,17.229807,-0.016434908,9.315342,9.726766,9.799951,0.28823373,-0.0048651695,0.0,0.45247295,0.0,224.49525
2026-05-14 06:56:00-04:00,0.0,8.593237,17.11607,17.23373,-0.016827106,9.319263,9.726766,9.788999,0.2880561,-0.0048651695,0.0,0.45259017,0.0,224.51488
2026-05-14 06:57:00-04:00,0.0,8.597158,17.104303,17.21804,-0.016630888,9.319263,9.726766,9.788999,0.28832236,-0.004668951,0.0,0.45241207,0.0,224.49525
2026-05-14 06:58:00-04:00,0.0,8.60108,17.09646,17.21804,-0.017023087,9.307498,9.726766,9.788999,0.28814477,-0.0048651695,0.0,0.4528646,0.0,224.51488
2026-05-14 06:59:00-04:00,0.0,8.593237,17.092537,17.206276,-0.016827106,9.3035755,9.726766,9.780701,0.28849998,-0.0048651695,0.0,0.45258787,0.0,224.51488
2026-05-14 07:00:00-04:00,0.0,8.577549,17.092537,17.198431,-0.016630888,9.307498,9.726766,9.766973,0.28832236,-0.0048651695,0.0,0.45271578,0.0,224.49525
2026-05-14 07:01:00-04:00,0.0,8.577549,17.088615,17.19451,-0.017023087,9.3035755,9.719932,9.766973,0.28845572,-0.0050611496,0.0,0.45271719,0.0,224.49525
2026-05-14 07:02:00-04:00,0.0,8.595198,17.069006,17.182743,-0.016827106,9.3035755,9.704893,9.766973,0.28823373,-0.0048651695,0.0,0.4527381,0.0,224.49525
2026-05-14 07:03:00-04:00,0.0,8.595198,17.065084,17.182743,-0.016827106,9.307498,9.707606,9.766973,0.28854454,-0.0048651695,0.0,0.4526718,0.0,224.49525
2026-05-14 07:04:00-04:00,0.0,8.595198,17.065084,17.170979,-0.016827106,9.29181,9.704893,9.744979,0.28841132,-0.004668951,0.0,0.45258895,0.0,224.49525
2026-05-14 07:05:00-04:00,0.0,8.595198,17.049397,17.163134,-0.016630888,9.299654,9.704893,9.744979,0.28761208,-0.004472971,0.0,0.45264092,0.0,224.51488
2026-05-14 07:06:00-04:00,0.0,8.597158,17.049397,17.159212,-0.016630888,9.29181,9.704893,9.744979,0.28796715,-0.0048651695,0.0,0.45278123,0.0,224.49525
2026-05-14 07:07:00-04:00,0.0,8.593237,17.045475,17.163134,-0.017023087,9.29181,9.688572,9.744979,0.28796715,-0.0042767525,0.0,0.4526074,0.0,224.51488
2026-05-14 07:08:00-04:00,0.0,8.597158,17.045475,17.163134,-0.017023087,9.280044,9.683081,9.728443,0.28801155,-0.004668951,0.0,0.4526896,0.0,224.49525
2026-05-14 07:09:00-04:00,0.0,8.595198,17.033709,17.151367,-0.016630888,9.283966,9.683081,9.722983,0.28814477,-0.004472971,0.0,0.45274433,0.0,224.49525
2026-05-14 07:10:00-04:00,0.0,8.628534,17.0141,17.151367,-0.016827106,9.287888,9.683081,9.722983,0.28832236,-0.004668951,0.0,0.45260832,0.0,224.51488
2026-05-14 07:11:00-04:00,0.0,8.663832,17.0141,17.13568,-0.016827106,9.280044,9.683081,9.722983,0.28801155,-0.004472971,0.0,0.45254987,0.0,224.49525
2026-05-14 07:12:00-04:00,0.0,8.689325,17.002333,17.13568,-0.016827106,9.2722,9.683081,9.718834,0.28823373,-0.004668951,0.0,0.45283324,0.0,224.47565
2026-05-14 07:13:00-04:00,0.0,8.689325,17.006254,17.13568,-0.016630888,9.268278,9.683081,9.706479,0.28801155,-0.004472971,0.0,0.45265594,0.0,224.53448
2026-05-14 07:14:00-04:00,0.0,8.714817,16.982723,17.119991,-0.017023087,9.264356,9.680366,9.700988,0.28858894,-0.0048651695,0.0,0.45251638,0.0,224.51488
2026-05-14 07:15:00-04:00,0.0,8.71874,16.990566,17.11607,-0.016827106,9.264356,9.678962,9.700988,0.28832236,-0.004472971,0.0,0.45251915,0.0,224.47565
2026-05-14 07:16:00-04:00,0.0,8.750116,16.9788,17.100382,-0.017023087,9.25259,9.661238,9.700988,0.28818914,-0.004472971,0.0,0.4526694,0.0,224.49525
2026-05-14 07:17:00-04:00,0.0,8.763844,16.9788,17.112148,-0.017023087,9.264356,9.661238,9.684484,0.28814477,-0.004668951,0.0,0.45257032,0.0,224.47565
2026-05-14 07:18:00-04:00,0.0,8.769726,16.967033,17.092537,-0.017023087,9.260434,9.661238,9.678962,0.28814477,-0.004472971,0.0,0.45253235,0.0,224.49525
2026-05-14 07:19:00-04:00,0.0,8.767765,16.951347,17.092537,-0.016827106,9.256512,9.661238,9.678962,0.28814477,-0.004472971,0.0,0.45287675,0.0,224.51488
2026-05-14 07:20:00-04:00,0.0,8.710896,16.951347,17.088615,-0.017219067,9.260434,9.661238,9.678962,0.28774512,-0.0048651695,0.0,0.45271093,0.0,224.49525
2026-05-14 07:21:00-04:00,0.0,8.626574,16.943502,17.088615,-0.017023087,9.240824,9.642111,9.672098,0.28778952,-0.0048651695,0.0,0.45262355,0.0,224.51488
2026-05-14 07:22:00-04:00,0.0,8.57951,16.93958,17.084694,-0.017023087,9.240824,9.639366,9.659743,0.28756753,-0.004472971,0.0,0.45278037,0.0,224.51488
2026-05-14 07:23:00-04:00,0.0,8.571665,16.93958,17.069006,-0.016827106,9.244746,9.639366,9.662489,0.28796715,-0.004668951,0.0,0.45277408,0.0,224.51488
2026-05-14 07:24:00-04:00,0.0,8.559898,16.923893,17.069006,-0.017023087,9.23298,9.639366,9.656998,0.28783393,-0.004472971,0.0,0.45239186,0.0,224.53448
2026-05-14 07:25:00-04:00,0.0,8.571665,16.927814,17.065084,-0.017219067,9.236902,9.639366,9.656998,0.28832236,-0.004472971,0.0,0.45266253,0.0,224.49525
2026-05-14 07:26:00-04:00,0.0,8.577549,16.912127,17.05724,-0.017023087,9.236902,9.639366,9.656998,0.28796715,-0.0048651695,0.0,0.45258215,0.0,224.49525
2026-05-14 07:27:00-04:00,0.0,8.62265,16.904282,17.045475,-0.017023087,9.225136,9.639366,9.640464,0.28823373,-0.0048651695,0.0,0.45247605,0.0,224.47565
2026-05-14 07:28:00-04:00,0.0,8.62265,16.90036,17.041552,-0.017023087,9.221214,9.639366,9.635004,0.28814477,-0.004472971,0.0,0.4526195,0.0,224.49525
2026-05-14 07:29:00-04:00,0.0,8.606964,16.892517,17.025864,-0.016827106,9.225136,9.636651,9.635004,0.28756753,-0.0048651695,0.0,0.4527107,0.0,224.49525
2026-05-14 07:30:00-04:00,0.0,8.577549,16.884672,17.03763,-0.017023087,9.21337,9.618926,9.635004,0.2877007,-0.0048651695,0.0,0.45240796,0.0,224.49525
2026-05-14 07:31:00-04:00,0.0,8.573626,16.888596,17.021942,-0.017023087,9.225136,9.617584,9.635004,0.2883669,-0.0048651695,0.0,0.4527493,0.0,224.49525
2026-05-14 07:32:00-04:00,0.0,8.575588,16.88075,17.01802,-0.016827106,9.221214,9.617584,9.625395,0.2880561,-0.004668951,0.0,0.45258424,0.0,224.51488
2026-05-14 07:33:00-04:00,0.0,8.599119,16.868984,17.010176,-0.016827106,9.221214,9.617584,9.6129465,0.2882781,-0.004472971,0.0,0.45263287,0.0,224.49525
2026-05-14 07:34:00-04:00,0.0,8.62265,16.868984,16.986645,-0.016827106,9.217292,9.617584,9.6129465,0.28787833,-0.0048651695,0.0,0.45248914,0.0,224.49525
2026-05-14 07:35:00-04:00,0.0,8.618729,16.853296,16.986645,-0.017219067,9.21337,9.614839,9.607487,0.28818914,-0.0048651695,0.0,0.45257762,0.0,224.49525
2026-05-14 07:36:00-04:00,0.0,8.626574,16.853296,16.986645,-0.017219067,9.201604,9.601141,9.593728,0.28823373,-0.0048651695,0.0,0.4525906,0.0,224.51488
2026-05-14 07:37:00-04:00,0.0,8.624613,16.833687,16.986645,-0.017219067,9.205526,9.595711,9.590982,0.28796715,-0.0048651695,0.0,0.45256463,0.0,224.49525
2026-05-14 07:38:00-04:00,0.0,8.605001,16.837608,16.9788,-0.017023087,9.201604,9.595711,9.590982,0.28818914,-0.004668951,0.0,0.45242503,0.0,224.49525
2026-05-14 07:39:00-04:00,0.0,8.593237,16.825844,16.963112,-0.017023087,9.185916,9.595711,9.590982,0.2880561,-0.004668951,0.0,0.45272642,0.0,224.51488
2026-05-14 07:40:00-04:00,0.0,8.565783,16.82192,16.951347,-0.016827106,9.185916,9.595711,9.590982,0.28841132,-0.0048651695,0.0,0.4525687,0.0,224.51488
2026-05-14 07:41:00-04:00,0.0,8.557938,16.817999,16.93958,-0.016827106,9.189838,9.595711,9.577224,0.28849998,-0.0048651695,0.0,0.45261893,0.0,224.51488
2026-05-14 07:42:00-04:00,0.0,8.554016,16.80231,16.923893,-0.017023087,9.17415,9.59025,9.568956,0.28814477,-0.0048651695,0.0,0.45269805,0.0,224.49525
2026-05-14 07:43:00-04:00,0.0,8.54225,16.786623,16.908205,-0.016827106,9.178072,9.587536,9.568956,0.28801155,-0.004668951,0.0,0.45257545,0.0,224.49525
2026-05-14 07:44:00-04:00,0.0,8.532446,16.790545,16.892517,-0.017023087,9.178072,9.58067,9.568956,0.28814477,-0.0048651695,0.0,0.45271495,0.0,224.49525
2026-05-14 07:45:00-04:00,0.0,8.508913,16.778786,16.88075,-0.017023087,9.170228,9.573869,9.562123,0.2881005,-0.0048651695,0.0,0.4525784,0.0,224.51488
2026-05-14 07:46:00-04:00,0.0,8.506952,16.763098,16.872906,-0.016827106,9.170228,9.573869,9.546993,0.28832236,-0.0050611496,0.0,0.45251283,0.0,224.51488
2026-05-14 07:47:00-04:00,0.0,8.487343,16.74741,16.865063,-0.017023087,9.170228,9.573869,9.546993,0.28818914,-0.0050611496,0.0,0.45272616,0.0,224.51488
2026-05-14 07:48:00-04:00,0.0,8.503031,16.751331,16.853296,-0.017023087,9.170228,9.565693,9.546993,0.28858894,-0.0048651695,0.0,0.45244595,0.0,224.49525
2026-05-14 07:49:00-04:00,0.0,8.512836,16.743486,16.837608,-0.017023087,9.158463,9.562947,9.546993,0.28845572,-0.0048651695,0.0,0.45272294,0.0,224.51488
2026-05-14 07:50:00-04:00,0.0,8.520679,16.743486,16.82192,-0.017023087,9.150619,9.55343,9.546993,0.28814477,-0.0048651695,0.0,0.45239455,0.0,224.49525
2026-05-14 07:51:00-04:00,15.202165,8.536367,16.727798,16.814077,-0.016827106,9.15454,9.552027,9.524998,0.28858894,-0.004668951,0.0,0.45250833,0.0,224.49525
2026-05-14 07:52:00-04:00,15.202165,8.559898,16.716034,16.814077,-0.017023087,9.158463,9.552027,9.524998,0.2879229,-0.0048651695,0.0,0.45257398,0.0,224.51488
2026-05-14 07:53:00-04:00,15.202165,8.577549,16.696423,16.806232,-0.017219067,9.138852,9.552027,9.524998,0.2880561,-0.0048651695,0.0,0.45248708,0.0,224.53448
2026-05-14 07:54:00-04:00,15.202165,8.605001,16.696423,16.786623,-0.017219067,9.142775,9.552027,9.524998,0.28823373,-0.004668951,0.0,0.4523223,0.0,224.49525
2026-05-14 07:55:00-04:00,15.202165,8.6422615,16.696423,16.763098,-0.017023087,9.142775,9.552027,9.513985,0.28814477,-0.0048651695,0.0,0.4524289,0.0,224.49525
2026-05-14 07:56:00-04:00,23.90396,8.665792,16.676813,16.778786,-0.016434908,9.146696,9.552027,9.503002,0.28854454,-0.004668951,0.0,0.45228386,0.0,224.47565
2026-05-14 07:57:00-04:00,23.854933,8.695208,16.665047,16.759174,-0.017023087,9.142775,9.552027,9.503002,0.2879229,-0.004668951,0.0,0.4525829,0.0,224.49525
2026-05-14 07:58:00-04:00,23.879446,8.732468,16.665047,16.743486,-0.016827106,9.134931,9.541105,9.503002,0.2880561,-0.004668951,0.0,0.4523958,0.0,224.49525
2026-05-14 07:59:00-04:00,23.879446,8.7873745,16.637594,16.743486,-0.016827106,9.127087,9.535645,9.503002,0.28814477,-0.004668951,0.0,0.45271623,0.0,224.51488
2026-05-14 08:00:00-04:00,23.879446,8.81875,16.653282,16.735643,-0.016827106,9.123164,9.530214,9.498884,0.28796715,-0.004668951,0.0,0.4527479,0.0,224.49525
2026-05-14 08:01:00-04:00,23.854933,8.854048,16.63367,16.731722,-0.017023087,9.127087,9.530214,9.483753,0.28814477,-0.004668951,0.0,0.45250428,0.0,224.51488
2026-05-14 08:02:00-04:00,23.879446,8.901112,16.617983,16.735643,-0.017219067,9.134931,9.530214,9.480977,0.28814477,-0.004668951,0.0,0.45270544,0.0,224.49525
2026-05-14 08:03:00-04:00,23.879446,8.938366,16.621906,16.727798,-0.016827106,9.138852,9.530214,9.480977,0.28854454,-0.004668951,0.0,0.45282745,0.0,224.49525
2026-05-14 08:04:00-04:00,23.879446,8.956015,16.606218,16.723877,-0.017023087,9.142775,9.530214,9.480977,0.28814477,-0.004472971,0.0,0.45262754,0.0,224.49525
2026-05-14 08:05:00-04:00,23.90396,8.977585,16.602295,16.716034,-0.017219067,9.134931,9.516548,9.480977,0.28849998,-0.004668951,0.0,0.45273384,0.0,224.49525
2026-05-14 08:06:00-04:00,23.90396,8.9873905,16.598373,16.716034,-0.016827106,9.123164,9.520667,9.475516,0.28814477,-0.0048651695,0.0,0.45257124,0.0,224.49525
2026-05-14 08:07:00-04:00,23.879446,9.008961,16.586607,16.71211,-0.016827106,9.127087,9.508372,9.4699955,0.28787833,-0.004472971,0.0,0.45273867,0.0,224.51488
2026-05-14 08:08:00-04:00,23.90396,9.046219,16.574842,16.708189,-0.016827106,9.142775,9.509714,9.458982,0.28832236,-0.004668951,0.0,0.45268923,0.0,224.49525
2026-05-14 08:09:00-04:00,23.854933,9.077595,16.570919,16.68858,-0.017023087,9.146696,9.508372,9.458982,0.28845572,-0.004668951,0.0,0.45274782,0.0,224.49525
2026-05-14 08:10:00-04:00,23.854933,9.099167,16.566998,16.696423,-0.017219067,9.142775,9.508372,9.458982,0.28841132,-0.004472971,0.0,0.45265564,0.0,224.51488
2026-05-14 08:11:00-04:00,23.879446,9.101128,16.566998,16.692501,-0.016630888,9.134931,9.508372,9.458982,0.28823373,-0.0042767525,0.0,0.4527746,0.0,224.49525
2026-05-14 08:12:00-04:00,23.90396,9.101128,16.559155,16.696423,-0.017023087,9.142775,9.508372,9.458982,0.28814477,-0.004472971,0.0,0.45272684,0.0,224.49525
2026-05-14 08:13:00-04:00,32.58124,9.097206,16.55131,16.680735,-0.01623869,9.142775,9.508372,9.45761,0.2880561,-0.0040807724,0.0,0.45278236,0.0,224.49525
2026-05-14 08:14:00-04:00,32.58124,9.099167,16.543467,16.680735,-0.01623869,9.158463,9.508372,9.448,0.28832236,-0.0040807724,0.0,0.45263284,0.0,224.51488
2026-05-14 08:15:00-04:00,32.60575,9.120737,16.539543,16.676813,-0.01584649,9.150619,9.508372,9.437019,0.28832236,-0.0042767525,0.0,0.45271933,0.0,224.51488
2026-05-14 08:16:00-04:00,41.283035,9.148191,16.535622,16.66897,-0.01623869,9.150619,9.508372,9.437019,0.28876656,-0.0042767525,0.0,0.45259574,0.0,224.51488
2026-05-14 08:17:00-04:00,41.307545,9.173683,16.5317,16.66897,-0.016434908,9.162384,9.506999,9.437019,0.28761208,-0.0040807724,0.0,0.45284322,0.0,224.53448
2026-05-14 08:18:00-04:00,41.258522,9.189373,16.523855,16.665047,-0.016042471,9.150619,9.497452,9.437019,0.28814477,-0.0040807724,0.0,0.4528501,0.0,224.49525
2026-05-14 08:19:00-04:00,41.307545,9.193295,16.51209,16.661125,-0.01584649,9.158463,9.489276,9.437019,0.28845572,-0.0038847923,0.0,0.45283654,0.0,224.51488
2026-05-14 08:20:00-04:00,49.98483,9.218786,16.51209,16.661125,-0.01623869,9.158463,9.486499,9.437019,0.28796715,-0.0040807724,0.0,0.4528221,0.0,224.49525
2026-05-14 08:21:00-04:00,51.749683,9.259968,16.488558,16.645437,-0.016042471,9.158463,9.486499,9.431497,0.28796715,-0.0040807724,0.0,0.452884,0.0,224.49525
2026-05-14 08:22:00-04:00,51.749683,9.310953,16.496403,16.665047,-0.016042471,9.158463,9.486499,9.420514,0.2886332,-0.0040807724,0.0,0.45283854,0.0,224.53448
2026-05-14 08:23:00-04:00,51.749683,9.3384075,16.496403,16.653282,-0.016434908,9.170228,9.486499,9.414993,0.28832236,-0.0038847923,0.0,0.4530566,0.0,224.51488
2026-05-14 08:24:00-04:00,51.774197,9.399193,16.500324,16.641516,-0.01584649,9.170228,9.486499,9.414993,0.2888108,-0.0038847923,0.0,0.45283857,0.0,224.49525
2026-05-14 08:25:00-04:00,53.49003,9.448217,16.484636,16.637594,-0.016042471,9.17415,9.486499,9.414993,0.2880561,-0.0038847923,0.0,0.45261133,0.0,224.53448
2026-05-14 08:26:00-04:00,60.451477,9.499203,16.476791,16.63367,-0.01584649,9.170228,9.486499,9.414993,0.2882781,-0.0038847923,0.0,0.4530127,0.0,224.51488
2026-05-14 08:27:00-04:00,60.451477,9.524696,16.480715,16.641516,-0.01584649,9.1663065,9.486499,9.414993,0.28845572,-0.0038847923,0.0,0.4529154,0.0,224.5541
2026-05-14 08:28:00-04:00,60.451477,9.556072,16.465027,16.645437,-0.01623869,9.17415,9.486499,9.414993,0.28832236,-0.0040807724,0.0,0.45283145,0.0,224.5541
2026-05-14 08:29:00-04:00,69.12876,9.585487,16.47287,16.62975,-0.016042471,9.178072,9.472894,9.414993,0.28841132,-0.0040807724,0.0,0.45293644,0.0,224.53448
2026-05-14 08:30:00-04:00,69.079735,9.626667,16.457182,16.62975,-0.016434908,9.185916,9.485157,9.414993,0.28823373,-0.0040807724,0.0,0.45302853,0.0,224.53448
2026-05-14 08:31:00-04:00,69.12876,9.689419,16.461103,16.62975,-0.016042471,9.19376,9.486499,9.414993,0.28872216,-0.0038847923,0.0,0.45283622,0.0,224.53448
2026-05-14 08:32:00-04:00,69.10425,9.726679,16.445415,16.621906,-0.016042471,9.19376,9.481038,9.414993,0.28858894,-0.0038847923,0.0,0.45299312,0.0,224.5541
2026-05-14 08:33:00-04:00,69.12876,9.765898,16.445415,16.621906,-0.01584649,9.205526,9.467402,9.4095335,0.28867775,-0.0038847923,0.0,0.4529883,0.0,224.53448
2026-05-14 08:34:00-04:00,69.12876,9.80904,16.441494,16.61014,-0.016042471,9.205526,9.476981,9.414993,0.28858894,-0.0040807724,0.0,0.4529148,0.0,224.49525
2026-05-14 08:35:00-04:00,69.10425,9.834534,16.429728,16.614061,-0.016042471,9.21337,9.475608,9.414993,0.28867775,-0.0036885738,0.0,0.45284918,0.0,224.51488
2026-05-14 08:36:00-04:00,69.10425,9.856098,16.425806,16.621906,-0.01565051,9.221214,9.476981,9.413651,0.28876656,-0.0038847923,0.0,0.45311543,0.0,224.51488
2026-05-14 08:37:00-04:00,69.10425,9.871786,16.429728,16.621906,-0.01584649,9.217292,9.478323,9.4095335,0.28854454,-0.0038847923,0.0,0.4530348,0.0,224.53448
2026-05-14 08:38:00-04:00,69.10425,9.916889,16.429728,16.617983,-0.01584649,9.23298,9.478323,9.399892,0.28885534,-0.0038847923,0.0,0.4530139,0.0,224.51488
2026-05-14 08:39:00-04:00,69.10425,9.91885,16.429728,16.625828,-0.01584649,9.236902,9.476981,9.406756,0.28876656,-0.0038847923,0.0,0.45297793,0.0,224.51488
2026-05-14 08:40:00-04:00,77.83055,9.97768,16.417963,16.621906,-0.01565051,9.244746,9.481038,9.3985195,0.2888108,-0.0040807724,0.0,0.45304993,0.0,224.51488
2026-05-14 08:41:00-04:00,84.25273,10.036509,16.406197,16.617983,-0.01623869,9.260434,9.481038,9.4095335,0.28867775,-0.0034925938,0.0,0.45304933,0.0,224.49525
2026-05-14 08:42:00-04:00,77.83055,10.07769,16.410118,16.621906,-0.01584649,9.264356,9.475608,9.4095335,0.2886332,-0.0036885738,0.0,0.4531007,0.0,224.53448
2026-05-14 08:43:00-04:00,77.83055,10.124754,16.417963,16.606218,-0.01565051,9.268278,9.486499,9.397146,0.28841132,-0.0034925938,0.0,0.4530174,0.0,224.53448
2026-05-14 08:44:00-04:00,77.83055,10.209076,16.410118,16.617983,-0.01584649,9.2722,9.486499,9.405353,0.2886332,-0.0036885738,0.0,0.45302916,0.0,224.51488
2026-05-14 08:45:00-04:00,77.80604,10.271828,16.406197,16.625828,-0.015454531,9.280044,9.481038,9.406756,0.2888108,-0.0038847923,0.0,0.4529629,0.0,224.49525
2026-05-14 08:46:00-04:00,86.53235,10.342419,16.41404,16.621906,-0.01565051,9.283966,9.481038,9.413651,0.28912178,-0.0038847923,0.0,0.4530465,0.0,224.51488
2026-05-14 08:47:00-04:00,86.507835,10.42478,16.39443,16.625828,-0.015454531,9.299654,9.486499,9.4095335,0.28885534,-0.0038847923,0.0,0.45301533,0.0,224.49525
2026-05-14 08:48:00-04:00,93.469246,10.499298,16.398352,16.625828,-0.016042471,9.3114195,9.486499,9.414993,0.28867775,-0.0038847923,0.0,0.45315814,0.0,224.51488
2026-05-14 08:49:00-04:00,86.53235,10.552244,16.386587,16.62975,-0.01584649,9.319263,9.486499,9.414993,0.2888108,-0.0036885738,0.0,0.45297852,0.0,224.51488
2026-05-14 08:50:00-04:00,86.507835,10.591465,16.39443,16.62975,-0.015454531,9.319263,9.486499,9.414993,0.28858894,-0.0036885738,0.0,0.45318502,0.0,224.49525
2026-05-14 08:51:00-04:00,77.855064,10.654217,16.386587,16.62975,-0.01584649,9.33103,9.486499,9.414993,0.28832236,-0.0036885738,0.0,0.45311797,0.0,224.5541
2026-05-14 08:52:00-04:00,77.855064,10.691475,16.390509,16.62975,-0.01565051,9.33103,9.493333,9.414993,0.28867775,-0.0032963753,0.0,0.45319408,0.0,224.5541
2026-05-14 08:53:00-04:00,83.02711,10.705202,16.378742,16.625828,-0.01584649,9.338874,9.49199,9.414993,0.28854454,-0.0038847923,0.0,0.45296818,0.0,224.53448
2026-05-14 08:54:00-04:00,86.507835,10.730694,16.37482,16.63367,-0.015454531,9.362406,9.50288,9.414993,0.28858894,-0.0034925938,0.0,0.4530792,0.0,224.49525
2026-05-14 08:55:00-04:00,86.53235,10.777752,16.386587,16.637594,-0.015062332,9.374171,9.508372,9.414993,0.28894415,-0.0032963753,0.0,0.45318735,0.0,224.53448
2026-05-14 08:56:00-04:00,95.209625,10.744421,16.37482,16.63367,-0.015258312,9.374171,9.508372,9.414993,0.28845572,-0.0034925938,0.0,0.45311522,0.0,224.53448
2026-05-14 08:57:00-04:00,86.507835,10.758148,16.378742,16.617983,-0.015454531,9.382015,9.508372,9.414993,0.2888108,-0.0034925938,0.0,0.45313704,0.0,224.5541
2026-05-14 08:58:00-04:00,93.49376,10.769909,16.378742,16.637594,-0.015454531,9.389859,9.508372,9.414993,0.2888108,-0.0034925938,0.0,0.45314977,0.0,224.53448
2026-05-14 08:59:00-04:00,112.53968,10.76207,16.37482,16.62975,-0.01584649,9.40947,9.508372,9.414993,0.28889975,-0.0034925938,0.0,0.45307815,0.0,224.51488
2026-05-14 09:00:00-04:00,140.48346,10.783636,16.37482,16.62975,-0.01565051,9.417314,9.508372,9.417739,0.28885534,-0.0036885738,0.0,0.4532438,0.0,224.53448
2026-05-14 09:01:00-04:00,102.46519,10.822855,16.37482,16.63367,-0.01565051,9.4330015,9.508372,9.435646,0.28867775,-0.0034925938,0.0,0.45324022,0.0,224.53448
2026-05-14 09:02:00-04:00,95.23414,10.850309,16.37482,16.62975,-0.01584649,9.444761,9.511086,9.432869,0.28867775,-0.0032963753,0.0,0.45323473,0.0,224.53448
2026-05-14 09:03:00-04:00,88.32172,10.860115,16.382664,16.62975,-0.016042471,9.460449,9.522009,9.437019,0.28907737,-0.0034925938,0.0,0.45328355,0.0,224.5541
2026-05-14 09:04:00-04:00,86.507835,10.865997,16.382664,16.637594,-0.01565051,9.468293,9.530214,9.437019,0.28841132,-0.0034925938,0.0,0.4533455,0.0,224.5737
2026-05-14 09:05:00-04:00,86.507835,10.867958,16.37482,16.62975,-0.016042471,9.480059,9.530214,9.437019,0.28894415,-0.0034925938,0.0,0.4532246,0.0,224.53448
2026-05-14 09:06:00-04:00,86.507835,10.865997,16.37482,16.621906,-0.01584649,9.480059,9.530214,9.441137,0.28858894,-0.0034925938,0.0,0.45342568,0.0,224.5541
2026-05-14 09:07:00-04:00,95.209625,10.881685,16.37482,16.63367,-0.015454531,9.507513,9.541105,9.448,0.28885534,-0.0036885738,0.0,0.45313433,0.0,224.5541
2026-05-14 09:08:00-04:00,95.209625,10.895412,16.378742,16.62975,-0.01565051,9.523201,9.546566,9.453492,0.28858894,-0.0031003952,0.0,0.4533055,0.0,224.5541
2026-05-14 09:09:00-04:00,95.18512,10.928749,16.378742,16.63367,-0.01584649,9.523201,9.552027,9.458982,0.28849998,-0.0036885738,0.0,0.45330608,0.0,224.5737
2026-05-14 09:10:00-04:00,102.19556,10.934631,16.37482,16.625828,-0.01565051,9.531045,9.552027,9.458982,0.28858894,-0.0032963753,0.0,0.45319933,0.0,224.5541
2026-05-14 09:11:00-04:00,103.935936,10.985619,16.366976,16.637594,-0.015062332,9.546733,9.552027,9.458982,0.28832236,-0.0032963753,0.0,0.4533637,0.0,224.53448
2026-05-14 09:12:00-04:00,112.58871,11.040525,16.37482,16.62975,-0.015258312,9.558498,9.552027,9.458982,0.28858894,-0.0032963753,0.0,0.4532476,0.0,224.5541
2026-05-14 09:13:00-04:00,121.31501,11.091511,16.37482,16.62975,-0.015258312,9.562421,9.560232,9.468623,0.28867775,-0.0032963753,0.0,0.4534389,0.0,224.5541
2026-05-14 09:14:00-04:00,121.2905,11.107199,16.363054,16.62975,-0.015454531,9.589874,9.573869,9.480977,0.28849998,-0.0034925938,0.0,0.45330116,0.0,224.5737
2026-05-14 09:15:00-04:00,140.3854,11.179756,16.366976,16.62975,-0.015258312,9.597719,9.573869,9.480977,0.28867775,-0.0032963753,0.0,0.45335457,0.0,224.51488
2026-05-14 09:16:00-04:00,140.48346,11.260151,16.366976,16.62975,-0.015062332,9.597719,9.573869,9.480977,0.28876656,-0.0027079582,0.0,0.45355487,0.0,224.5541
2026-05-14 09:17:00-04:00,140.45894,11.334669,16.3709,16.641516,-0.015258312,9.613407,9.582075,9.480977,0.28832236,-0.0032963753,0.0,0.4535598,0.0,224.5541
2026-05-14 09:18:00-04:00,140.45894,11.424873,16.3709,16.63367,-0.015258312,9.62125,9.595711,9.49199,0.28876656,-0.0031003952,0.0,0.453511,0.0,224.53448
2026-05-14 09:19:00-04:00,166.58884,11.519001,16.37482,16.649359,-0.014866114,9.633017,9.595711,9.503002,0.2893438,-0.0027079582,0.0,0.45352322,0.0,224.49525
2026-05-14 09:20:00-04:00,166.56432,11.59548,16.363054,16.665047,-0.014669895,9.629095,9.595711,9.503002,0.28841132,-0.0029044151,0.0,0.45344123,0.0,224.5541
2026-05-14 09:21:00-04:00,159.6519,11.652349,16.3709,16.661125,-0.015258312,9.660471,9.595711,9.503002,0.28841132,-0.0027079582,0.0,0.45327494,0.0,224.53448
2026-05-14 09:22:00-04:00,157.88704,11.687641,16.3709,16.66897,-0.014866114,9.672236,9.617584,9.503002,0.28876656,-0.0025119781,0.0,0.45334995,0.0,224.5541
2026-05-14 09:23:00-04:00,166.58884,11.666077,16.382664,16.680735,-0.014866114,9.672236,9.617584,9.507121,0.28858894,-0.0025119781,0.0,0.4535665,0.0,224.5737
2026-05-14 09:24:00-04:00,166.58884,11.636662,16.378742,16.696423,-0.015062332,9.684002,9.617584,9.5153265,0.28876656,-0.0025119781,0.0,0.45345232,0.0,224.5541
2026-05-14 09:25:00-04:00,175.29063,11.619013,16.378742,16.696423,-0.015062332,9.703612,9.639366,9.524998,0.28894415,-0.0027079582,0.0,0.45352122,0.0,224.5541
2026-05-14 09:26:00-04:00,192.71873,11.599403,16.37482,16.71211,-0.014866114,9.7193,9.639366,9.524998,0.2886332,-0.0027079582,0.0,0.4533804,0.0,224.5737
2026-05-14 09:27:00-04:00,234.38927,11.648428,16.378742,16.716034,-0.014866114,9.738911,9.639366,9.524998,0.28885534,-0.0021197796,0.0,0.45362604,0.0,224.5737
2026-05-14 09:28:00-04:00,237.74744,11.709211,18.480904,19.77514,0.13495183,12.6333,9.639366,13.943785,0.5575072,-0.0038847923,99.57896,0.49139917,0.0,223.18143
2026-05-14 09:29:00-04:00,243.04204,11.768042,13.809877,13.4255295,0.13808942,14.151085,9.6407385,12.798663,0.5590171,-0.0038847923,99.07727,0.49115914,0.0,220.67139
2026-05-14 09:30:00-04:00,272.5546,11.805302,16.700346,16.923893,0.1371088,14.872724,9.661238,15.298694,0.55644155,-0.0038847923,99.92684,0.48883152,0.0,220.691
2026-05-14 09:31:00-04:00,286.5265,11.911194,14.413857,14.821738,0.13573599,14.390326,9.661238,13.177135,0.5626583,-0.0036885738,99.39607,0.48825842,0.0,213.96487
2026-05-14 09:32:00-04:00,258.65625,12.015125,15.892422,15.833598,0.13769722,15.2413845,9.683081,15.322093,0.5613262,-0.0036885738,99.638916,0.48924762,0.0,214.0041
2026-05-14 09:33:00-04:00,255.20004,12.04258,15.029597,15.574747,0.1371088,14.680547,9.683081,13.957575,0.5608376,-0.0036885738,99.372635,0.48697433,0.0,214.0041
2026-05-14 09:34:00-04:00,237.84547,12.062191,15.492386,15.46101,0.13455963,15.2413845,9.683081,15.067322,0.56221414,-0.0036885738,99.12474,0.48658535,0.0,213.9845
2026-05-14 09:35:00-04:00,236.08063,12.064152,15.37081,15.790457,0.1363244,14.943319,9.683081,14.592255,0.5604824,-0.0038847923,99.39723,0.4854125,0.0,213.9845
2026-05-14 09:36:00-04:00,214.70607,12.036697,15.355122,15.4649315,0.13652062,15.221775,9.704893,14.968202,0.55777365,-0.0036885738,99.621,0.48525378,0.0,214.0041
2026-05-14 09:37:00-04:00,201.32248,12.048462,15.511995,15.81791,0.13750124,15.131569,9.704893,14.83049,0.5597718,-0.0038847923,99.23383,0.48492858,0.0,213.9845
2026-05-14 09:38:00-04:00,201.27345,12.036697,15.406102,15.598279,0.1363244,15.229618,9.726766,14.907614,0.56017154,-0.0038847923,99.29524,0.48414126,0.0,214.02371
2026-05-14 09:39:00-04:00,209.95073,12.062191,15.547294,15.81791,0.13495183,15.2413845,9.726766,15.006733,0.5612373,-0.0038847923,99.25485,0.48675773,0.0,214.02371
2026-05-14 09:40:00-04:00,208.40645,12.091606,15.484542,15.723783,0.13436365,15.29237,9.733569,14.970947,0.56296915,-0.0038847923,99.61175,0.48365176,0.0,214.0041
2026-05-14 09:41:00-04:00,218.67703,12.1171,15.621811,15.845365,0.13691282,15.343356,9.748578,15.09487,0.5587505,-0.0038847923,99.56022,0.48252153,0.0,213.9845
2026-05-14 09:42:00-04:00,227.37883,12.150429,15.629655,15.8885,0.1378932,15.3864975,9.760872,15.114151,0.5605268,-0.0034925938,99.44455,0.47940746,0.0,214.02371
2026-05-14 09:43:00-04:00,263.90182,12.254364,15.743393,15.970861,0.13534403,15.472775,9.77042,15.220197,0.55910575,-0.0036885738,99.5301,0.47911704,0.0,214.0041
2026-05-14 09:44:00-04:00,286.5265,12.379868,15.837521,16.10421,0.13397121,15.566903,9.77042,15.312483,0.557685,-0.0036885738,99.06615,0.47950915,0.0,213.92566
2026-05-14 09:45:00-04:00,310.8425,12.483799,16.02577,16.288544,0.13475561,15.708095,9.792262,15.4667,0.55644155,-0.0032963753,99.38724,0.48022088,0.0,213.92566
2026-05-14 09:46:00-04:00,316.11255,12.583809,16.217947,16.49248,0.13573599,15.8885,9.793635,15.640229,0.5583953,-0.0034925938,99.44215,0.48073396,0.0,213.94527
2026-05-14 09:47:00-04:00,326.53027,12.766174,16.39443,16.68858,0.1363244,16.072834,9.81139,15.830325,0.5590171,-0.0036885738,99.49657,0.4780292,0.0,213.9845
2026-05-14 09:48:00-04:00,265.6667,12.9171715,16.602295,16.912127,0.13475561,16.249323,9.814105,16.020422,0.5583953,-0.0034925938,99.43261,0.4776926,0.0,213.9845
2026-05-14 09:49:00-04:00,239.61037,13.007378,16.723877,17.002333,0.13220644,16.41404,9.830517,16.151272,0.5586619,-0.0032963753,99.54932,0.4783798,0.0,213.96487
2026-05-14 09:50:00-04:00,246.66983,13.079929,16.87683,17.151367,0.13514781,16.543467,9.835947,16.28627,0.5624805,-0.0034925938,99.63906,0.47988492,0.0,213.94527
2026-05-14 09:51:00-04:00,211.7401,13.099537,16.9788,17.221964,0.13652062,16.680735,9.8578205,16.41715,0.5600826,-0.0032963753,99.55849,0.47989213,0.0,213.9845
2026-05-14 09:52:00-04:00,209.95073,13.164249,17.053318,17.30432,0.13514781,16.774862,9.8578205,16.488783,0.5600826,-0.0034925938,99.39842,0.4795522,0.0,213.9845
2026-05-14 09:53:00-04:00,204.70515,13.193665,17.13568,17.38276,0.13730478,16.861141,9.875545,16.579699,0.55661917,-0.0036885738,99.59856,0.47955948,0.0,213.96487
2026-05-14 09:54:00-04:00,196.07689,13.2309265,17.19451,17.44159,0.13514781,16.923893,9.879663,16.654108,0.55830663,-0.0029044151,99.53921,0.479375,0.0,213.94527
2026-05-14 09:55:00-04:00,190.83131,13.228962,17.24549,17.488653,0.13475561,16.99841,9.901474,16.725773,0.55772924,-0.0029044151,99.50203,0.47822198,0.0,214.02371
2026-05-14 09:56:00-04:00,190.8068,13.250534,17.300398,17.535717,0.13573599,17.045475,9.901474,16.76986,0.55777365,-0.0034925938,99.757576,0.47874218,0.0,213.9845
2026-05-14 09:57:00-04:00,189.09093,13.305443,17.335695,17.567093,0.13514781,17.084694,9.923317,16.813944,0.55715203,-0.0032963753,99.59262,0.47855955,0.0,213.96487
2026-05-14 09:58:00-04:00,187.35059,13.334858,17.359226,17.594545,0.1363244,17.139603,9.926032,16.852505,0.5555979,-0.0032963753,99.27064,0.47853252,0.0,214.0041
2026-05-14 09:59:00-04:00,192.64519,13.342701,17.359226,17.60239,0.13514781,17.13568,9.945191,16.76986,0.4884127,-0.001531601,0.0,0.45400897,0.0,213.9845
2026-05-14 10:00:00-04:00,192.66971,13.370155,17.359226,17.614157,0.13514781,17.104303,9.956081,16.725773,0.4884127,-0.001531601,0.0,0.4539051,0.0,214.0041
2026-05-14 10:01:00-04:00,192.66971,13.450554,17.374914,17.618078,0.1363244,17.025864,9.967032,16.703716,0.4884127,-0.0013356209,0.0,0.45414105,0.0,214.0041
2026-05-14 10:02:00-04:00,197.79272,13.517231,17.367071,17.622,0.13691282,16.986645,9.988844,16.70097,0.4884127,-0.0032963753,97.37222,0.47821435,0.0,214.0041
2026-05-14 10:03:00-04:00,204.68063,13.613312,17.469042,17.688673,0.13730478,17.178822,9.988844,16.987537,0.5625695,-0.0027079582,99.392715,0.47742882,0.0,213.9845
2026-05-14 10:04:00-04:00,211.69107,13.7211685,17.437666,17.704355,0.13750124,17.198431,10.010687,16.924171,0.55981636,-0.0027079582,99.26929,0.47666034,0.0,214.0041
2026-05-14 10:05:00-04:00,216.88763,13.870201,17.492575,17.716122,0.13495183,17.280787,10.03253,17.01786,0.55981636,-0.0025119781,99.606926,0.47732922,0.0,213.9845
2026-05-14 10:06:00-04:00,223.8981,13.964329,17.52395,17.774952,0.13495183,17.296474,10.03253,17.012371,0.55981636,-0.0021197796,99.62698,0.4773402,0.0,213.9845
2026-05-14 10:07:00-04:00,229.09467,14.09375,17.559248,17.794561,0.13652062,17.335695,10.054373,17.012371,0.55981636,-0.0025119781,99.31706,0.47899455,0.0,213.9845
2026-05-14 10:08:00-04:00,234.29121,14.207489,17.606312,17.849468,0.13534403,17.38668,10.065325,17.10054,0.5582177,-0.0027079582,99.366196,0.47996995,0.0,213.9845
2026-05-14 10:09:00-04:00,246.47374,14.338875,17.645533,17.873001,0.13573599,17.433744,10.076245,17.148743,0.5561752,-0.002315998,99.181175,0.47702318,0.0,213.96487
2026-05-14 10:10:00-04:00,270.83878,14.419273,17.73181,17.955362,0.13652062,17.472965,10.098087,17.210737,0.5593723,-0.0025119781,99.44196,0.47817293,0.0,214.0041
2026-05-14 10:11:00-04:00,281.18286,14.489864,17.829859,18.061256,0.13534403,17.567093,10.1199,17.30034,0.5583953,-0.0025119781,99.73377,0.47726166,0.0,214.0041
2026-05-14 10:12:00-04:00,282.99673,14.460449,17.92791,18.206364,0.13652062,17.665142,10.1199,17.41194,0.5558199,-0.002315998,99.48586,0.47765744,0.0,214.0041
2026-05-14 10:13:00-04:00,291.72305,14.332993,18.045568,18.31618,0.13652062,17.79064,10.141743,17.519453,0.55644155,-0.0027079582,99.251724,0.47747442,0.0,214.0041
2026-05-14 10:14:00-04:00,288.21786,14.360443,18.17891,18.441683,0.13495183,17.920065,10.163585,17.646278,0.55586433,-0.0025119781,99.89868,0.4784519,0.0,213.9845
2026-05-14 10:15:00-04:00,314.17615,14.417313,18.308336,18.586796,0.13593245,18.018114,10.163585,17.756445,0.5580401,-0.0025119781,99.62546,0.47781894,0.0,214.0041
2026-05-14 10:16:00-04:00,319.51978,14.460449,18.488747,18.759357,0.13554001,18.174988,10.185427,17.924608,0.557374,-0.0025119781,99.266266,0.4760689,0.0,214.0041
2026-05-14 10:17:00-04:00,329.9374,14.544773,18.653465,18.935848,0.13593245,18.359322,10.207271,18.087284,0.55519825,-0.0021197796,99.39741,0.4765055,0.0,213.9845
2026-05-14 10:18:00-04:00,356.04276,14.631054,18.869173,19.167238,0.1367166,18.516201,10.220936,18.260971,0.55666345,-0.002315998,99.487564,0.47632322,0.0,214.0041
2026-05-14 10:19:00-04:00,384.0111,14.703613,19.088799,19.410402,0.13573599,18.735826,10.230516,18.48564,0.5580401,-0.0021197796,99.429146,0.4768165,0.0,214.02371
2026-05-14 10:20:00-04:00,385.60434,14.752636,19.402557,19.731998,0.13534403,18.98291,10.250955,18.755857,0.553644,-0.002315998,99.58872,0.47661564,0.0,214.02371
2026-05-14 10:21:00-04:00,376.9026,14.813427,19.661404,19.983006,0.13377523,19.261366,10.272799,19.02742,0.5531556,-0.0021197796,99.56247,0.47508764,0.0,214.0041
2026-05-14 10:22:00-04:00,394.47778,15.0056,19.943787,20.28107,0.13612843,19.520218,10.29467,19.278387,0.5547541,-0.002315998,99.67272,0.47670707,0.0,214.02371
2026-05-14 10:23:00-04:00,434.3099,15.08992,20.257538,20.614433,0.13691282,19.810438,10.29467,19.581713,0.5569744,-0.0019237995,99.862465,0.47585383,0.0,214.04332
2026-05-14 10:24:00-04:00,463.77347,15.287983,20.669342,21.041924,0.13514781,20.147722,10.302846,19.951303,0.5512017,-0.001727581,99.58072,0.47589853,0.0,214.02371
2026-05-14 10:25:00-04:00,491.69272,15.327202,21.108597,21.508635,0.13495183,20.543839,10.338356,20.362299,0.55542016,-0.0021197796,99.90836,0.47649592,0.0,214.08253
2026-05-14 10:26:00-04:00,483.0154,15.380142,21.622372,22.00672,0.13612843,21.010548,10.360199,20.845055,0.5547985,-0.0019237995,99.861206,0.4757869,0.0,211.82742
2026-05-14 10:27:00-04:00,447.17877,15.464466,22.093004,22.49304,0.13612843,21.46157,10.38201,21.285131,0.553422,-0.0019237995,99.86421,0.47595152,0.0,212.12158
2026-05-14 10:28:00-04:00,498.1394,15.578201,22.53226,22.932297,0.13475561,21.916515,10.383414,21.733572,0.55284476,-0.0021197796,99.71585,0.47564015,0.0,212.10196
2026-05-14 10:29:00-04:00,496.79123,15.699783,23.061722,23.493135,0.1341672,22.367537,10.409344,22.226189,0.55448765,-0.0019237995,99.844086,0.4757753,0.0,212.12158
2026-05-14 10:30:00-04:00,505.54202,15.837048,23.575497,24.02652,0.13573599,22.873466,10.425725,22.718933,0.55528694,-0.0019237995,100.00404,0.4754072,0.0,212.1608
2026-05-14 10:31:00-04:00,521.2788,15.974319,24.144173,24.579514,0.13495183,23.40685,10.447569,23.108158,0.5549319,-0.0019237995,99.98907,0.475902,0.0,212.14119
2026-05-14 10:32:00-04:00,517.72455,16.062561,24.681479,25.136423,0.13573599,23.920626,10.469411,23.79981,0.55093527,-0.0019237995,99.97814,0.4755325,0.0,212.1804
2026-05-14 10:33:00-04:00,477.76984,16.231209,25.222706,25.626665,0.1341672,24.457932,10.491254,24.394962,0.553866,-0.0019237995,99.75463,0.47579396,0.0,212.1608
2026-05-14 10:34:00-04:00,514.2684,16.378277,25.697262,26.156128,0.13475561,24.916798,10.513126,24.80372,0.5542213,-0.001727581,99.89473,0.47542027,0.0,212.1608
2026-05-14 10:35:00-04:00,455.6354,16.437107,26.269865,26.713043,0.13455963,25.454103,10.534938,25.381092,0.5523118,-0.0019237995,100.01963,0.47618306,0.0,212.20001
2026-05-14 10:36:00-04:00,336.82532,16.40377,26.62676,26.987576,0.13455963,25.924736,10.556812,25.816221,0.5519121,-0.0019237995,100.033775,0.47535497,0.0,212.23924
2026-05-14 10:37:00-04:00,296.8706,16.399849,26.791483,27.13269,0.13475561,26.156128,10.578655,26.013784,0.55151266,-0.001727581,99.6127,0.4751275,0.0,212.23924
2026-05-14 10:38:00-04:00,349.03235,16.399849,26.909138,27.242506,0.13455963,26.336538,10.600467,26.193409,0.55160135,-0.001531601,99.98303,0.4757373,0.0,212.23924
2026-05-14 10:39:00-04:00,321.18665,16.364548,27.17191,27.528805,0.13495183,26.552242,10.622309,26.433844,0.5519121,-0.0019237995,100.152534,0.47530004,0.0,212.23924
2026-05-14 10:40:00-04:00,310.7935,16.309643,27.28957,27.626854,0.13534403,26.728731,10.644214,26.616245,0.5518235,-0.001531601,100.23922,0.4755467,0.0,212.23924
2026-05-14 10:41:00-04:00,293.3899,16.205715,27.48174,27.815104,0.13475561,26.897371,10.666024,26.815214,0.5547097,-0.0019237995,100.227196,0.47578368,0.0,212.25885
2026-05-14 10:42:00-04:00,269.02484,16.105705,27.587635,27.92492,0.1367166,27.058172,10.687868,26.947882,0.55395484,-0.001727581,100.2775,0.47553468,0.0,212.25885
2026-05-14 10:43:00-04:00,267.28452,16.044914,27.701372,28.003359,0.13495183,27.164066,10.709711,27.088882,0.54951423,-0.001531601,100.02909,0.4761969,0.0,212.25885
2026-05-14 10:44:00-04:00,276.01083,16.137081,27.830791,28.14455,0.1367166,27.281725,10.731552,27.193874,0.5485374,-0.001727581,100.169205,0.47483245,0.0,216.67102
2026-05-14 10:45:00-04:00,251.62126,16.307682,27.968061,28.266127,0.1371088,27.411144,10.757483,27.36804,0.5510241,-0.0019237995,100.09656,0.47505045,0.0,216.67102
2026-05-14 10:46:00-04:00,295.0812,16.464561,28.06219,28.387707,0.13377523,27.50135,10.775239,27.442673,0.5510241,-0.0021197796,100.042755,0.47563627,0.0,216.69063
2026-05-14 10:47:00-04:00,219.31436,16.548882,28.254366,28.556353,0.13514781,27.681763,10.7971115,27.659678,0.5512905,-0.001727581,99.993164,0.47559282,0.0,216.74947
2026-05-14 10:48:00-04:00,221.88812,16.599869,28.254366,28.540665,0.13514781,27.756279,10.818954,27.67765,0.55066884,-0.0019237995,99.93342,0.47549513,0.0,216.71024
2026-05-14 10:49:00-04:00,242.89496,16.552803,28.340643,28.623026,0.13514781,27.819025,10.820327,27.78826,0.5512017,-0.0019237995,100.16918,0.47502348,0.0,216.72984
2026-05-14 10:50:00-04:00,296.69904,16.56065,28.446537,28.7799,0.13495183,27.897465,10.883141,27.837994,0.5498251,-0.0021197796,99.92974,0.47619143,0.0,216.71024
2026-05-14 10:51:00-04:00,346.72818,16.537117,28.681856,29.023064,0.13573599,28.089642,10.906356,28.073034,0.5492478,-0.001727581,100.10615,0.47647867,0.0,216.72984
2026-05-14 10:52:00-04:00,281.15836,16.493977,28.960312,29.309362,0.13455963,28.321033,10.928167,28.330133,0.5526226,-0.0019237995,100.03019,0.47658682,0.0,216.74947
2026-05-14 10:53:00-04:00,281.15836,16.495937,29.085815,29.395645,0.13554001,28.521055,10.950041,28.487797,0.5511574,-0.001727581,100.11952,0.47674033,0.0,216.74947
2026-05-14 10:54:00-04:00,393.81595,16.378277,29.332893,29.697632,0.1363244,28.674013,10.971913,28.678562,0.55146825,-0.0021197796,100.01417,0.47622746,0.0,216.74947
2026-05-14 10:55:00-04:00,416.8083,16.495937,29.79176,30.187876,0.1341672,29.007376,10.993756,29.071299,0.5519121,-0.0019237995,99.98881,0.4767202,0.0,216.76907
2026-05-14 10:56:00-04:00,345.5516,16.617516,30.223173,30.611443,0.13455963,29.434866,11.0156,29.256605,0.55195653,-0.0021197796,100.01243,0.47620687,0.0,216.74947
2026-05-14 10:57:00-04:00,237.60036,16.654778,30.446726,30.776167,0.1363244,29.756462,11.040157,29.79599,0.5519121,-0.001727581,100.04789,0.47716746,0.0,216.74947
2026-05-14 10:58:00-04:00,225.81004,16.70184,30.568302,30.917358,0.13455963,29.866278,11.079784,29.859612,0.55213434,-0.001727581,100.057625,0.47514158,0.0,216.78868
2026-05-14 10:59:00-04:00,267.0394,16.711647,30.701649,30.987953,0.13573599,30.085909,11.103001,30.111382,0.5525339,-0.0019237995,100.24735,0.47616333,0.0,216.76907
2026-05-14 11:00:00-04:00,247.03752,16.768509,30.909515,31.301706,0.13593245,30.207485,11.124844,30.222055,0.55093527,-0.001531601,100.13344,0.47669494,0.0,216.74947
2026-05-14 11:01:00-04:00,272.48108,16.746937,31.038935,31.372303,0.13652062,30.403584,11.146687,30.415724,0.5512905,-0.0019237995,100.13933,0.4763144,0.0,216.74947
2026-05-14 11:02:00-04:00,296.55197,16.676346,31.321318,31.65468,0.13573599,30.611443,11.168529,30.700724,0.54960304,-0.0021197796,100.06457,0.47586986,0.0,216.78868
2026-05-14 11:03:00-04:00,474.0685,16.64497,31.584084,32.031185,0.1367166,30.799698,11.1903715,30.830774,0.54889256,-0.0019237995,100.16983,0.47532216,0.0,216.76907
2026-05-14 11:04:00-04:00,502.0123,16.766548,32.36063,32.819496,0.13534403,31.364458,11.217674,31.572453,0.54960304,-0.0019237995,100.081825,0.49915415,0.0,216.78868
2026-05-14 11:05:00-04:00,500.29642,16.876362,33.01559,33.529366,0.13573599,31.972355,11.238175,32.13575,0.54889256,-0.0019237995,100.34911,0.4896331,0.0,216.80829
2026-05-14 11:06:00-04:00,553.9289,16.939114,33.839195,34.37258,0.13612843,32.697914,11.275059,32.945553,0.55022484,-0.001727581,100.32247,0.6000665,0.0,216.80829
2026-05-14 11:07:00-04:00,534.5398,16.976372,34.654964,35.231483,0.13554001,33.44308,11.299615,33.65863,0.5473829,-0.0019237995,100.2904,0.6042978,0.0,216.8279
2026-05-14 11:08:00-04:00,468.97,17.039124,35.451115,35.980576,0.13534403,34.23531,11.32152,34.454994,0.55022484,-0.0019237995,100.15435,0.6186562,0.0,216.8475
2026-05-14 11:09:00-04:00,430.68207,17.0705,36.06293,36.557095,0.13573599,34.886353,11.343302,35.128204,0.54476297,-0.0019237995,100.31597,0.59084976,0.0,216.86713
2026-05-14 11:10:00-04:00,519.39136,17.060696,36.70221,37.274815,0.13573599,35.474648,11.365206,35.6547,0.55040246,-0.0019237995,100.56544,0.5532543,0.0,216.88673
2026-05-14 11:11:00-04:00,389.10962,17.025398,37.435608,37.90232,0.13652062,36.23942,11.387049,36.511116,0.5492478,-0.001531601,100.20928,0.60144675,0.0,216.88673
2026-05-14 11:12:00-04:00,340.257,17.054813,37.823887,38.306282,0.13652062,36.725742,11.428018,36.892242,0.549692,-0.0019237995,100.07667,0.59751475,0.0,216.88673
2026-05-14 11:13:00-04:00,282.97223,17.039124,38.18078,38.620037,0.13691282,37.14931,11.432107,37.356647,0.5493812,-0.0019237995,100.1513,0.63390046,0.0,216.88673
2026-05-14 11:14:00-04:00,310.818,17.080307,38.341583,38.718086,0.13593245,37.42385,11.474449,37.595078,0.5487151,-0.001531601,100.195404,0.669096,0.0,216.92595
2026-05-14 11:15:00-04:00,616.8024,17.233257,38.83574,39.451485,0.1367166,37.667007,11.496293,37.854355,0.54525137,-0.001727581,100.19578,0.7394803,0.0,216.88673
2026-05-14 11:16:00-04:00,562.85126,17.425434,39.929962,40.47119,0.13554001,38.561207,11.518135,39.004017,0.545962,-0.001531601,100.47832,0.8055449,0.0,216.86713
2026-05-14 11:17:00-04:00,578.53906,17.713696,40.812397,41.490894,0.13750124,39.37697,11.556391,39.72391,0.54516256,-0.001531601,100.262955,0.8026202,0.0,219.96542
2026-05-14 11:18:00-04:00,581.97076,17.84312,41.84387,42.455692,0.13514781,40.38883,11.582353,40.79646,0.5480045,-0.001727581,100.30155,0.7799461,0.0,220.04387
2026-05-14 11:19:00-04:00,529.6619,17.950974,42.80082,43.495,0.13691282,41.25165,11.605536,41.684715,0.5497808,-0.001727581,100.07153,0.763,0.0,222.57352
2026-05-14 11:20:00-04:00,491.52115,17.856846,43.65972,44.263702,0.1367166,42.141933,11.627411,42.567684,0.546095,-0.001531601,100.24059,0.7782521,0.0,222.59312
2026-05-14 11:21:00-04:00,531.50037,17.84312,44.4245,45.059853,0.13495183,42.89887,11.650625,42.800945,0.545962,-0.001531601,100.26369,0.7352138,0.0,222.61273
2026-05-14 11:22:00-04:00,554.125,17.866653,45.3187,45.957977,0.13554001,43.71071,11.692969,44.18425,0.5467611,-0.0013356209,100.57027,0.7740356,0.0,222.63235
2026-05-14 11:23:00-04:00,534.85846,17.990196,46.23251,46.887474,0.13573599,44.593143,11.714844,45.084564,0.5456954,-0.001727581,100.44761,0.82730705,0.0,222.67157
2026-05-14 11:24:00-04:00,414.8473,18.219624,47.138477,47.7856,0.13691282,45.463814,11.736654,45.98092,0.5456954,-0.0019237995,100.26754,0.9831403,0.0,222.67157
2026-05-14 11:25:00-04:00,340.8698,18.143147,47.526752,47.98954,0.13730478,46.146233,11.780402,46.61895,0.54685,-0.001531601,100.38955,0.98638904,0.0,222.71078
2026-05-14 11:26:00-04:00,533.26526,18.245117,48.146416,48.86021,0.13769722,46.54627,11.802214,46.981796,0.5434753,-0.001531601,100.22705,1.023162,0.0,222.69118
2026-05-14 11:27:00-04:00,627.04846,18.4118,49.146507,49.781864,0.13848162,47.47969,11.824088,48.193,0.54436314,-0.001531601,100.382065,1.0231835,0.0,222.67157
2026-05-14 11:28:00-04:00,566.72424,18.4118,50.323093,51.087868,0.13495183,48.440563,11.852764,49.066544,0.54471856,-0.001531601,100.134026,0.9335932,0.0,222.71078
2026-05-14 11:29:00-04:00,521.4749,18.421608,51.217293,51.891865,0.1367166,49.468105,11.889677,50.131004,0.54063314,-0.001531601,100.477005,0.9423206,0.0,222.71078
2026-05-14 11:30:00-04:00,534.95654,18.419647,52.14287,52.829205,0.13691282,50.35447,11.91149,50.97998,0.5416102,-0.001531601,100.24826,0.9060527,0.0,222.7304
2026-05-14 11:31:00-04:00,541.91797,18.40984,53.021385,53.695953,0.13573599,51.217293,11.933394,51.813896,0.54063314,-0.001531601,100.52631,1.0354172,0.0,222.71078
2026-05-14 11:32:00-04:00,600.37933,18.38631,53.950882,54.66075,0.13554001,52.131104,11.9689045,52.752495,0.5411661,-0.001531601,100.26486,1.2579656,0.0,222.76962
2026-05-14 11:33:00-04:00,507.52753,18.498085,55.00196,55.735363,0.13495183,53.08021,11.998953,53.77213,0.5420542,-0.0019237995,100.39205,1.2786975,0.0,222.76962
2026-05-14 11:34:00-04:00,446.44342,18.570637,55.664764,56.23344,0.13593245,53.958725,12.026225,54.62486,0.54010046,-0.001531601,100.24178,1.2931428,0.0,222.76962
2026-05-14 11:35:00-04:00,469.23965,18.515736,56.241287,56.88057,0.13652062,54.550934,12.06317,55.143303,0.5425872,-0.001531601,100.38425,1.3190461,0.0,222.78923
2026-05-14 11:36:00-04:00,399.4292,18.437294,56.84135,57.429634,0.13750124,55.16275,12.086325,55.798424,0.5399227,-0.0013356209,100.17174,1.2416475,0.0,222.76962
2026-05-14 11:37:00-04:00,455.07162,18.42553,57.288445,57.845367,0.13652062,55.676533,12.130072,56.30867,0.5383242,-0.0013356209,100.642456,1.1787398,0.0,222.78923
2026-05-14 11:38:00-04:00,431.93222,18.56672,57.857132,58.378746,0.1367166,56.20991,12.146453,56.885956,0.54085535,-0.001531601,100.25602,1.2357426,0.0,222.76962
2026-05-14 11:39:00-04:00,590.55,18.705944,58.355213,59.053314,0.13534403,56.649174,12.173788,57.275047,0.54063314,-0.0013356209,100.282524,1.318067,0.0,223.47557
2026-05-14 11:40:00-04:00,470.75934,18.633389,59.316086,59.904373,0.13593245,57.496307,12.217474,58.332325,0.5399227,-0.001531601,100.219345,1.456455,0.0,223.49518
2026-05-14 11:41:00-04:00,475.8089,18.63927,59.786713,60.441685,0.13573599,58.07675,12.250268,58.77461,0.539834,-0.001531601,100.52189,1.4616703,0.0,223.49518
2026-05-14 11:42:00-04:00,409.65073,18.705944,60.394623,60.88878,0.13495183,58.755257,12.272112,59.490444,0.539834,-0.0013356209,100.11685,1.560286,0.0,223.5148
2026-05-14 11:43:00-04:00,448.50238,18.73536,60.77112,61.38687,0.1363244,59.12391,12.304906,59.770985,0.53756917,-0.0013356209,100.27526,1.4993508,0.0,223.5148
2026-05-14 11:44:00-04:00,555.20355,18.851059,61.37903,61.983,0.13593245,59.66122,12.328154,60.427,0.5385017,-0.0013356209,100.214226,1.442579,0.0,223.49518
2026-05-14 11:45:00-04:00,667.17474,18.945187,62.332058,63.081146,0.1378932,60.35932,12.367752,61.214455,0.53565985,-0.001139164,100.34004,1.5350009,0.0,223.5148
2026-05-14 11:46:00-04:00,678.3032,19.037346,63.540005,64.293015,0.1382854,61.457466,12.39237,61.61384,0.537969,-0.0013356209,100.246315,1.5752172,0.0,223.49518
2026-05-14 11:47:00-04:00,649.9673,19.286392,64.76366,65.610794,0.13691282,62.57521,12.433342,63.477253,0.53450537,-0.0013356209,100.448074,1.7307736,0.0,223.53441
2026-05-14 11:48:00-04:00,671.0477,19.515823,65.90102,66.669716,0.13848162,63.755714,12.457961,64.681885,0.53641486,-0.001139164,100.48184,1.7835106,0.0,223.55402
2026-05-14 11:49:00-04:00,658.6936,19.813892,67.19917,68.081604,0.13691282,64.87347,12.48798,65.849236,0.5383242,-0.001139164,100.37952,1.8361969,0.0,241.5557
2026-05-14 11:50:00-04:00,655.04126,19.813892,68.41498,69.23466,0.13750124,66.12456,12.52352,67.07293,0.5396119,-0.0013356209,100.22835,1.8110298,0.0,241.5753
2026-05-14 11:51:00-04:00,635.7503,19.894295,69.748436,70.60734,0.1382854,67.34036,12.56449,68.37688,0.5353933,-0.001139164,100.20288,1.7438543,0.0,241.5557
2026-05-14 11:52:00-04:00,651.09485,19.894295,70.964226,71.83098,0.13808942,68.5444,12.589049,69.55948,0.5353046,-0.001139164,100.20152,1.637045,0.0,242.84991
2026-05-14 11:53:00-04:00,647.6877,19.959,72.305534,73.17229,0.13750124,69.80333,12.624591,70.84201,0.5353046,-0.0013356209,100.21233,1.7815533,0.0,242.84991
2026-05-14 11:54:00-04:00,653.10486,20.070778,73.57623,74.435135,0.1382854,71.023056,12.654639,72.0704,0.5335283,-0.0013356209,100.37448,1.8993787,0.0,244.06573
2026-05-14 11:55:00-04:00,658.35046,20.345318,74.89009,75.74899,0.1382854,72.309456,12.698356,73.508,0.53326195,-0.001139164,100.110664,1.968596,0.0,245.65411
2026-05-14 11:56:00-04:00,651.389,20.570824,76.22354,77.11775,0.1382854,73.57623,12.722975,74.70231,0.5335283,-0.001139164,100.44766,1.9584519,0.0,245.67372
2026-05-14 11:57:00-04:00,639.18195,20.672798,77.53347,78.41199,0.13808942,74.88225,12.763947,76.00925,0.53308433,-0.001139164,100.423904,1.9553787,0.0,245.67372
2026-05-14 11:58:00-04:00,628.7398,20.943409,78.804184,79.70623,0.14005041,76.156876,12.788534,77.30548,0.5321075,-0.001139164,100.27507,1.9461064,0.0,245.63449
2026-05-14 11:59:00-04:00,628.6908,21.237556,80.07096,80.94555,0.1371088,77.44719,12.830878,78.55733,0.53637046,-0.001139164,100.237915,1.914352,0.0,252.55675
2026-05-14 12:00:00-04:00,630.4557,21.168922,81.38873,82.27509,0.13769722,78.69829,12.873221,79.85598,0.5334396,-0.001139164,100.20501,1.9492035,0.0,254.12547
2026-05-14 12:01:00-04:00,590.45197,21.225792,82.631996,83.51443,0.1382854,79.96114,12.917001,81.11863,0.53428334,-0.001139164,100.36352,1.9859904,0.0,262.65567
2026-05-14 12:02:00-04:00,571.3325,21.323833,83.761505,84.63217,0.14044237,81.14165,12.938812,82.31005,0.5328179,-0.0007472038,100.42114,2.088171,0.0,262.6753
2026-05-14 12:03:00-04:00,527.8971,21.08852,84.85964,85.71463,0.139462,82.21234,12.981188,83.32761,0.53184104,-0.0009431839,100.59221,2.2984536,0.0,262.16544
2026-05-14 12:04:00-04:00,540.05505,21.023808,85.80483,86.61667,0.13907003,83.21243,12.982561,84.469246,0.5335283,-0.0009431839,100.40726,2.2563107,0.0,262.18503
2026-05-14 12:05:00-04:00,583.44147,21.064991,86.87552,87.718735,0.1398542,84.19684,13.053612,85.44666,0.53250706,-0.0009431839,100.46644,2.1550293,0.0,262.16544
2026-05-14 12:06:00-04:00,609.52234,21.010082,87.96974,88.82864,0.14005041,85.247925,13.091867,86.5792,0.53312874,-0.001139164,100.29346,2.1231003,0.0,262.3615
2026-05-14 12:07:00-04:00,625.1611,20.992432,89.162,90.10719,0.1416192,86.3539,13.135615,87.72899,0.53397256,-0.001139164,100.448265,2.1454613,0.0,270.57803
2026-05-14 12:08:00-04:00,632.0734,21.16108,90.452324,91.38182,0.141227,87.57362,13.179332,89.10451,0.53246266,-0.001139164,99.91867,2.1271677,0.0,268.98962
2026-05-14 12:09:00-04:00,618.2241,21.170883,91.69951,92.62116,0.1416192,88.76197,13.217587,90.21716,0.5322851,-0.0007472038,100.192245,2.3240166,0.0,269.00925
2026-05-14 12:10:00-04:00,590.3784,21.272854,92.88392,93.785965,0.1416192,89.950325,13.25313,91.437256,0.53130805,-0.0013356209,100.09131,2.3844824,0.0,268.9504
2026-05-14 12:11:00-04:00,597.3643,21.259129,94.00168,94.89195,0.14181519,91.06806,13.288639,92.013664,0.5312194,-0.0009431839,99.98994,2.43838,0.0,268.98962
2026-05-14 12:12:00-04:00,459.92502,21.343445,95.099815,95.91558,0.1443646,92.17406,13.328238,93.69554,0.534683,-0.0007472038,99.85429,2.4040298,0.0,274.7941
2026-05-14 12:13:00-04:00,543.82996,21.421883,95.81361,96.68036,0.15161991,93.0408,13.373359,94.47404,0.5329511,-0.0009431839,99.58711,2.389354,0.0,279.6377
2026-05-14 12:14:00-04:00,603.93353,21.57484,96.99019,97.923615,0.16652346,94.017365,13.411613,95.596924,0.53565985,-0.001139164,97.634186,2.276932,0.0,279.6377
2026-05-14 12:15:00-04:00,623.4452,21.541504,97.84125,99.06882,0.16573906,94.97039,13.441694,96.49728,0.5523562,0.0037631989,93.910225,2.4393976,0.0,280.48087
2026-05-14 12:16:00-04:00,601.1147,21.523857,98.53151,100.32383,0.20966482,95.5979,13.485443,97.09291,0.5764239,0.035727024,97.39795,2.4751704,0.0,287.1678
2026-05-14 12:17:00-04:00,613.1256,21.555233,99.688484,100.888596,0.2320199,96.66074,13.529128,98.315605,0.61416847,0.07455397,97.28584,2.5484319,0.0,282.08887
2026-05-14 12:18:00-04:00,609.52234,21.541504,100.0493,101.684746,0.25123715,97.343155,13.572876,98.79296,0.62145084,0.080044985,97.180374,2.5493429,0.0,286.65793
2026-05-14 12:19:00-04:00,607.83105,21.52974,101.32785,102.62994,0.30692887,98.1354,13.616592,99.770424,0.6833518,0.1427958,97.077415,2.5542634,0.0,278.89252
2026-05-14 12:20:00-04:00,517.33234,21.466988,101.9279,102.90839,0.31810617,99.12765,13.646673,100.719925,0.68814766,0.15730691,94.949295,2.477192,0.0,277.6767
2026-05-14 12:21:00-04:00,644.5256,21.421883,102.75152,103.91632,0.37242508,99.81399,13.687644,101.40965,0.74360985,0.20397782,97.0634,2.5246692,0.0,277.73553
2026-05-14 12:22:00-04:00,442.6685,21.449337,103.55159,104.40657,0.37968063,100.719955,13.725901,102.3964,0.76239324,0.21731257,96.25924,2.5694227,0.0,280.32397
2026-05-14 12:23:00-04:00,383.71698,21.398354,103.68886,104.40657,0.38321018,101.17489,13.771051,102.67635,0.7610166,0.21829295,96.15124,2.6950688,0.0,278.5003
2026-05-14 12:24:00-04:00,477.81885,21.225792,103.89279,104.653656,0.39144635,101.37884,13.813396,102.960625,0.7678106,0.22770548,96.295784,2.7324674,0.0,278.97095
2026-05-14 12:25:00-04:00,408.30255,21.110092,104.17909,104.96741,0.40772223,101.633766,13.858485,103.21231,0.7842405,0.24358916,96.36307,2.688176,0.0,278.4807
2026-05-14 12:26:00-04:00,533.829,21.010082,104.308525,104.96741,0.41066384,101.86908,13.900892,103.493744,0.7786899,0.24456978,95.689926,2.6387603,0.0,277.79437
2026-05-14 12:27:00-04:00,314.00458,21.010082,104.70463,105.536095,0.42537117,102.17499,13.944608,103.9082,0.8115943,0.2637875,96.93788,2.5716867,0.0,278.18655
2026-05-14 12:28:00-04:00,339.22748,20.953213,104.70463,105.40666,0.4232142,102.29657,13.988326,103.90676,0.80413413,0.2630031,96.6303,2.7048893,0.0,279.10822
2026-05-14 12:29:00-04:00,360.7001,20.859093,104.88112,105.47334,0.42262602,102.508354,14.0102,104.19114,0.8051998,0.2620225,96.47779,2.7263079,0.0,280.67697
2026-05-14 12:30:00-04:00,317.3627,20.857132,104.78307,105.422356,0.42615533,102.47305,14.07579,104.101974,0.801914,0.26280713,96.00979,2.8331845,0.0,280.42203
2026-05-14 12:31:00-04:00,274.04987,20.90615,104.85367,105.45765,0.4232142,102.543655,14.119539,104.232155,0.8047559,0.26280713,96.05216,2.8315966,0.0,280.3828
2026-05-14 12:32:00-04:00,282.70264,20.943409,104.75169,105.3949,0.42537117,102.52796,14.168778,104.14724,0.80244666,0.26143432,96.298225,2.6618097,0.0,278.4807
2026-05-14 12:33:00-04:00,313.95554,20.925758,104.79092,105.33999,0.42537117,102.52404,14.207034,104.24347,0.79658514,0.26280713,96.0929,2.6973276,0.0,278.67682
2026-05-14 12:34:00-04:00,351.55707,20.972824,104.79092,105.332146,0.42105722,102.43776,14.250751,104.101974,0.799516,0.26280713,96.15731,2.755495,0.0,277.00995
2026-05-14 12:35:00-04:00,398.00748,20.972824,104.78307,105.477264,0.43419528,102.46129,14.2945,104.16986,0.8072425,0.26790524,96.05045,2.9159005,0.0,279.61807
2026-05-14 12:36:00-04:00,346.09088,21.035576,105.163506,105.91259,0.44890285,102.72798,14.338247,104.37219,0.82056403,0.2845738,96.29908,2.967843,0.0,279.61807
2026-05-14 12:37:00-04:00,409.0134,21.031654,105.328224,105.99103,0.45537376,102.97506,14.381965,104.70328,0.8220739,0.28967214,95.528404,2.8725429,0.0,279.61807
2026-05-14 12:38:00-04:00,543.85443,21.096367,105.82239,106.65383,0.4883182,103.25744,14.425775,105.04995,0.8628379,0.31928277,96.84031,2.8273058,0.0,279.61807
2026-05-14 12:39:00-04:00,539.0256,21.229713,106.56363,107.53627,0.53008676,103.814354,14.469492,105.64859,0.9018258,0.36183572,97.03963,2.9209762,0.0,278.4415
2026-05-14 12:40:00-04:00,399.55176,21.32972,107.28919,108.097115,0.54597044,104.53992,14.513208,106.42001,0.9233179,0.38222957,96.56122,2.9952724,0.0,278.42188
2026-05-14 12:41:00-04:00,673.744,21.378742,107.86964,108.916794,0.6022506,105.03408,14.556989,106.831985,0.96221703,0.4306655,97.09578,3.0000572,0.0,285.08914
2026-05-14 12:42:00-04:00,635.48065,21.506207,109.3835,110.575775,0.6748061,106.08516,14.600705,108.13906,1.0431678,0.5053785,96.93426,2.8886905,0.0,285.08914
2026-05-14 12:43:00-04:00,558.6597,21.639553,110.340454,111.37585,0.7144177,107.183304,14.644422,109.102325,1.0768714,0.545382,97.16111,2.8862302,0.0,285.10873
2026-05-14 12:44:00-04:00,590.25586,21.74741,111.43468,112.57988,0.7779529,108.16771,14.688201,110.09707,1.1405486,0.60872173,97.09051,2.9853249,0.0,285.12836
2026-05-14 12:45:00-04:00,598.9821,21.992527,112.57596,113.72117,0.8373704,109.30898,14.73198,110.09707,1.1405486,0.66755056,97.202576,3.000343,0.0,285.08914
2026-05-14 12:46:00-04:00,609.4488,22.314125,113.77608,114.96834,0.907573,110.41497,14.775698,112.32291,1.2680806,0.7379494,96.841545,3.0349019,0.0,285.08914
2026-05-14 12:47:00-04:00,623.2736,22.516106,115.011475,116.22728,0.97914815,111.64646,14.819446,113.537125,1.3385961,0.8105054,97.17447,3.0909166,0.0,285.06952
2026-05-14 12:48:00-04:00,626.80334,22.672985,116.32141,117.55289,1.0546455,112.90148,14.863163,114.79434,1.4142627,0.8860023,97.094574,3.1335418,0.0,285.14798
2026-05-14 12:49:00-04:00,630.2596,22.735733,117.603874,118.87067,1.1360257,114.14865,14.906941,116.04072,1.4927713,0.96699023,97.435936,3.0122592,0.0,285.12836
2026-05-14 12:50:00-04:00,631.9999,22.878883,118.94126,120.2002,1.2185826,115.43505,14.950659,117.30741,1.5713683,1.0491548,96.98361,3.0520067,0.0,285.10873
2026-05-14 12:51:00-04:00,626.7788,22.9887,120.239426,121.514046,1.3068261,116.69006,14.994438,118.59741,1.6617334,1.1356335,97.03476,3.0402124,0.0,285.12836
2026-05-14 12:52:00-04:00,625.0385,23.061256,121.572876,122.827896,1.392128,118.003914,15.038187,119.936165,1.7458813,1.2217202,97.23953,3.2108817,0.0,285.14798
2026-05-14 12:53:00-04:00,625.0385,23.08479,122.882805,124.157425,1.486058,119.30208,15.081903,121.19586,1.8381997,1.3158462,97.26653,3.3093014,0.0,285.12836
2026-05-14 12:54:00-04:00,617.7829,23.076942,124.18096,125.43206,1.5768509,120.572784,15.103779,122.51017,1.9274987,1.4054627,97.170654,3.293186,0.0,285.12836
2026-05-14 12:55:00-04:00,604.1542,22.873001,125.416374,126.620415,1.6621532,121.86703,15.169431,123.822075,2.0206609,1.4929218,97.203415,3.07571,0.0,285.14798
2026-05-14 12:56:00-04:00,621.55774,22.631805,126.65179,127.918564,1.7637315,123.03575,15.217267,124.93525,2.1137788,1.5952845,97.1383,3.2152019,0.0,285.1872
2026-05-14 12:57:00-04:00,618.0771,22.655338,127.89896,129.14613,1.8570733,124.275085,15.26242,126.31653,2.2069857,1.6878424,97.10738,3.3409796,0.0,285.14798
2026-05-14 12:58:00-04:00,574.10236,22.81221,129.07947,130.29134,1.9457088,125.49089,15.32255,127.44191,2.309917,1.7766738,97.44338,3.4395356,0.0,285.16757
2026-05-14 12:59:00-04:00,589.44696,22.935753,130.17368,131.4287,2.0404234,126.58119,15.364957,128.64185,2.3930438,1.8721724,97.30858,3.4604352,0.0,285.2068
2026-05-14 13:00:00-04:00,629.6958,23.163223,131.26398,132.50331,2.1335697,127.718544,15.410108,129.7053,2.4815438,1.9651227,97.1836,3.265178,0.0,285.1872
2026-05-14 13:01:00-04:00,590.55,23.386776,132.53468,133.81715,2.2486787,128.8912,15.453856,130.8975,2.5997062,2.0798388,97.358665,3.3184793,0.0,285.16757
2026-05-14 13:02:00-04:00,345.38,23.327946,133.45242,134.58978,2.3124099,129.99327,15.497605,130.8975,2.5997062,2.1429825,97.32373,3.548634,0.0,285.1872
2026-05-14 13:03:00-04:00,493.0164,23.286766,133.89952,134.86824,2.3363338,130.72667,15.541323,132.6467,2.6878505,2.1667104,97.27213,3.503931,0.0,285.1872
2026-05-14 13:04:00-04:00,624.96497,23.112244,135.0761,136.49191,2.4922304,131.45615,15.605604,133.42593,2.837452,2.3241758,97.24982,3.337228,0.0,287.54037
2026-05-14 13:05:00-04:00,637.1474,23.006348,136.15463,137.39397,2.575179,132.65627,15.647979,134.72519,2.923776,2.4065366,97.28482,3.4570816,0.0,287.5796
2026-05-14 13:06:00-04:00,637.17194,23.006348,137.39789,138.78232,2.7151923,133.68773,15.683552,135.75206,3.0593839,2.5441961,96.9789,3.6054008,0.0,287.56
2026-05-14 13:07:00-04:00,638.8878,23.039684,138.55878,139.88046,2.8191237,134.88785,15.738253,136.98508,3.1653798,2.6500883,97.16063,3.5771077,0.0,287.56
2026-05-14 13:08:00-04:00,637.1474,23.104397,139.73535,141.15118,2.951293,136.03697,15.782001,138.12419,3.2981188,2.7838264,97.08744,3.5172153,0.0,308.44427
2026-05-14 13:09:00-04:00,630.137,23.14558,140.82173,142.09636,3.0513024,137.20178,15.827122,138.7375,3.3532424,2.8828554,97.16444,3.5525634,0.0,308.46387
2026-05-14 13:10:00-04:00,633.61774,23.322063,141.9238,143.35138,3.1838636,138.26855,15.877735,140.43365,3.5259624,3.0162015,96.950905,3.625394,0.0,308.42465
2026-05-14 13:11:00-04:00,612.58636,23.333828,142.73564,144.32402,3.222691,139.30394,15.933809,141.3436,3.5789604,3.0540476,96.92632,8.538768,0.0,313.9742
2026-05-14 13:12:00-04:00,617.66034,23.33775,143.36707,145.2849,3.311915,139.90007,15.978961,141.85158,3.664723,3.1442523,97.07531,26.900938,6.706353,314.44485
2026-05-14 13:13:00-04:00,654.502,23.325985,143.9279,145.86926,3.3548598,140.58641,16.022741,142.56584,3.7080245,3.1836677,96.83658,34.777687,8.9979315,314.46445
2026-05-14 13:14:00-04:00,517.33234,23.333828,144.16321,146.39088,3.3536835,140.93939,16.066458,142.94519,3.7240524,3.176608,96.58774,38.484554,16.199352,314.54288
2026-05-14 13:15:00-04:00,428.7947,23.492668,144.09656,145.92026,3.3248572,141.13156,16.110207,143.04546,3.6990807,3.1587634,96.9318,33.783394,10.257093,314.6017
2026-05-14 13:16:00-04:00,413.52362,23.204403,143.92398,145.58688,3.3199549,141.01784,16.159477,142.96385,3.6819904,3.1528807,97.29211,28.256165,9.28594,310.3072
2026-05-14 13:17:00-04:00,332.97687,23.061256,143.65337,144.98291,3.2436733,140.95508,16.197765,142.95811,3.6296563,3.0805206,96.89862,17.08438,7.320141,302.81635
2026-05-14 13:18:00-04:00,301.6995,22.949478,143.11215,144.3201,3.1971984,140.49228,16.26342,142.43416,3.5722308,3.032281,96.99637,9.683135,6.5556865,302.81635
2026-05-14 13:19:00-04:00,364.10727,23.039684,142.8533,143.81416,3.1940608,140.20992,16.307167,142.23662,3.5722308,3.030908,97.73623,5.2138124,0.0,302.81635
2026-05-14 13:20:00-04:00,497.86978,23.212246,142.84152,144.09264,3.20014,140.20992,16.350918,142.21657,3.5644825,3.0338497,97.07473,8.434266,6.7859917,302.79672
2026-05-14 13:21:00-04:00,503.2379,23.371086,142.8533,144.21812,3.2019053,140.20992,16.400188,142.21231,3.5709467,3.0356145,96.74948,9.140266,0.0,301.26715
2026-05-14 13:22:00-04:00,654.2814,23.696606,142.95918,144.53972,3.2362218,140.20992,16.438507,142.22664,3.5903392,3.0709124,96.882805,11.793065,6.683164,299.365
2026-05-14 13:23:00-04:00,468.72488,23.951534,143.40628,144.99467,3.2548513,140.41385,16.498638,142.4585,3.5883029,3.0907178,96.86737,22.608612,8.622561,299.012
2026-05-14 13:24:00-04:00,549.1981,23.935848,143.12,144.58679,3.2295542,140.39816,16.542418,142.4585,3.5883029,3.0646372,96.862305,11.75212,6.8026066,298.5806
2026-05-14 13:25:00-04:00,519.612,23.700527,143.32,144.92801,3.2566156,140.4374,16.59169,142.57161,3.6264684,3.0924826,97.11882,18.373734,7.890302,298.6002
2026-05-14 13:26:00-04:00,604.7425,23.700527,143.16705,144.58679,3.2262206,140.457,16.635439,142.55151,3.5865316,3.062284,96.8079,11.72903,6.8690395,298.42377
2026-05-14 13:27:00-04:00,433.74612,23.535812,143.38667,144.96722,3.253478,140.44916,16.679186,142.44276,3.6191187,3.0899334,97.03816,19.898773,8.228135,298.40414
2026-05-14 13:28:00-04:00,397.81137,23.433838,143.10431,144.1946,3.2015123,140.44131,16.722965,142.47139,3.575551,3.038556,97.119225,8.626982,6.914344,298.4434
2026-05-14 13:29:00-04:00,544.05054,23.43776,142.92389,144.18283,3.2111216,140.44131,16.766747,142.30533,3.5643053,3.0471845,97.15593,6.824006,6.7838717,298.42377
2026-05-14 13:30:00-04:00,568.6852,23.325985,142.97488,144.49266,3.223083,140.15892,16.810526,142.28241,3.5876384,3.0591464,97.04672,9.658089,7.570907,295.63916
2026-05-14 13:31:00-04:00,649.1093,23.43776,143.1749,144.79073,3.2640672,140.28442,16.854305,142.42844,3.6200044,3.0981698,97.06809,18.585796,7.5540466,295.61954
2026-05-14 13:32:00-04:00,757.5263,23.673073,143.63768,145.4653,3.3211317,140.61386,16.900831,142.78345,3.6777844,3.1560183,97.03446,30.816227,9.774451,295.61954
2026-05-14 13:33:00-04:00,491.07993,23.651505,143.95929,144.79073,3.307993,141.0296,16.96377,143.1714,3.6219966,3.146409,97.01006,30.939892,10.732711,295.59995
2026-05-14 13:34:00-04:00,503.11536,23.45345,143.50041,144.8731,3.2495565,140.89626,17.004774,142.96669,3.6219966,3.0867958,96.96924,18.56434,7.09494,295.58032
2026-05-14 13:35:00-04:00,549.9825,23.43972,143.30823,144.65738,3.2244558,140.68054,17.0513,142.96669,3.6219966,3.0607152,96.94297,13.240245,7.231444,295.61954
2026-05-14 13:36:00-04:00,663.22833,23.45737,143.15529,144.53972,3.230927,140.45308,17.095047,142.48859,3.595387,3.0679712,96.93229,13.915603,6.4901166,295.61954
2026-05-14 13:37:00-04:00,472.30362,23.590717,143.25333,144.66522,3.2248478,140.49228,17.152527,142.63173,3.6059246,3.0650296,96.76047,17.02675,6.4901166,279.4416
2026-05-14 13:38:00-04:00,482.28003,23.49855,142.9788,144.08087,3.2101412,140.38248,17.20314,142.48859,3.5636854,3.0491457,96.80609,6.155701,7.1897664,260.16528
2026-05-14 13:39:00-04:00,609.47327,23.543655,142.92389,144.15144,3.1981788,140.24129,17.248293,142.32254,3.5693083,3.0373793,96.98779,9.676913,7.293066,260.16528
2026-05-14 13:40:00-04:00,489.36404,23.72406,143.05331,144.5358,3.2246518,140.20992,17.292072,142.34256,3.5930846,3.0636568,97.01768,11.239887,7.3197036,260.14566
2026-05-14 13:41:00-04:00,445.90414,24.04174,142.9082,144.07695,3.2071996,140.25697,17.346806,142.32825,3.5580182,3.046596,96.617645,6.1584773,0.0,254.34119
2026-05-14 13:42:00-04:00,390.18817,24.245678,142.88075,143.76318,3.1915116,140.2256,17.389181,142.281,3.5736916,3.0330648,97.2213,6.0182557,0.0,249.79175
2026-05-14 13:43:00-04:00,435.36395,24.306469,142.6023,143.38275,3.1632738,140.0452,17.437109,142.09923,3.5309212,3.0028663,97.353935,5.911718,0.0,248.4779
2026-05-14 13:44:00-04:00,378.71652,24.488842,142.63759,143.48473,3.1701365,139.91183,17.489067,142.03622,3.5428755,3.011691,97.360985,6.16619,0.0,247.0856
2026-05-14 13:45:00-04:00,449.23776,24.543743,142.36305,143.10823,3.1632738,139.82948,17.489067,141.88742,3.5004594,2.9752169,97.398926,4.640414,0.0,246.96794
2026-05-14 13:46:00-04:00,503.8262,24.561394,142.46503,143.37099,3.1368003,139.71967,17.576687,141.83589,3.5296817,2.9767861,97.47229,3.3647032,0.0,247.04639
2026-05-14 13:47:00-04:00,369.4264,24.543743,142.44148,143.1749,3.1362123,139.79027,17.62724,141.91606,3.51082,2.9767861,97.5062,3.0856836,0.0,245.4188
2026-05-14 13:48:00-04:00,348.5176,24.547665,142.18657,142.97488,3.11523,139.59416,17.672424,141.66418,3.48514,2.9567838,97.33839,3.2386534,0.0,244.8501
2026-05-14 13:49:00-04:00,350.2579,24.339806,141.95909,142.70425,3.0809126,139.34709,17.728529,141.4524,3.453173,2.9228592,97.29192,2.7291355,0.0,243.06563
2026-05-14 13:50:00-04:00,348.46857,24.226067,141.712,142.51208,3.0671864,139.04901,17.773684,141.20625,3.4362154,2.9075632,97.23181,4.438605,0.0,242.24203
2026-05-14 13:51:00-04:00,383.49637,24.239796,141.4963,142.2297,3.0373793,138.82547,17.817463,141.0274,3.4048238,2.8771687,97.16171,3.190981,0.0,241.24193
2026-05-14 13:52:00-04:00,359.25388,24.239796,141.35904,142.06891,3.0189466,138.60193,17.861242,140.85995,3.392692,2.8593235,97.368126,2.5152678,0.0,239.65356
2026-05-14 13:53:00-04:00,388.6439,24.247639,141.15118,141.98262,3.016986,138.37053,17.905024,140.84566,3.3888845,2.856382,97.376,4.7106395,0.0,240.61441
2026-05-14 13:54:00-04:00,352.73364,24.20842,141.1551,141.87282,2.9995327,138.31953,17.95155,140.61104,3.3746278,2.8389297,97.466095,4.4137836,0.0,238.47696
2026-05-14 13:55:00-04:00,312.55835,24.312351,140.84134,141.512,2.9612942,138.1156,18.010368,140.31355,3.3335397,2.8014746,97.64223,2.2683785,0.0,237.98671
2026-05-14 13:56:00-04:00,292.87512,24.457466,140.47269,141.09627,2.9144268,137.80576,18.05284,140.05461,3.286873,2.7536278,97.47178,3.029792,0.0,236.41795
2026-05-14 13:57:00-04:00,291.23285,24.296665,140.01381,140.64133,2.8697171,137.42926,18.10208,139.60406,3.2427301,2.71029,97.6142,4.897832,0.0,235.61394
2026-05-14 13:58:00-04:00,294.63998,24.280975,139.60985,140.23737,2.8240266,137.01353,18.145891,139.34665,3.211073,2.6649919,97.441795,3.3303955,0.0,233.6922
2026-05-14 13:59:00-04:00,270.34854,24.312351,139.21375,139.83733,2.786376,136.63312,18.189701,138.83759,3.1588275,2.6273413,97.61559,4.0932603,0.0,233.57454
2026-05-14 14:00:00-04:00,273.80475,24.371181,138.76663,139.35886,2.7365675,136.26053,18.238913,138.443,3.1094153,2.5783167,97.631226,4.9662194,0.0,231.22137
2026-05-14 14:01:00-04:00,275.59412,24.379025,138.37053,138.99411,2.702839,135.83696,18.279976,138.00983,3.0724893,2.5428233,97.35363,3.3610625,0.0,232.849
2026-05-14 14:02:00-04:00,275.54507,24.341766,137.95871,138.5823,2.6575403,135.47614,18.341543,137.64818,3.0314014,2.498898,97.334915,3.5572908,0.0,229.69183
2026-05-14 14:03:00-04:00,273.82925,24.284897,137.52731,138.15482,2.6198893,135.06041,18.383984,137.23372,2.993137,2.4596786,97.46188,5.199476,0.0,229.45651
2026-05-14 14:04:00-04:00,265.12747,24.341766,137.12335,137.74301,2.5757675,134.62115,18.43054,136.7793,2.9477549,2.4175177,97.4785,5.0355897,0.0,229.45651
2026-05-14 14:05:00-04:00,273.80475,24.20842,136.71155,137.35474,2.541843,134.22112,18.47432,136.39635,2.9104097,2.3822203,97.470375,3.820912,0.0,228.02502
2026-05-14 14:06:00-04:00,226.96211,24.104488,136.37425,136.98215,2.5045848,133.87207,18.518099,136.06633,2.8802583,2.345354,97.46622,5.093702,0.0,225.65225
2026-05-14 14:07:00-04:00,197.3515,24.053505,135.8997,136.49191,2.4590902,133.50732,18.561943,135.63347,2.829903,2.2992716,97.32923,5.797652,0.0,225.82874
2026-05-14 14:08:00-04:00,188.67422,24.029976,135.46045,136.0409,2.4151645,133.06023,18.605722,135.1893,2.7887838,2.2553458,97.36322,5.7060876,0.0,223.43636
2026-05-14 14:09:00-04:00,193.84627,23.918198,134.97804,135.55458,2.3714352,132.61313,18.649502,134.7166,2.745977,2.2120085,97.461655,5.1932707,0.0,223.39714
2026-05-14 14:10:00-04:00,200.7832,23.886822,134.53487,135.08394,2.3284903,132.16603,18.693281,134.27681,2.7010834,2.1690636,97.33893,5.521959,0.0,222.41664
2026-05-14 14:11:00-04:00,192.25299,23.888783,134.09169,134.78195,2.249855,130.60117,18.737093,133.14474,2.6386049,2.0494442,0.0,5.779522,0.0,228.35838
2026-05-14 14:12:00-04:00,190.4146,23.886822,133.7701,134.46428,2.249855,130.88354,18.780905,133.32318,2.6386049,2.0988607,97.97973,5.7402244,0.0,220.76944
2026-05-14 14:13:00-04:00,186.93387,23.886822,132.98964,133.48772,2.1863198,130.72667,18.824684,132.80507,2.5510378,2.0266972,97.86248,5.721621,0.0,217.29851
2026-05-14 14:14:00-04:00,193.87077,23.888783,132.6798,133.27592,2.1612196,130.34233,18.868528,132.4026,2.5386486,2.0031652,97.47147,5.515932,0.0,216.67102
2026-05-14 14:15:00-04:00,202.6461,23.89859,132.09935,132.60135,1.8953123,129.7854,18.912308,131.81331,2.2100496,1.9100199,0.0,5.5964375,0.0,221.37735
2026-05-14 14:16:00-04:00,207.74464,24.063313,131.62086,132.43663,2.0751333,128.36176,18.950628,130.91893,2.3813207,1.9192362,97.70457,5.731202,0.0,218.41628
2026-05-14 14:17:00-04:00,216.44644,24.088799,131.37772,131.89542,2.0314035,128.89905,18.98623,131.17708,2.420353,1.8792324,98.10156,5.7694454,0.0,212.1804
2026-05-14 14:18:00-04:00,214.7796,24.077034,130.65608,131.28752,2.001793,128.47156,19.028639,130.7577,2.3662677,1.8445234,97.86506,5.7829924,0.0,217.2789
2026-05-14 14:19:00-04:00,204.28844,24.129978,130.38937,130.89923,1.9568868,128.22055,19.065586,130.2044,2.3334963,1.8031468,97.93278,5.749711,0.0,215.55325
2026-05-14 14:20:00-04:00,197.3515,24.226067,129.85992,130.44429,1.9284525,127.72639,19.109428,129.6041,2.2981942,1.7725554,97.66623,5.608472,0.0,210.29785
2026-05-14 14:21:00-04:00,193.84627,24.247639,129.48734,130.01288,1.8900175,127.3695,19.151865,129.30325,2.2675545,1.7337289,97.90605,5.5796137,0.0,209.5331
2026-05-14 14:22:00-04:00,192.20396,24.318233,129.04416,129.60107,1.8592305,126.926315,19.175116,128.80437,2.2332294,1.7037258,97.96604,5.709185,0.0,207.92508
2026-05-14 14:23:00-04:00,193.87077,24.459427,128.65196,129.18535,1.8227568,126.561584,19.218925,128.43375,2.1948187,1.6664672,97.64892,5.741681,0.0,208.63104
2026-05-14 14:24:00-04:00,195.63567,24.569237,128.18526,128.74217,1.7905965,126.14585,19.262737,127.98339,2.1632464,1.6358767,97.927864,5.672814,0.0,207.16032
2026-05-14 14:25:00-04:00,192.17946,24.63787,127.78914,128.31468,1.75628,125.765434,19.306519,127.57448,2.1265235,1.5997944,97.652016,5.5383816,0.0,208.7291
2026-05-14 14:26:00-04:00,188.6497,24.590805,127.35381,127.895035,1.7251005,125.34578,19.335258,127.13558,2.0978374,1.568615,97.79257,5.485879,0.0,205.63075
2026-05-14 14:27:00-04:00,181.76183,24.4104,126.92239,127.46755,1.6909795,124.94574,19.372234,126.71818,2.0651553,1.534102,97.836914,5.6757593,0.0,204.55223
2026-05-14 14:28:00-04:00,199.06737,24.175083,126.49883,127.05966,1.6596041,124.50256,19.410553,126.290924,2.0342493,1.502923,97.78471,5.628597,0.0,202.37556
2026-05-14 14:29:00-04:00,230.29578,23.933887,126.14585,126.73414,1.6037164,123.192635,19.437952,125.34531,1.9849148,1.4142869,0.0,5.6453233,0.0,214.82768
2026-05-14 14:30:00-04:00,268.60815,23.894665,125.765434,126.46353,1.6037164,123.220085,19.481764,125.36526,1.9237689,1.4511533,97.70514,5.509986,0.0,204.2777
2026-05-14 14:31:00-04:00,242.52731,23.845642,125.126144,125.620316,1.5541039,123.09066,19.525576,124.979385,1.9237689,1.397815,97.892815,5.5123672,0.0,200.31654
2026-05-14 14:32:00-04:00,223.43237,23.773087,124.84377,125.40069,1.5397887,122.706314,19.566671,124.58505,1.9139107,1.3834999,97.84705,5.3687983,0.0,200.4146
2026-05-14 14:33:00-04:00,219.97615,23.747593,124.32607,124.86731,1.5119429,121.768974,20.525131,122.78617,1.8861133,1.3472219,98.44896,5.430815,0.0,230.00558
2026-05-14 14:34:00-04:00,221.66751,23.72602,123.99271,124.424126,1.4417405,121.36109,20.360806,123.16323,1.8552072,1.3058453,97.53933,5.5164313,0.0,250.34082
2026-05-14 14:35:00-04:00,223.43237,23.631893,120.71005,122.29059,1.2995701,119.50601,20.269032,120.374054,1.7247446,1.1548512,97.209755,5.574867,0.0,262.65567
2026-05-14 14:36:00-04:00,218.2113,23.592678,121.97684,121.36109,1.3080025,119.59622,20.24853,121.7235,1.6269641,1.1721072,99.39677,5.6166496,0.0,246.8111
2026-05-14 14:37:00-04:00,221.643,23.639736,120.38061,121.05126,1.2721169,118.62358,20.24853,120.04141,1.615907,1.1105332,97.69791,5.5696273,0.0,253.22342
2026-05-14 14:38:00-04:00,220.00067,23.62209,120.69437,121.0748,1.2217202,118.67456,20.270405,120.61999,1.6235003,1.0764122,99.12393,5.4720955,0.0,246.86989
2026-05-14 14:39:00-04:00,214.75508,23.618168,119.84331,120.517876,1.2232888,117.94508,20.295055,119.54673,1.5855337,1.0624893,97.514854,5.345552,0.0,248.71323
2026-05-14 14:40:00-04:00,212.99023,23.639736,119.7884,120.19236,1.1840692,117.8235,20.318336,119.660416,1.5666616,1.0289567,98.50386,5.2722435,0.0,246.71304
2026-05-14 14:41:00-04:00,216.34839,23.659348,119.25502,119.87468,1.1785786,117.33327,20.358059,118.975395,1.5463238,1.0166028,97.59775,5.4810953,0.0,245.67372
2026-05-14 14:42:00-04:00,228.89856,23.590717,119.007935,119.490326,1.1450462,117.08226,20.379932,118.83897,1.525187,0.9873843,97.7611,5.409694,0.0,245.2423
2026-05-14 14:43:00-04:00,251.18008,23.543655,118.64711,119.235405,1.1364181,116.6783,20.412792,118.343056,1.5081353,0.9750304,97.46374,5.398576,0.0,245.4188
2026-05-14 14:44:00-04:00,282.53104,23.567188,118.40396,118.95695,1.1164157,116.43907,20.445652,118.343056,1.5081353,0.95718527,97.42552,5.4949803,0.0,243.88924
2026-05-14 14:45:00-04:00,282.55557,23.590717,118.211784,118.84713,1.1105332,116.156685,20.489525,117.887,1.4820251,0.9507146,97.325584,5.546128,0.0,244.28145
2026-05-14 14:46:00-04:00,272.11337,23.602486,118.05098,118.635345,1.0956295,115.984116,20.51549,117.71935,1.4682596,0.936203,97.277824,5.514414,0.0,242.8303
2026-05-14 14:47:00-04:00,256.2786,23.618168,117.866646,118.47454,1.087394,115.79978,20.555212,117.48497,1.4631085,0.92855525,97.04942,5.467675,0.0,244.12456
2026-05-14 14:48:00-04:00,316.23514,23.618168,117.70193,118.40004,1.0885704,115.63899,20.586697,117.318794,1.4561813,0.9263985,97.26375,5.490667,0.0,241.61452
2026-05-14 14:49:00-04:00,318.3432,23.61621,117.78821,118.41965,1.08406,115.654686,20.62096,117.33582,1.4620428,0.9246335,97.24353,5.4028025,0.0,243.45782
2026-05-14 14:50:00-04:00,258.80334,23.686802,117.70977,118.36474,1.08406,115.59978,20.664804,117.23924,1.452984,0.9240451,97.09526,5.2982264,0.0,241.20271
2026-05-14 14:51:00-04:00,240.41925,23.739746,117.572495,118.14119,1.0654309,115.533104,20.688051,117.2094,1.44659,0.9060044,97.217735,5.2999434,0.0,239.24174
2026-05-14 14:52:00-04:00,242.69887,23.72406,117.388176,118.05882,1.0632739,115.32131,20.730553,116.93533,1.435133,0.9040432,97.22143,5.2221284,0.0,239.732
2026-05-14 14:53:00-04:00,293.5615,23.602486,117.388176,117.894104,1.0524883,115.22719,20.7675,116.86435,1.4264297,0.89325786,97.036835,5.2581964,0.0,240.45753
2026-05-14 14:54:00-04:00,267.13745,23.563263,117.31758,118.039215,1.0652347,115.12521,20.79624,116.86435,1.435311,0.9042392,96.90502,5.2278438,0.0,239.28098
2026-05-14 14:55:00-04:00,327.7068,23.567188,117.29013,117.94116,1.0577831,115.17228,20.840084,116.80181,1.428872,0.89894485,96.83322,5.2302175,0.0,238.26125
2026-05-14 14:56:00-04:00,393.61984,23.647583,117.47446,118.27846,1.0826874,115.21542,20.883926,116.852936,1.4497869,0.9209075,96.76401,5.2207775,0.0,238.9476
2026-05-14 14:57:00-04:00,308.90604,23.733864,117.71761,118.462776,1.0887666,115.43897,20.922276,117.10573,1.4607996,0.9301243,97.015274,5.275645,0.0,239.45746
2026-05-14 14:58:00-04:00,287.7276,23.761318,117.74114,118.40396,1.0862172,115.58409,20.951015,117.1768,1.4555596,0.9263985,97.09893,5.2520366,0.0,239.04565
2026-05-14 14:59:00-04:00,232.15868,23.849564,117.79213,118.462776,1.086021,115.58016,20.993486,117.168236,1.455826,0.9265945,96.85054,5.267409,0.0,238.10437
2026-05-14 15:00:00-04:00,240.83595,23.827991,117.59603,118.22747,1.0709214,115.50957,21.031807,117.06879,1.4423269,0.91129875,96.86325,5.3112774,0.0,239.06526
2026-05-14 15:01:00-04:00,296.42938,23.771126,117.54112,118.25884,1.074255,115.3723,21.059237,116.96089,1.4457904,0.91384816,96.92349,5.413078,0.0,236.86897
2026-05-14 15:02:00-04:00,328.61374,23.794655,117.56857,118.31767,1.0795498,115.3723,21.103046,117.085846,1.4473447,0.9199271,96.828094,5.393119,0.0,238.65346
2026-05-14 15:03:00-04:00,328.8834,23.878979,117.68623,118.3922,1.0862172,115.442894,21.14686,117.085846,1.4536947,0.9240451,96.50494,5.453798,0.0,237.75139
2026-05-14 15:04:00-04:00,400.65482,23.973106,117.8235,118.662796,1.10465,115.501724,21.179749,117.122795,1.4684817,0.9432626,96.80211,5.280106,0.0,240.22221
2026-05-14 15:05:00-04:00,402.44415,24.006443,118.156876,118.949104,1.1201415,115.76449,21.21261,117.432434,1.4881531,0.96032286,96.65201,5.280399,0.0,237.82983
2026-05-14 15:06:00-04:00,381.3883,24.143707,118.39612,119.23148,1.1383786,115.97235,21.256453,117.65684,1.506448,0.9775796,96.62644,5.302109,0.0,237.82983
2026-05-14 15:07:00-04:00,442.37436,24.177044,118.690254,119.56092,1.1597533,116.25082,21.289343,117.88557,1.5272295,0.99875784,96.70948,5.3182964,0.0,238.41814
2026-05-14 15:08:00-04:00,444.18826,24.2496,119.09814,119.980576,1.1874027,116.57634,21.322203,118.232216,1.5512973,1.0266037,96.98332,5.2833557,0.0,238.41814
2026-05-14 15:09:00-04:00,433.74612,24.379025,119.45895,120.29824,1.2076008,116.93323,21.366045,118.4411,1.5627539,1.0460172,96.56693,5.2575927,0.0,238.88876
2026-05-14 15:10:00-04:00,428.52505,24.36922,119.7884,120.65514,1.2293675,117.25091,21.409857,118.88869,1.5927719,1.0664115,96.84176,5.3092365,0.0,238.5554
2026-05-14 15:11:00-04:00,426.78467,24.347649,120.11392,121.000275,1.249958,117.548965,21.43454,119.20279,1.6121325,1.0899429,97.10498,5.294759,0.0,238.30048
2026-05-14 15:12:00-04:00,421.5391,24.335884,120.44728,121.310104,1.2683911,117.84704,21.474264,119.55242,1.6338024,1.1097488,96.82387,5.2085876,0.0,238.49657
2026-05-14 15:13:00-04:00,416.36707,24.382946,120.76888,121.627785,1.296433,118.16864,21.497574,119.870804,1.6606677,1.1328881,97.42717,5.223262,0.0,236.77094
2026-05-14 15:14:00-04:00,411.1705,24.459427,121.117935,121.98861,1.3176112,118.52161,21.541386,120.21342,1.6821151,1.1566157,97.29791,5.1747766,0.0,237.20235
2026-05-14 15:15:00-04:00,404.23355,24.5359,121.478745,122.369026,1.3438885,118.87459,21.5852,120.61005,1.7088027,1.1821086,97.07613,5.184361,0.0,237.59454
2026-05-14 15:16:00-04:00,404.16003,24.590805,121.79643,122.6671,1.3603604,119.20403,21.607166,120.914314,1.7276751,1.2005417,96.99722,5.1367726,0.0,237.22195
2026-05-14 15:17:00-04:00,393.7179,24.665325,122.133705,122.95732,1.3831077,119.55308,21.65098,121.22715,1.7473468,1.2219162,97.05706,5.148816,0.0,237.9671
2026-05-14 15:18:00-04:00,393.17862,24.739841,122.40433,123.25931,1.4025211,119.81585,21.672886,121.51872,1.7689722,1.2428985,97.084496,5.1741505,0.0,237.88866
2026-05-14 15:19:00-04:00,386.83,24.75161,122.69455,123.54561,1.420562,120.10216,21.71673,121.82731,1.7843362,1.2609394,97.05214,5.124918,0.0,238.18282
2026-05-14 15:20:00-04:00,383.32477,24.739841,122.95732,123.78877,1.4374263,120.38061,21.76057,122.10471,1.8067166,1.2766271,97.26817,5.125552,0.0,237.28079
2026-05-14 15:21:00-04:00,383.34927,24.712387,123.1691,124.03192,1.4554672,120.623764,21.782478,122.37076,1.8196828,1.2942758,97.16599,5.1196404,0.0,236.43756
2026-05-14 15:22:00-04:00,379.91754,24.75161,123.45541,124.306465,1.4756653,120.90615,21.826323,122.606895,1.8382885,1.3134933,96.761,5.1335435,0.0,237.86905
2026-05-14 15:23:00-04:00,374.81903,24.841812,123.71426,124.55355,1.4939022,121.11401,21.848259,122.88435,1.8586706,1.3325145,97.027306,5.19341,0.0,237.35922
2026-05-14 15:24:00-04:00,374.62296,24.961433,123.9731,124.83201,1.5129232,121.40031,21.89207,123.16182,1.8739016,1.3501632,97.28697,5.1385527,0.0,237.59454
2026-05-14 15:25:00-04:00,372.90714,25.033985,124.23587,125.09477,1.5291996,121.66701,21.930452,123.416466,1.8917084,1.3691845,97.01388,5.0965476,0.0,238.30048
2026-05-14 15:26:00-04:00,372.90714,25.065361,124.482956,125.3144,1.5470443,121.92586,21.957851,123.67125,1.9095148,1.3852646,97.40948,5.114798,0.0,235.98653
2026-05-14 15:27:00-04:00,369.37735,24.963394,124.69866,125.534035,1.5597906,122.12978,21.966059,123.893295,1.924035,1.3997757,97.06107,5.1445637,0.0,236.9082
2026-05-14 15:28:00-04:00,365.9702,25.035946,124.91436,125.74582,1.5772429,122.341576,22.0236,124.10246,1.9386001,1.4170322,97.114456,5.131079,0.0,237.06508
2026-05-14 15:29:00-04:00,360.7001,25.016335,125.130066,125.93799,1.5919504,122.52591,22.067476,124.34874,1.9578719,1.4315434,97.50802,5.0510674,0.0,236.08458
2026-05-14 15:30:00-04:00,353.8367,24.959473,125.33794,126.16938,1.6074419,122.741615,22.111286,124.53665,1.9736804,1.4458585,97.29183,5.1318817,0.0,235.0649
2026-05-14 15:31:00-04:00,355.55258,24.90849,125.49873,126.31842,1.6180315,122.92987,22.149637,124.744484,1.9837604,1.45684,97.27431,5.144131,0.0,236.02576
2026-05-14 15:32:00-04:00,352.09634,24.90849,125.65562,126.49491,1.6292086,123.09066,22.18253,124.88966,1.9975704,1.468998,97.40271,5.1093245,0.0,235.9277
2026-05-14 15:33:00-04:00,353.8367,24.90849,125.812485,126.64002,1.6403866,123.26323,22.219507,125.06908,2.0072064,1.4807639,97.1361,5.1230583,0.0,236.3199
2026-05-14 15:34:00-04:00,352.0718,24.904564,125.9929,126.79689,1.6543093,123.46717,22.242817,125.27409,2.0179968,1.4940982,97.17956,5.112506,0.0,235.41785
2026-05-14 15:35:00-04:00,348.61566,24.988888,126.19292,127.02437,1.6727424,123.624054,22.28663,125.27409,2.0179968,1.5107665,97.28262,5.186558,0.0,234.8884
2026-05-14 15:36:00-04:00,348.59113,25.051636,126.353714,127.20085,1.6807823,123.80054,22.330505,125.61586,2.0441515,1.5205717,97.24139,5.166953,0.0,235.02568
2026-05-14 15:37:00-04:00,346.87527,25.016335,126.51452,127.3342,1.694313,123.941734,22.359276,125.75539,2.0572512,1.5321412,97.28637,5.1627965,0.0,234.6727
2026-05-14 15:38:00-04:00,341.58066,25.051636,126.62826,127.46755,1.7050982,124.0986,22.396254,125.9035,2.067109,1.5427303,97.39591,5.121826,0.0,234.53543
2026-05-14 15:39:00-04:00,338.17352,25.035946,126.80473,127.62834,1.7160797,124.23979,22.419565,126.07299,2.0819407,1.5560646,97.08588,5.178554,0.0,233.84908
2026-05-14 15:40:00-04:00,336.40863,25.035946,126.93416,127.74992,1.7249041,124.40059,22.462036,126.19976,2.087047,1.5654774,97.27267,5.1956463,0.0,232.08421
2026-05-14 15:41:00-04:00,332.95236,25.212437,127.102806,127.922485,1.73667,124.530014,22.505878,126.37349,2.1021004,1.5766549,97.33899,5.2199793,0.0,232.57446
2026-05-14 15:42:00-04:00,327.7313,25.035946,127.185165,128.0127,1.7415724,124.66729,22.52919,126.49598,2.1108925,1.5815573,97.27461,5.2072062,0.0,231.51553
2026-05-14 15:43:00-04:00,322.48572,24.847698,127.2793,128.11075,1.7496123,124.76141,22.571661,126.570076,2.1156883,1.5895972,96.96548,5.2453294,0.0,234.77075
2026-05-14 15:44:00-04:00,320.79443,24.790829,127.35381,128.14604,1.7517695,124.8477,22.599089,126.6769,2.116488,1.5915585,97.10438,5.2208266,0.0,233.08429
2026-05-14 15:45:00-04:00,315.54886,24.820244,127.41264,128.22841,1.7602015,124.930046,22.63744,126.7424,2.1246583,1.59901,97.5669,5.2204123,0.0,233.0451
2026-05-14 15:46:00-04:00,313.83298,24.918293,127.49108,128.28331,1.7635355,125.016335,22.681284,126.829315,2.1289215,1.6056776,97.18146,5.220901,0.0,233.1039
2026-05-14 15:47:00-04:00,312.0926,25.039867,127.616585,128.39313,1.774909,125.09085,22.714174,126.92761,2.1395786,1.6160707,97.18767,5.220424,0.0,231.90773
2026-05-14 15:48:00-04:00,306.87152,25.088894,127.687164,128.45587,1.7778502,125.220276,22.747065,127.04298,2.1436195,1.6180315,97.38779,5.2191296,0.0,231.41748
2026-05-14 15:49:00-04:00,305.1312,25.228123,127.73031,128.51863,1.7823606,125.26734,22.779957,127.06299,2.1438415,1.6229334,97.15785,5.1976924,0.0,230.77039
2026-05-14 15:50:00-04:00,303.3908,25.169292,127.81267,128.58138,1.7839289,125.36539,22.812847,127.155594,2.1542325,1.6266599,97.149536,5.1824365,0.0,231.16255
2026-05-14 15:51:00-04:00,303.3663,25.145763,127.79698,128.59706,1.7874589,125.40461,22.853943,127.17407,2.1546762,1.6282282,97.27983,5.1669283,0.0,228.67212
2026-05-14 15:52:00-04:00,296.42938,25.10262,127.87543,128.65196,1.7917733,125.443825,22.878626,127.231064,2.1542325,1.6290126,97.70809,5.1814556,0.0,228.14268
2026-05-14 15:53:00-04:00,296.47842,25.173218,127.863655,128.62059,1.7886357,125.475204,22.92247,127.22537,2.153522,1.6299934,97.43421,5.134446,0.0,229.53496
2026-05-14 15:54:00-04:00,291.2083,25.145763,127.85189,128.64412,1.7880473,125.46344,22.944408,127.22537,2.1559196,1.6280322,96.968704,5.057865,0.0,228.45644
2026-05-14 15:55:00-04:00,282.53104,25.124191,127.836205,128.61275,1.7858901,125.46736,22.988281,127.21968,2.1518342,1.6264639,97.15958,5.0259743,0.0,229.96637
2026-05-14 15:56:00-04:00,284.2469,25.033985,127.804825,128.58138,1.7807913,125.43598,23.027977,127.19686,2.146195,1.6231298,97.07433,5.1320667,0.0,228.02502
2026-05-14 15:57:00-04:00,282.53104,24.996727,127.74992,128.49902,1.7762818,125.38107,23.054033,127.14274,2.1465056,1.6178355,97.00694,5.070332,0.0,225.47575
2026-05-14 15:58:00-04:00,262.8723,24.984966,127.65579,128.39705,1.767457,125.32225,23.085552,127.08862,2.1359372,1.6099916,97.2692,5.040823,0.0,226.84842
2026-05-14 15:59:00-04:00,270.37305,24.95359,127.58128,128.3186,1.7639275,125.25557,23.119814,127.018776,2.1272337,1.6039124,96.931496,5.0694733,0.0,223.78934
2026-05-14 16:00:00-04:00,272.1379,24.967316,127.50677,128.28723,1.7592211,125.20067,23.162315,126.97323,2.1262567,1.6009707,97.12743,5.0690384,0.0,223.76973
2026-05-14 16:01:00-04:00,270.34854,24.979084,127.44794,128.1931,1.7551031,125.16537,23.191088,126.90629,2.1206174,1.594892,97.51562,5.0461564,0.0,225.67186
2026-05-14 16:02:00-04:00,270.37305,24.945747,127.385185,128.14212,1.7507887,125.1183,23.223948,126.83788,2.1199515,1.59097,97.256485,5.0450945,0.0,225.18161
2026-05-14 16:03:00-04:00,258.21503,24.900642,127.34205,128.04407,1.744906,125.075165,23.251375,126.78658,2.1137788,1.5843029,97.15144,5.0891705,0.0,222.71078
2026-05-14 16:04:00-04:00,249.53775,24.83397,127.20085,127.92641,1.7351007,124.96535,23.295221,126.678345,2.101834,1.5752821,97.17263,4.989812,0.0,223.12259
2026-05-14 16:05:00-04:00,218.48094,24.755531,127.07927,127.77345,1.7215705,124.87514,23.319902,126.568665,2.0904217,1.5629282,97.26726,5.09432,0.0,222.10287
2026-05-14 16:06:00-04:00,218.06422,24.720234,126.87533,127.54599,1.7047062,124.73396,23.361032,126.40628,2.0723488,1.5442991,97.23399,5.0898867,0.0,221.59305
2026-05-14 16:07:00-04:00,207.79367,24.739841,126.66747,127.35381,1.6876459,124.51433,23.387089,126.21686,2.0565405,1.5307684,97.28108,4.4024744,0.0,219.74973
2026-05-14 16:08:00-04:00,200.9793,24.739841,126.471375,127.13026,1.6713696,124.33784,23.426813,126.03879,2.044107,1.5131197,97.476555,5.0528064,0.0,220.3184
2026-05-14 16:09:00-04:00,193.50313,24.739841,126.23605,126.87925,1.6533289,124.14174,23.448782,125.82661,2.0261672,1.4958634,97.56194,5.1351843,0.0,218.35744
2026-05-14 16:10:00-04:00,220.0742,24.75161,125.981125,126.65963,1.4505649,123.51424,23.492596,124.83273,1.7036963,1.4862545,0.0,5.080554,0.0,306.85593
2026-05-14 16:11:00-04:00,219.06923,24.755531,125.82033,126.76159,1.6431317,123.09066,23.515936,125.14314,1.9953946,1.4533105,101.3029,5.130482,0.0,215.4356
2026-05-14 16:12:00-04:00,218.18678,24.75161,125.16537,125.57326,1.5507703,123.25931,23.558407,124.992165,1.9209268,1.391932,97.91123,5.057925,0.0,214.92574
2026-05-14 16:13:00-04:00,200.83223,24.74965,124.88298,125.54972,1.552535,122.75338,23.580284,124.42274,1.9272326,1.3972263,97.395615,5.1046104,0.0,215.78857
2026-05-14 16:14:00-04:00,200.85674,24.75357,124.39667,124.91828,1.5078249,122.46316,23.62419,124.16367,1.8789194,1.3503594,97.114395,5.0369344,0.0,214.29825
2026-05-14 16:15:00-04:00,160.85301,24.739841,124.21233,124.86731,1.5027266,122.12194,23.646095,123.82924,1.877854,1.3460453,97.16191,5.120082,0.0,212.12158
2026-05-14 16:16:00-04:00,171.29515,24.686897,123.81623,124.392746,1.4748809,121.86703,23.68997,123.48902,1.8403759,1.3146698,97.22706,5.1186237,0.0,213.55307
2026-05-14 16:17:00-04:00,246.13057,24.590805,123.569145,124.216255,1.2630963,121.01205,23.711908,122.64244,1.5081353,1.3080025,0.0,5.174456,0.0,270.83295
2026-05-14 16:18:00-04:00,242.55182,24.5261,123.34951,124.28686,1.3791854,120.627686,23.733847,122.717865,1.7553838,1.2664299,100.533325,5.0845428,0.0,215.27872
2026-05-14 16:19:00-04:00,244.31668,24.545704,122.73769,123.137726,1.3752637,120.83948,23.77772,122.582695,1.7465918,1.2185826,97.49175,5.11312,0.0,212.1608
2026-05-14 16:20:00-04:00,233.89906,24.590805,122.38471,123.09458,1.3315341,120.2904,23.799627,121.961075,1.7031634,1.223681,97.50325,5.124742,0.0,210.92537
2026-05-14 16:21:00-04:00,225.17274,24.622185,121.90624,122.38863,1.3301613,120.05117,23.83804,121.6396,1.7007656,1.1728921,97.09132,5.141002,0.0,208.65065
2026-05-14 16:22:00-04:00,232.15868,24.631989,121.64739,122.29843,1.3315341,119.59622,23.86541,121.27269,1.7031634,1.1719112,96.99073,5.1237164,0.0,208.5722
2026-05-14 16:23:00-04:00,228.62892,24.598652,121.36109,121.93762,1.3052571,119.349144,23.89833,121.05938,1.6775417,1.1481838,97.08419,5.147145,0.0,206.02295
2026-05-14 16:24:00-04:00,225.19727,24.530022,121.18069,121.83565,1.296629,119.13736,23.931252,120.81481,1.6687047,1.1393592,96.817604,5.126905,0.0,206.16022
2026-05-14 16:25:00-04:00,221.66751,24.455505,120.92184,121.541504,1.2787838,118.949104,23.95319,120.5887,1.6502322,1.1199455,96.84613,5.156035,0.0,205.84647
2026-05-14 16:26:00-04:00,223.43237,24.36922,120.7375,121.35324,1.2668221,118.72555,23.994287,120.54178,1.6459695,1.1087685,97.02359,5.167276,0.0,206.59163
2026-05-14 16:27:00-04:00,223.45688,24.36922,120.47081,121.07872,1.249958,118.47454,24.019001,120.09683,1.6192373,1.0917077,97.15489,5.1563106,0.0,204.65028
2026-05-14 16:28:00-04:00,220.02518,24.314312,120.235504,120.859085,1.2332897,118.21963,24.040909,119.85655,1.6043173,1.0750396,97.0514,5.183634,0.0,203.00308
2026-05-14 16:29:00-04:00,218.2113,24.21038,119.96096,120.58455,1.2168174,117.952934,24.084784,119.5808,1.5903741,1.0595479,96.7098,5.183582,0.0,202.74815
2026-05-14 16:30:00-04:00,219.97615,24.122135,119.72957,120.30216,1.1964233,117.721535,24.106691,119.33065,1.5720792,1.0413108,96.96396,5.2052956,0.0,203.96393
2026-05-14 16:31:00-04:00,214.7796,24.10841,119.41581,120.03156,1.1793633,117.45485,24.128658,119.04075,1.5524521,1.0230739,96.930016,5.1431417,0.0,203.2384
2026-05-14 16:32:00-04:00,213.03926,24.163315,119.13344,119.74133,1.1621063,117.17639,24.172503,118.79774,1.5344232,1.0044446,96.68222,5.1703086,0.0,202.8462
2026-05-14 16:33:00-04:00,209.53401,24.143707,118.87459,119.490326,1.1479874,116.85871,24.194473,118.47233,1.517283,0.98973775,96.792244,5.200664,0.0,201.14014
2026-05-14 16:34:00-04:00,207.79367,24.124096,118.58044,119.153046,1.1256325,116.58418,24.22184,118.21662,1.4980999,0.9701278,96.75426,5.150447,0.0,200.72836
2026-05-14 16:35:00-04:00,204.28844,24.124096,118.30983,118.917725,1.1136708,116.30965,24.260254,117.93388,1.4824692,0.9556165,96.93377,5.1683273,0.0,198.86542
2026-05-14 16:36:00-04:00,197.32698,24.141747,118.07059,118.600044,1.0977867,114.7291,23.975128,114.32888,1.4730108,0.934438,97.652855,5.1440754,0.0,231.71162
2026-05-14 16:37:00-04:00,190.68423,24.09076,116.08609,116.866554,0.89188504,115.25464,23.89833,116.86573,1.3408166,0.75383306,98.42761,5.1984744,0.0,252.00766
2026-05-14 16:38:00-04:00,188.69873,24.061352,115.70174,116.866554,1.0191522,113.19955,23.975128,114.48495,1.3810031,0.8563919,97.316315,5.1923738,0.0,257.10617
2026-05-14 16:39:00-04:00,185.26703,24.088799,114.81538,114.623215,0.8681576,113.61135,23.975128,114.910706,1.2550254,0.7106919,100.113304,5.1760483,0.0,251.30171
2026-05-14 16:40:00-04:00,181.73732,23.98291,114.82714,115.66645,0.93286943,112.6544,23.980589,114.13015,1.3078678,0.77187395,97.18532,5.1410356,0.0,253.83133
2026-05-14 16:41:00-04:00,178.25659,23.888783,114.015305,114.20748,0.8452141,112.53674,23.988825,114.02521,1.2178137,0.68304205,98.39515,5.1203237,0.0,253.87054
2026-05-14 16:42:00-04:00,173.01102,23.847603,113.83883,114.478096,0.8595295,111.89355,23.997034,113.423615,1.2377073,0.70049477,97.2728,5.118207,0.0,253.83133
2026-05-14 16:43:00-04:00,167.83897,23.792694,113.191696,113.56821,0.81344676,111.54449,23.997034,113.06042,1.1864637,0.6504903,97.240776,5.1422195,0.0,253.87054
2026-05-14 16:44:00-04:00,162.64238,23.710335,112.93286,113.46232,0.80383754,111.062096,23.997034,112.60797,1.1817567,0.6432347,97.17461,5.1110287,0.0,253.71367
2026-05-14 16:45:00-04:00,155.68097,23.594639,112.37202,112.81128,0.77206993,110.63852,24.016226,112.15838,1.1481864,0.6100941,97.50428,5.034071,0.0,253.5568
2026-05-14 16:46:00-04:00,150.4599,23.465214,112.02296,112.51713,0.75422525,110.17574,24.019001,111.73297,1.1304241,0.5938182,97.010666,5.0669937,0.0,253.34108
2026-05-14 16:47:00-04:00,145.87611,23.35736,111.54841,111.99159,0.7291248,109.7404,24.034044,111.28495,1.1038698,0.5671489,97.20743,5.026621,0.0,253.36069
2026-05-14 16:48:00-04:00,141.7581,23.314217,111.136604,111.595474,0.70716214,109.2933,24.040909,110.862465,1.0848198,0.5471473,97.12479,5.0457935,0.0,248.41908
2026-05-14 16:49:00-04:00,138.27737,23.265194,110.658134,111.12484,0.68304205,108.84228,24.040909,110.4004,1.0548464,0.5238116,96.56393,4.9303308,0.0,248.4583
2026-05-14 16:50:00-04:00,136.56151,23.174988,110.2424,110.70128,0.66068697,108.39517,24.062847,109.9752,1.0341979,0.5020449,95.86923,4.970785,0.0,247.37975
2026-05-14 16:51:00-04:00,133.08081,23.108322,109.79923,110.26594,0.6373515,107.97161,24.062847,109.78671,1.0266935,0.48067045,95.677414,4.971637,0.0,246.8895
2026-05-14 16:52:00-04:00,131.41397,23.016155,109.399185,109.96395,0.40752625,106.8264,24.084784,108.6575,0.6959629,0.4202726,0.0,5.059597,0.0,251.086
2026-05-14 16:53:00-04:00,131.43849,22.888687,108.86581,109.53253,0.39125013,105.540016,24.084784,108.09228,0.6694529,0.40046692,0.0,5.119215,0.0,268.00912
2026-05-14 16:54:00-04:00,131.43849,22.822014,108.485374,109.55215,0.41419363,104.65758,24.10123,107.736824,0.68859166,0.40458465,0.0,5.163894,0.0,443.82947
2026-05-14 16:55:00-04:00,126.04583,22.75142,108.16379,108.55205,0.39889812,103.567276,24.106691,107.12222,0.6841068,0.39811373,0.0,5.0895677,0.0,426.08273
2026-05-14 16:56:00-04:00,119.50109,22.688675,107.7912,108.08927,0.38968134,102.40246,24.117706,106.69463,0.6736715,0.38477898,0.0,5.0391946,0.0,452.04593
2026-05-14 16:57:00-04:00,110.65222,22.616116,107.457825,107.74413,0.37791586,101.79064,24.128658,106.230354,0.65884006,0.36830688,0.0,4.9532743,0.0,463.8117
2026-05-14 16:58:00-04:00,120.996346,22.598469,107.14016,107.48136,0.3634045,100.684654,24.131405,105.72217,0.64702827,0.35712957,0.0,5.027897,0.0,439.4565
2026-05-14 16:59:00-04:00,120.996346,22.569054,106.83424,107.148,0.3516388,100.27677,24.150534,105.33302,0.6338843,0.34183383,0.0,5.0938196,0.0,474.28326
2026-05-14 17:00:00-04:00,120.996346,22.537678,106.51656,106.85385,0.3339901,99.61789,24.150534,104.7726,0.619497,0.32830334,0.0,5.1527495,0.0,456.73264
2026-05-14 17:01:00-04:00,120.996346,22.523949,106.1989,106.55971,0.31889057,98.79036,24.172503,104.32836,0.60844,0.31673336,0.0,5.183381,0.0,463.55682
2026-05-14 17:02:00-04:00,114.05941,22.48669,105.91651,106.2538,0.311831,98.53543,24.172503,103.87568,0.594186,0.30281067,0.0,5.096413,0.0,466.9297
2026-05-14 17:03:00-04:00,112.31907,22.449432,105.6302,105.97534,0.2973199,97.55887,24.172503,103.397606,0.5823299,0.29026031,0.0,5.08264,0.0,458.55637
2026-05-14 17:04:00-04:00,112.294556,22.437668,105.29685,105.696884,0.28869152,96.78625,24.182116,102.93372,0.57047355,0.27869081,0.0,5.051221,0.0,466.06683
2026-05-14 17:05:00-04:00,94.96451,22.421978,105.03015,105.39882,0.27163124,95.83714,24.194473,102.49253,0.55724084,0.26633644,0.0,5.125424,0.0,452.75186
2026-05-14 17:06:00-04:00,86.2382,22.351383,104.78307,105.12036,0.26535606,95.83322,24.195847,102.10517,0.5475161,0.25457072,0.0,5.100738,0.0,461.79193
2026-05-14 17:07:00-04:00,94.939995,22.265099,104.48501,104.85759,0.25045276,95.54691,24.21638,101.68669,0.53512704,0.24260879,0.0,5.0946302,0.0,467.91016
2026-05-14 17:08:00-04:00,86.2382,22.212158,104.17125,104.52423,0.23554945,95.07629,24.21638,101.21746,0.5239368,0.23084307,0.0,5.043642,0.0,462.26257
2026-05-14 17:09:00-04:00,77.511894,22.15921,103.89671,104.273224,0.2290783,94.05658,24.21638,100.80475,0.51301324,0.21966553,0.0,4.9963827,0.0,457.83078
2026-05-14 17:10:00-04:00,77.53641,22.10038,103.61434,104.01045,0.21319437,93.44084,24.238348,100.39775,0.50093496,0.20750761,0.0,5.1612973,0.0,464.6549
2026-05-14 17:11:00-04:00,77.53641,22.043514,103.31235,103.712395,0.20476222,92.97413,24.238348,99.96258,0.489123,0.19691825,0.0,5.1915913,0.0,443.53534
2026-05-14 17:12:00-04:00,77.53641,21.988605,103.06918,103.422165,0.19201612,92.60155,24.238348,99.60089,0.4804197,0.18554473,0.0,5.0541415,0.0,464.5961
2026-05-14 17:13:00-04:00,68.88364,21.921932,102.73583,103.139786,0.18221116,91.86422,24.243807,99.17995,0.4663877,0.17201424,0.0,5.0447245,0.0,458.4779
2026-05-14 17:14:00-04:00,51.455536,21.806232,102.371086,102.8378,0.16985726,91.32692,24.254763,98.75339,0.45546395,0.16299367,0.0,4.96901,0.0,445.5943
2026-05-14 17:15:00-04:00,56.701115,21.639553,102.13969,102.53188,0.1604445,90.81315,24.260254,98.42573,0.4457392,0.14946318,0.0,5.0302615,0.0,476.22467
2026-05-14 17:16:00-04:00,51.48005,21.408157,101.888695,102.30049,0.14083481,90.26407,24.260254,98.05015,0.4361477,0.13887358,0.0,5.173814,0.0,438.90744
2026-05-14 17:17:00-04:00,51.48005,21.255207,101.621994,102.018105,0.13769722,89.6954,24.260254,97.553154,0.42451346,0.13004923,0.0,5.1554556,0.0,457.6543
2026-05-14 17:18:00-04:00,49.739704,21.096367,101.34746,101.75927,0.12808847,88.99337,24.260254,97.193146,0.41354528,0.11749911,0.0,5.068733,0.0,476.32272
2026-05-14 17:19:00-04:00,41.013397,20.972824,101.05331,101.453354,0.11298895,88.18152,24.272612,96.8078,0.40200004,0.10887098,0.0,5.034065,0.0,422.7098
2026-05-14 17:20:00-04:00,41.062424,20.884579,100.79055,101.17489,0.10338044,87.836395,24.276731,96.45215,0.39462867,0.09788942,0.0,4.9961734,0.0,477.46008
2026-05-14 17:21:00-04:00,32.36063,20.77673,100.53954,100.92782,0.093967676,87.181435,24.28219,95.98075,0.38201758,0.08494711,0.0,5.1541824,0.0,465.12555
2026-05-14 17:22:00-04:00,32.38514,20.77869,100.26108,100.66505,0.083574295,86.62059,24.28219,95.61111,0.37309211,0.07808375,0.0,5.1433997,0.0,441.84888
2026-05-14 17:23:00-04:00,32.38514,20.708096,100.02185,100.398346,0.07376981,86.11075,24.28219,95.27104,0.36416665,0.066709995,0.0,5.135172,0.0,464.28235
2026-05-14 17:24:00-04:00,25.399178,20.655148,99.72378,100.14734,0.0655334,85.49892,24.28219,94.83793,0.3520884,0.055924892,0.0,5.056729,0.0,452.92838
2026-05-14 17:25:00-04:00,23.658834,20.604164,99.461006,99.88458,0.05670929,85.14203,24.28219,94.44018,0.34422874,0.047492504,0.0,5.074026,0.0,447.1827
2026-05-14 17:26:00-04:00,23.658834,20.555138,99.22176,99.59043,0.04592371,84.57726,24.28219,94.11858,0.33517006,0.03709936,0.0,5.133362,0.0,466.47864
2026-05-14 17:27:00-04:00,23.658834,20.529644,98.8688,99.29236,0.033569813,83.847786,24.28219,93.7463,0.32358024,0.026314259,0.0,5.115195,0.0,440.82916
2026-05-14 17:28:00-04:00,23.658834,20.457088,98.58642,99.04529,0.029059649,83.34578,24.28219,93.3543,0.3161202,0.019058704,0.0,5.0175557,0.0,456.4973
2026-05-14 17:29:00-04:00,23.658834,20.325706,98.36678,98.81389,0.018274069,82.82808,24.28219,92.95107,0.30750555,0.01180315,0.0,4.9986396,0.0,455.26187
2026-05-14 17:30:00-04:00,23.683348,20.227657,98.16286,98.62171,0.012979507,82.40452,24.28219,92.57889,0.3003562,0.0041553974,0.0,5.132473,0.0,434.84824
2026-05-14 17:31:00-04:00,23.683348,20.208046,97.9393,98.36286,0.0033707619,82.19273,24.28219,92.23492,0.29507208,-0.0007472038,0.0,5.1712832,0.0,440.437
2026-05-14 17:32:00-04:00,23.658834,20.208046,97.715744,98.182465,0.0021944046,81.3299,24.276731,91.83466,0.29156396,-0.0009431839,0.0,5.1066923,0.0,417.90546
2026-05-14 17:33:00-04:00,14.981553,20.182556,97.633385,98.04912,0.00023317337,80.26706,24.280819,91.46265,0.29018745,-0.0009431839,0.0,4.940171,0.0,394.72687
2026-05-14 17:34:00-04:00,15.006065,20.127647,97.519646,97.91577,0.00042963028,80.196465,24.272612,91.13008,0.28912178,-0.00015878677,0.0,4.98046,0.0,378.94107
2026-05-14 17:35:00-04:00,14.957041,20.09039,97.515724,97.751045,-0.0009431839,80.36511,24.260254,90.763756,0.2879229,-0.00055098534,0.0,5.1196113,0.0,368.37143
2026-05-14 17:36:00-04:00,14.981553,19.998222,97.44905,97.547104,-0.0013356209,80.10626,24.260254,90.37067,0.2877007,-0.00035500526,0.0,5.139915,0.0,360.01773
2026-05-14 17:37:00-04:00,14.981553,19.904099,97.347084,97.268654,-0.0019237995,79.427765,24.260254,89.99177,0.28690147,-0.00035500526,0.0,5.077079,0.0,353.84064
2026-05-14 17:38:00-04:00,9.784996,19.870762,97.268654,97.05687,-0.0034925938,78.54141,24.260254,89.60302,0.28672385,-0.0009431839,0.0,5.032196,0.0,339.76096
2026-05-14 17:39:00-04:00,0.0,19.835464,97.16668,96.82155,-0.004472971,77.45503,24.260254,89.284744,0.28503639,-0.00055098534,0.0,5.0637064,0.0,323.95554
2026-05-14 17:40:00-04:00,0.0,19.802128,97.072556,96.55093,-0.006629944,77.02755,24.256134,88.93552,0.28321585,-0.0007472038,0.0,5.166243,0.0,307.052
2026-05-14 17:41:00-04:00,0.0,19.768791,97.00588,96.335236,-0.0078065395,76.784386,24.238348,88.66097,0.28219444,-0.0007472038,0.0,5.1634564,0.0,290.71713
2026-05-14 17:42:00-04:00,0.0,19.739376,96.872536,96.045006,-0.009375334,75.47446,24.238348,88.214645,0.2804627,-0.00055098534,0.0,5.071713,0.0,273.83322
2026-05-14 17:43:00-04:00,0.0,19.739376,96.7431,95.77439,-0.010748148,75.54505,24.236975,87.85706,0.27908608,-0.00055098534,0.0,4.9723353,0.0,259.53775
2026-05-14 17:44:00-04:00,0.0,19.692314,96.57446,95.40181,-0.011728525,75.321495,24.22184,87.491104,0.2778428,-0.00055098534,0.0,5.0831695,0.0,247.20326
2026-05-14 17:45:00-04:00,0.0,19.737415,96.42542,95.048836,-0.013297319,75.07835,24.21638,87.130844,0.2763329,-0.00055098534,0.0,5.1485267,0.0,235.28061
2026-05-14 17:46:00-04:00,0.0,19.762909,96.245026,94.68017,-0.013885736,74.59986,24.21638,86.7931,0.2759777,-0.0009431839,0.0,5.0622344,0.0,226.51506
2026-05-14 17:47:00-04:00,0.0,19.784477,96.045006,94.23307,-0.014669895,74.08217,24.21638,86.43287,0.2759777,-0.0007472038,0.0,4.9657035,0.0,222.1421
2026-05-14 17:48:00-04:00,0.0,19.737415,95.81753,94.85274,-0.014669895,73.670364,24.199965,86.08395,0.27580008,-0.0007472038,0.0,4.89391,0.0,220.84787
2026-05-14 17:49:00-04:00,0.0,19.737415,95.476326,95.444954,-0.014866114,73.391914,24.194473,85.72943,0.27619988,-0.0009431839,0.0,5.107296,0.0,220.06348
2026-05-14 17:50:00-04:00,0.0,19.570732,95.16649,95.46064,-0.014473915,72.458496,24.194473,85.3862,0.27571127,-0.0007472038,0.0,5.1004553,0.0,219.67128
2026-05-14 17:51:00-04:00,0.0,19.419739,94.8645,95.31945,-0.014669895,72.11728,24.172503,85.043,0.27553368,-0.00055098534,0.0,5.023934,0.0,219.65167
2026-05-14 17:52:00-04:00,0.0,19.325611,94.62526,95.08413,-0.014669895,71.69371,24.172503,84.70549,0.27624428,-0.00055098534,0.0,4.929859,0.0,219.20067
2026-05-14 17:53:00-04:00,0.0,19.345222,94.358574,94.78606,-0.014669895,71.12503,24.172503,84.37925,0.27584448,-0.00055098534,0.0,4.9546485,0.0,219.20067
2026-05-14 17:54:00-04:00,0.0,19.272667,94.076195,94.57429,-0.014866114,71.03875,24.150534,84.04181,0.27571127,-0.001139164,0.0,5.0457354,0.0,218.71042
2026-05-14 17:55:00-04:00,0.0,19.137356,93.78204,94.43309,-0.015062332,70.58381,24.150534,83.698746,0.2759777,-0.0007472038,0.0,5.0498285,0.0,218.69081
2026-05-14 17:56:00-04:00,0.0,19.098137,93.589874,94.25661,-0.014866114,70.26613,24.142326,83.372635,0.2759777,-0.0009431839,0.0,5.0442348,0.0,218.43588
2026-05-14 17:57:00-04:00,0.0,19.090294,93.393776,94.103645,-0.015062332,69.76805,24.128658,83.0465,0.27593344,-0.0007472038,0.0,4.9256415,0.0,217.84758
2026-05-14 17:58:00-04:00,0.0,19.0648,93.17807,93.962456,-0.014669895,69.28172,24.128658,82.71478,0.2765995,-0.0009431839,0.0,4.9633274,0.0,217.8672
2026-05-14 17:59:00-04:00,0.0,19.01382,93.0055,93.79773,-0.014866114,68.58754,24.125914,82.39296,0.2763329,-0.0009431839,0.0,5.000309,0.0,217.53383
2026-05-14 18:00:00-04:00,0.0,18.958912,92.85647,93.68399,-0.014669895,68.293396,24.106691,82.06271,0.2759777,-0.001139164,0.0,4.8954296,0.0,217.55344
2026-05-14 18:01:00-04:00,0.0,18.886356,92.71921,93.597725,-0.015062332,67.9365,24.095768,81.747986,0.2765995,-0.001139164,0.0,5.0343347,0.0,217.16124
2026-05-14 18:02:00-04:00,0.0,18.817722,92.58194,93.433,-0.015062332,67.62274,24.084784,81.427635,0.2760221,-0.001139164,0.0,4.869737,0.0,217.20045
2026-05-14 18:03:00-04:00,0.0,18.698101,92.46036,93.307495,-0.015062332,66.99916,24.084784,81.108765,0.27615532,-0.0013356209,0.0,4.8951735,0.0,216.72984
2026-05-14 18:04:00-04:00,0.0,18.65104,92.32701,93.193756,-0.014866114,66.67364,24.066965,80.792725,0.27664375,-0.001139164,0.0,4.900001,0.0,216.69063
2026-05-14 18:05:00-04:00,0.0,18.590248,92.21719,93.072174,-0.014669895,66.46185,24.057384,80.47105,0.2766883,-0.00055098534,0.0,4.896251,0.0,216.53375
2026-05-14 18:06:00-04:00,0.0,18.509853,92.09953,92.92314,-0.014669895,65.979454,24.040909,80.28148,0.27611107,-0.0007472038,0.0,4.932925,0.0,216.0239
2026-05-14 18:07:00-04:00,0.0,18.417686,91.95442,92.78587,-0.015062332,65.53627,24.040909,79.865814,0.2765551,-0.00055098534,0.0,4.8940406,0.0,216.0435
2026-05-14 18:08:00-04:00,0.0,18.341206,91.80932,92.67607,-0.014669895,65.38724,24.019001,79.55688,0.27686593,-0.0009431839,0.0,4.864462,0.0,216.0435
2026-05-14 18:09:00-04:00,0.0,18.264729,91.66813,92.56233,-0.014866114,64.79111,24.001154,79.24519,0.27619988,-0.001139164,0.0,4.774384,0.0,215.57286
2026-05-14 18:10:00-04:00,0.0,18.19413,91.55831,92.43683,-0.015062332,64.410675,23.997034,78.93355,0.27642187,-0.001139164,0.0,4.797731,0.0,215.53365
2026-05-14 18:11:00-04:00,0.0,18.141186,91.44065,92.370155,-0.014866114,64.2342,23.980589,78.62471,0.2767327,-0.001139164,0.0,4.8590965,0.0,215.55325
2026-05-14 18:12:00-04:00,0.0,18.037258,91.323,92.31525,-0.014866114,63.579224,23.975128,78.32715,0.27730995,-0.0007472038,0.0,4.864197,0.0,215.53365
2026-05-14 18:13:00-04:00,0.0,17.917637,91.25632,92.17406,-0.014866114,63.257633,23.95319,78.01838,0.27704352,-0.0007472038,0.0,4.83913,0.0,214.59239
2026-05-14 18:14:00-04:00,0.0,17.82351,91.138664,92.044624,-0.014866114,63.01055,23.93534,77.73209,0.27726555,-0.0007472038,0.0,4.8535266,0.0,214.612
2026-05-14 18:15:00-04:00,0.0,17.719578,91.01316,91.87206,-0.014669895,62.798763,23.920269,77.40094,0.27722114,-0.0007472038,0.0,4.8249016,0.0,214.63162
2026-05-14 18:16:00-04:00,0.0,17.596043,90.907265,91.76225,-0.014669895,62.24185,23.909346,77.12592,0.27748755,-0.0007472038,0.0,4.762097,0.0,214.43552
2026-05-14 18:17:00-04:00,0.0,17.45681,90.77785,91.66421,-0.014866114,61.739838,23.887346,76.81729,0.27748755,-0.0009431839,0.0,4.7522297,0.0,214.35707
2026-05-14 18:18:00-04:00,0.0,17.370525,90.64842,91.52694,-0.015062332,61.54766,23.86541,76.5128,0.27766517,-0.0007472038,0.0,4.739115,0.0,214.10214
2026-05-14 18:19:00-04:00,0.0,17.286205,90.53468,91.401436,-0.014669895,61.32804,23.848993,76.222435,0.27775398,-0.0009431839,0.0,4.7701626,0.0,214.06293
2026-05-14 18:20:00-04:00,0.0,17.252869,90.38957,91.2877,-0.014866114,60.982906,23.82431,75.92514,0.277976,-0.0009431839,0.0,4.8113956,0.0,213.55307
2026-05-14 18:21:00-04:00,0.0,17.25483,90.27191,91.15827,-0.015062332,60.743668,23.809269,75.62778,0.2781092,-0.001139164,0.0,4.823287,0.0,213.55307
2026-05-14 18:22:00-04:00,0.0,17.262672,90.138565,90.99747,-0.015062332,60.29657,23.794134,75.32489,0.27775398,-0.0009431839,0.0,4.8024454,0.0,213.2197
2026-05-14 18:23:00-04:00,0.0,17.333267,89.9817,90.84452,-0.014669895,60.104393,23.77772,75.03322,0.27757636,-0.0009431839,0.0,4.777652,0.0,213.18048
2026-05-14 18:24:00-04:00,0.0,17.417591,89.88365,90.687645,-0.015062332,60.025955,23.75575,74.72197,0.27757636,-0.0007472038,0.0,4.7391763,0.0,212.88634
2026-05-14 18:25:00-04:00,0.0,17.47054,89.70716,90.56214,-0.015062332,59.747494,23.733847,74.421906,0.2778428,-0.0007472038,0.0,4.6306205,0.0,212.88634
2026-05-14 18:26:00-04:00,0.0,17.39994,89.56205,90.40526,-0.015062332,59.351383,23.711908,74.11915,0.27730995,-0.001139164,0.0,4.6381464,0.0,212.51375
2026-05-14 18:27:00-04:00,0.0,17.419552,89.464,90.35036,-0.015062332,59.194504,23.68997,73.81356,0.2781536,-0.0007472038,0.0,4.6052256,0.0,212.49414
2026-05-14 18:28:00-04:00,0.0,17.484264,89.287506,90.24054,-0.015062332,58.794464,23.668064,73.51784,0.27802038,-0.0009431839,0.0,4.705166,0.0,212.12158
2026-05-14 18:29:00-04:00,0.0,17.435238,89.1973,90.14641,-0.015062332,58.625828,23.646095,73.222084,0.27730995,-0.0009431839,0.0,4.7222376,0.0,212.12158
2026-05-14 18:30:00-04:00,0.0,17.352879,89.07964,90.052284,-0.015062332,58.555233,23.62419,72.93485,0.27757636,-0.001139164,0.0,4.747729,0.0,212.10196
2026-05-14 18:31:00-04:00,0.0,17.18816,88.96984,89.950325,-0.015062332,58.339523,23.610458,72.71766,0.27722114,-0.0009431839,0.0,4.7962465,0.0,211.63133
2026-05-14 18:32:00-04:00,0.0,17.076385,88.86787,89.76207,-0.015062332,58.13166,23.602251,72.37015,0.27757636,-0.001139164,0.0,4.775149,0.0,211.65094
2026-05-14 18:33:00-04:00,0.0,17.052853,88.71491,89.6248,-0.014866114,57.85321,23.569359,72.095566,0.2782868,-0.0007472038,0.0,4.711722,0.0,211.25874
2026-05-14 18:34:00-04:00,0.0,17.166588,88.57764,89.487526,-0.015258312,57.53161,23.558407,71.81821,0.2778428,-0.0009431839,0.0,4.6880045,0.0,211.23914
2026-05-14 18:35:00-04:00,0.0,17.217567,88.48351,89.33457,-0.015258312,57.249226,23.53644,71.539474,0.278198,-0.001139164,0.0,4.602263,0.0,211.06264
2026-05-14 18:36:00-04:00,0.0,17.168549,88.33055,89.25221,-0.015062332,57.025673,23.514532,71.26637,0.2778428,-0.001139164,0.0,4.524983,0.0,210.96458
2026-05-14 18:37:00-04:00,0.0,17.078346,88.23643,89.15416,-0.015062332,56.76683,23.492596,70.97507,0.27730995,-0.0007472038,0.0,4.656973,0.0,210.92537
2026-05-14 18:38:00-04:00,0.0,16.956764,88.09917,89.0718,-0.015062332,56.480526,23.470657,70.70618,0.27713233,-0.001139164,0.0,4.6135087,0.0,210.55278
2026-05-14 18:39:00-04:00,0.0,16.866558,88.00504,88.98945,-0.015258312,56.221676,23.448782,70.43732,0.2778428,-0.0009431839,0.0,4.689543,0.0,210.55278
2026-05-14 18:40:00-04:00,0.0,16.782234,87.89915,88.9267,-0.015258312,55.939304,23.426813,70.17408,0.278198,-0.0009431839,0.0,4.7115264,0.0,210.31746
2026-05-14 18:41:00-04:00,0.0,16.676346,87.79326,88.85218,-0.015258312,55.605934,23.404907,69.899704,0.27766517,-0.001139164,0.0,4.6233163,0.0,210.23903
2026-05-14 18:42:00-04:00,0.0,16.56065,87.70305,88.76982,-0.015454531,55.19805,23.382969,69.639305,0.2778872,-0.001139164,0.0,4.5237446,0.0,210.16058
2026-05-14 18:43:00-04:00,0.0,16.409653,87.61677,88.6247,-0.015258312,54.476418,23.361032,69.38454,0.27766517,-0.0009431839,0.0,4.497243,0.0,209.76842
2026-05-14 18:44:00-04:00,0.0,16.17826,87.50303,88.487434,-0.015062332,54.056774,23.339127,69.11019,0.2781092,-0.001139164,0.0,4.35927,0.0,209.78802
2026-05-14 18:45:00-04:00,0.0,16.033146,87.36968,88.33448,-0.015062332,53.707718,23.311697,68.87786,0.27859762,-0.0009431839,0.0,4.375559,0.0,209.37622
2026-05-14 18:46:00-04:00,0.0,16.103745,87.236336,88.20898,-0.015454531,53.288067,23.295221,68.61894,0.27864203,-0.001139164,0.0,4.4319386,0.0,209.39583
2026-05-14 18:47:00-04:00,0.0,16.291992,87.13045,88.11486,-0.015258312,52.868427,23.252718,68.36286,0.27855322,-0.001139164,0.0,4.5369196,0.0,209.41544
2026-05-14 18:48:00-04:00,0.0,16.313564,87.00887,87.98151,-0.015062332,52.62134,23.241796,68.09838,0.27802038,-0.001139164,0.0,4.5717034,0.0,208.80753
2026-05-14 18:49:00-04:00,0.0,16.144924,86.91082,87.93053,-0.015258312,52.77038,23.207533,67.83957,0.277976,-0.001139164,0.0,4.5611396,0.0,208.80753
2026-05-14 18:50:00-04:00,0.0,15.919411,86.82062,87.87954,-0.015454531,52.452694,23.185564,67.57655,0.2781092,-0.001139164,0.0,4.4727793,0.0,208.80753
2026-05-14 18:51:00-04:00,0.0,15.635071,86.750015,87.81287,-0.015454531,52.527214,23.163689,67.31914,0.2779316,-0.0009431839,0.0,4.3647633,0.0,208.78792
2026-05-14 18:52:00-04:00,0.0,15.387985,86.61667,87.7305,-0.015454531,52.111496,23.137632,67.06457,0.2781092,-0.0009431839,0.0,4.2932825,0.0,208.23885
2026-05-14 18:53:00-04:00,0.0,15.180126,86.549995,87.632454,-0.015454531,51.829113,23.119814,66.840775,0.278198,-0.001139164,0.0,4.324282,0.0,208.21922
2026-05-14 18:54:00-04:00,0.0,15.040897,86.467636,87.554016,-0.015454531,51.566338,23.07594,66.57224,0.278509,-0.0009431839,0.0,4.377229,0.0,208.21922
2026-05-14 18:55:00-04:00,0.0,14.968342,86.38528,87.42067,-0.015258312,51.295734,23.054033,66.32189,0.2782868,-0.0013356209,0.0,4.4442916,0.0,208.21922
2026-05-14 18:56:00-04:00,0.0,14.844803,86.28332,87.33046,-0.01565051,51.09179,23.032095,66.116325,0.27842003,-0.0013356209,0.0,4.540498,0.0,207.68979
2026-05-14 18:57:00-04:00,0.0,14.758522,86.189186,87.259865,-0.015258312,50.825096,23.010126,66.116325,0.27842003,-0.001139164,0.0,4.434859,0.0,207.68979
2026-05-14 18:58:00-04:00,0.0,14.67812,86.07545,87.20497,-0.01584649,50.5584,22.967688,65.58356,0.27855322,-0.0013356209,0.0,4.369711,0.0,207.68979
2026-05-14 18:59:00-04:00,0.0,14.6330185,86.012695,87.11476,-0.016042471,50.272106,22.944408,65.34173,0.27837563,-0.0013356209,0.0,4.271404,0.0,207.35643
2026-05-14 19:00:00-04:00,0.0,14.629093,85.93818,87.00102,-0.01584649,50.005413,22.921127,65.09705,0.2788198,-0.001139164,0.0,4.2189603,0.0,207.3368
2026-05-14 19:01:00-04:00,0.0,14.489864,85.836205,86.91082,-0.015258312,49.77402,22.886833,64.855194,0.27890846,-0.001139164,0.0,4.2790647,0.0,207.3368
2026-05-14 19:02:00-04:00,0.0,14.315342,85.77345,86.82062,-0.01565051,49.523014,22.856659,64.60781,0.27846444,-0.0009431839,0.0,4.287639,0.0,207.02306
2026-05-14 19:03:00-04:00,0.0,14.199642,85.69894,86.73433,-0.01565051,49.24456,22.832005,64.371635,0.2788642,-0.0013356209,0.0,4.4214015,0.0,207.02306
2026-05-14 19:04:00-04:00,0.0,14.166306,85.5852,86.64805,-0.01565051,48.946487,22.790909,64.13539,0.27873084,-0.001139164,0.0,4.441643,0.0,207.00345
2026-05-14 19:05:00-04:00,0.0,14.117283,85.471466,86.57353,-0.01584649,48.66019,22.769001,63.90203,0.2782424,-0.0013356209,0.0,4.3290386,0.0,206.49359
2026-05-14 19:06:00-04:00,0.0,14.060413,85.39696,86.48724,-0.01565051,48.41703,22.725128,63.660267,0.2788198,-0.0013356209,0.0,4.276445,0.0,206.49359
2026-05-14 19:07:00-04:00,0.0,13.99374,85.31068,86.39704,-0.015454531,48.11896,22.703222,63.424126,0.27890846,-0.0013356209,0.0,4.2746215,0.0,206.49359
2026-05-14 19:08:00-04:00,0.0,13.948643,85.22439,86.31469,-0.01565051,47.82874,22.670332,63.19641,0.27873084,-0.0013356209,0.0,4.1935945,0.0,206.27788
2026-05-14 19:09:00-04:00,0.0,13.901577,85.14595,86.20879,-0.01584649,47.542435,22.63744,62.9603,0.27842003,-0.001139164,0.0,4.2005076,0.0,206.27788
2026-05-14 19:10:00-04:00,0.0,13.901577,85.02437,86.102905,-0.01584649,47.295357,22.601835,62.729782,0.2788198,-0.001139164,0.0,4.316777,0.0,206.06216
2026-05-14 19:11:00-04:00,0.0,13.86824,84.95377,86.012695,-0.015454531,47.03651,22.571661,62.499264,0.27899742,-0.0009431839,0.0,4.176731,0.0,206.08177
2026-05-14 19:12:00-04:00,0.0,13.872162,84.84788,85.930336,-0.016042471,46.789425,22.54835,62.270245,0.27935264,-0.0013356209,0.0,4.1402874,0.0,205.88568
2026-05-14 19:13:00-04:00,0.0,13.858437,84.73807,85.83228,-0.01584649,46.514893,22.505878,62.01603,0.27961907,-0.0013356209,0.0,4.115307,0.0,205.51312
2026-05-14 19:14:00-04:00,0.0,13.878048,84.64786,85.73816,-0.01584649,46.307026,22.477108,61.800907,0.27921927,-0.001139164,0.0,4.0792274,0.0,205.49352
2026-05-14 19:15:00-04:00,0.0,13.872162,84.54196,85.612656,-0.01584649,46.044262,22.440098,61.577538,0.27944145,-0.001139164,0.0,4.1303663,0.0,205.49352
2026-05-14 19:16:00-04:00,0.0,13.901577,84.45962,85.52637,-0.01584649,45.80894,22.418222,61.34852,0.27948585,-0.0013356209,0.0,4.129938,0.0,205.2582
2026-05-14 19:17:00-04:00,0.0,13.948643,84.37333,85.42832,-0.016042471,45.589317,22.374315,61.125088,0.27975225,-0.0013356209,0.0,4.158235,0.0,205.19936
2026-05-14 19:18:00-04:00,0.0,14.009426,84.302734,85.330284,-0.016042471,45.373608,22.335964,60.903095,0.27944145,-0.001139164,0.0,4.1728945,0.0,205.23859
2026-05-14 19:19:00-04:00,0.0,14.111397,84.17723,85.22047,-0.01584649,45.09515,22.3086,60.689503,0.27961907,-0.001139164,0.0,4.0684505,0.0,204.92482
2026-05-14 19:20:00-04:00,0.0,14.132969,84.03996,85.130264,-0.016042471,44.863754,22.28663,60.46052,0.27961907,-0.0013356209,0.0,3.976699,0.0,204.92482
2026-05-14 19:21:00-04:00,0.0,14.13493,83.94975,85.0479,-0.01584649,44.62844,22.242817,60.267868,0.27979666,-0.0013356209,0.0,4.0268655,0.0,204.94443
2026-05-14 19:22:00-04:00,0.0,14.164345,83.86739,84.94985,-0.016042471,44.416653,22.209927,60.267868,0.27979666,-0.0013356209,0.0,4.045739,0.0,204.49341
2026-05-14 19:23:00-04:00,0.0,14.268276,83.77719,84.840034,-0.01584649,44.212715,22.177069,59.807255,0.27988547,-0.001139164,0.0,4.14986,0.0,204.51302
2026-05-14 19:24:00-04:00,0.0,14.376133,83.72228,84.73414,-0.01584649,43.98524,22.15098,59.589546,0.27979666,-0.0013356209,0.0,4.1315207,0.0,204.53262
2026-05-14 19:25:00-04:00,0.0,14.468292,83.60854,84.643936,-0.016042471,43.765617,22.111286,59.371834,0.27970788,-0.001139164,0.0,4.1289854,0.0,204.51302
2026-05-14 19:26:00-04:00,0.0,14.487904,83.537964,84.56942,-0.016042471,43.56952,22.083858,59.156963,0.27992988,-0.0013356209,0.0,4.131738,0.0,203.98355
2026-05-14 19:27:00-04:00,0.0,14.338875,83.47913,84.51843,-0.016042471,43.34989,22.045507,58.946217,0.27944145,-0.0013356209,0.0,4.0575147,0.0,203.96393
2026-05-14 19:28:00-04:00,0.0,14.13493,83.369316,84.45177,-0.01623869,43.12634,22.0236,58.727165,0.27988547,-0.0013356209,0.0,3.9728122,0.0,204.00316
2026-05-14 19:29:00-04:00,0.0,14.03492,83.28303,84.365486,-0.016042471,42.906715,21.979727,58.519287,0.2800187,-0.0013356209,0.0,4.0100255,0.0,203.96393
2026-05-14 19:30:00-04:00,0.0,13.889812,83.216354,84.28705,-0.01584649,42.68316,21.957851,58.32674,0.27961907,-0.001139164,0.0,3.960822,0.0,203.4933
2026-05-14 19:31:00-04:00,0.0,13.78392,83.14184,84.17331,-0.01584649,42.467457,21.922245,58.104946,0.2800631,-0.001139164,0.0,4.0689893,0.0,203.4933
2026-05-14 19:32:00-04:00,0.0,13.880009,83.0281,84.07526,-0.01623869,42.224293,21.89207,57.901287,0.27988547,-0.0013356209,0.0,4.1160803,0.0,203.53252
2026-05-14 19:33:00-04:00,0.0,14.030998,82.94574,83.9576,-0.01623869,41.926228,21.859213,57.69204,0.27944145,-0.001531601,0.0,4.0845327,0.0,203.53252
2026-05-14 19:34:00-04:00,0.0,14.178074,82.832,83.87524,-0.01623869,41.961525,21.826323,57.482822,0.27944145,-0.0013356209,0.0,4.0192027,0.0,203.25798
2026-05-14 19:35:00-04:00,0.0,14.254551,82.71434,83.78111,-0.01584649,41.74974,21.798923,57.279194,0.27961907,-0.0013356209,0.0,3.9457395,0.0,203.25798
2026-05-14 19:36:00-04:00,0.0,14.254551,82.63984,83.67522,-0.01623869,41.47913,21.76057,57.076973,0.27953026,-0.0013356209,0.0,4.0026584,0.0,203.00308
2026-05-14 19:37:00-04:00,0.0,14.087868,82.55355,83.585014,-0.016042471,41.47913,21.730396,56.874783,0.27957466,-0.0013356209,0.0,3.950573,0.0,203.00308
2026-05-14 19:38:00-04:00,0.0,13.764309,82.451584,83.47128,-0.01623869,41.498737,21.694792,56.66142,0.27961907,-0.0013356209,0.0,3.949092,0.0,202.92464
2026-05-14 19:39:00-04:00,0.0,13.627041,82.35353,83.365395,-0.01584649,41.0987,21.672886,56.462044,0.2802851,-0.0013356209,0.0,4.018159,0.0,202.61089
2026-05-14 19:40:00-04:00,0.0,13.572132,82.28686,83.26734,-0.016042471,40.926136,21.62904,56.268215,0.27979666,-0.0013356209,0.0,4.061276,0.0,202.6305
2026-05-14 19:41:00-04:00,0.0,13.464283,82.196655,83.20851,-0.01584649,40.847694,21.60439,56.060505,0.28086233,-0.0013356209,0.0,3.9455485,0.0,202.6305
2026-05-14 19:42:00-04:00,0.0,13.395649,82.08684,83.12615,-0.016434908,40.416283,21.563292,55.845802,0.2801519,-0.001139164,0.0,3.8964672,0.0,202.21869
2026-05-14 19:43:00-04:00,0.0,13.370155,82.01232,83.05556,-0.01584649,40.07115,21.541386,55.656258,0.2803295,-0.0013356209,0.0,3.7140357,0.0,202.21869
2026-05-14 19:44:00-04:00,0.0,13.328976,81.92211,82.97712,-0.01584649,40.129982,21.497574,55.45273,0.27997428,-0.0013356209,0.0,3.7874105,0.0,202.2383
2026-05-14 19:45:00-04:00,0.0,13.342701,81.83975,82.92613,-0.016042471,40.18097,21.475605,55.249233,0.28059593,-0.001139164,0.0,3.747837,0.0,202.2579
2026-05-14 19:46:00-04:00,0.0,13.448593,81.74955,82.832,-0.01623869,39.839756,21.445463,55.0708,0.2804183,-0.0013356209,0.0,3.8376586,0.0,201.82648
2026-05-14 19:47:00-04:00,0.0,13.579975,81.67504,82.72611,-0.01584649,39.816223,21.409857,55.0708,0.2804183,-0.001139164,0.0,3.923757,0.0,201.82648
2026-05-14 19:48:00-04:00,0.0,13.619194,81.57699,82.628075,-0.01584649,39.467175,21.370163,54.666683,0.2801075,-0.0013356209,0.0,3.9628668,0.0,201.82648
2026-05-14 19:49:00-04:00,0.0,13.479969,81.482864,82.537865,-0.01623869,39.34167,21.344109,54.46603,0.2801075,-0.001727581,0.0,3.9879034,0.0,201.61078
2026-05-14 19:50:00-04:00,0.0,13.368195,81.392654,82.43982,-0.016434908,39.302452,21.320827,54.268154,0.27997428,-0.001531601,0.0,3.7944193,0.0,201.63039
2026-05-14 19:51:00-04:00,0.0,13.362312,81.32598,82.37314,-0.016434908,38.867115,21.278389,54.078644,0.27997428,-0.001531601,0.0,3.7604642,0.0,201.63039
2026-05-14 19:52:00-04:00,0.0,13.403492,81.23186,82.282936,-0.016434908,38.906334,21.256453,53.88358,0.2803295,-0.0013356209,0.0,3.6529684,0.0,201.10092
2026-05-14 19:53:00-04:00,0.0,13.395649,81.137726,82.161354,-0.01565051,38.64357,21.216728,53.69691,0.2803295,-0.001531601,0.0,3.6944466,0.0,201.12053
2026-05-14 19:54:00-04:00,0.0,13.483894,81.027916,82.05154,-0.01623869,38.27491,21.190735,53.507435,0.2803739,-0.001531601,0.0,3.7516656,0.0,201.10092
2026-05-14 19:55:00-04:00,0.0,13.538795,80.92986,81.92603,-0.01623869,38.176857,21.159185,53.322166,0.2803295,-0.0013356209,0.0,3.824058,0.0,201.10092
2026-05-14 19:56:00-04:00,0.0,13.6074295,80.816124,81.82799,-0.016042471,38.294518,21.124954,53.132725,0.2802407,-0.001531601,0.0,3.947486,0.0,201.10092
2026-05-14 19:57:00-04:00,0.0,13.49762,80.72201,81.74562,-0.016042471,37.99645,21.103046,52.941906,0.2803739,-0.001139164,0.0,3.8638892,0.0,201.10092
2026-05-14 19:58:00-04:00,0.0,13.207394,80.61612,81.6672,-0.01623869,37.56896,21.059237,52.746906,0.2801519,-0.001139164,0.0,3.9290767,0.0,200.47343
2026-05-14 19:59:00-04:00,0.0,12.991688,80.541595,81.59268,-0.016042471,37.223827,21.03733,52.568638,0.2803739,-0.001531601,0.0,3.8104632,0.0,200.53226
2026-05-14 19:59:59-04:00,0.0,12.895599,80.44355,81.52601,-0.01623869,36.98851,21.015392,52.373665,0.2800631,-0.001531601,0.0,3.7214055,0.0,200.47343
