timestamp,RAD,T_AMB,T5,T8,P8,T3,T2,T4,P4,P5,CAUDAL,EV FB,CAUDAL VAP,Nivel
2026-06-13 20:01:00-04:00,0.0,9.585487,23.132318,23.198992,-0.010355949,15.535527,14.0102,17.916372,0.29240775,-0.002315998,0.0,3.5161736,0.0,272.5782
2026-06-13 20:02:00-04:00,0.0,9.536461,23.120552,23.179382,-0.010355949,15.488463,13.988326,17.894314,0.29289618,-0.002315998,0.0,3.550377,0.0,272.51935
2026-06-13 20:03:00-04:00,0.0,9.514891,23.102902999999998,23.15585,-0.010159731,15.4570875,13.966483,17.855751,0.29276296,-0.002315998,0.0,3.5463915,0.0,272.51935
2026-06-13 20:04:00-04:00,0.0,9.485476,23.089176,23.124474,-0.0105519295,15.413946,13.947354,17.822649,0.29254097,-0.0021197796,0.0,3.5734732,0.0,272.51935
2026-06-13 20:05:00-04:00,0.0,9.469788,23.07741,23.100943,-0.0105519295,15.366888,13.932315,17.784023,0.2929406,-0.0021197796,0.0,3.55793,0.0,272.51935
2026-06-13 20:06:00-04:00,0.0,9.450178,23.065645,23.085255,-0.010355949,15.31198,13.922735,17.746866,0.29285178,-0.0021197796,0.0,3.5222406,0.0,272.51935
2026-06-13 20:07:00-04:00,0.0,9.463905,23.042112,23.065645,-0.010355949,15.280604,13.900892,17.717913,0.2931182,-0.002315998,0.0,3.5347402,0.0,272.53897
2026-06-13 20:08:00-04:00,0.0,9.497242,23.030346,23.046034,-0.010355949,15.237463,13.879018,17.673796,0.2930294,-0.002315998,0.0,3.5236583,0.0,272.51935
2026-06-13 20:09:00-04:00,0.0,9.548227,23.010736,23.014658,-0.010355949,15.198242,13.879018,17.64344,0.292985,-0.0021197796,0.0,3.4150307,0.0,272.51935
2026-06-13 20:10:00-04:00,0.0,9.595291,22.983282,22.987206,-0.010355949,15.166866,13.857143,17.607622,0.2929406,-0.0025119781,0.0,3.3936944,0.0,272.51935
2026-06-13 20:11:00-04:00,0.0,9.642355,22.97936,22.97544,-0.0105519295,15.131569,13.835271,17.563568,0.29276296,-0.0021197796,0.0,3.4523573,0.0,272.51935
2026-06-13 20:12:00-04:00,0.0,9.70903,22.959751,22.947985,-0.0105519295,15.092349,13.813396,17.541512,0.2929406,-0.002315998,0.0,3.3635476,0.0,272.51935
2026-06-13 20:13:00-04:00,0.0,9.8208065,22.944063,22.936218,-0.010355949,15.064896,13.807936,17.497395,0.29240775,-0.0019237995,0.0,3.295006,0.0,272.51935
2026-06-13 20:14:00-04:00,0.0,9.895317,22.928375,22.904842,-0.010355949,15.03352,13.791523,17.46707,0.29267418,-0.0019237995,0.0,3.2715328,0.0,272.51935
2026-06-13 20:15:00-04:00,0.0,9.934538,22.904842,22.893078,-0.010355949,15.002144,13.769679,17.431253,0.29276296,-0.0021197796,0.0,3.2660568,0.0,272.53897
2026-06-13 20:16:00-04:00,0.0,9.954147,22.893078,22.87739,-0.010355949,14.962923,13.747805,17.387169,0.29245216,-0.0021197796,0.0,3.2671626,0.0,272.55856
2026-06-13 20:17:00-04:00,0.0,9.954147,22.87739,22.853857,-0.010355949,14.92371,13.739629,17.36511,0.29267418,-0.0021197796,0.0,3.2201734,0.0,272.53897
2026-06-13 20:18:00-04:00,0.0,9.936499,22.857779,22.834248,-0.0105519295,14.8884115,13.725901,17.329294,0.29280737,-0.0021197796,0.0,3.2119408,0.0,272.55856
2026-06-13 20:19:00-04:00,0.0,9.901201,22.84209,22.830326,-0.0105519295,14.853114,13.704087,17.298967,0.29258537,-0.002315998,0.0,3.2467053,0.0,272.51935
2026-06-13 20:20:00-04:00,0.0,9.865902,22.830326,22.822481,-0.0105519295,14.82566,13.682183,17.254883,0.2930294,-0.0019237995,0.0,3.2309341,0.0,272.49973
2026-06-13 20:21:00-04:00,0.0,9.854137,22.806793,22.810715,-0.0105519295,14.794284,13.660341,17.21766,0.29258537,-0.002315998,0.0,3.1913416,0.0,272.53897
2026-06-13 20:22:00-04:00,0.0,9.846298,22.791105,22.795027,-0.010159731,14.774674,13.656222,17.18874,0.2927186,-0.0019237995,0.0,3.1931536,0.0,272.53897
2026-06-13 20:23:00-04:00,0.0,9.824728,22.779339,22.783262,-0.010159731,14.723688,13.638498,17.166681,0.29262978,-0.0021197796,0.0,3.2785318,0.0,272.49973
2026-06-13 20:24:00-04:00,0.0,9.83061,22.75973,22.767574,-0.0105519295,14.704079,13.616592,17.122599,0.2929406,-0.0019237995,0.0,3.2523985,0.0,272.55856
2026-06-13 20:25:00-04:00,0.0,9.834534,22.72836,22.74797,-0.010355949,14.657015,13.594749,17.092272,0.29258537,-0.002315998,0.0,3.1683164,0.0,272.51935
2026-06-13 20:26:00-04:00,0.0,9.80904,22.720516,22.716595,-0.0105519295,14.649171,13.575591,17.056454,0.29320702,-0.002315998,0.0,3.246627,0.0,272.53897
2026-06-13 20:27:00-04:00,0.0,9.779625,22.700905,22.704828,-0.010355949,14.594263,13.572876,17.03162,0.29262978,-0.0025119781,0.0,3.2285502,0.0,272.51935
2026-06-13 20:28:00-04:00,0.0,9.710991,22.681295,22.700905,-0.0105519295,14.566809,13.5510025,16.990313,0.29329583,-0.002315998,0.0,3.3604732,0.0,272.53897
2026-06-13 20:29:00-04:00,0.0,9.69334,22.681295,22.696983,-0.0105519295,14.527589,13.534619,16.96136,0.29320702,-0.002315998,0.0,3.2557693,0.0,272.51935
2026-06-13 20:30:00-04:00,0.0,9.660004,22.645998,22.681295,-0.0105519295,14.507979,13.529128,16.924171,0.2929406,-0.002315998,0.0,3.2298603,0.0,272.51935
2026-06-13 20:31:00-04:00,0.0,9.656082,22.634232,22.673452,-0.010355949,14.460921,13.507255,16.902113,0.2931182,-0.002315998,0.0,3.1667767,0.0,272.55856
2026-06-13 20:32:00-04:00,0.0,9.642355,22.622467,22.673452,-0.010355949,14.429545,13.485443,16.858027,0.2929406,-0.002315998,0.0,3.1149812,0.0,272.53897
2026-06-13 20:33:00-04:00,0.0,9.6227455,22.6107,22.657764,-0.0105519295,14.382482,13.47449,16.83597,0.2931626,-0.0021197796,0.0,3.1124163,0.0,272.53897
2026-06-13 20:34:00-04:00,0.0,9.642355,22.591091,22.642076,-0.010355949,14.355028,13.463538,16.797379,0.29329583,-0.0021197796,0.0,3.0813634,0.0,272.53897
2026-06-13 20:35:00-04:00,0.0,9.642355,22.587168,22.63031,-0.010355949,14.327574,13.441694,16.76986,0.29289618,-0.0021197796,0.0,3.1153948,0.0,272.51935
2026-06-13 20:36:00-04:00,0.0,9.634512,22.583246,22.626389,-0.010159731,14.288354,13.430711,16.73267,0.29240775,-0.002315998,0.0,3.0695925,0.0,272.53897
2026-06-13 20:37:00-04:00,0.0,9.6149025,22.559715,22.622467,-0.010355949,14.2609005,13.403439,16.703716,0.2927186,-0.002315998,0.0,3.059091,0.0,272.51935
2026-06-13 20:38:00-04:00,0.0,9.538424,22.544025,22.606777,-0.010355949,14.229525,13.397946,16.68169,0.292985,-0.002315998,0.0,3.059078,0.0,272.53897
2026-06-13 20:39:00-04:00,0.0,9.405075,22.53226,22.598934,-0.010159731,14.194226,13.380191,16.6445,0.292985,-0.0021197796,0.0,3.115348,0.0,272.53897
2026-06-13 20:40:00-04:00,0.0,9.336447,22.51265,22.595013,-0.0105519295,14.178538,13.359691,16.61555,0.29285178,-0.0021197796,0.0,3.0758398,0.0,272.53897
2026-06-13 20:41:00-04:00,0.0,9.2697735,22.496964,22.583246,-0.0105519295,14.135397,13.35423,16.593521,0.2931626,-0.0021197796,0.0,3.0466573,0.0,272.51935
2026-06-13 20:42:00-04:00,0.0,9.22271,22.481274,22.567558,-0.010355949,14.100099,13.332356,16.549404,0.29285178,-0.0021197796,0.0,3.1908758,0.0,272.55856
2026-06-13 20:43:00-04:00,0.0,9.18741,22.47343,22.555792,-0.010355949,14.072645,13.3105135,16.527378,0.292985,-0.0021197796,0.0,3.1472912,0.0,272.53897
2026-06-13 20:44:00-04:00,0.0,9.128582,22.461664,22.547949,-0.0105519295,14.033424,13.3105135,16.4929,0.29356223,-0.0025119781,0.0,3.1032412,0.0,272.51935
2026-06-13 20:45:00-04:00,0.0,9.046219,22.445976,22.53226,-0.010355949,13.998133,13.288639,16.461235,0.29276296,-0.0019237995,0.0,3.1327178,0.0,272.53897
2026-06-13 20:46:00-04:00,0.0,8.936403,22.430288,22.53226,-0.010355949,13.970679,13.266734,16.42545,0.2930294,-0.0019237995,0.0,3.1353128,0.0,272.5782
2026-06-13 20:47:00-04:00,0.0,8.83836,22.434212,22.52834,-0.010355949,13.931459,13.250383,16.395124,0.29320702,-0.0025119781,0.0,3.1416216,0.0,272.55856
2026-06-13 20:48:00-04:00,0.0,8.783453,22.402836,22.496964,-0.0105519295,13.888317,13.242177,16.373035,0.29325143,-0.0025119781,0.0,3.1343215,0.0,272.55856
2026-06-13 20:49:00-04:00,0.0,8.720701,22.387146,22.496964,-0.010355949,13.868708,13.223049,16.330387,0.2931182,-0.002315998,0.0,3.1193805,0.0,272.51935
2026-06-13 20:50:00-04:00,0.0,8.640301,22.383224,22.477352,-0.010355949,13.833409,13.201175,16.306953,0.2933846,-0.0025119781,0.0,3.1078694,0.0,272.53897
2026-06-13 20:51:00-04:00,0.0,8.62265,22.351849,22.461664,-0.010355949,13.798112,13.179332,16.27663,0.29329583,-0.002315998,0.0,3.0366235,0.0,272.53897
2026-06-13 20:52:00-04:00,0.0,8.585392,22.351849,22.449898,-0.010355949,13.766736,13.179332,16.240845,0.2931182,-0.0025119781,0.0,3.0419471,0.0,272.49973
2026-06-13 20:53:00-04:00,0.0,8.62265,22.33224,22.434212,-0.010355949,13.747126,13.157428,16.210548,0.29347342,-0.002315998,0.0,3.0528028,0.0,272.51935
2026-06-13 20:54:00-04:00,0.0,8.62265,22.328318,22.418522,-0.010355949,13.719672,13.135615,16.174671,0.29356223,-0.002315998,0.0,3.093172,0.0,272.53897
2026-06-13 20:55:00-04:00,0.0,8.648144,22.316551,22.410679,-0.0105519295,13.688296,13.113741,16.152643,0.29342902,-0.0025119781,0.0,2.9997504,0.0,272.53897
2026-06-13 20:56:00-04:00,0.0,8.646183,22.304785,22.39499,-0.010355949,13.65692,13.091867,16.130617,0.2933402,-0.0027079582,0.0,3.0021687,0.0,272.53897
2026-06-13 20:57:00-04:00,0.0,8.691286,22.28126,22.39499,-0.010355949,13.629466,13.086375,16.086533,0.29356223,-0.0027079582,0.0,2.9981894,0.0,272.51935
2026-06-13 20:58:00-04:00,0.0,8.646183,22.277338,22.375381,-0.0105519295,13.590246,13.064533,16.064476,0.2930738,-0.0025119781,0.0,3.0094228,0.0,272.51935
2026-06-13 20:59:00-04:00,0.0,8.626574,22.26165,22.35577,-0.010355949,13.558876,13.048121,16.021795,0.2930294,-0.0027079582,0.0,3.0444276,0.0,272.53897
2026-06-13 21:00:00-04:00,0.0,8.606964,22.238117,22.347927,-0.010355949,13.5275,13.026308,15.998364,0.29387304,-0.0027079582,0.0,3.0119276,0.0,272.53897
2026-06-13 21:01:00-04:00,0.0,8.603041,22.218508,22.33616,-0.010355949,13.496124,13.004403,15.974934,0.29365104,-0.0025119781,0.0,2.9968786,0.0,272.55856
2026-06-13 21:02:00-04:00,0.0,8.593237,22.22635,22.316551,-0.0105519295,13.460827,12.996227,15.932284,0.2939176,-0.0027079582,0.0,2.9998107,0.0,272.53897
2026-06-13 21:03:00-04:00,0.0,8.593237,22.210663,22.320473,-0.010355949,13.445139,12.971608,15.904704,0.29365104,-0.002315998,0.0,3.0128496,0.0,272.53897
2026-06-13 21:04:00-04:00,0.0,8.557938,22.194975,22.308708,-0.010355949,13.390231,12.960686,15.878528,0.29329583,-0.002315998,0.0,2.9992023,0.0,272.53897
2026-06-13 21:05:00-04:00,0.0,8.571665,22.171444,22.296942,-0.0105519295,13.378466,12.938812,15.844115,0.2936068,-0.002315998,0.0,3.0167377,0.0,272.49973
2026-06-13 21:06:00-04:00,0.0,8.595198,22.171444,22.28126,-0.010355949,13.34709,12.917001,15.822088,0.29325143,-0.0027079582,0.0,3.00864,0.0,272.53897
2026-06-13 21:07:00-04:00,0.0,8.63834,22.163599,22.277338,-0.0105519295,13.300026,12.903302,15.779346,0.2930294,-0.0021197796,0.0,2.9982405,0.0,272.51935
2026-06-13 21:08:00-04:00,0.0,8.689325,22.136147,22.257727,-0.010355949,13.26865,12.884206,15.755978,0.2930294,-0.0027079582,0.0,2.977319,0.0,272.51935
2026-06-13 21:09:00-04:00,0.0,8.728544,22.132223,22.242039,-0.0105519295,13.241196,12.873221,15.733921,0.292985,-0.0025119781,0.0,2.998039,0.0,272.51935
2026-06-13 21:10:00-04:00,0.0,8.714817,22.120459,22.242039,-0.010355949,13.221586,12.851411,15.693954,0.29320702,-0.0027079582,0.0,2.9979496,0.0,272.51935
2026-06-13 21:11:00-04:00,0.0,8.648144,22.112614,22.238117,-0.010355949,13.194132,12.829536,15.667778,0.29369545,-0.0027079582,0.0,2.9970324,0.0,272.49973
2026-06-13 21:12:00-04:00,0.0,8.640301,22.10477,22.22243,-0.010355949,13.15099,12.822702,15.638887,0.2933846,-0.0027079582,0.0,2.9886892,0.0,272.51935
2026-06-13 21:13:00-04:00,0.0,8.6501045,22.081238,22.20282,-0.0105519295,13.111771,12.803575,15.601667,0.2930738,-0.0025119781,0.0,2.9817984,0.0,272.51935
2026-06-13 21:14:00-04:00,0.0,8.67952,22.069471,22.18321,-0.0105519295,13.096088,12.78582,15.579641,0.29285178,-0.0025119781,0.0,2.9811692,0.0,272.53897
2026-06-13 21:15:00-04:00,0.0,8.661871,22.053783,22.151834,-0.0105519295,13.068634,12.763947,15.542451,0.2933846,-0.002315998,0.0,2.9955602,0.0,272.51935
2026-06-13 21:16:00-04:00,0.0,8.648144,22.049862,22.140068,-0.0105519295,13.045102,12.747565,15.51356,0.2933402,-0.002315998,0.0,2.9550638,0.0,272.55856
2026-06-13 21:17:00-04:00,0.0,8.626574,22.030252,22.116535,-0.010355949,13.009805,12.742072,15.491504,0.29320702,-0.002315998,0.0,2.9813457,0.0,272.55856
2026-06-13 21:18:00-04:00,0.0,8.62265,22.00672,22.096926,-0.0105519295,12.990194,12.720261,15.469445,0.29342902,-0.0025119781,0.0,2.9432204,0.0,272.49973
2026-06-13 21:19:00-04:00,0.0,8.618729,22.002798,22.08516,-0.0105519295,12.958818,12.698356,15.430914,0.29342902,-0.0025119781,0.0,2.9375718,0.0,272.53897
2026-06-13 21:20:00-04:00,0.0,8.62265,21.991032,22.061628,-0.010355949,12.931365,12.676512,15.403336,0.29347342,-0.002315998,0.0,2.9365268,0.0,272.53897
2026-06-13 21:21:00-04:00,0.0,8.63834,21.975344,22.049862,-0.0105519295,12.899989,12.654639,15.370327,0.29342902,-0.002315998,0.0,2.9386516,0.0,272.53897
2026-06-13 21:22:00-04:00,0.0,8.663832,21.9675,22.022408,-0.0105519295,12.868613,12.654639,15.3372555,0.29347342,-0.0025119781,0.0,2.9186757,0.0,272.55856
2026-06-13 21:23:00-04:00,0.0,8.677559,21.947891,22.00672,-0.0105519295,12.841159,12.632796,15.315228,0.29351783,-0.0025119781,0.0,2.8761935,0.0,272.53897
2026-06-13 21:24:00-04:00,0.0,8.665792,21.92828,21.991032,-0.0105519295,12.821549,12.610922,15.28768,0.29378426,-0.002315998,0.0,2.8782792,0.0,272.53897
2026-06-13 21:25:00-04:00,0.0,8.67952,21.920437,21.971422,-0.010355949,12.7980175,12.594541,15.271145,0.29351783,-0.0027079582,0.0,2.850941,0.0,272.51935
2026-06-13 21:26:00-04:00,0.0,8.654026,21.90867,21.9675,-0.010355949,12.766642,12.567237,15.22706,0.29382867,-0.002315998,0.0,2.8039448,0.0,272.53897
2026-06-13 21:27:00-04:00,0.0,8.667753,21.88514,21.955734,-0.010355949,12.747031,12.567237,15.205033,0.29373986,-0.0027079582,0.0,2.8204868,0.0,272.51935
2026-06-13 21:28:00-04:00,0.0,8.708935,21.88514,21.951813,-0.0105519295,12.70389,12.545331,15.1774845,0.29342902,-0.002315998,0.0,2.7803884,0.0,272.51935
2026-06-13 21:29:00-04:00,0.0,8.765804,21.865528,21.943968,-0.0105519295,12.707811,12.52352,15.138923,0.29347342,-0.002315998,0.0,2.7979796,0.0,272.53897
2026-06-13 21:30:00-04:00,0.0,8.777569,21.857685,21.92828,-0.0105519295,12.6685915,12.505734,15.119672,0.29356223,-0.0027079582,0.0,2.6876807,0.0,272.53897
2026-06-13 21:31:00-04:00,0.0,8.781492,21.822393,21.90867,-0.010355949,12.6333,12.501646,15.09487,0.2930294,-0.002315998,0.0,2.709171,0.0,272.51935
2026-06-13 21:32:00-04:00,0.0,8.795219,21.83023,21.90867,-0.0105519295,12.625456,12.479743,15.056308,0.29342902,-0.0025119781,0.0,2.7349775,0.0,272.51935
2026-06-13 21:33:00-04:00,0.0,8.785414,21.822393,21.889061,-0.010355949,12.59408,12.46339,15.045326,0.29329583,-0.0027079582,0.0,2.672825,0.0,272.51935
2026-06-13 21:34:00-04:00,0.0,8.728544,21.791018,21.881216,-0.0105519295,12.562704,12.441518,15.006733,0.29329583,-0.0027079582,0.0,2.757249,0.0,272.55856
2026-06-13 21:35:00-04:00,0.0,8.689325,21.783173,21.857685,-0.0105519295,12.547016,12.436056,14.984706,0.2936068,-0.0025119781,0.0,2.605902,0.0,272.53897
2026-06-13 21:36:00-04:00,0.0,8.693247,21.763563,21.861607,-0.010748148,12.531328,12.414183,14.962681,0.29382867,-0.0027079582,0.0,2.6338973,0.0,272.53897
2026-06-13 21:37:00-04:00,0.0,8.689325,21.759642,21.84984,-0.0105519295,12.511719,12.39237,14.935163,0.29369545,-0.0025119781,0.0,2.6425853,0.0,272.51935
2026-06-13 21:38:00-04:00,0.0,8.646183,21.732187,21.834152,-0.0105519295,12.468576,12.384164,14.896568,0.29365104,-0.0027079582,0.0,2.5740798,0.0,272.53897
2026-06-13 21:39:00-04:00,0.0,8.605001,21.728266,21.826315,-0.0105519295,12.448967,12.370466,14.874541,0.29373986,-0.0025119781,0.0,2.5511975,0.0,272.49973
2026-06-13 21:40:00-04:00,0.0,8.575588,21.7165,21.814548,-0.0105519295,12.425434,12.348623,14.852516,0.29373986,-0.002315998,0.0,2.5844746,0.0,272.51935
2026-06-13 21:41:00-04:00,0.0,8.483421,21.700811,21.810627,-0.010355949,12.397981,12.348623,14.83049,0.29356223,-0.0027079582,0.0,2.5445404,0.0,272.55856
2026-06-13 21:42:00-04:00,0.0,8.383415,21.692966,21.794939,-0.010355949,12.382293,12.321289,14.79745,0.29396185,-0.0027079582,0.0,2.546443,0.0,272.51935
2026-06-13 21:43:00-04:00,0.0,8.295172,21.681202,21.767485,-0.010748148,12.350917,12.304906,14.775393,0.2933846,-0.0029044151,0.0,2.5311716,0.0,272.51935
2026-06-13 21:44:00-04:00,0.0,8.169668,21.65767,21.759642,-0.0105519295,12.303853,12.288493,14.7423525,0.2933846,-0.0031003952,0.0,2.5272698,0.0,272.53897
2026-06-13 21:45:00-04:00,0.0,8.057892,21.63806,21.736109,-0.0105519295,12.288165,12.266682,14.720325,0.29347342,-0.0027079582,0.0,2.5128644,0.0,272.53897
2026-06-13 21:46:00-04:00,0.0,7.9225883,21.626293,21.704733,-0.0105519295,12.264633,12.261221,14.695522,0.29347342,-0.0029044151,0.0,2.4908614,0.0,272.51935
2026-06-13 21:47:00-04:00,0.0,7.7304115,21.61845,21.681202,-0.010748148,12.241101,12.239347,14.659737,0.29356223,-0.0031003952,0.0,2.4693155,0.0,272.55856
2026-06-13 21:48:00-04:00,0.0,7.5303955,21.602762,21.685123,-0.0105519295,12.201881,12.217474,14.654247,0.29342902,-0.0031003952,0.0,2.4028208,0.0,272.51935
2026-06-13 21:49:00-04:00,0.0,7.397049,21.587074,21.65767,-0.0105519295,12.174434,12.217474,14.610162,0.29365104,-0.0031003952,0.0,2.4457786,0.0,272.51935
2026-06-13 21:50:00-04:00,0.0,7.3264523,21.571386,21.645905,-0.0105519295,12.146979,12.195631,14.588136,0.29347342,-0.0029044151,0.0,2.3987238,0.0,272.51935
2026-06-13 21:51:00-04:00,0.0,7.2480125,21.547853,21.645905,-0.010748148,12.115603,12.173788,14.546828,0.29347342,-0.0032963753,0.0,2.4268627,0.0,272.49973
2026-06-13 21:52:00-04:00,0.0,7.151924,21.54001,21.630215,-0.010748148,12.092072,12.151915,14.522057,0.2931182,-0.0032963753,0.0,2.3862638,0.0,272.51935
2026-06-13 21:53:00-04:00,0.0,7.067608,21.524323,21.622372,-0.0105519295,12.060696,12.130072,14.5,0.29347342,-0.0031003952,0.0,2.2953043,0.0,272.51935
2026-06-13 21:54:00-04:00,0.0,7.0028954,21.512556,21.610605,-0.010748148,12.013632,12.12458,14.469736,0.29351783,-0.0032963753,0.0,2.3640678,0.0,272.51935
2026-06-13 21:55:00-04:00,0.0,6.951908,21.496868,21.583153,-0.0105519295,11.997944,12.108229,14.43395,0.2933402,-0.0034925938,0.0,2.3445458,0.0,272.51935
2026-06-13 21:56:00-04:00,0.0,6.9264164,21.485102,21.563541,-0.0105519295,11.95088,12.086325,14.411923,0.2939176,-0.0031003952,0.0,2.2585466,0.0,272.51935
2026-06-13 21:57:00-04:00,0.0,6.928377,21.465492,21.543932,-0.0105519295,11.927348,12.064512,14.389868,0.29382867,-0.0034925938,0.0,2.1711862,0.0,272.51935
2026-06-13 21:58:00-04:00,0.0,6.9107285,21.44196,21.528244,-0.0105519295,11.892051,12.042638,14.345813,0.29351783,-0.0032963753,0.0,2.218464,0.0,272.49973
2026-06-13 21:59:00-04:00,0.0,6.8871956,21.434116,21.520401,-0.0105519295,11.87244,12.031749,14.323787,0.29382867,-0.0032963753,0.0,2.1293192,0.0,272.48013
2026-06-13 22:00:00-04:00,0.0,6.883274,21.414507,21.504711,-0.010748148,11.844987,12.001699,14.299015,0.2933402,-0.0032963753,0.0,2.0793974,0.0,272.49973
2026-06-14 05:01:00-04:00,0.0,2.433838,15.81791,15.884579,-0.011532307,4.14623,5.252453,5.6118016,0.29387304,-0.0050611496,0.0,0.45074525,0.0,272.12714
2026-06-14 05:02:00-04:00,0.0,2.2906895,15.821833,15.864968,-0.011532307,4.150152,5.236071,5.6118016,0.29382867,-0.0050611496,0.0,0.45083824,0.0,272.12714
2026-06-14 05:03:00-04:00,0.0,2.1632233,15.810066,15.845365,-0.011728525,4.1266203,5.2306256,5.589838,0.29347342,-0.0050611496,0.0,0.4509903,0.0,272.14676
2026-06-14 05:04:00-04:00,0.0,2.1083202,15.794378,15.845365,-0.011532307,4.1305423,5.2306256,5.589838,0.29365104,-0.0048651695,0.0,0.45077902,0.0,272.10754
2026-06-14 05:05:00-04:00,0.0,2.0710602,15.794378,15.833598,-0.011532307,4.1148543,5.20883,5.5678596,0.29356223,-0.0048651695,0.0,0.450775,0.0,272.16638
2026-06-14 05:06:00-04:00,0.0,2.0671387,15.77869,15.833598,-0.011728525,4.1187763,5.2020283,5.5678596,0.29365104,-0.0050611496,0.0,0.45085162,0.0,272.10754
2026-06-14 05:07:00-04:00,0.0,2.0318413,15.763002,15.81791,-0.011728525,4.1030884,5.18702,5.5458636,0.29382867,-0.0048651695,0.0,0.45078668,0.0,272.12714
2026-06-14 05:08:00-04:00,0.0,2.0357628,15.747314,15.810066,-0.011728525,4.0952444,5.18702,5.526631,0.29427284,-0.0048651695,0.0,0.45100227,0.0,272.10754
2026-06-14 05:09:00-04:00,0.0,2.0357628,15.7394705,15.794378,-0.011532307,4.0834785,5.176113,5.523901,0.29427284,-0.0050611496,0.0,0.45062554,0.0,272.12714
2026-06-14 05:10:00-04:00,0.0,2.0887089,15.727705,15.786534,-0.011336327,4.0756345,5.165208,5.501938,0.29409522,-0.0050611496,0.0,0.45079154,0.0,272.08792
2026-06-14 05:11:00-04:00,0.0,2.1377335,15.715939,15.794378,-0.011728525,4.0717125,5.15839,5.496462,0.29373986,-0.0050611496,0.0,0.45078498,0.0,272.08792
2026-06-14 05:12:00-04:00,0.0,2.1593056,15.715939,15.774769,-0.011336327,4.0599465,5.1434126,5.4799585,0.29409522,-0.0048651695,0.0,0.4506568,0.0,272.08792
2026-06-14 05:13:00-04:00,0.0,2.1847954,15.700251,15.755158,-0.011336327,4.0560246,5.1434126,5.4717216,0.29373986,-0.0052571297,0.0,0.45075735,0.0,272.10754
2026-06-14 05:14:00-04:00,0.0,2.2240143,15.688485,15.727705,-0.011728525,4.0481806,5.121555,5.4580107,0.2939176,-0.0052571297,0.0,0.45076987,0.0,272.12714
2026-06-14 05:15:00-04:00,0.0,2.225975,15.672797,15.719861,-0.011728525,4.0324926,5.1174827,5.446998,0.29369545,-0.0050611496,0.0,0.4507861,0.0,272.08792
2026-06-14 05:16:00-04:00,0.0,2.225975,15.672797,15.708095,-0.011336327,4.0324926,5.0997596,5.436032,0.29365104,-0.0052571297,0.0,0.45083985,0.0,272.08792
2026-06-14 05:17:00-04:00,0.0,2.2161713,15.645343,15.700251,-0.011532307,4.0207267,5.0997596,5.422304,0.29387304,-0.0048651695,0.0,0.45091426,0.0,272.14676
2026-06-14 05:18:00-04:00,0.0,2.218132,15.637499,15.676719,-0.011728525,4.0246487,5.0834246,5.4140215,0.29373986,-0.0050611496,0.0,0.4508388,0.0,272.08792
2026-06-14 05:19:00-04:00,0.0,2.2612743,15.621811,15.664953,-0.011728525,4.0207267,5.077948,5.405816,0.2939176,-0.0050611496,0.0,0.45091173,0.0,272.10754
2026-06-14 05:20:00-04:00,0.0,2.3495178,15.613967,15.668875,-0.011532307,4.0128827,5.0670743,5.392089,0.29351783,-0.0052571297,0.0,0.45079008,0.0,272.10754
2026-06-14 05:21:00-04:00,0.0,2.3848171,15.617889,15.661031,-0.011532307,4.0011168,5.0561223,5.3701096,0.29418388,-0.0050611496,0.0,0.45093632,0.0,272.12714
2026-06-14 05:22:00-04:00,0.0,2.4044228,15.590435,15.637499,-0.011532307,3.9893508,5.0506926,5.3701096,0.29378426,-0.0050611496,0.0,0.45097047,0.0,272.08792
2026-06-14 05:23:00-04:00,0.0,2.4063835,15.582591,15.637499,-0.011532307,3.9893508,5.0343423,5.363278,0.29329583,-0.0052571297,0.0,0.45101285,0.0,272.08792
2026-06-14 05:24:00-04:00,0.0,2.3887386,15.574747,15.617889,-0.0111403465,3.9815068,5.0179605,5.348146,0.29400626,-0.0050611496,0.0,0.45104146,0.0,272.08792
2026-06-14 05:25:00-04:00,0.0,2.3652058,15.559059,15.606123,-0.011532307,3.9697409,5.012515,5.327555,0.29373986,-0.0050611496,0.0,0.45079905,0.0,272.12714
2026-06-14 05:26:00-04:00,0.0,2.3730507,15.551215,15.590435,-0.011728525,3.9697409,5.012515,5.326183,0.29356223,-0.0050611496,0.0,0.4510306,0.0,272.14676
2026-06-14 05:27:00-04:00,0.0,2.363245,15.543371,15.582591,-0.011532307,3.961897,5.012515,5.3083224,0.2939176,-0.0048651695,0.0,0.45075426,0.0,272.08792
2026-06-14 05:28:00-04:00,0.0,2.3495178,15.523762,15.570826,-0.011728525,3.950131,4.99072,5.3042045,0.2939176,-0.0050611496,0.0,0.45087385,0.0,272.10754
2026-06-14 05:29:00-04:00,0.0,2.3357925,15.508074,15.559059,-0.011532307,3.946209,4.9770684,5.2822404,0.29356223,-0.0052571297,0.0,0.4507517,0.0,272.12714
2026-06-14 05:30:00-04:00,0.0,2.310299,15.511995,15.543371,-0.011532307,3.950131,4.9688935,5.2822404,0.29356223,-0.0048651695,0.0,0.45103046,0.0,272.12714
2026-06-14 05:31:00-04:00,0.0,2.249508,15.492386,15.551215,-0.011728525,3.946209,4.9688935,5.275361,0.29382867,-0.0052571297,0.0,0.4508797,0.0,272.10754
2026-06-14 05:32:00-04:00,0.0,2.1945992,15.484542,15.535527,-0.011532307,3.934443,4.9580026,5.260246,0.2936068,-0.0052571297,0.0,0.4509395,0.0,272.12714
2026-06-14 05:33:00-04:00,0.0,2.1847954,15.476698,15.527683,-0.011728525,3.934443,4.9471126,5.2561584,0.29373986,-0.0050611496,0.0,0.45085067,0.0,272.12714
2026-06-14 05:34:00-04:00,0.0,2.1847954,15.46101,15.515918,-0.011532307,3.918761,4.941653,5.238282,0.2939176,-0.0050611496,0.0,0.45068392,0.0,272.08792
2026-06-14 05:35:00-04:00,0.0,2.1808739,15.449244,15.511995,-0.011532307,3.903073,4.9253025,5.219064,0.29413947,-0.0052571297,0.0,0.45091996,0.0,272.12714
2026-06-14 05:36:00-04:00,0.0,2.178913,15.429634,15.492386,-0.011728525,3.891307,4.9253025,5.216319,0.29382867,-0.0048651695,0.0,0.45076972,0.0,272.08792
2026-06-14 05:37:00-04:00,0.0,2.1749897,15.433556,15.480619,-0.011728525,3.899151,4.903476,5.194371,0.29409522,-0.0052571297,0.0,0.45103613,0.0,272.08792
2026-06-14 05:38:00-04:00,0.0,2.1769505,15.410024,15.468854,-0.011728525,3.8834631,4.903476,5.194371,0.29373986,-0.0052571297,0.0,0.45083737,0.0,272.08792
2026-06-14 05:39:00-04:00,0.0,2.1612625,15.410024,15.46101,-0.011532307,3.8873851,4.88168,5.172392,0.29365104,-0.0050611496,0.0,0.4507604,0.0,272.10754
2026-06-14 05:40:00-04:00,0.0,2.1573448,15.394342,15.4414,-0.011728525,3.8716972,4.88168,5.172392,0.29382867,-0.0050611496,0.0,0.45077693,0.0,272.10754
2026-06-14 05:41:00-04:00,0.0,2.1612625,15.3864975,15.42179,-0.011532307,3.8560092,4.8721166,5.150429,0.29418388,-0.0050611496,0.0,0.4506593,0.0,272.10754
2026-06-14 05:42:00-04:00,0.0,2.1573448,15.37081,15.42179,-0.011728525,3.8560092,4.8598537,5.150429,0.29405066,-0.0052571297,0.0,0.45059165,0.0,272.10754
2026-06-14 05:43:00-04:00,0.0,2.1828346,15.3512,15.410024,-0.011532307,3.8481653,4.8530354,5.1284647,0.29400626,-0.0048651695,0.0,0.45089716,0.0,272.12714
2026-06-14 05:44:00-04:00,0.0,2.2750015,15.347279,15.406102,-0.011728525,3.8246334,4.8380737,5.1229744,0.29373986,-0.0050611496,0.0,0.4508698,0.0,272.08792
2026-06-14 05:45:00-04:00,0.0,2.3534412,15.335512,15.394342,-0.011532307,3.8167894,4.8380737,5.1064863,0.29378426,-0.0050611496,0.0,0.45080742,0.0,272.08792
2026-06-14 05:46:00-04:00,0.0,2.3867779,15.323746,15.39042,-0.011728525,3.8167894,4.8176203,5.1064863,0.29400626,-0.004668951,0.0,0.45098713,0.0,272.06833
2026-06-14 05:47:00-04:00,0.0,2.3965797,15.315903,15.3864975,-0.011532307,3.8011014,4.8162627,5.084538,0.2933846,-0.0050611496,0.0,0.45094496,0.0,272.08792
2026-06-14 05:48:00-04:00,0.0,2.4201107,15.308058,15.366888,-0.011532307,3.7854135,4.794451,5.0735254,0.29422843,-0.0050611496,0.0,0.45083386,0.0,272.10754
2026-06-14 05:49:00-04:00,0.0,2.4652138,15.304136,15.347279,-0.011532307,3.7854135,4.794451,5.0625596,0.29400626,-0.0048651695,0.0,0.450772,0.0,272.10754
2026-06-14 05:50:00-04:00,0.0,2.494629,15.284527,15.335512,-0.011532307,3.7697256,4.793079,5.0625596,0.29400626,-0.0050611496,0.0,0.45078212,0.0,272.08792
2026-06-14 05:51:00-04:00,0.0,2.486786,15.268839,15.319824,-0.011532307,3.7618816,4.783515,5.04058,0.2939176,-0.0048651695,0.0,0.45117837,0.0,272.08792
2026-06-14 05:52:00-04:00,0.0,2.3867779,15.268839,15.31198,-0.011532307,3.7579596,4.7726407,5.032344,0.29347342,-0.0050611496,0.0,0.45093063,0.0,272.12714
2026-06-14 05:53:00-04:00,0.0,2.3161812,15.260994,15.308058,-0.011728525,3.7501156,4.7535286,5.0186014,0.29347342,-0.0050611496,0.0,0.45087978,0.0,272.12714
2026-06-14 05:54:00-04:00,0.0,2.2887268,15.237463,15.300215,-0.011532307,3.7422717,4.750814,5.0186014,0.29382867,-0.0048651695,0.0,0.4507558,0.0,272.10754
2026-06-14 05:55:00-04:00,0.0,2.2828445,15.233541,15.276682,-0.011532307,3.7383497,4.750814,5.004905,0.29400626,-0.0050611496,0.0,0.45086756,0.0,272.12714
2026-06-14 05:56:00-04:00,0.0,2.2514687,15.229618,15.276682,-0.011532307,3.7265837,4.733091,4.993892,0.2939176,-0.0048651695,0.0,0.4507016,0.0,272.12714
2026-06-14 05:57:00-04:00,0.0,2.2455864,15.221775,15.264916,-0.011728525,3.7265837,4.723558,4.974674,0.29342902,-0.0050611496,0.0,0.4506457,0.0,272.10754
2026-06-14 05:58:00-04:00,0.0,2.1926384,15.21393,15.268839,-0.011532307,3.7265837,4.7072077,4.974674,0.29365104,-0.0048651695,0.0,0.45068938,0.0,272.10754
2026-06-14 05:59:00-04:00,0.0,2.1377335,15.194321,15.2492285,-0.011728525,3.7265837,4.7072077,4.9581857,0.29356223,-0.0050611496,0.0,0.4508905,0.0,272.08792
2026-06-14 06:00:00-04:00,0.0,2.0887089,15.170789,15.233541,-0.011728525,3.7108958,4.7072077,4.9527106,0.2933402,-0.0048651695,0.0,0.4506788,0.0,272.10754
2026-06-14 06:01:00-04:00,0.0,2.0553722,15.190399,15.229618,-0.011728525,3.7108958,4.703135,4.930747,0.29373986,-0.0048651695,0.0,0.4509727,0.0,272.08792
2026-06-14 06:02:00-04:00,0.0,2.0553722,15.170789,15.233541,-0.011336327,3.7108958,4.6854124,4.930747,0.29373986,-0.0050611496,0.0,0.45061573,0.0,272.08792
2026-06-14 06:03:00-04:00,0.0,2.0553722,15.147257,15.21393,-0.011728525,3.7108958,4.6854124,4.9156313,0.29427284,-0.0050611496,0.0,0.45103398,0.0,272.14676
2026-06-14 06:04:00-04:00,0.0,2.04949,15.143335,15.206087,-0.011532307,3.6952078,4.663601,4.908768,0.29387304,-0.0050611496,0.0,0.45103586,0.0,272.08792
2026-06-14 06:05:00-04:00,0.0,2.0690994,15.13549,15.194321,-0.011336327,3.6873639,4.663601,4.8978024,0.29400626,-0.0050611496,0.0,0.4506259,0.0,272.08792
2026-06-14 06:06:00-04:00,0.0,2.0690994,15.131569,15.166866,-0.011532307,3.7030518,4.663601,4.8868203,0.29342902,-0.0050611496,0.0,0.45069036,0.0,272.08792
2026-06-14 06:07:00-04:00,0.0,2.0671387,15.115881,15.174711,-0.011728525,3.6834419,4.6417904,4.8868203,0.29373986,-0.0052571297,0.0,0.45076632,0.0,272.12714
2026-06-14 06:08:00-04:00,0.0,2.0887089,15.104115,15.166866,-0.011728525,3.675598,4.6417904,4.8648415,0.29409522,-0.0052571297,0.0,0.45081434,0.0,272.14676
2026-06-14 06:09:00-04:00,0.0,2.1240082,15.092349,15.147257,-0.011728525,3.667754,4.6308537,4.8566203,0.29427284,-0.0050611496,0.0,0.45073685,0.0,272.10754
2026-06-14 06:10:00-04:00,0.0,2.1632233,15.076661,15.139413,-0.011532307,3.671676,4.619994,4.8428626,0.2939176,-0.0050611496,0.0,0.45076096,0.0,272.10754
2026-06-14 06:11:00-04:00,0.0,2.2044048,15.072739,15.13549,-0.011532307,3.65991,4.619994,4.8428626,0.29365104,-0.0050611496,0.0,0.4509249,0.0,272.10754
2026-06-14 06:12:00-04:00,0.0,2.2161713,15.053129,15.119802,-0.011532307,3.65991,4.5981684,4.8222876,0.29365104,-0.0050611496,0.0,0.45076272,0.0,272.10754
2026-06-14 06:13:00-04:00,0.0,2.2514687,15.045285,15.092349,-0.011532307,3.648144,4.5981684,4.8209295,0.29400626,-0.0048651695,0.0,0.4507829,0.0,272.16638
2026-06-14 06:14:00-04:00,0.0,2.3318691,15.041363,15.092349,-0.011728525,3.6403,4.580445,4.8016806,0.29396185,-0.0052571297,0.0,0.4510695,0.0,272.10754
2026-06-14 06:15:00-04:00,0.0,2.4357986,15.029597,15.080584,-0.011532307,3.632456,4.576372,4.7989354,0.29413947,-0.0048651695,0.0,0.45084512,0.0,272.12714
2026-06-14 06:16:00-04:00,0.0,2.4926682,15.013909,15.072739,-0.011532307,3.62069,4.576372,4.7907147,0.29369545,-0.0048651695,0.0,0.45072943,0.0,272.12714
2026-06-14 06:17:00-04:00,0.0,2.5593414,14.998221,15.060973,-0.011728525,3.6089242,4.559991,4.776987,0.2939176,-0.0050611496,0.0,0.4505666,0.0,272.10754
2026-06-14 06:18:00-04:00,0.0,2.5966015,14.998221,15.057051,-0.011532307,3.6128461,4.554561,4.776987,0.29418388,-0.0050611496,0.0,0.4510654,0.0,272.14676
2026-06-14 06:19:00-04:00,0.0,2.6260128,14.998221,15.029597,-0.011728525,3.5932362,4.554561,4.7550244,0.29396185,-0.0048651695,0.0,0.45097023,0.0,272.12714
2026-06-14 06:20:00-04:00,0.0,2.5652256,14.978611,15.025675,-0.011532307,3.5932362,4.5327506,4.7550244,0.29382867,-0.0048651695,0.0,0.4509691,0.0,272.08792
2026-06-14 06:21:00-04:00,0.0,2.516199,14.9746895,15.017832,-0.011728525,3.6010802,4.5327506,4.744026,0.29418388,-0.0048651695,0.0,0.45093736,0.0,272.08792
2026-06-14 06:22:00-04:00,0.0,2.4436436,14.951158,15.002144,-0.011532307,3.5893142,4.5327506,4.733061,0.29382867,-0.0048651695,0.0,0.45080096,0.0,272.08792
2026-06-14 06:23:00-04:00,0.0,2.4005013,14.939398,14.994299,-0.011532307,3.5893142,4.5190997,4.7206903,0.2939176,-0.0050611496,0.0,0.45084387,0.0,272.10754
2026-06-14 06:24:00-04:00,0.0,2.37109,14.939398,14.994299,-0.011532307,3.5775483,4.510939,4.7110815,0.29387304,-0.0048651695,0.0,0.4509279,0.0,272.08792
2026-06-14 06:25:00-04:00,0.0,2.3534412,14.927631,14.9746895,-0.011532307,3.5775483,4.500034,4.7110815,0.29382867,-0.0048651695,0.0,0.45059195,0.0,272.08792
2026-06-14 06:26:00-04:00,0.0,2.3534412,14.915866,14.978611,-0.011532307,3.5736263,4.489144,4.7014575,0.29382867,-0.0048651695,0.0,0.45100957,0.0,272.10754
2026-06-14 06:27:00-04:00,0.0,2.3338299,14.908022,14.962923,-0.011336327,3.5540164,4.489144,4.689118,0.29378426,-0.0048651695,0.0,0.45076978,0.0,272.08792
2026-06-14 06:28:00-04:00,0.0,2.3534412,14.8962555,14.9668455,-0.011532307,3.5540164,4.480969,4.689118,0.29413947,-0.0048651695,0.0,0.4507391,0.0,272.12714
2026-06-14 06:29:00-04:00,0.0,2.355402,14.8884115,14.951158,-0.011532307,3.5500944,4.4673333,4.667155,0.2943615,-0.0048651695,0.0,0.4509724,0.0,272.12714
2026-06-14 06:30:00-04:00,0.0,2.3514786,14.880568,14.939398,-0.011728525,3.5500944,4.4673333,4.667155,0.29418388,-0.0050611496,0.0,0.4511212,0.0,272.14676
2026-06-14 06:31:00-04:00,0.0,2.3769722,14.860958,14.935475,-0.011728525,3.5383284,4.460515,4.6451755,0.29418388,-0.0050611496,0.0,0.45085803,0.0,272.08792
2026-06-14 06:32:00-04:00,0.0,2.4005013,14.853114,14.927631,-0.011532307,3.5461724,4.445506,4.6451755,0.29409522,-0.0050611496,0.0,0.45098215,0.0,272.08792
2026-06-14 06:33:00-04:00,0.0,2.4730587,14.857036,14.915866,-0.011728525,3.5461724,4.445506,4.6383433,0.29418388,-0.0050611496,0.0,0.45072013,0.0,272.10754
2026-06-14 06:34:00-04:00,0.0,2.5181618,14.84527,14.900178,-0.011336327,3.5226405,4.445506,4.6232433,0.29373986,-0.0048651695,0.0,0.4507991,0.0,272.10754
2026-06-14 06:35:00-04:00,0.0,2.5279655,14.841348,14.892334,-0.011336327,3.5383284,4.4318857,4.6232433,0.2939176,-0.0048651695,0.0,0.4507577,0.0,272.12714
2026-06-14 06:36:00-04:00,0.0,2.5573807,14.833504,14.872724,-0.011532307,3.5265625,4.423711,4.6149917,0.29373986,-0.0050611496,0.0,0.45077333,0.0,272.12714
2026-06-14 06:37:00-04:00,0.0,2.578951,14.833504,14.872724,-0.011532307,3.5304844,4.412805,4.6012645,0.29418388,-0.0048651695,0.0,0.4508698,0.0,272.12714
2026-06-14 06:38:00-04:00,0.0,2.592678,14.821738,14.86488,-0.011532307,3.5383284,4.4019003,4.6012645,0.2943615,-0.0048651695,0.0,0.4508291,0.0,272.10754
2026-06-14 06:39:00-04:00,0.0,2.5907173,14.80605,14.860958,-0.011336327,3.5147965,4.4019003,4.57927,0.29445046,-0.0048651695,0.0,0.45098865,0.0,272.10754
2026-06-14 06:40:00-04:00,0.0,2.6142502,14.809972,14.857036,-0.011336327,3.5226405,4.4019003,4.57927,0.29418388,-0.0048651695,0.0,0.4507299,0.0,272.08792
2026-06-14 06:41:00-04:00,0.0,2.6279736,14.790362,14.837426,-0.011532307,3.5187185,4.391025,4.57927,0.29427284,-0.0048651695,0.0,0.45085773,0.0,272.08792
2026-06-14 06:42:00-04:00,0.0,2.6730766,14.778596,14.833504,-0.011532307,3.5147965,4.381446,4.562813,0.29400626,-0.0048651695,0.0,0.4508783,0.0,272.12714
2026-06-14 06:43:00-04:00,0.0,2.7358284,14.774674,14.821738,-0.011728525,3.5147965,4.377389,4.562813,0.29400626,-0.004668951,0.0,0.45099318,0.0,272.10754
2026-06-14 06:44:00-04:00,0.0,2.7907352,14.778596,14.821738,-0.011532307,3.5069525,4.3651266,4.549101,0.29409522,-0.004668951,0.0,0.4507942,0.0,272.08792
2026-06-14 06:45:00-04:00,0.0,2.8181896,14.7511425,14.80605,-0.011336327,3.5069525,4.3582935,4.5353584,0.29418388,-0.004668951,0.0,0.4507364,0.0,272.10754
2026-06-14 06:46:00-04:00,0.0,2.8044624,14.74722,14.794284,-0.011336327,3.5147965,4.3582935,4.5353584,0.29409522,-0.0048651695,0.0,0.45104957,0.0,272.10754
2026-06-14 06:47:00-04:00,0.0,2.7064133,14.743299,14.774674,-0.011336327,3.5069525,4.3582935,4.5353584,0.29418388,-0.004668951,0.0,0.45090544,0.0,272.12714
2026-06-14 06:48:00-04:00,0.0,2.647583,14.723688,14.770752,-0.011336327,3.5069525,4.3514757,4.5202427,0.29373986,-0.004668951,0.0,0.4512493,0.0,272.12714
2026-06-14 06:49:00-04:00,0.0,2.6103268,14.719767,14.762908,-0.011532307,3.4991086,4.3419743,4.5133953,0.29462805,-0.0048651695,0.0,0.45114532,0.0,272.10754
2026-06-14 06:50:00-04:00,0.0,2.6103268,14.704079,14.74722,-0.011336327,3.4991086,4.3364673,4.5133953,0.29445046,-0.004668951,0.0,0.45087662,0.0,272.10754
2026-06-14 06:51:00-04:00,0.0,2.663271,14.704079,14.739376,-0.011924744,3.4951866,4.3364673,4.494161,0.29422843,-0.0048651695,0.0,0.45087984,0.0,272.08792
2026-06-14 06:52:00-04:00,0.0,2.7201405,14.684468,14.727611,-0.011336327,3.4834206,4.3201475,4.4914317,0.29453924,-0.004472971,0.0,0.4510555,0.0,272.12714
2026-06-14 06:53:00-04:00,0.0,2.7142563,14.676624,14.723688,-0.011532307,3.4873426,4.314672,4.4914317,0.2943171,-0.004668951,0.0,0.45103428,0.0,272.10754
2026-06-14 06:54:00-04:00,0.0,2.6828804,14.680547,14.708,-0.011336327,3.4951866,4.314672,4.484568,0.29418388,-0.004668951,0.0,0.45093662,0.0,272.10754
2026-06-14 06:55:00-04:00,0.0,2.6652317,14.664859,14.719767,-0.011336327,3.4873426,4.314672,4.4694686,0.29445046,-0.004668951,0.0,0.45094866,0.0,272.08792
2026-06-14 06:56:00-04:00,0.0,2.6828804,14.657015,14.692312,-0.011728525,3.4873426,4.3010664,4.4694686,0.29418388,-0.0048651695,0.0,0.45088702,0.0,272.12714
2026-06-14 06:57:00-04:00,0.0,2.7044525,14.641327,14.696235,-0.011532307,3.4834206,4.303781,4.4529796,0.29418388,-0.0048651695,0.0,0.45093957,0.0,272.10754
2026-06-14 06:58:00-04:00,0.0,2.7122955,14.645248,14.688391,-0.011532307,3.4794986,4.2928762,4.4474893,0.2944947,-0.0048651695,0.0,0.4508798,0.0,272.10754
2026-06-14 06:59:00-04:00,0.0,2.731907,14.62956,14.688391,-0.011728525,3.4716547,4.2874155,4.4474893,0.29462805,-0.004472971,0.0,0.45118746,0.0,272.10754
2026-06-14 07:00:00-04:00,0.0,2.724062,14.609951,14.676624,-0.011532307,3.4755766,4.2710958,4.4461164,0.2939176,-0.004668951,0.0,0.4506389,0.0,272.10754
2026-06-14 07:01:00-04:00,0.0,2.753477,14.594263,14.664859,-0.011532307,3.4677386,4.2710958,4.4255257,0.29476127,-0.004668951,0.0,0.4511304,0.0,272.12714
2026-06-14 07:02:00-04:00,0.0,2.7632828,14.606029,14.657015,-0.011532307,3.4598947,4.2710958,4.4255257,0.29453924,-0.004668951,0.0,0.4509424,0.0,272.10754
2026-06-14 07:03:00-04:00,0.0,2.8201504,14.590341,14.637404,-0.011532307,3.4559727,4.2710958,4.417305,0.29400626,-0.004668951,0.0,0.4508729,0.0,272.08792
2026-06-14 07:04:00-04:00,0.0,2.7907352,14.578575,14.625639,-0.011532307,3.4520507,4.2560873,4.403578,0.29427284,-0.0048651695,0.0,0.4507154,0.0,272.12714
2026-06-14 07:05:00-04:00,0.0,2.7632828,14.582497,14.62956,-0.011532307,3.4520507,4.249285,4.403578,0.29422843,-0.004472971,0.0,0.45094457,0.0,272.10754
2026-06-14 07:06:00-04:00,0.0,2.7652435,14.547199,14.609951,-0.011336327,3.4442067,4.249285,4.403578,0.29382867,-0.004472971,0.0,0.45097363,0.0,272.10754
2026-06-14 07:07:00-04:00,0.0,2.814268,14.543277,14.613873,-0.011728525,3.4481287,4.249285,4.403578,0.29373986,-0.004668951,0.0,0.45081976,0.0,272.12714
2026-06-14 07:08:00-04:00,0.0,2.8417225,14.543277,14.578575,-0.011336327,3.4442067,4.232934,4.3815985,0.29453924,-0.004472971,0.0,0.45075122,0.0,272.12714
2026-06-14 07:09:00-04:00,0.0,2.853485,14.539355,14.594263,-0.011336327,3.4520507,4.2274737,4.3815985,0.29445046,-0.0048651695,0.0,0.45104352,0.0,272.12714
2026-06-14 07:10:00-04:00,0.0,2.8613281,14.527589,14.570731,-0.011532307,3.4442067,4.2274737,4.3761234,0.29418388,-0.004472971,0.0,0.45080662,0.0,272.10754
2026-06-14 07:11:00-04:00,0.0,2.9044704,14.515823,14.566809,-0.011532307,3.4324408,4.2274737,4.3596506,0.29405066,-0.004668951,0.0,0.4511137,0.0,272.08792
2026-06-14 07:12:00-04:00,0.0,2.9221191,14.500135,14.551121,-0.011532307,3.4324408,4.2138224,4.3596506,0.2949389,-0.004668951,0.0,0.45116758,0.0,272.10754
2026-06-14 07:13:00-04:00,0.0,2.9338856,14.504057,14.547199,-0.011728525,3.4324408,4.205663,4.3596506,0.29378426,-0.004472971,0.0,0.4509157,0.0,272.10754
2026-06-14 07:14:00-04:00,0.0,2.9652615,14.492291,14.535433,-0.011532307,3.4402847,4.205663,4.3596506,0.29418388,-0.004668951,0.0,0.4510421,0.0,272.08792
2026-06-14 07:15:00-04:00,0.0,3.0103645,14.476609,14.523667,-0.011532307,3.4285188,4.205663,4.3376718,0.29409522,-0.004472971,0.0,0.45101592,0.0,272.10754
2026-06-14 07:16:00-04:00,0.0,3.0633106,14.468765,14.527589,-0.011532307,3.4324408,4.197503,4.3376718,0.29418388,-0.004668951,0.0,0.45084795,0.0,272.08792
2026-06-14 07:17:00-04:00,0.0,3.084879,14.468765,14.511901,-0.011532307,3.4324408,4.193385,4.3321967,0.29413947,-0.004472971,0.0,0.4509371,0.0,272.08792
2026-06-14 07:18:00-04:00,0.0,3.114294,14.453077,14.515823,-0.0111403465,3.4245968,4.1838365,4.3157396,0.29427284,-0.0042767525,0.0,0.45110604,0.0,272.12714
2026-06-14 07:19:00-04:00,0.0,3.1417484,14.441311,14.492291,-0.011336327,3.4128308,4.1838365,4.3157396,0.29427284,-0.0042767525,0.0,0.45085403,0.0,272.10754
2026-06-14 07:20:00-04:00,0.0,3.1593971,14.437389,14.480532,-0.011336327,3.4128308,4.1838365,4.3157396,0.29471686,-0.004668951,0.0,0.45102024,0.0,272.10754
2026-06-14 07:21:00-04:00,0.0,3.1613579,14.433468,14.476609,-0.011532307,3.397143,4.182494,4.3157396,0.29409522,-0.004472971,0.0,0.4507794,0.0,272.10754
2026-06-14 07:22:00-04:00,0.0,3.1888123,14.425623,14.460921,-0.011532307,3.4128308,4.1838365,4.3047423,0.2943615,-0.0042767525,0.0,0.45126736,0.0,272.10754
2026-06-14 07:23:00-04:00,0.0,3.2103825,14.394247,14.441311,-0.011336327,3.4089088,4.1620564,4.2937765,0.29427284,-0.004472971,0.0,0.45099828,0.0,272.08792
2026-06-14 07:24:00-04:00,0.0,3.2084217,14.4060135,14.441311,-0.011336327,3.385377,4.1620564,4.2937765,0.29427284,-0.004668951,0.0,0.45102325,0.0,272.10754
2026-06-14 07:25:00-04:00,0.0,3.2103825,14.390326,14.41778,-0.011532307,3.397143,4.1620564,4.271797,0.29480553,-0.004472971,0.0,0.45067483,0.0,272.12714
2026-06-14 07:26:00-04:00,0.0,3.1946945,14.378559,14.4060135,-0.011336327,3.393221,4.1525083,4.271797,0.29427284,-0.0042767525,0.0,0.45080802,0.0,272.10754
2026-06-14 07:27:00-04:00,0.0,3.175085,14.362871,14.41778,-0.011532307,3.389299,4.141603,4.271797,0.29427284,-0.004668951,0.0,0.45080623,0.0,272.10754
2026-06-14 07:28:00-04:00,0.0,3.153513,14.351106,14.394247,-0.011532307,3.389299,4.140246,4.271797,0.29427284,-0.004472971,0.0,0.45095313,0.0,272.12714
2026-06-14 07:29:00-04:00,0.0,3.1044884,14.355028,14.386404,-0.011532307,3.381455,4.140246,4.249834,0.2943171,-0.004472971,0.0,0.4508759,0.0,272.10754
2026-06-14 07:30:00-04:00,0.0,3.0182076,14.335418,14.386404,-0.011532307,3.381455,4.140246,4.249834,0.2943615,-0.004668951,0.0,0.45095044,0.0,272.10754
2026-06-14 07:31:00-04:00,0.0,2.9652615,14.323652,14.374638,-0.011532307,3.377533,4.140246,4.249834,0.29453924,-0.004668951,0.0,0.45090407,0.0,272.12714
2026-06-14 07:32:00-04:00,0.0,2.9103527,14.323652,14.370716,-0.011532307,3.377533,4.1361585,4.249834,0.29502767,-0.004668951,0.0,0.45105556,0.0,272.10754
2026-06-14 07:33:00-04:00,0.0,2.884861,14.315807,14.355028,-0.011532307,3.377533,4.121181,4.2278705,0.2943615,-0.004668951,0.0,0.45093518,0.0,272.10754
2026-06-14 07:34:00-04:00,0.0,2.8221111,14.311886,14.355028,-0.011728525,3.377533,4.118435,4.2278705,0.2944947,-0.004472971,0.0,0.4509153,0.0,272.10754
2026-06-14 07:35:00-04:00,0.0,2.7672043,14.292276,14.335418,-0.011532307,3.369689,4.118435,4.2278705,0.29471686,-0.0048651695,0.0,0.45095208,0.0,272.14676
2026-06-14 07:36:00-04:00,0.0,2.7338676,14.292276,14.331495,-0.011336327,3.373611,4.113005,4.2278705,0.29396185,-0.004668951,0.0,0.45097458,0.0,272.08792
2026-06-14 07:37:00-04:00,0.0,2.7122955,14.272666,14.335418,-0.011532307,3.357923,4.107529,4.216873,0.29409522,-0.004668951,0.0,0.45086074,0.0,272.08792
2026-06-14 07:38:00-04:00,0.0,2.6573887,14.276588,14.315807,-0.011728525,3.350079,4.09937,4.205922,0.29445046,-0.0048651695,0.0,0.4508921,0.0,272.10754
2026-06-14 07:39:00-04:00,0.0,2.5809135,14.264822,14.311886,-0.011728525,3.350079,4.0966554,4.205922,0.29453924,-0.0048651695,0.0,0.4510884,0.0,272.08792
2026-06-14 07:40:00-04:00,0.0,2.5063953,14.249134,14.292276,-0.011532307,3.346157,4.0966554,4.203177,0.29405066,-0.0048651695,0.0,0.4507117,0.0,272.10754
2026-06-14 07:41:00-04:00,0.0,2.4259949,14.24129,14.276588,-0.011532307,3.346157,4.0898056,4.1839595,0.2943615,-0.0050611496,0.0,0.45087355,0.0,272.12714
2026-06-14 07:42:00-04:00,0.0,2.3828545,14.237368,14.272666,-0.011532307,3.334391,4.0911784,4.1839595,0.29462805,-0.0050611496,0.0,0.4507989,0.0,272.08792
2026-06-14 07:43:00-04:00,0.0,2.3201027,14.217758,14.256978,-0.011532307,3.3304691,4.0789156,4.1839595,0.2943615,-0.0048651695,0.0,0.4511026,0.0,272.08792
2026-06-14 07:44:00-04:00,0.0,2.2593136,14.198149,14.24129,-0.011336327,3.334391,4.074844,4.1729927,0.2943615,-0.0050611496,0.0,0.45114312,0.0,272.12714
2026-06-14 07:45:00-04:00,0.0,2.2044048,14.190304,14.233446,-0.011728525,3.3226252,4.074844,4.161996,0.29462805,-0.0048651695,0.0,0.4509721,0.0,272.10754
2026-06-14 07:46:00-04:00,0.0,2.1749897,14.194226,14.229525,-0.011336327,3.3187032,4.068011,4.161996,0.29462805,-0.0050611496,0.0,0.45096415,0.0,272.10754
2026-06-14 07:47:00-04:00,0.0,2.1377335,14.174616,14.205992,-0.011336327,3.3187032,4.053048,4.161996,0.29409522,-0.0050611496,0.0,0.45115197,0.0,272.08792
2026-06-14 07:48:00-04:00,0.0,2.1200848,14.166773,14.198149,-0.011924744,3.3108592,4.053048,4.1400166,0.2946723,-0.0050611496,0.0,0.45106202,0.0,272.10754
2026-06-14 07:49:00-04:00,0.0,2.0906696,14.151085,14.178538,-0.011728525,3.2990932,4.053048,4.1400166,0.2943615,-0.0052571297,0.0,0.45094487,0.0,272.08792
2026-06-14 07:50:00-04:00,0.0,2.0690994,14.14324,14.170694,-0.011728525,3.2912493,4.053048,4.1400166,0.29427284,-0.0052571297,0.0,0.45082113,0.0,272.06833
2026-06-14 07:51:00-04:00,0.0,2.0690994,14.123631,14.155006,-0.011532307,3.2755613,4.044873,4.118053,0.2943615,-0.0050611496,0.0,0.45085147,0.0,272.08792
2026-06-14 07:52:00-04:00,0.0,2.0436058,14.115787,14.147162,-0.011532307,3.2873273,4.0312223,4.118053,0.29413947,-0.0050611496,0.0,0.45081902,0.0,272.08792
2026-06-14 07:53:00-04:00,0.0,2.0436058,14.100099,14.1314745,-0.011728525,3.2716393,4.0312223,4.118053,0.29471686,-0.0052571297,0.0,0.45057347,0.0,272.10754
2026-06-14 07:54:00-04:00,0.0,2.0357628,14.100099,14.119709,-0.011336327,3.2716393,4.025777,4.100224,0.29471686,-0.0052571297,0.0,0.45077783,0.0,272.06833
2026-06-14 07:55:00-04:00,0.0,2.041645,14.096176,14.100099,-0.011532307,3.2677174,4.009426,4.096121,0.29498312,-0.0050611496,0.0,0.45085597,0.0,272.08792
2026-06-14 07:56:00-04:00,0.0,2.0436058,14.068723,14.100099,-0.011728525,3.2598734,4.009426,4.096121,0.2943615,-0.0052571297,0.0,0.45102826,0.0,272.10754
2026-06-14 07:57:00-04:00,0.0,2.0436058,14.056957,14.088333,-0.011728525,3.2598734,4.009426,4.0905986,0.29427284,-0.0050611496,0.0,0.45097956,0.0,272.12714
2026-06-14 07:58:00-04:00,0.0,2.0357628,14.053035,14.076567,-0.011924744,3.2441854,4.009426,4.0741425,0.29480553,-0.0052571297,0.0,0.4509229,0.0,272.08792
2026-06-14 07:59:00-04:00,0.0,2.0436058,14.033424,14.060879,-0.011532307,3.2402635,4.001251,4.0741425,0.29498312,-0.005453348,0.0,0.45109388,0.0,272.08792
2026-06-14 08:00:00-04:00,0.0,2.0396843,14.029503,14.056957,-0.011532307,3.2402635,3.9876158,4.052194,0.29427284,-0.005453348,0.0,0.45085135,0.0,272.10754
2026-06-14 08:01:00-04:00,0.0,2.0514507,14.017743,14.025587,-0.011532307,3.2245755,3.9876158,4.052194,0.29462805,-0.005453348,0.0,0.4509311,0.0,272.08792
2026-06-14 08:02:00-04:00,0.0,2.0436058,14.009899,14.029503,-0.011532307,3.2245755,3.9794402,4.052194,0.29445046,-0.0048651695,0.0,0.45071474,0.0,272.08792
2026-06-14 08:03:00-04:00,0.0,2.04949,13.998133,14.017743,-0.011924744,3.2206535,3.965804,4.0467033,0.29462805,-0.0052571297,0.0,0.4508177,0.0,272.12714
2026-06-14 08:04:00-04:00,0.0,2.033802,13.982445,14.002055,-0.011728525,3.2206535,3.965804,4.0302157,0.29418388,-0.0050611496,0.0,0.45088446,0.0,272.10754
2026-06-14 08:05:00-04:00,0.0,2.0239964,13.974601,13.994211,-0.011728525,3.2206535,3.965804,4.0302157,0.29471686,-0.0050611496,0.0,0.45078352,0.0,272.12714
2026-06-14 08:06:00-04:00,0.0,2.0004654,13.962835,13.978523,-0.011532307,3.2167315,3.965804,4.016488,0.29440606,-0.0050611496,0.0,0.45088288,0.0,272.08792
2026-06-14 08:07:00-04:00,0.0,1.996542,13.966757,13.966757,-0.011728525,3.2088876,3.965804,4.0082364,0.2943615,-0.0050611496,0.0,0.45076588,0.0,272.10754
2026-06-14 08:08:00-04:00,15.251189,1.9985046,13.943225,13.966757,-0.011336327,3.2010436,3.9440246,4.0082364,0.29471686,-0.0050611496,0.0,0.45067227,0.0,272.08792
2026-06-14 08:09:00-04:00,15.2757015,2.0004654,13.947147,13.962835,-0.011728525,3.1892776,3.9440246,4.0082364,0.29462805,-0.0052571297,0.0,0.45100632,0.0,272.06833
2026-06-14 08:10:00-04:00,15.251189,2.0161533,13.923615,13.947147,-0.011532307,3.2010436,3.9440246,3.9862888,0.29462805,-0.0052571297,0.0,0.4506733,0.0,272.10754
2026-06-14 08:11:00-04:00,15.251189,2.041645,13.919693,13.931459,-0.011532307,3.1931996,3.922229,3.9862888,0.29445046,-0.0050611496,0.0,0.45073363,0.0,272.08792
2026-06-14 08:12:00-04:00,15.2757015,2.0514507,13.904005,13.939303,-0.011532307,3.1775117,3.922229,3.9862888,0.2948945,-0.0050611496,0.0,0.45091105,0.0,272.08792
2026-06-14 08:13:00-04:00,15.2757015,2.0906696,13.900084,13.919693,-0.011532307,3.1775117,3.922229,3.964325,0.29458365,-0.0050611496,0.0,0.45096326,0.0,272.08792
2026-06-14 08:14:00-04:00,15.2757015,2.1436176,13.884396,13.911849,-0.011532307,3.1814337,3.922229,3.964325,0.29498312,-0.0048651695,0.0,0.45057222,0.0,272.08792
2026-06-14 08:15:00-04:00,22.947975,2.178913,13.884396,13.900084,-0.011532307,3.1853557,3.9085627,3.964325,0.2943615,-0.0050611496,0.0,0.45072255,0.0,272.08792
2026-06-14 08:16:00-04:00,23.977495,2.2142105,13.868708,13.884396,-0.011728525,3.1657457,3.9004183,3.956089,0.2943171,-0.0050611496,0.0,0.4506208,0.0,272.10754
2026-06-14 08:17:00-04:00,23.952984,2.2455864,13.856941,13.89224,-0.011728525,3.1931996,3.9004183,3.9423928,0.29462805,-0.0048651695,0.0,0.45077655,0.0,272.08792
2026-06-14 08:18:00-04:00,23.977495,2.286766,13.856941,13.880473,-0.011336327,3.1735897,3.8881245,3.9423928,0.2948945,-0.0048651695,0.0,0.4508073,0.0,272.08792
2026-06-14 08:19:00-04:00,23.952984,2.286766,13.837332,13.884396,-0.011728525,3.1579018,3.8785915,3.9341414,0.29471686,-0.0048651695,0.0,0.45087782,0.0,272.06833
2026-06-14 08:20:00-04:00,23.977495,2.324026,13.833409,13.864785,-0.011532307,3.1539798,3.8785915,3.9341414,0.29471686,-0.0048651695,0.0,0.45083198,0.0,272.08792
2026-06-14 08:21:00-04:00,23.952984,2.402462,13.825565,13.868708,-0.011336327,3.1539798,3.8785915,3.9204137,0.29453924,-0.0048651695,0.0,0.45105335,0.0,272.10754
2026-06-14 08:22:00-04:00,23.92847,2.4730587,13.821644,13.85302,-0.011532307,3.1500578,3.8785915,3.9204137,0.29471686,-0.0050611496,0.0,0.4507452,0.0,272.10754
2026-06-14 08:23:00-04:00,25.742352,2.5299263,13.809877,13.856941,-0.011532307,3.1500578,3.8704321,3.8984659,0.29480553,-0.0048651695,0.0,0.45104593,0.0,272.08792
2026-06-14 08:24:00-04:00,25.71784,2.5887566,13.805956,13.856941,-0.011336327,3.1579018,3.8581533,3.8984659,0.29507208,-0.0048651695,0.0,0.45084128,0.0,272.08792
2026-06-14 08:25:00-04:00,25.693327,2.6593494,13.798112,13.845176,-0.011728525,3.1500578,3.856796,3.8984659,0.29480553,-0.0050611496,0.0,0.45102885,0.0,272.06833
2026-06-14 08:26:00-04:00,29.198565,2.6809196,13.782424,13.821644,-0.011532307,3.1500578,3.856796,3.8970933,0.29462805,-0.004668951,0.0,0.45110977,0.0,272.08792
2026-06-14 08:27:00-04:00,30.96342,2.6730766,13.782424,13.825565,-0.011336327,3.1539798,3.8527086,3.8792322,0.2952497,-0.0050611496,0.0,0.45061016,0.0,272.10754
2026-06-14 08:28:00-04:00,32.67929,2.631895,13.762814,13.829488,-0.011728525,3.1539798,3.8486362,3.8764868,0.29453924,-0.0048651695,0.0,0.45083958,0.0,272.12714
2026-06-14 08:29:00-04:00,32.67929,2.6122894,13.770658,13.817721,-0.011728525,3.1579018,3.8349853,3.8764868,0.29480553,-0.0048651695,0.0,0.45094168,0.0,272.08792
2026-06-14 08:30:00-04:00,32.654778,2.5985622,13.766736,13.805956,-0.011532307,3.1500578,3.8349853,3.8764868,0.29471686,-0.0048651695,0.0,0.45083848,0.0,272.12714
2026-06-14 08:31:00-04:00,32.654778,2.5985622,13.743204,13.805956,-0.011728525,3.1539798,3.8349853,3.857284,0.29453924,-0.0050611496,0.0,0.45095322,0.0,272.08792
2026-06-14 08:32:00-04:00,32.67929,2.55542,13.731438,13.794189,-0.011728525,3.1500578,3.8349853,3.8545084,0.29440606,-0.0048651695,0.0,0.45086735,0.0,272.08792
2026-06-14 08:33:00-04:00,32.67929,2.5142384,13.739282,13.7785015,-0.011336327,3.1500578,3.828198,3.8545084,0.29445046,-0.004668951,0.0,0.4510232,0.0,272.10754
2026-06-14 08:34:00-04:00,36.061928,2.5652256,13.71575,13.7785015,-0.011532307,3.1539798,3.82954,3.8545084,0.2943615,-0.0048651695,0.0,0.45100367,0.0,272.10754
2026-06-14 08:35:00-04:00,41.381084,2.631895,13.711828,13.766736,-0.011336327,3.1461358,3.8132205,3.8380668,0.29427284,-0.0048651695,0.0,0.4507963,0.0,272.10754
2026-06-14 08:36:00-04:00,41.381084,2.6868038,13.711828,13.762814,-0.011728525,3.1422138,3.8132205,3.8325605,0.2943615,-0.0048651695,0.0,0.4511403,0.0,272.10754
2026-06-14 08:37:00-04:00,41.381084,2.716219,13.700062,13.751048,-0.011336327,3.1461358,3.8091338,3.8325605,0.29453924,-0.0048651695,0.0,0.45079085,0.0,272.10754
2026-06-14 08:38:00-04:00,41.35657,2.73975,13.688296,13.75497,-0.011728525,3.1461358,3.795497,3.8325605,0.2943615,-0.0048651695,0.0,0.45080954,0.0,272.10754
2026-06-14 08:39:00-04:00,51.82322,2.731907,13.684374,13.743204,-0.011532307,3.1461358,3.7914102,3.8188643,0.29418388,-0.0048651695,0.0,0.4507156,0.0,272.08792
2026-06-14 08:40:00-04:00,60.525017,2.7201405,13.664764,13.727516,-0.011532307,3.1461358,3.7914102,3.8106127,0.29440606,-0.0048651695,0.0,0.4510068,0.0,272.12714
2026-06-14 08:41:00-04:00,60.525017,2.7868137,13.672608,13.71575,-0.011336327,3.1461358,3.7914102,3.8106127,0.29427284,-0.0048651695,0.0,0.45091403,0.0,272.10754
2026-06-14 08:42:00-04:00,51.82322,2.8123074,13.65692,13.723594,-0.011532307,3.1422138,3.7914102,3.802376,0.29485008,-0.0048651695,0.0,0.4507872,0.0,272.10754
2026-06-14 08:43:00-04:00,51.847733,2.8162289,13.660842,13.723594,-0.011532307,3.1461358,3.7914102,3.7886798,0.29440606,-0.004668951,0.0,0.45095572,0.0,272.08792
2026-06-14 08:44:00-04:00,60.525017,2.8319168,13.645154,13.71575,-0.011532307,3.1461358,3.7818618,3.7886798,0.29462805,-0.0048651695,0.0,0.45091978,0.0,272.10754
2026-06-14 08:45:00-04:00,60.525017,2.8652515,13.645154,13.71575,-0.011532307,3.1539798,3.7750595,3.7886798,0.29440606,-0.0048651695,0.0,0.45084506,0.0,272.08792
2026-06-14 08:46:00-04:00,51.847733,2.9025097,13.6333885,13.700062,-0.011728525,3.1461358,3.7695985,3.7818007,0.29462805,-0.004668951,0.0,0.45106387,0.0,272.10754
2026-06-14 08:47:00-04:00,51.82322,2.9436913,13.63731,13.700062,-0.011336327,3.1422138,3.7695985,3.7667012,0.29498312,-0.0048651695,0.0,0.45078835,0.0,272.10754
2026-06-14 08:48:00-04:00,51.847733,2.9829102,13.625545,13.688296,-0.011336327,3.1500578,3.765511,3.7667012,0.29498312,-0.004668951,0.0,0.45047563,0.0,272.12714
2026-06-14 08:49:00-04:00,60.525017,3.014286,13.613778,13.680452,-0.011532307,3.1579018,3.755979,3.7667012,0.29507208,-0.004668951,0.0,0.45085546,0.0,272.10754
2026-06-14 08:50:00-04:00,60.525017,3.037819,13.613778,13.668686,-0.011532307,3.1579018,3.7505023,3.7667012,0.29453924,-0.004668951,0.0,0.45075622,0.0,272.10754
2026-06-14 08:51:00-04:00,69.20229,3.0829182,13.590246,13.664764,-0.011532307,3.1735897,3.7477882,3.7667012,0.29498312,-0.004668951,0.0,0.45101196,0.0,272.10754
2026-06-14 08:52:00-04:00,69.25132,3.1162548,13.586325,13.660842,-0.011728525,3.1735897,3.7477882,3.7667012,0.29498312,-0.004668951,0.0,0.45094573,0.0,272.14676
2026-06-14 08:53:00-04:00,77.95312,3.1515522,13.586325,13.649076,-0.011728525,3.1696677,3.7477882,3.7667012,0.29462805,-0.0048651695,0.0,0.45110017,0.0,272.08792
2026-06-14 08:54:00-04:00,83.17419,3.175085,13.578481,13.65692,-0.0111403465,3.1735897,3.7477882,3.7667012,0.29453924,-0.004668951,0.0,0.4510462,0.0,272.08792
2026-06-14 08:55:00-04:00,77.95312,3.2182274,13.570637,13.652998,-0.011532307,3.1814337,3.7477882,3.7667012,0.2943615,-0.004668951,0.0,0.45089394,0.0,272.14676
2026-06-14 08:56:00-04:00,84.91453,3.28294,13.570637,13.6412325,-0.011532307,3.1853557,3.7477882,3.763956,0.2946723,-0.004472971,0.0,0.4508942,0.0,272.08792
2026-06-14 08:57:00-04:00,86.67942,3.3417664,13.558876,13.645154,-0.011336327,3.1775117,3.7477882,3.7667012,0.29507208,-0.004668951,0.0,0.45101053,0.0,272.10754
2026-06-14 08:58:00-04:00,95.33219,3.367258,13.554955,13.6412325,-0.0111403465,3.1971216,3.7409701,3.76121,0.29511648,-0.004472971,0.0,0.4508892,0.0,272.12714
2026-06-14 08:59:00-04:00,95.33219,3.3868694,13.543188,13.6412325,-0.011336327,3.1971216,3.7259617,3.7502286,0.29471686,-0.004472971,0.0,0.4508666,0.0,272.10754
2026-06-14 09:00:00-04:00,95.33219,3.4300098,13.551033,13.6412325,-0.011532307,3.2010436,3.7259617,3.7447371,0.2948945,-0.004472971,0.0,0.45097947,0.0,272.10754
2026-06-14 09:01:00-04:00,91.87598,3.4731522,13.531423,13.629466,-0.011532307,3.2088876,3.7259617,3.7447371,0.29480553,-0.004668951,0.0,0.45096797,0.0,272.10754
2026-06-14 09:02:00-04:00,95.356705,3.528061,13.5275,13.6333885,-0.011336327,3.2206535,3.7259617,3.7296534,0.29462805,-0.004472971,0.0,0.45118997,0.0,272.16638
2026-06-14 09:03:00-04:00,95.356705,3.5908089,13.531423,13.629466,-0.011532307,3.2324195,3.7259617,3.7364862,0.29445046,-0.0042767525,0.0,0.45106828,0.0,272.10754
2026-06-14 09:04:00-04:00,111.31406,3.6986637,13.519657,13.625545,-0.011336327,3.2324195,3.7259617,3.7296534,0.29480553,-0.004668951,0.0,0.45078412,0.0,272.10754
2026-06-14 09:05:00-04:00,114.42709,3.8006325,13.503969,13.629466,-0.0111403465,3.2441854,3.7259617,3.7227588,0.2946723,-0.0042767525,0.0,0.4513286,0.0,272.14676
2026-06-14 09:06:00-04:00,104.058495,3.9398632,13.511812,13.625545,-0.011336327,3.2559514,3.7259617,3.7227588,0.29462805,-0.0042767525,0.0,0.45110568,0.0,272.08792
2026-06-14 09:07:00-04:00,95.356705,4.018299,13.500047,13.629466,-0.011336327,3.2598734,3.7259617,3.7227588,0.29498312,-0.0042767525,0.0,0.45111692,0.0,272.10754
2026-06-14 09:08:00-04:00,104.00947,4.0986996,13.492203,13.625545,-0.011336327,3.2677174,3.720532,3.7227588,0.29445046,-0.004472971,0.0,0.45115432,0.0,272.12714
2026-06-14 09:09:00-04:00,114.50063,4.1967506,13.484359,13.629466,-0.011336327,3.2873273,3.720532,3.7227588,0.29462805,-0.0040807724,0.0,0.45099282,0.0,272.08792
2026-06-14 09:10:00-04:00,112.76029,4.279108,13.496124,13.621622,-0.011336327,3.3030152,3.720532,3.7227588,0.29453924,-0.0040807724,0.0,0.4509863,0.0,272.12714
2026-06-14 09:11:00-04:00,105.79884,4.355587,13.484359,13.629466,-0.0111403465,3.2951713,3.720532,3.7227588,0.29471686,-0.0040807724,0.0,0.450977,0.0,272.10754
2026-06-14 09:12:00-04:00,107.51471,4.3967686,13.484359,13.629466,-0.011336327,3.3226252,3.7096422,3.7227588,0.29480553,-0.0042767525,0.0,0.45120135,0.0,272.12714
2026-06-14 09:13:00-04:00,112.76029,4.479126,13.476515,13.625545,-0.011336327,3.3304691,3.7042124,3.7227588,0.2948945,-0.0038847923,0.0,0.45104247,0.0,272.08792
2026-06-14 09:14:00-04:00,112.784805,4.5752163,13.476515,13.629466,-0.0111403465,3.346157,3.7096422,3.7227588,0.29462805,-0.0040807724,0.0,0.4510995,0.0,272.10754
2026-06-14 09:15:00-04:00,112.784805,4.62228,13.468671,13.621622,-0.0111403465,3.350079,3.7042124,3.7227588,0.29462805,-0.0040807724,0.0,0.4507057,0.0,272.08792
2026-06-14 09:16:00-04:00,112.784805,4.6575775,13.472593,13.625545,-0.010748148,3.373611,3.7150874,3.7227588,0.29462805,-0.0040807724,0.0,0.45102704,0.0,272.10754
2026-06-14 09:17:00-04:00,112.784805,4.708561,13.456905,13.621622,-0.010748148,3.377533,3.7109993,3.7255042,0.29458365,-0.0040807724,0.0,0.45108518,0.0,272.12714
2026-06-14 09:18:00-04:00,112.784805,4.745819,13.456905,13.6333885,-0.010748148,3.393221,3.720532,3.7269237,0.29480553,-0.0038847923,0.0,0.45097622,0.0,272.14676
2026-06-14 09:19:00-04:00,112.784805,4.7968044,13.456905,13.629466,-0.010748148,3.4167528,3.7259617,3.7337558,0.29480553,-0.0040807724,0.0,0.45110133,0.0,272.10754
2026-06-14 09:20:00-04:00,112.76029,4.8575954,13.456905,13.645154,-0.010944128,3.4206748,3.7259617,3.7364862,0.29418388,-0.0038847923,0.0,0.4508971,0.0,272.10754
2026-06-14 09:21:00-04:00,112.784805,4.9399548,13.452983,13.629466,-0.010944128,3.4285188,3.7259617,3.7515855,0.29476127,-0.0036885738,0.0,0.45088246,0.0,272.10754
2026-06-14 09:22:00-04:00,121.43757,5.0105495,13.456905,13.621622,-0.010944128,3.4520507,3.7259617,3.755735,0.2946723,-0.0036885738,0.0,0.45082384,0.0,272.12714
2026-06-14 09:23:00-04:00,131.38947,5.0791855,13.44906,13.629466,-0.0111403465,3.4716547,3.7259617,3.7502286,0.29453924,-0.0038847923,0.0,0.45106992,0.0,272.14676
2026-06-14 09:24:00-04:00,123.226944,5.153702,13.441217,13.63731,-0.010748148,3.4834206,3.7259617,3.7502286,0.2946723,-0.0040807724,0.0,0.45078674,0.0,272.14676
2026-06-14 09:25:00-04:00,121.43757,5.2399864,13.441217,13.645154,-0.0111403465,3.4912646,3.7259617,3.7598224,0.2943615,-0.0038847923,0.0,0.45037407,0.0,272.12714
2026-06-14 09:26:00-04:00,121.43757,5.3243027,13.445139,13.645154,-0.0111403465,3.5069525,3.7450733,3.7625983,0.29458365,-0.0034925938,0.0,0.45081365,0.0,272.08792
2026-06-14 09:27:00-04:00,121.43757,5.3792114,13.441217,13.6412325,-0.010944128,3.5383284,3.7477882,3.7667012,0.2943615,-0.0038847923,0.0,0.45095778,0.0,272.12714
2026-06-14 09:28:00-04:00,123.20243,5.4635334,13.445139,13.6412325,-0.0111403465,3.5500944,3.7477882,3.7667012,0.29471686,-0.0038847923,0.0,0.45069626,0.0,272.12714
2026-06-14 09:29:00-04:00,140.63052,5.618452,13.445139,13.645154,-0.010748148,3.5579383,3.7477882,3.7667012,0.2943171,-0.0036885738,0.0,0.4507058,0.0,272.12714
2026-06-14 09:30:00-04:00,146.0477,5.720417,13.437295,13.6412325,-0.010748148,3.5775483,3.7477882,3.7667012,0.2939176,-0.0036885738,0.0,0.45078006,0.0,272.14676
2026-06-14 09:31:00-04:00,140.60602,5.8145447,13.437295,13.65692,-0.010944128,3.6010802,3.7477882,3.7667012,0.29445046,-0.0038847923,0.0,0.4507025,0.0,272.10754
2026-06-14 09:32:00-04:00,145.80257,5.9086723,13.445139,13.645154,-0.010944128,3.6128461,3.7477882,3.7667012,0.2943615,-0.0038847923,0.0,0.45044518,0.0,272.12714
2026-06-14 09:33:00-04:00,156.26926,5.9910355,13.445139,13.65692,-0.010748148,3.6403,3.7695985,3.7667012,0.29471686,-0.0036885738,0.0,0.45052746,0.0,272.12714
2026-06-14 09:34:00-04:00,158.05862,6.0812397,13.441217,13.668686,-0.010748148,3.648144,3.7695985,3.7667012,0.29462805,-0.0036885738,0.0,0.45046797,0.0,272.14676
2026-06-14 09:35:00-04:00,156.26926,6.1302643,13.441217,13.660842,-0.010748148,3.667754,3.7695985,3.7886798,0.29462805,-0.0036885738,0.0,0.4504424,0.0,272.14676
2026-06-14 09:36:00-04:00,218.92216,6.2086983,13.445139,13.680452,-0.0105519295,3.6991298,3.7736866,3.7886798,0.29462805,-0.0038847923,0.0,0.45059904,0.0,272.10754
2026-06-14 09:37:00-04:00,206.61708,6.3145924,14.794284,16.159117,0.1500516,5.915022,3.7914102,6.542973,0.58237416,-0.0058455467,97.895966,0.48798516,0.0,261.8909
2026-06-14 09:38:00-04:00,173.5748,6.432251,10.535061,8.381921,0.1506393,9.582031,3.7914102,9.262401,0.58184135,-0.005453348,98.069855,0.48403955,0.0,260.93005
2026-06-14 09:39:00-04:00,145.75354,6.5204964,12.417591,13.743204,0.1506393,10.421324,3.7914102,9.923714,0.5815749,-0.0056495667,97.6994,0.4844324,0.0,259.92996
2026-06-14 09:40:00-04:00,156.1467,6.640112,10.299748,9.738911,0.1559341,10.633111,3.7914102,9.923714,0.5813085,-0.005453348,97.462975,0.48591346,0.0,259.28284
2026-06-14 09:41:00-04:00,152.69049,6.7499275,11.809689,12.405825,0.15181589,10.421324,3.803657,10.310138,0.5820191,-0.0052571297,98.353165,0.48718375,0.0,262.24387
2026-06-14 09:42:00-04:00,157.91156,6.8322887,10.574282,10.625267,0.1555419,10.550749,3.8132205,9.993848,0.57997626,-0.0048651695,97.355606,0.48245165,0.0,259.224
2026-06-14 09:43:00-04:00,185.73277,6.9479866,11.495935,11.770469,0.1531887,10.711551,3.8132205,10.600253,0.57731193,-0.0052571297,97.39829,0.48172683,0.0,261.2046
2026-06-14 09:44:00-04:00,197.9398,7.0872173,10.848814,11.064524,0.15671849,10.637033,3.8349853,10.197354,0.5827294,-0.005453348,97.11074,0.4820059,0.0,260.14566
2026-06-14 09:45:00-04:00,203.25891,7.2401695,11.268467,11.758703,0.1555419,10.566437,3.8349853,10.074964,0.57997626,-0.0048651695,0.0,0.45016807,0.0,267.83264
2026-06-14 09:46:00-04:00,244.65985,7.381361,11.393965,11.58222,0.1559341,10.813522,3.8349853,10.696563,0.5813973,-0.0052571297,97.48467,0.48442397,0.0,259.04752
2026-06-14 09:47:00-04:00,196.19945,7.518631,11.064524,11.339056,0.15711069,10.735083,3.8445487,10.427038,0.5778449,-0.0048651695,97.312805,0.48027426,0.0,260.67514
2026-06-14 09:48:00-04:00,201.44504,7.642166,11.276304,11.433184,0.1527965,10.884112,3.856796,10.732316,0.58264077,-0.0048651695,97.63628,0.48030788,0.0,260.028
2026-06-14 09:49:00-04:00,177.03098,7.781397,11.182183,11.421418,0.15613031,10.852736,3.8785915,10.602999,0.5835288,-0.0050611496,97.50408,0.48015893,0.0,260.2045
2026-06-14 09:50:00-04:00,173.52577,7.8755245,11.268467,11.448872,0.15044355,10.950786,3.8785915,10.77356,0.5751362,-0.0048651695,97.240746,0.47932234,0.0,261.26343
2026-06-14 09:51:00-04:00,170.06956,7.946121,11.252779,11.50378,0.15338469,10.942942,3.8785915,10.732316,0.5809975,-0.0048651695,97.38113,0.47918895,0.0,260.93005
2026-06-14 09:52:00-04:00,175.4132,8.024555,11.299837,11.511623,-0.010159731,10.942942,3.8990455,10.803823,0.42273718,-0.0025119781,88.07552,0.45011368,0.0,267.85223
2026-06-14 09:53:00-04:00,171.95699,8.136332,11.288071,11.492014,-0.0105519295,10.986084,3.9017603,10.669045,0.29387304,-0.0025119781,0.0,0.45026332,0.0,267.85223
2026-06-14 09:54:00-04:00,173.62383,8.128487,11.276304,11.492014,-0.0105519295,10.911566,3.922229,10.6318865,0.29418388,-0.002315998,0.0,0.44998893,0.0,267.83264
2026-06-14 09:55:00-04:00,175.4132,8.138292,11.280227,11.48417,-0.0105519295,10.837049,3.922229,10.602999,0.29396185,-0.0019237995,0.0,0.45015806,0.0,267.85223
2026-06-14 09:56:00-04:00,166.68689,8.17359,11.272388,11.48417,-0.0105519295,10.7664585,3.9440246,10.581003,0.29382867,-0.0021197796,0.0,0.4502629,0.0,267.81302
2026-06-14 09:57:00-04:00,178.72234,8.09515,11.272388,11.46456,-0.010355949,10.711551,3.9494696,10.581003,0.29382867,-0.0025119781,0.0,0.45010534,0.0,267.83264
2026-06-14 09:58:00-04:00,166.68689,8.046125,11.272388,11.4802475,-0.0105519295,10.668409,3.965804,10.559039,0.29387304,-0.002315998,0.0,0.4500955,0.0,267.83264
2026-06-14 09:59:00-04:00,166.66237,8.048086,11.272388,11.495935,-0.0105519295,10.629189,3.965804,10.537044,0.2939176,-0.002315998,0.0,0.45009956,0.0,267.85223
2026-06-14 10:00:00-04:00,166.7114,8.07358,11.272388,11.492014,-0.0105519295,10.609579,3.9876158,10.514987,0.2939176,-0.0025119781,0.0,0.45009547,0.0,267.85223
2026-06-14 10:01:00-04:00,166.68689,8.106916,11.280227,11.4802475,-0.010355949,10.578203,4.009426,10.508154,0.2939176,-0.0027079582,0.0,0.45014912,0.0,267.81302
2026-06-14 10:02:00-04:00,166.7114,8.048086,11.260623,11.488092,-0.010355949,10.566437,4.009426,10.492992,0.29427284,-0.0025119781,0.0,0.45030496,0.0,267.85223
2026-06-14 10:03:00-04:00,166.7114,7.9500427,11.268467,11.492014,-0.010355949,10.542906,4.0312223,10.470998,0.29445046,-0.0025119781,0.0,0.45028466,0.0,267.81302
2026-06-14 10:04:00-04:00,175.4377,7.8833694,11.260623,11.48417,-0.0105519295,10.542906,4.053048,10.470998,0.29471686,-0.0027079582,0.0,0.45024514,0.0,267.81302
2026-06-14 10:05:00-04:00,175.4377,7.773554,11.2645445,11.48417,-0.0105519295,10.515451,4.053048,10.449003,0.29427284,-0.0025119781,0.0,0.4502958,0.0,267.83264
2026-06-14 10:06:00-04:00,175.46222,7.687269,11.2645445,11.48417,-0.010748148,10.4919195,4.074844,10.427038,0.29413947,-0.0025119781,0.0,0.4504118,0.0,267.83264
2026-06-14 10:07:00-04:00,175.46222,7.704918,11.2645445,11.492014,-0.0105519295,10.484076,4.0966554,10.417367,0.29409522,-0.0025119781,0.0,0.4504896,0.0,267.81302
2026-06-14 10:08:00-04:00,184.11499,7.704918,11.272388,11.48417,-0.010748148,10.456621,4.0966554,10.404982,0.29471686,-0.0027079582,0.0,0.4503304,0.0,267.83264
2026-06-14 10:09:00-04:00,184.11499,7.7068787,11.2567005,11.48417,-0.0105519295,10.444856,4.118435,10.382986,0.29453924,-0.0025119781,0.0,0.4503523,0.0,267.81302
2026-06-14 10:10:00-04:00,192.79227,7.704918,11.268467,11.48417,-0.0105519295,10.429168,4.138872,10.381614,0.29382867,-0.0025119781,0.0,0.45039746,0.0,267.81302
2026-06-14 10:11:00-04:00,192.76776,7.704918,11.2567005,11.48417,-0.010748148,10.425245,4.140246,10.3609915,0.29400626,-0.0029044151,0.0,0.45027962,0.0,267.83264
2026-06-14 10:12:00-04:00,192.81677,7.755905,11.268467,11.488092,-0.010748148,10.405636,4.160684,10.338997,0.2933846,-0.0027079582,0.0,0.45032766,0.0,267.83264
2026-06-14 10:13:00-04:00,194.5081,7.795124,11.268467,11.4724045,-0.010748148,10.393869,4.1784077,10.338997,0.29365104,-0.0027079582,0.0,0.45070723,0.0,267.81302
2026-06-14 10:14:00-04:00,201.3715,7.8539543,11.2645445,11.515546,0.1551497,10.409557,4.1838365,10.32661,0.4934748,-0.0048651695,83.854324,0.4849385,0.0,260.89084
2026-06-14 10:15:00-04:00,208.38194,7.924549,11.382198,11.641049,0.1551497,11.033148,4.205663,10.779083,0.5748252,-0.004668951,98.00469,0.48488873,0.0,260.4202
2026-06-14 10:16:00-04:00,215.31888,7.9755363,11.48417,11.735171,0.15613031,11.044913,4.2274737,10.779083,0.5748252,-0.004668951,97.53074,0.48597866,0.0,260.55746
2026-06-14 10:17:00-04:00,203.11185,8.006912,11.566532,11.735171,0.1551497,11.241013,4.2274737,11.066515,0.5748252,-0.0050611496,97.73003,0.48290983,0.0,261.51837
2026-06-14 10:18:00-04:00,197.86626,8.057892,11.597908,11.794001,0.1551497,11.201793,4.249285,10.930365,0.5748252,-0.0050611496,97.61856,0.4840409,0.0,260.59668
2026-06-14 10:19:00-04:00,192.76776,8.142214,11.597908,11.8253765,-0.010748148,11.244935,4.2710958,10.905593,0.29405066,-0.0027079582,0.0,0.45068753,0.0,267.67575
2026-06-14 10:20:00-04:00,192.79227,8.228497,11.6096735,11.848908,-0.010748148,11.221403,4.272438,10.867093,0.29418388,-0.0025119781,0.0,0.45048583,0.0,267.65616
2026-06-14 10:21:00-04:00,184.06596,8.265757,11.633205,11.856752,-0.0105519295,11.131197,4.2928762,10.867093,0.29462805,-0.0025119781,0.0,0.45069075,0.0,267.67575
2026-06-14 10:22:00-04:00,175.75636,8.346157,11.629284,11.856752,-0.0105519295,11.0959,4.314672,10.829937,0.29418388,-0.002315998,0.0,0.45062473,0.0,267.69537
2026-06-14 10:23:00-04:00,175.4132,8.420675,11.633205,11.852831,-0.0105519295,11.033148,4.333752,10.823042,0.2943171,-0.0027079582,0.0,0.4506454,0.0,267.69537
2026-06-14 10:24:00-04:00,175.4132,8.52264,11.633205,11.852831,-0.010748148,10.993928,4.352833,10.801046,0.29427284,-0.002315998,0.0,0.45079154,0.0,267.65616
2026-06-14 10:25:00-04:00,166.66237,8.608925,11.637127,11.848908,-0.0105519295,10.966474,4.3582935,10.801046,0.29418388,-0.0021197796,0.0,0.45049018,0.0,267.69537
2026-06-14 10:26:00-04:00,168.45174,8.714817,11.629284,11.848908,-0.010748148,10.954708,4.3801036,10.779083,0.29382867,-0.002315998,0.0,0.45071632,0.0,267.63654
2026-06-14 10:27:00-04:00,175.36417,8.842281,11.629284,11.837143,-0.010748148,10.91941,4.4019003,10.779083,0.29418388,-0.0021197796,0.0,0.45089856,0.0,267.65616
2026-06-14 10:28:00-04:00,182.32562,8.983467,11.633205,11.848908,-0.0105519295,10.8998,4.40463,10.779083,0.29400626,-0.0021197796,0.0,0.4505508,0.0,267.65616
2026-06-14 10:29:00-04:00,177.12903,9.103088,11.621439,11.8332205,-0.0105519295,10.884112,4.423711,10.757056,0.29387304,-0.002315998,0.0,0.45074463,0.0,267.69537
2026-06-14 10:30:00-04:00,166.66237,9.193295,11.617517,11.837143,-0.0105519295,10.86058,4.445506,10.757056,0.29387304,-0.002315998,0.0,0.45090228,0.0,267.67575
2026-06-14 10:31:00-04:00,166.66237,9.259968,11.621439,11.829299,-0.0105519295,10.84097,4.4659605,10.7364025,0.29418388,-0.002315998,0.0,0.45094883,0.0,267.69537
2026-06-14 10:32:00-04:00,163.84348,9.299187,11.633205,11.8253765,-0.0105519295,10.829205,4.478223,10.735061,0.29387304,-0.002315998,0.0,0.45088828,0.0,267.63654
2026-06-14 10:33:00-04:00,166.66237,9.401154,11.6096735,11.8253765,-0.010355949,10.825282,4.489144,10.735061,0.2939176,-0.0021197796,0.0,0.45103094,0.0,267.69537
2026-06-14 10:34:00-04:00,157.96057,9.481554,11.6096735,11.829299,-0.0105519295,10.825282,4.510939,10.713036,0.2939176,-0.0021197796,0.0,0.45091325,0.0,267.69537
2026-06-14 10:35:00-04:00,157.96057,9.473709,11.625361,11.805767,-0.0105519295,10.821361,4.5327506,10.713036,0.29382867,-0.0021197796,0.0,0.45105475,0.0,267.69537
2026-06-14 10:36:00-04:00,166.63786,9.487436,11.637127,11.821455,-0.010748148,10.821361,4.554561,10.69104,0.2939176,-0.0021197796,0.0,0.4512713,0.0,267.67575
2026-06-14 10:37:00-04:00,166.66237,9.507048,11.629284,11.817533,-0.0105519295,10.805678,4.5736575,10.69104,0.29400626,-0.0021197796,0.0,0.45105347,0.0,267.67575
2026-06-14 10:38:00-04:00,175.36417,9.542345,11.629284,11.813611,-0.0105519295,10.809601,4.576372,10.69104,0.29418388,-0.0019237995,0.0,0.45105,0.0,267.67575
2026-06-14 10:39:00-04:00,175.36417,9.620785,11.633205,11.813611,-0.0105519295,10.817438,4.5981684,10.669045,0.29365104,-0.0021197796,0.0,0.45111325,0.0,267.67575
2026-06-14 10:40:00-04:00,175.31514,9.675692,11.625361,11.797923,-0.010355949,10.825282,4.619994,10.669045,0.29400626,-0.0019237995,0.0,0.45106068,0.0,267.69537
2026-06-14 10:41:00-04:00,184.04144,9.763937,11.625361,11.797923,-0.010355949,10.825282,4.6281385,10.66215,0.29382867,-0.0021197796,0.0,0.45105317,0.0,267.69537
2026-06-14 10:42:00-04:00,184.06596,9.779625,11.617517,11.805767,-0.0105519295,10.813522,4.6472507,10.647019,0.29413947,-0.0019237995,0.0,0.45118782,0.0,267.69537
2026-06-14 10:43:00-04:00,192.76776,9.838455,11.613596,11.794001,-0.010355949,10.817438,4.663601,10.647019,0.29373986,-0.0019237995,0.0,0.45094725,0.0,267.69537
2026-06-14 10:44:00-04:00,199.63112,9.889435,11.633205,11.778313,-0.010355949,10.833126,4.6854124,10.637409,0.29387304,-0.0019237995,0.0,0.45111045,0.0,267.69537
2026-06-14 10:45:00-04:00,204.80319,9.936499,11.688113,11.87244,0.15260053,11.323368,4.7072077,11.091287,0.5796212,-0.0042767525,97.95223,0.48600763,0.0,260.06723
2026-06-14 10:46:00-04:00,208.28389,9.981602,11.688113,11.87244,0.15299273,11.488092,4.7072077,11.164197,0.5811309,-0.0038847923,97.45659,0.48709062,0.0,261.87128
2026-06-14 10:47:00-04:00,208.25937,10.022781,11.91166,12.139135,0.1531887,11.597908,4.7371783,11.365023,0.5759354,-0.0040807724,97.51219,0.48428854,0.0,260.36136
2026-06-14 10:48:00-04:00,204.82771,10.067884,11.782235,12.139135,0.1531887,11.633205,4.750814,11.279726,0.57802254,-0.0040807724,97.74375,0.48644727,0.0,260.34177
2026-06-14 10:49:00-04:00,201.29796,10.124754,11.919504,12.139135,0.1551497,11.699879,4.7726407,11.436498,0.5765571,-0.0040807724,98.05419,0.492476,0.0,260.16528
2026-06-14 10:50:00-04:00,203.08733,10.15613,11.888128,12.12737,0.15299273,11.711645,4.794451,11.395285,0.579177,-0.0040807724,97.57839,0.48955303,0.0,259.71423
2026-06-14 10:51:00-04:00,206.56805,10.218882,11.9626465,12.174434,0.1551497,11.774391,4.8162627,11.483296,0.5812197,-0.0040807724,98.200356,0.48447278,0.0,258.10623
2026-06-14 10:52:00-04:00,206.59256,10.23653,11.978334,12.209725,0.15240431,11.786157,4.8380737,11.483296,0.5783777,-0.0040807724,97.6198,0.51944184,0.0,259.12595
2026-06-14 10:53:00-04:00,209.99976,10.281633,12.00971,12.245024,0.15122771,11.844987,4.8380737,11.549344,0.57624626,-0.0040807724,97.61278,0.48110676,0.0,259.77307
2026-06-14 10:54:00-04:00,215.29436,10.326731,12.04893,12.280321,0.1543653,11.864596,4.8762355,11.569965,0.57926595,-0.0040807724,97.648834,0.4884313,0.0,259.89075
2026-06-14 10:55:00-04:00,220.49092,10.318886,12.084228,12.292088,0.1551497,11.915583,4.88168,11.61536,0.5794434,-0.0040807724,97.659355,0.4814746,0.0,260.36136
2026-06-14 10:56:00-04:00,223.97165,10.295361,12.111682,12.339151,0.15103173,11.939115,4.903476,11.637385,0.57304925,-0.0038847923,98.27339,0.4808953,0.0,259.7927
2026-06-14 10:57:00-04:00,229.19272,10.295361,12.162667,12.374449,0.1500516,11.982256,4.9253025,11.681407,0.5777117,-0.0038847923,97.69434,0.5095973,0.0,260.26334
2026-06-14 10:58:00-04:00,232.64893,10.334574,12.213648,12.4450445,0.15377688,12.02932,4.948455,11.72543,0.57820016,-0.0040807724,97.477104,0.53414434,0.0,260.43982
2026-06-14 10:59:00-04:00,225.68747,10.42478,12.2764,12.503874,0.15083551,12.111682,4.9688935,11.791444,0.5770455,-0.0040807724,98.1367,0.6433077,0.0,260.18488
2026-06-14 11:00:00-04:00,229.14369,10.546362,12.323463,12.558783,0.1484828,12.143058,4.9688935,11.835498,0.578955,-0.0040807724,98.182724,0.63906014,0.0,260.34177
2026-06-14 11:01:00-04:00,230.85956,10.671865,12.390137,12.601924,0.15201211,12.205803,5.012515,11.901513,0.5763351,-0.0038847923,97.72188,0.7861213,0.0,260.38098
2026-06-14 11:02:00-04:00,232.64893,10.76403,12.441122,12.66467,0.14985514,12.248945,5.0343423,11.948311,0.5820634,-0.0040807724,97.75399,0.7321078,0.0,260.16528
2026-06-14 11:03:00-04:00,232.5754,10.671865,12.507796,12.731343,0.15044355,12.3156185,5.0561223,12.011582,0.5778005,-0.0038847923,97.66168,0.6967704,0.0,259.55737
2026-06-14 11:04:00-04:00,239.58586,10.707163,12.547016,12.78233,0.1531887,12.37837,5.077948,12.055604,0.5752694,-0.0038847923,97.80363,0.630735,0.0,259.8123
2026-06-14 11:05:00-04:00,243.09106,10.646372,12.601924,12.841159,0.1500516,12.417591,5.0997596,12.113415,0.57735634,-0.0038847923,97.689545,0.6360117,0.0,260.51825
2026-06-14 11:06:00-04:00,250.07703,10.634605,12.672514,12.884301,0.15142393,12.47642,5.121555,12.165704,0.57153934,-0.0038847923,97.7126,0.66814584,0.0,258.77298
2026-06-14 11:07:00-04:00,260.47012,10.64049,12.715655,12.947053,0.1539731,12.527407,5.1434126,12.227603,0.5757134,-0.0040807724,97.575554,0.72861403,0.0,260.5771
2026-06-14 11:08:00-04:00,262.2105,10.630684,12.786251,13.017649,0.15142393,12.586236,5.165208,12.2895,0.5771345,-0.0040807724,97.44593,0.63573426,0.0,259.92996
2026-06-14 11:09:00-04:00,270.91232,10.697357,12.849003,13.10001,0.15083551,12.641144,5.18702,12.361071,0.57669026,-0.0036885738,97.84518,0.81051403,0.0,259.34164
2026-06-14 11:10:00-04:00,277.8002,10.760109,12.939209,13.1706,0.15161991,12.731343,5.20883,12.361071,0.57669026,-0.0038847923,97.798134,0.8554501,0.0,262.08698
2026-06-14 11:11:00-04:00,319.64236,10.809128,13.041181,13.272572,0.14926696,12.813705,5.2306256,12.512415,0.57296026,-0.0038847923,98.26796,0.91134506,0.0,259.08673
2026-06-14 11:12:00-04:00,312.63187,10.85227,13.217664,13.488281,0.14926696,12.939209,5.252453,12.663822,0.5745588,-0.0038847923,97.89271,0.9153465,0.0,259.91034
2026-06-14 11:13:00-04:00,290.10526,10.920904,13.343167,13.59809,0.14946318,13.115692,5.274248,12.820659,0.57340443,-0.0036885738,97.83036,0.92429173,0.0,259.91034
2026-06-14 11:14:00-04:00,272.60364,10.9405155,13.472593,13.731438,0.14985514,13.225508,5.2960744,12.936249,0.5697631,-0.0036885738,97.992744,0.97898847,0.0,260.93005
2026-06-14 11:15:00-04:00,277.8492,10.942476,13.570637,13.841253,0.14809036,13.323557,5.3178544,13.027132,0.5746033,-0.0036885738,97.87769,0.8973541,0.0,260.87125
2026-06-14 11:16:00-04:00,337.5362,10.9640465,13.711828,13.998133,0.1500516,13.445139,5.3396964,13.167496,0.5757134,-0.0036885738,97.7406,0.9089322,0.0,261.4399
2026-06-14 11:17:00-04:00,335.08493,11.016994,13.982445,14.304042,0.14809036,13.6412325,5.361523,13.371192,0.5689638,-0.0036885738,98.05784,0.9422425,0.0,262.1458
2026-06-14 11:18:00-04:00,308.8815,11.099356,14.209914,14.500135,0.14985514,13.880473,5.4024143,13.618942,0.5740705,-0.0034925938,97.686905,0.91581506,0.0,261.87128
2026-06-14 11:19:00-04:00,392.61484,11.226814,14.425623,14.74722,0.14946318,14.068723,5.416036,13.782767,0.57109517,-0.0034925938,97.98561,0.99791265,0.0,260.94968
2026-06-14 11:20:00-04:00,344.52206,11.269955,14.790362,15.0962715,0.14926696,14.370716,5.4487514,14.153068,0.57247186,-0.0034925938,97.929375,1.0275577,0.0,260.2045
2026-06-14 11:21:00-04:00,373.5444,11.403303,14.990377,15.323746,0.14985514,14.6217165,5.4705477,14.34859,0.56918585,-0.0032963753,98.27779,1.2062695,0.0,260.51825
2026-06-14 11:22:00-04:00,437.66803,11.536652,15.335512,15.688485,0.14867878,14.92371,5.492389,14.676272,0.57158375,-0.0032963753,98.379364,1.231841,0.0,262.4988
2026-06-14 11:23:00-04:00,476.0295,11.571949,15.696329,16.068913,0.14926696,15.210009,5.5142155,14.968202,0.5701627,-0.0031003952,97.89783,1.2954391,0.0,261.24384
2026-06-14 11:24:00-04:00,481.34863,11.689602,16.12382,16.488558,0.14946318,15.613967,5.5169306,15.393725,0.5706513,-0.0029044151,98.2186,1.3019863,0.0,261.96933
2026-06-14 11:25:00-04:00,387.4673,11.911194,16.508167,16.927814,0.14926696,15.970861,5.579618,15.786272,0.5701183,-0.0029044151,98.26466,1.3098657,0.0,261.16537
2026-06-14 11:26:00-04:00,342.4631,12.030815,16.84153,17.167055,0.14926696,16.343445,5.5987144,16.162285,0.5714504,-0.0029044151,97.95889,1.2115713,0.0,260.53787
2026-06-14 11:27:00-04:00,332.78085,12.222984,17.065084,17.390602,0.14965916,16.598373,5.6232567,16.390976,0.56860864,-0.0025119781,98.35713,1.1420623,0.0,262.22424
2026-06-14 11:28:00-04:00,309.12665,12.358295,17.229807,17.54356,0.14985514,16.82192,5.6450667,16.590744,0.5674096,-0.0025119781,98.16793,1.2529943,0.0,260.2437
2026-06-14 11:29:00-04:00,302.06717,12.413204,17.359226,17.688673,0.14985514,16.967033,5.666894,16.727146,0.57473654,-0.0025119781,98.29067,1.3502948,0.0,260.71436
2026-06-14 11:30:00-04:00,336.94788,12.446541,17.512184,17.822016,0.14985514,17.11607,5.7036977,16.881458,0.5741149,-0.002315998,98.340904,1.4275773,0.0,262.59683
2026-06-14 11:31:00-04:00,284.83517,12.436733,17.767107,18.080866,0.15083551,17.323929,5.718706,17.12812,0.5695411,-0.0025119781,98.175095,1.4925739,0.0,258.0278
2026-06-14 11:32:00-04:00,290.05624,12.477917,17.837704,18.112242,0.14907098,17.461199,5.7541385,17.232826,0.572161,-0.0021197796,98.24503,1.5018123,0.0,262.06738
2026-06-14 11:33:00-04:00,275.32446,12.552433,18.002426,18.29657,0.14828634,17.571014,5.7759643,17.395435,0.5739371,-0.0025119781,97.9121,1.528409,0.0,262.4792
2026-06-14 11:34:00-04:00,315.2547,12.568123,18.076944,18.335789,0.14730597,17.727888,5.8018794,17.476742,0.57038474,-0.0027079582,98.05989,1.5207176,0.0,265.6756
2026-06-14 11:35:00-04:00,350.2579,12.705383,18.308336,18.649542,0.14887476,17.861235,5.8414135,17.668276,0.5706069,-0.0021197796,98.394165,1.4871838,0.0,263.1067
2026-06-14 11:36:00-04:00,356.0918,12.811279,18.563265,18.877018,0.14985514,18.096554,5.8632245,17.96052,0.57109517,-0.0021197796,98.22621,1.5074295,0.0,262.22424
2026-06-14 11:37:00-04:00,311.0386,12.81324,18.84172,19.179005,0.15122771,18.347555,5.8850203,18.179634,0.56860864,-0.002315998,98.00368,1.5466645,0.0,261.63602
2026-06-14 11:38:00-04:00,359.57254,12.828926,18.9986,19.273132,0.14946318,18.571108,5.928689,18.401554,0.56967443,-0.002315998,97.94421,1.6723301,0.0,261.16537
2026-06-14 11:39:00-04:00,370.01468,13.01326,19.363338,19.806517,0.14946318,18.763279,5.9504848,18.558676,0.57038474,-0.002315998,98.38296,1.6792262,0.0,260.8124
2026-06-14 11:40:00-04:00,485.63824,13.095615,19.731998,20.08497,0.14867878,19.198614,5.9722953,19.077057,0.56918585,-0.0021197796,98.33867,1.7797755,0.0,261.185
2026-06-14 11:41:00-04:00,572.4601,13.234848,20.445793,20.990938,0.14946318,19.641792,6.006386,19.551386,0.5713174,-0.002315998,98.42867,1.7706894,0.0,261.69485
2026-06-14 11:42:00-04:00,536.91754,13.493698,21.120363,21.598839,0.14965916,20.316368,6.035014,20.307138,0.5680756,-0.0019237995,98.656395,1.7129453,0.0,263.04788
2026-06-14 11:43:00-04:00,491.83978,13.711361,21.806705,22.33616,0.14809036,20.939953,6.059555,20.845055,0.568431,-0.0019237995,98.55572,1.717678,0.0,262.1458
2026-06-14 11:44:00-04:00,467.42572,13.823139,22.33616,22.775417,0.1500516,21.563541,6.081397,21.46035,0.5682978,-0.001727581,98.6958,1.8120776,0.0,262.59683
2026-06-14 11:45:00-04:00,401.34116,13.760387,22.81856,23.281347,0.14867878,22.038095,6.119575,21.921238,0.571184,-0.0021197796,98.55572,1.8702964,0.0,262.20465
2026-06-14 11:46:00-04:00,374.67197,13.544678,23.140162,23.520588,0.14946318,22.453821,6.146847,22.33801,0.56923026,-0.001727581,98.384514,1.9317502,0.0,263.77344
2026-06-14 11:47:00-04:00,397.81137,13.483894,23.477448,23.91278,0.14965916,22.75973,6.168673,22.634726,0.5714948,-0.0019237995,98.46773,1.9301304,0.0,264.20486
2026-06-14 11:48:00-04:00,429.11337,13.56625,23.850029,24.230457,0.14965916,23.140162,6.190454,23.047443,0.568431,-0.0019237995,98.62255,1.9820141,0.0,263.4597
2026-06-14 11:49:00-04:00,429.92227,13.791763,24.340271,24.795216,0.14750218,23.551964,6.2341065,23.456043,0.57158375,-0.001727581,98.46415,1.9537089,0.0,263.73422
2026-06-14 11:50:00-04:00,348.76273,13.878048,24.736387,25.128578,0.15083551,24.002987,6.2709265,23.946173,0.56967443,-0.001727581,98.64477,1.9681888,0.0,264.34213
2026-06-14 11:51:00-04:00,363.69055,13.923149,25.042301,25.458027,0.14965916,24.312819,6.29954,24.273434,0.568875,-0.001531601,98.08911,2.006837,0.0,265.32263
2026-06-14 11:52:00-04:00,331.7023,14.027077,25.375664,25.760014,0.14907098,24.669712,6.321382,24.604847,0.5662107,-0.001727581,98.23216,2.063562,0.0,264.6363
2026-06-14 11:53:00-04:00,407.4692,14.19376,25.681574,26.12083,0.15083551,24.971706,6.3650045,24.930801,0.56714314,-0.0019237995,98.78123,2.0976624,0.0,264.2637
2026-06-14 11:54:00-04:00,410.48416,14.405548,26.269865,26.716965,0.1484828,25.434494,6.3868465,25.444616,0.5677204,-0.001727581,98.53918,2.1877182,0.0,265.51874
2026-06-14 11:55:00-04:00,401.46375,14.425156,26.685589,27.066017,0.14946318,25.909048,6.411403,25.888077,0.56674355,-0.001727581,98.682945,2.0909336,0.0,264.852
2026-06-14 11:56:00-04:00,431.02524,14.4781,27.17191,27.701372,0.14985514,26.27771,6.4522495,26.262487,0.56585544,-0.001531601,98.6764,2.1509166,0.0,266.0874
2026-06-14 11:57:00-04:00,382.07465,14.634979,27.791578,28.238678,0.15122771,26.897371,6.487727,26.95481,0.56834203,-0.001727581,99.035645,2.2970598,0.0,264.53824
2026-06-14 11:58:00-04:00,358.37143,14.764404,28.297503,28.7799,0.15024757,27.368004,6.517714,27.40395,0.5627471,-0.001727581,98.65332,2.4069085,0.0,265.89133
2026-06-14 11:59:00-04:00,381.51086,14.825195,28.732836,29.15641,0.15024757,27.873934,6.561367,27.7813,0.5656779,-0.001531601,98.56776,2.4675462,0.0,265.4599
2026-06-14 12:00:00-04:00,390.94797,14.933044,29.281908,29.870201,0.14985514,28.321033,6.5832086,28.335688,0.5649673,-0.001531601,98.40622,2.4988363,0.0,265.77365
2026-06-14 12:01:00-04:00,316.1616,15.029133,29.827059,30.250628,0.15024757,28.932858,6.6186557,28.996632,0.56354636,-0.001531601,98.66801,2.56619,0.0,266.3815
2026-06-14 12:02:00-04:00,399.67432,15.015404,30.274158,30.780088,0.1500516,29.336817,6.648673,29.363096,0.56461203,-0.001531601,98.59956,2.5862825,0.0,266.0678
2026-06-14 12:03:00-04:00,469.28867,14.903629,31.01148,31.627226,0.14985514,29.925108,6.675914,30.022827,0.56288034,-0.0013356209,98.84095,2.6013541,0.0,267.49927
2026-06-14 12:04:00-04:00,391.09506,14.78009,31.846857,32.3371,0.1500516,30.772245,6.714138,30.92485,0.56709874,-0.001531601,98.84712,2.870593,0.0,265.4599
2026-06-14 12:05:00-04:00,400.6058,14.617329,32.286114,32.78812,0.15083551,31.282097,6.7468705,31.345516,0.5643456,-0.0013356209,98.86064,2.8578284,0.0,268.73468
2026-06-14 12:06:00-04:00,492.52615,14.599678,32.96853,33.580353,0.1506393,31.870388,6.779572,31.948877,0.5607044,-0.0013356209,98.7618,2.8996258,0.0,265.0677
2026-06-14 12:07:00-04:00,587.3634,14.650665,33.858807,34.517693,0.14946318,32.64693,6.8218827,32.79325,0.56221414,-0.001531601,98.691055,3.0076149,0.0,269.1465
2026-06-14 12:08:00-04:00,523.9751,14.68008,34.81968,35.392284,0.15122771,33.53721,6.845068,33.78603,0.5626583,-0.001531601,98.3651,2.9991825,0.0,267.46005
2026-06-14 12:09:00-04:00,550.0315,14.772247,35.74918,36.529644,0.15024757,34.35689,6.8886585,34.504856,0.56336874,-0.001531601,98.493355,3.0125961,0.0,267.53848
2026-06-14 12:10:00-04:00,600.3058,14.844803,36.768883,37.412083,0.15220809,35.407974,6.9214225,35.67411,0.5613262,-0.0013356209,98.65284,3.0356069,0.0,268.5386
2026-06-14 12:11:00-04:00,629.4507,14.980106,37.839573,38.58866,0.15103173,36.33747,6.9541545,36.58594,0.559994,-0.001727581,98.89379,3.1214085,0.0,270.04855
2026-06-14 12:12:00-04:00,580.7941,15.231113,38.847507,39.58091,0.15083551,37.372864,6.997838,37.64775,0.56088203,-0.0013356209,98.991844,3.1970477,0.0,271.49963
2026-06-14 12:13:00-04:00,577.1664,15.454662,39.898586,40.65944,0.15181589,38.353348,6.997838,38.604538,0.5625695,-0.0013356209,98.98142,3.2863421,0.0,272.67624
2026-06-14 12:14:00-04:00,615.47876,15.6135025,40.965355,41.702675,0.1527965,39.388733,7.063272,39.714207,0.5587949,-0.001531601,98.6772,3.2507908,0.0,272.97037
2026-06-14 12:15:00-04:00,592.55994,15.805679,42.106636,42.894947,0.15201211,40.439816,7.1069255,40.79231,0.56114846,-0.001531601,98.93696,3.315243,0.0,277.75513
2026-06-14 12:16:00-04:00,513.33685,15.85862,43.1734,43.895035,0.15299273,41.51835,7.141031,41.901283,0.55830663,-0.0013356209,98.70107,3.2015662,0.0,273.12726
2026-06-14 12:17:00-04:00,562.01794,15.85862,44.122513,44.84022,0.15161991,42.4753,7.172391,42.81764,0.5589283,-0.001531601,99.00103,3.215612,0.0,274.26465
2026-06-14 12:18:00-04:00,489.60916,15.8762665,45.161827,45.899147,0.15161991,43.43617,7.2160745,43.8842,0.5584841,-0.0013356209,98.746956,3.4349062,0.0,274.34308
2026-06-14 12:19:00-04:00,531.2797,15.97628,46.012886,46.77766,0.15299273,44.361748,7.2596974,44.737198,0.56159246,-0.0013356209,98.803635,3.3449335,0.0,275.22552
2026-06-14 12:20:00-04:00,542.1631,16.186104,47.111023,47.797363,0.15260053,45.401062,7.285627,45.876656,0.55777365,-0.0013356209,99.04678,3.3393118,0.0,276.18634
2026-06-14 12:21:00-04:00,596.0897,16.482208,48.10327,48.92688,0.1531887,46.326637,7.325162,46.769085,0.5589727,-0.0013356209,98.608284,3.2715828,0.0,278.0689
2026-06-14 12:22:00-04:00,608.1497,16.537117,49.30339,50.064243,0.15299273,47.491455,7.368815,47.995483,0.556708,-0.0013356209,98.88242,3.2408712,0.0,277.108
2026-06-14 12:23:00-04:00,525.81354,16.556728,50.444675,51.24867,0.15181589,48.558216,7.4124694,48.78692,0.55835104,-0.001531601,98.49977,3.3502188,0.0,277.20605
2026-06-14 12:24:00-04:00,464.50882,16.511623,51.40555,52.06835,0.15240431,49.648518,7.450692,50.206127,0.5583953,-0.0013356209,98.45901,3.3847232,0.0,279.52002
2026-06-14 12:25:00-04:00,555.9144,16.468483,52.244843,53.048836,0.15161991,50.464283,7.486109,50.89372,0.5607932,-0.0013356209,98.58208,3.4995785,0.0,281.1476
2026-06-14 12:26:00-04:00,488.40805,16.42926,53.41357,54.16659,0.1531887,51.54673,7.5243325,52.134163,0.5570188,-0.0013356209,98.29722,3.4755628,0.0,281.81433
2026-06-14 12:27:00-04:00,539.31976,16.466522,54.32346,55.052948,0.15299273,52.51937,7.576162,53.09649,0.55963874,-0.0013356209,98.72795,3.466579,0.0,281.89276
2026-06-14 12:28:00-04:00,609.37524,16.60379,55.405914,56.225597,0.1531887,53.480244,7.608894,54.03963,0.55661917,-0.0013356209,98.957,3.4874094,0.0,282.3242
2026-06-14 12:29:00-04:00,562.8268,16.923428,56.586422,57.410027,0.15299273,54.598,7.652516,55.235283,0.5570632,-0.001139164,98.47653,3.5848246,0.0,286.03043
2026-06-14 12:30:00-04:00,552.4582,17.233257,57.73947,58.54347,0.15377688,55.731438,7.696232,56.375618,0.55608636,-0.001139164,98.53829,3.6362245,0.0,285.06952
2026-06-14 12:31:00-04:00,577.3135,17.382294,58.88859,59.712196,0.15338469,56.853115,7.738513,57.495403,0.5559974,-0.0013356209,98.40056,3.632973,0.0,285.9716
2026-06-14 12:32:00-04:00,559.34607,17.345036,60.04164,60.84564,0.1539731,58.006157,7.7671576,58.68253,0.5559974,-0.0013356209,98.658844,3.7370977,0.0,286.85403
2026-06-14 12:33:00-04:00,534.785,17.362682,61.131943,61.928093,0.1543653,59.08077,7.827162,59.79889,0.55590874,-0.001139164,98.71781,3.6489112,0.0,288.06985
2026-06-14 12:34:00-04:00,580.3529,17.345036,62.24185,63.104675,0.15299273,60.163223,7.8503766,60.823505,0.5562639,-0.0013356209,98.56655,3.6767187,0.0,289.4817
2026-06-14 12:35:00-04:00,551.3551,17.235218,63.441956,64.30478,0.15416932,61.32412,7.8926263,62.029987,0.55568653,-0.001139164,98.6644,3.9238331,0.0,294.42334
2026-06-14 12:36:00-04:00,508.94925,17.133251,64.493034,65.289185,0.1531887,62.43403,7.944487,63.22572,0.5548429,-0.001531601,98.52902,3.941498,0.0,296.3059
2026-06-14 12:37:00-04:00,547.2126,17.082268,65.51274,66.34027,0.1547575,63.41058,7.9799643,64.14242,0.553866,-0.001139164,98.62487,3.9439185,0.0,293.4233
2026-06-14 12:38:00-04:00,581.9217,17.28032,66.669716,67.49332,0.1547575,64.493034,7.985456,65.27321,0.5556421,-0.0013356209,98.35313,3.9568489,0.0,293.9527
2026-06-14 12:39:00-04:00,495.05084,17.290127,67.807076,68.630684,0.15495348,65.60294,8.072732,66.48692,0.55519825,-0.001139164,98.48592,3.8721652,0.0,295.24695
2026-06-14 12:40:00-04:00,512.28284,17.292088,68.79933,69.6347,0.15495348,66.634415,8.119132,67.44223,0.5512017,-0.0013356209,98.66381,3.955307,0.0,296.44318
2026-06-14 12:41:00-04:00,482.89285,17.290127,69.87393,70.68578,0.15495348,67.693344,8.15461,68.5378,0.5535995,-0.001139164,98.50358,4.0196157,0.0,296.7177
2026-06-14 12:42:00-04:00,523.5094,17.284245,70.84265,71.63488,0.1559341,68.65421,8.198264,69.48253,0.55151266,-0.0013356209,98.30809,4.0931334,0.0,296.2863
2026-06-14 12:43:00-04:00,494.83023,17.396019,71.97217,72.88206,0.1555419,69.6347,8.258299,70.58158,0.55093527,-0.0013356209,98.34671,4.123928,0.0,299.54147
2026-06-14 12:44:00-04:00,508.94925,17.619572,73.01148,73.79195,0.15573812,70.77597,8.299238,71.7454,0.5525339,-0.001139164,98.55034,4.070679,0.0,299.6199
2026-06-14 12:45:00-04:00,568.0234,17.758797,74.06648,74.96461,0.15534568,71.74861,8.3483515,72.69665,0.55146825,-0.0013356209,98.43891,4.0857353,0.0,301.2083
2026-06-14 12:46:00-04:00,559.49316,17.919598,75.23914,76.11374,0.1555419,72.89382,8.385203,73.88643,0.5516457,-0.0013356209,98.25856,4.156638,0.0,300.46313
2026-06-14 12:47:00-04:00,576.6026,18.019608,76.38042,77.258934,0.1551497,74.01157,8.435659,74.991196,0.55035806,-0.0009431839,98.39487,4.2272077,0.0,303.24768
2026-06-14 12:48:00-04:00,576.67615,17.90195,77.57269,78.50219,0.1559341,75.160706,8.48209,75.5717,0.5514237,-0.0013356209,98.60665,4.4087133,0.0,307.6011
2026-06-14 12:49:00-04:00,500.59058,17.845081,78.69829,79.55719,0.15495348,76.26276,8.5257435,77.3083,0.5524451,-0.001139164,98.42033,4.508308,0.0,307.09125
2026-06-14 12:50:00-04:00,484.90286,17.78233,79.71407,80.5769,0.1559341,77.33345,8.569398,78.351006,0.5492478,-0.001139164,98.53939,4.425845,0.0,307.405
2026-06-14 12:51:00-04:00,593.2218,17.866653,80.67102,81.60445,0.15711069,78.28648,8.613082,79.30415,0.5519121,-0.001139164,98.28898,4.4659433,0.0,310.01306
2026-06-14 12:52:00-04:00,573.17096,17.847042,81.96918,82.92613,0.1559341,79.44345,8.656735,80.60169,0.5474271,-0.001139164,98.213524,4.514512,0.0,310.38565
2026-06-14 12:53:00-04:00,590.91766,17.78233,83.1536,84.138016,0.15495348,80.60828,8.70042,81.74239,0.54942554,-0.001139164,98.34646,4.5982456,0.0,313.62122
2026-06-14 12:54:00-04:00,604.57086,17.713696,84.45962,85.39696,0.15730691,81.83583,8.746789,83.04369,0.5475605,-0.001139164,98.32002,4.664802,0.0,312.83682
2026-06-14 12:55:00-04:00,610.8705,17.72546,85.667564,86.64805,0.1555419,83.03202,8.80411,84.20488,0.5478269,-0.0013356209,98.359505,4.7165656,0.0,313.71927
2026-06-14 12:56:00-04:00,472.35266,17.745071,86.95004,87.87562,0.15809107,84.279205,8.839589,85.48607,0.54951423,-0.0013356209,98.4884,4.7125854,0.0,314.11148
2026-06-14 12:57:00-04:00,573.8573,17.694084,87.80502,88.628624,0.15711069,85.3146,8.896909,86.50322,0.5463616,-0.0013356209,98.421555,4.7128778,0.0,318.6217
2026-06-14 12:58:00-04:00,614.915,17.896069,88.96984,90.02875,0.15573812,86.25194,8.940594,87.46863,0.54844856,-0.001139164,98.60789,4.827974,0.0,321.07294
2026-06-14 12:59:00-04:00,606.2132,18.149029,90.252304,91.189644,0.15750289,87.56578,8.984279,88.85242,0.54653925,-0.001139164,98.470695,4.931099,0.0,323.44568
2026-06-14 13:00:00-04:00,556.8703,18.421608,91.53478,92.58978,0.15573812,88.73844,9.045687,90.14108,0.54942554,-0.001139164,98.47982,4.980878,0.0,323.01425
2026-06-14 13:01:00-04:00,415.33752,18.511814,92.58586,93.42908,0.15691447,89.90326,9.0907135,91.2442,0.5478269,-0.0013356209,98.392075,4.979379,0.0,325.91653
2026-06-14 13:02:00-04:00,393.84045,18.607895,93.14669,93.91931,0.15769911,90.66019,9.115271,91.916405,0.546628,-0.0007472038,98.556274,4.898466,0.0,325.11252
2026-06-14 13:03:00-04:00,463.60187,18.672607,93.84872,94.637024,0.15769911,91.33476,9.180767,92.65645,0.54818213,-0.0009431839,98.32369,4.853318,0.0,324.9164
2026-06-14 13:04:00-04:00,437.32486,18.760853,94.535065,95.31945,0.15769911,92.01325,9.224452,93.32466,0.54835975,-0.001139164,98.35924,4.9413385,0.0,325.6812
2026-06-14 13:05:00-04:00,409.06244,18.774578,95.2214,95.982254,0.16142488,92.69568,9.285892,94.06498,0.54818213,-0.0009431839,98.15864,5.094328,0.0,327.24994
2026-06-14 13:06:00-04:00,461.64087,18.641232,95.782234,96.56662,0.16299367,93.26827,9.333664,94.665855,0.5524451,-0.001139164,97.86522,5.170636,0.0,330.91693
2026-06-14 13:07:00-04:00,354.7927,18.560837,96.4215,97.15884,0.16750383,93.86048,9.377349,95.340195,0.5562639,-0.0007472038,97.286316,5.132552,0.0,328.1128
2026-06-14 13:08:00-04:00,531.91705,18.63535,96.85292,97.633385,0.17907357,94.335045,9.421002,95.80436,0.55857307,-0.001139164,96.763405,5.0987673,0.0,330.21103
2026-06-14 13:09:00-04:00,383.91306,18.772617,97.84125,98.91586,0.18613291,95.05668,9.478323,96.68358,0.56727654,-0.00015878677,95.38621,5.1329474,0.0,337.19205
2026-06-14 13:10:00-04:00,328.58923,18.770657,98.06088,99.07274,0.19083929,95.55868,9.530214,97.050575,0.57127297,0.0019984245,95.5988,5.1507044,0.0,336.52533
2026-06-14 13:11:00-04:00,322.8289,18.917732,98.24914,99.29236,0.18907452,95.786156,9.582075,97.29057,0.5657667,0.0027825832,94.316284,5.3249345,0.0,334.46634
2026-06-14 13:12:00-04:00,416.39157,18.980484,98.41777,99.47669,0.20888019,95.96657,9.639366,97.4741,0.5849053,0.02043128,95.33347,5.429843,0.0,328.7795
2026-06-14 13:13:00-04:00,409.7978,18.96872,99.13157,100.0846,0.23751044,96.437195,9.683081,97.67739,0.6031115,0.05082655,95.50592,5.483909,0.0,328.44614
2026-06-14 13:14:00-04:00,515.88617,19.029503,99.73555,100.747406,0.2620225,97.02549,9.726766,98.677124,0.63819176,0.074946165,95.34804,5.339425,0.0,331.64252
2026-06-14 13:15:00-04:00,453.23328,19.019703,100.31599,101.86516,0.27476883,97.58632,9.781341,99.227936,0.6511136,0.08573151,95.39067,5.2537274,0.0,331.19147
2026-06-14 13:16:00-04:00,476.7648,19.090294,101.23764,102.44168,0.31575298,98.21384,9.835947,100.04736,0.69107825,0.12965727,94.90455,5.3722258,0.0,326.1714
2026-06-14 13:17:00-04:00,507.06177,19.088333,101.86908,102.97506,0.34634423,99.009995,9.879663,100.77503,0.7143024,0.15828729,94.962906,5.5108075,0.0,327.42642
2026-06-14 13:18:00-04:00,579.76465,19.111866,102.93584,104.100655,0.39438772,99.90027,9.923317,101.64711,0.76576805,0.2057426,95.421165,5.615812,0.0,328.85797
2026-06-14 13:19:00-04:00,567.4596,19.102058,104.05359,105.23802,0.4428239,100.95527,9.987472,102.699005,0.81448066,0.25496316,95.38169,5.553333,0.0,329.07367
2026-06-14 13:20:00-04:00,480.07397,19.198147,105.18311,106.391075,0.491848,102.01026,10.03253,103.79648,0.8633709,0.30457544,95.08617,5.6546493,0.0,331.2111
2026-06-14 13:21:00-04:00,438.30536,19.102058,106.17536,107.26566,0.52891016,103.02997,10.076245,104.816475,0.9005825,0.342422,95.277885,5.3259373,0.0,332.97598
2026-06-14 13:22:00-04:00,504.31647,18.986366,106.96367,108.01475,0.5655801,103.88103,10.1199,105.632965,0.9333979,0.37713146,95.499146,5.5430517,0.0,334.1526
2026-06-14 13:23:00-04:00,553.9289,18.97068,107.99906,109.20702,0.620095,104.78307,10.171791,106.561554,0.9877946,0.4326265,95.66622,4.543054,0.0,336.58414
2026-06-14 13:24:00-04:00,550.49725,19.045189,109.124664,110.35222,0.67421794,105.83807,10.229143,107.77079,1.0439228,0.48655343,95.35809,3.6575925,0.0,335.09384
2026-06-14 13:25:00-04:00,547.041,19.211876,110.250244,111.47781,0.7326546,106.896996,10.272799,108.7538,1.0980527,0.54283285,95.3888,3.228855,0.0,335.7213
2026-06-14 13:26:00-04:00,545.22705,19.415817,111.38369,112.60734,0.7877579,107.99122,10.327466,109.88448,1.154403,0.6004853,95.499626,3.5473084,0.0,336.34885
2026-06-14 13:27:00-04:00,545.2516,19.625637,112.485756,113.70548,0.8459983,109.05406,10.360199,110.953186,1.2123077,0.6591182,95.33229,4.0860147,0.0,339.56485
2026-06-14 13:28:00-04:00,543.4623,19.768791,113.59174,114.83499,0.9071808,110.22279,10.425725,112.06904,1.2702122,0.7203007,95.49279,4.265223,0.0,338.81967
2026-06-14 13:29:00-04:00,539.9815,19.772713,114.6742,115.90568,0.96699023,111.28956,10.485793,113.15121,1.3284717,0.7805023,95.411156,2.2329202,0.0,341.78073
2026-06-14 13:30:00-04:00,538.2657,19.82566,115.74487,116.99598,1.0287604,112.395546,10.534938,114.218155,1.3899732,0.8418803,95.31076,1.1639459,0.0,343.3103
2026-06-14 13:31:00-04:00,538.2412,19.980572,116.84302,118.07844,1.0948453,113.419174,10.582743,115.30248,1.4555596,0.90561223,95.191124,1.0584159,0.0,343.879
2026-06-14 13:32:00-04:00,536.57434,19.911945,117.88626,119.1099,1.1572042,114.46241,10.63869,116.36444,1.5176382,0.9697356,95.35912,1.91111,0.0,342.58472
2026-06-14 13:33:00-04:00,536.5253,19.911945,118.94126,120.176674,1.2203472,115.49388,10.687868,117.3983,1.5830026,1.0346437,95.52822,1.6148989,0.0,344.17313
2026-06-14 13:34:00-04:00,534.834,19.931553,119.945274,121.16108,1.2852554,116.44299,10.73564,118.41403,1.6466354,1.0989633,95.303154,0.7809909,0.0,346.66354
2026-06-14 13:35:00-04:00,536.5008,19.857037,120.96106,122.16116,1.3483982,117.41171,10.783444,119.38754,1.708492,1.1621063,95.524864,0.4761326,0.0,348.89908
2026-06-14 13:36:00-04:00,536.5008,19.8237,121.89056,123.14165,1.4140906,118.36474,10.840796,120.37118,1.7751889,1.2274067,95.685394,0.47601968,0.0,349.93832
2026-06-14 13:37:00-04:00,539.9815,19.843307,122.87104,124.0986,1.4821362,119.36091,10.904983,121.35515,1.8385996,1.2942758,95.45909,0.47553396,0.0,349.01666
2026-06-14 13:38:00-04:00,541.67285,20.072739,123.678955,125.05555,1.525866,120.262955,10.950041,121.998055,1.8685284,1.3380055,95.52618,16.16498,0.0,353.86026
2026-06-14 13:39:00-04:00,545.1536,20.160984,124.51433,126.00466,1.5862637,121.06303,10.999218,122.996765,1.9478809,1.3984032,95.28208,28.299158,0.058943328,352.4876
2026-06-14 13:40:00-04:00,552.164,20.398262,125.18105,126.7106,1.6288166,121.88271,11.059284,123.44067,1.9873571,1.4401715,95.266266,37.376007,2.544237,353.99753
2026-06-14 13:41:00-04:00,488.21194,20.508072,125.54188,127.45578,1.6394062,122.40825,11.104343,123.58015,2.0023663,1.4452701,95.26133,40.89148,11.942671,362.48856
2026-06-14 13:42:00-04:00,475.7599,20.547295,125.69483,127.69894,1.6386213,122.05136,12.829536,123.58015,2.0114248,1.4478195,95.13406,40.951584,13.546344,390.099
2026-06-14 13:43:00-04:00,425.77966,20.547295,123.64758,123.78877,1.4840972,121.886635,12.940186,123.44067,1.7922406,1.2860398,97.66833,7.595442,0.0,389.86368
2026-06-14 13:44:00-04:00,482.37808,20.612007,124.88298,126.416466,1.5962648,121.510124,12.829536,123.59722,1.9764334,1.4099727,95.36295,32.541603,5.514537,387.05945
2026-06-14 13:45:00-04:00,509.61108,20.61789,124.32215,125.23204,1.5386124,121.859184,12.829536,123.64845,1.8852252,1.3482022,94.11548,16.075037,0.0,384.6867
2026-06-14 13:46:00-04:00,369.13223,20.61985,125.1183,126.65179,1.6158743,121.90232,12.851411,123.86763,1.987757,1.4260528,95.29212,35.188522,6.1128206,384.66708
2026-06-14 13:47:00-04:00,529.68646,20.73359,124.9222,125.89092,1.5754786,122.23176,12.895097,124.155136,1.9409982,1.3844802,95.546364,25.874802,4.7107835,386.177
2026-06-14 13:48:00-04:00,471.20056,20.61985,125.43598,127.07535,1.637641,122.29059,12.957972,124.31457,2.008494,1.4482117,95.152336,40.022488,7.2660723,385.19656
2026-06-14 13:49:00-04:00,432.64307,20.73359,125.52227,126.781204,1.6233263,121.67485,13.397946,123.86763,1.9932189,1.4301708,95.38778,36.16757,6.3068132,424.14136
2026-06-14 13:50:00-04:00,469.28867,20.753197,124.129974,122.996544,1.4033055,122.27098,13.407525,124.10956,1.807427,1.2381921,98.4106,8.1157675,0.0,415.7484
2026-06-14 13:51:00-04:00,481.52023,20.649265,124.25156,125.898766,1.5805769,121.01205,13.397946,122.91136,1.9463269,1.388206,95.66233,27.060556,4.9175425,423.2589
2026-06-14 13:52:00-04:00,386.43777,20.649265,124.29078,125.97328,1.5805769,121.67093,13.419821,123.75092,1.9463269,1.388206,96.23449,14.092226,0.0,419.92526
2026-06-14 13:53:00-04:00,448.1347,20.457088,124.57708,125.97328,1.5899897,122.027824,13.441694,123.36667,1.9427743,1.3964419,95.59559,27.763714,4.9357653,420.43512
2026-06-14 13:54:00-04:00,391.83044,20.433556,124.961426,126.03211,1.5801845,122.027824,13.485443,124.112465,1.9487246,1.387814,95.38646,27.120611,5.507826,421.63135
2026-06-14 13:55:00-04:00,481.17703,20.423752,125.13399,126.48314,1.6158743,122.14548,13.529128,124.122406,1.9803412,1.4231114,95.569,34.30298,5.6535983,419.90567
2026-06-14 13:56:00-04:00,529.1717,20.280605,125.5811,127.05574,1.6431317,122.506294,13.559208,124.548035,2.0093822,1.4501729,95.51772,38.873745,7.300031,420.31747
2026-06-14 13:57:00-04:00,548.58527,20.55906,125.71837,127.357735,1.6439161,122.76122,13.598838,124.71885,2.011647,1.4505649,95.25303,40.931614,11.848768,420.00372
2026-06-14 13:58:00-04:00,557.23804,20.83556,125.78112,127.9068,1.6392102,122.91026,13.638498,124.90105,2.0100927,1.4462504,95.342514,42.724316,19.306175,416.45438
2026-06-14 13:59:00-04:00,521.573,20.866928,125.78112,128.01662,1.641367,122.882805,13.682183,124.87685,2.0134676,1.4478195,95.462944,43.170715,19.687267,412.0618
2026-06-14 14:00:00-04:00,492.55066,20.800262,125.7772,127.76953,1.637053,122.89458,13.725901,124.92959,2.0118246,1.4433091,95.57433,42.778778,10.272853,413.7482
2026-06-14 14:01:00-04:00,392.05106,20.90419,125.7772,127.275375,1.6480341,122.50237,13.828437,124.6078,2.0211942,1.4476235,95.93987,40.708298,6.9759955,426.86713
2026-06-14 14:02:00-04:00,415.43558,20.98655,125.73013,127.385185,1.6301894,122.282745,14.275402,124.20922,2.0118246,1.4368377,95.29258,41.06131,12.022533,446.67285
2026-06-14 14:03:00-04:00,453.38034,21.029694,125.05163,124.216255,1.5866556,121.52189,14.207034,124.48257,1.9853588,1.4050705,95.50517,9.755996,0.0,459.88977
2026-06-14 14:04:00-04:00,429.45654,20.984589,125.05163,126.49099,1.5866556,121.596405,14.228909,123.870476,1.9853588,1.4050705,95.79882,34.80759,6.3506656,439.31924
2026-06-14 14:05:00-04:00,337.3646,21.08656,124.20841,125.11438,1.5288076,121.75329,14.250751,123.70826,1.8820279,1.334868,95.053055,14.637963,0.0,444.84918
2026-06-14 14:06:00-04:00,315.4753,21.015965,124.679054,125.7772,1.560575,121.67093,14.279459,123.77369,1.9407318,1.3674197,95.74395,26.016365,4.9862037,437.92694
2026-06-14 14:07:00-04:00,381.75598,21.00224,124.424126,125.33794,1.5446916,121.64739,14.316373,123.68832,1.9086713,1.3523204,95.877464,19.17756,0.0,438.31915
2026-06-14 14:08:00-04:00,523.3623,21.043419,124.80064,126.071335,1.5894012,121.69838,14.360123,123.82495,1.9533428,1.3956578,95.63907,28.12555,5.0329866,439.86832
2026-06-14 14:09:00-04:00,521.89166,21.24736,125.20067,126.502754,1.6160707,122.05528,14.403839,124.25195,1.9812292,1.4221306,95.64861,33.45262,5.6271224,436.59348
2026-06-14 14:10:00-04:00,541.5748,21.345406,125.60071,127.00475,1.6425433,122.40825,14.446244,124.55941,2.0084496,1.4486039,95.48293,40.042408,6.840613,438.20148
2026-06-14 14:11:00-04:00,545.8399,21.592491,125.80464,127.498924,1.6474457,122.72201,14.491366,124.84699,2.0111585,1.4531143,95.47775,41.551228,12.800294,437.0249
2026-06-14 14:12:00-04:00,501.15436,21.743488,125.91053,127.78914,1.6423473,122.88673,14.535084,124.95803,2.022615,1.4489961,95.66269,43.228775,16.533194,437.3975
2026-06-14 14:13:00-04:00,290.91418,21.806232,125.86347,127.695015,1.633523,122.918106,14.570624,124.946655,2.0124462,1.4411521,95.68442,42.095123,15.543421,432.67154
2026-06-14 14:14:00-04:00,329.54523,21.806232,125.68307,126.93024,1.6299934,122.90634,14.608881,124.90535,1.996416,1.4378185,95.653694,38.554367,11.237358,431.02438
2026-06-14 14:15:00-04:00,451.63995,21.851337,125.57718,126.62826,1.6164627,122.83575,14.645795,124.85268,1.9866912,1.4240918,95.665726,36.100243,6.282074,423.12164
2026-06-14 14:16:00-04:00,320.50027,21.8984,125.55364,126.74198,1.6241102,122.72593,14.688201,124.740265,1.994906,1.432132,95.58316,36.013252,6.27817,420.63123
2026-06-14 14:17:00-04:00,535.56934,21.741528,125.68307,126.36156,1.6299934,122.66318,14.73198,124.664764,1.9719043,1.4378185,95.887085,33.062923,5.7243743,418.8075
2026-06-14 14:18:00-04:00,591.94714,21.57288,125.68699,127.23223,1.6421518,122.659256,14.753823,124.71027,2.0168424,1.4497802,95.62102,42.497253,8.659169,421.5921
2026-06-14 14:19:00-04:00,595.3789,21.465027,125.7772,127.38911,1.6403866,122.84359,14.819446,124.96941,2.0084052,1.4484076,95.51489,41.780922,11.737651,418.86633
2026-06-14 14:20:00-04:00,598.8841,21.437572,125.84386,127.74992,1.6441121,122.93379,14.863163,125.02921,2.0142224,1.4523296,95.58482,43.078087,11.737651,417.55252
2026-06-14 14:21:00-04:00,595.4034,21.412079,125.894844,127.87935,1.6464653,122.97694,14.906941,125.049126,2.0232368,1.4544868,95.35793,43.768497,14.241323,414.00314
2026-06-14 14:22:00-04:00,591.9717,21.486595,125.8517,127.997,1.6458769,122.96517,14.953436,125.05338,2.0153327,1.4531143,95.22183,43.370556,18.208712,412.12064
2026-06-14 14:23:00-04:00,519.4159,21.351288,125.80856,127.953865,1.6437197,121.84349,15.147556,124.56085,2.0192847,1.4466431,96.57391,43.235195,18.17719,451.14386
2026-06-14 14:24:00-04:00,399.77237,21.115974,125.675224,126.29096,1.5211596,122.55336,15.541323,124.56085,1.9913538,1.357615,96.506546,29.490267,7.0621195,437.8093
2026-06-14 14:25:00-04:00,345.38,21.094406,124.40059,125.05555,1.5437107,121.05518,15.541323,122.49307,1.8964154,1.3489869,95.599495,17.085236,0.0,441.33902
2026-06-14 14:26:00-04:00,346.87527,21.327755,124.40059,124.91044,1.4776263,121.486595,15.552307,123.879036,1.8894879,1.3099637,98.31091,12.145808,0.0,434.08347
2026-06-14 14:27:00-04:00,319.02954,21.327755,123.60444,124.333916,1.5001774,120.972824,15.585133,122.9199,1.8531647,1.3072181,95.734085,9.448803,0.0,436.37778
2026-06-14 14:28:00-04:00,312.14163,21.42973,123.75348,124.37706,1.4782147,120.94537,15.6069765,123.14757,1.8625784,1.3072181,96.41,9.59759,0.0,431.3185
2026-06-14 14:29:00-04:00,358.02826,21.439533,123.451485,124.37706,1.4778225,120.717896,15.656217,123.14757,1.8625784,1.3072181,95.84302,9.445449,0.0,432.61273
2026-06-14 14:30:00-04:00,372.4414,21.43169,123.66327,124.41236,1.4952748,120.70613,15.694505,122.936935,1.8672851,1.3076103,95.99642,9.709912,0.0,431.67145
2026-06-14 14:31:00-04:00,437.74158,21.67485,123.65935,124.33784,1.4948826,120.8081,15.732792,123.01096,1.8591146,1.3076103,96.07351,9.718873,0.0,431.593
2026-06-14 14:32:00-04:00,470.78387,21.976841,123.882904,124.84377,1.5191984,120.913994,15.77654,123.11196,1.8846923,1.3246708,95.887794,13.924715,0.0,436.88763
2026-06-14 14:33:00-04:00,518.5089,22.033707,124.20057,125.275185,1.5403771,121.14147,15.812081,123.360985,1.9030758,1.3454566,95.81337,18.001251,0.0,436.8484
2026-06-14 14:34:00-04:00,570.9893,22.153328,124.565315,125.78112,1.5725374,121.4709,15.847654,123.57449,1.9298968,1.3789895,95.804245,24.673672,0.0,437.14255
2026-06-14 14:35:00-04:00,574.51904,22.304317,124.96535,126.19292,1.5960684,121.863106,15.891402,124.0128,1.9610693,1.4027171,95.59616,29.819307,5.178919,435.20123
2026-06-14 14:36:00-04:00,565.81726,22.298435,125.26342,126.54982,1.6170511,122.2043,15.935183,124.298904,1.9808297,1.42468,95.47565,34.418465,5.714189,435.39734
2026-06-14 14:37:00-04:00,558.8313,22.506302,125.53796,126.832184,1.6313658,122.510216,15.978961,124.59924,1.9992578,1.4382107,95.72847,37.52888,6.26513,432.75
2026-06-14 14:38:00-04:00,547.0165,22.71024,125.75366,127.14202,1.6460733,122.72201,16.022741,124.791435,2.0128458,1.4513493,95.397484,41.478073,8.494601,433.65204
2026-06-14 14:39:00-04:00,551.8699,22.774952,125.85562,127.32243,1.6497989,122.882805,16.066458,124.92815,2.017464,1.4562519,95.51035,41.64137,8.851264,432.397
2026-06-14 14:40:00-04:00,543.1681,23.12989,125.887,127.530304,1.6513681,123.00831,16.110207,124.96941,2.017686,1.4580166,95.801636,42.60016,9.992211,430.47528
2026-06-14 14:41:00-04:00,536.2312,23.322063,125.894844,127.530304,1.6517601,123.03575,16.152615,125.03919,2.01853,1.4586048,95.37076,42.679443,12.804212,427.47498
2026-06-14 14:42:00-04:00,513.63104,23.076942,125.894844,127.61266,1.6429358,123.02792,16.184069,125.049126,2.0131125,1.4499767,95.38045,42.7984,12.820538,427.47498
2026-06-14 14:43:00-04:00,511.30234,22.64161,125.78504,127.54991,1.6382294,122.941635,16.236053,124.96941,2.0060515,1.4450741,95.687004,42.696922,12.774328,424.6316
2026-06-14 14:44:00-04:00,510.17487,22.394524,125.86347,127.38911,1.641367,122.918106,16.274342,125.03635,2.012935,1.4503689,95.69206,41.836613,10.493198,417.61136
2026-06-14 14:45:00-04:00,506.8657,22.392563,125.86347,127.38126,1.6437197,122.882805,16.326328,124.992165,2.0108032,1.4515452,95.64848,41.893864,10.484375,417.2976
2026-06-14 14:46:00-04:00,498.0659,22.316086,125.85954,127.43617,1.6478381,122.83182,16.372822,125.03206,2.0134227,1.4558594,95.5383,41.96779,10.497941,416.59164
2026-06-14 14:47:00-04:00,489.266,22.253334,125.887,127.42833,1.6470537,122.90634,16.400188,125.063385,2.0156434,1.4552712,95.49447,41.892048,10.540377,411.98337
2026-06-14 14:48:00-04:00,482.35358,22.374916,125.88308,127.43617,1.6474457,122.914185,16.43985,125.07761,2.0159543,1.45684,95.36135,41.92639,10.524091,410.31653
2026-06-14 14:49:00-04:00,475.41672,22.374916,125.91837,127.47147,1.6499949,122.9534,16.493177,125.08899,2.0194178,1.459193,95.65115,42.002697,10.526819,406.27695
2026-06-14 14:50:00-04:00,463.18515,22.465122,125.930145,127.498924,1.6570549,122.71809,17.106033,124.50811,2.0268335,1.4605656,96.361496,41.955048,10.511433,431.593
2026-06-14 14:51:00-04:00,439.9967,22.686714,125.94191,127.440094,1.6405826,122.55728,17.177147,124.50811,2.0205724,1.4484076,95.545494,41.910984,10.494219,446.75128
2026-06-14 14:52:00-04:00,425.01978,22.792599,123.81231,124.537865,1.5307684,121.86703,17.078634,123.32116,1.9766113,1.3342795,96.02202,11.816134,0.0,440.12326
2026-06-14 14:53:00-04:00,357.41547,22.739655,125.067314,126.37725,1.5817537,121.831726,17.073204,124.02563,1.9766113,1.4003639,95.58096,34.397114,6.1142387,436.90723
2026-06-14 14:54:00-04:00,329.56973,22.727886,124.216255,125.08693,1.5272388,121.831726,17.096422,124.31457,1.9251897,1.3338871,95.62271,15.733113,0.0,443.65298
2026-06-14 14:55:00-04:00,279.2219,22.694557,124.66337,125.734055,1.5574374,121.74152,17.119698,123.785065,1.9339823,1.3664393,95.64481,24.356789,4.817472,434.88748
2026-06-14 14:56:00-04:00,317.26465,22.655338,124.329994,125.13399,1.5274348,121.69446,17.160734,123.706825,1.8930404,1.334868,95.89482,17.386068,0.0,435.20123
2026-06-14 14:57:00-04:00,351.9983,22.476887,124.45942,125.48305,1.5499859,121.6121,17.204512,123.62001,1.9187511,1.3572228,95.71025,21.57577,0.0,432.63232
2026-06-14 14:58:00-04:00,242.40475,22.294514,124.41236,125.275185,1.5331216,121.68269,17.23188,123.71394,1.9042748,1.3427117,95.81161,21.477537,0.0,432.45584
2026-06-14 14:59:00-04:00,334.6437,22.11607,124.40451,125.25165,1.534102,121.60033,17.270199,123.565926,1.8994348,1.3425155,95.687836,16.698692,0.0,432.3578
2026-06-14 15:00:00-04:00,360.6266,22.01802,124.39667,125.31832,1.5358667,121.627785,17.30574,123.65843,1.9055182,1.353889,95.717766,19.036398,0.0,431.35773
2026-06-14 15:01:00-04:00,322.43668,21.994488,124.40451,125.43206,1.5482211,121.68269,17.335852,123.60863,1.9116018,1.353889,96.01503,20.61779,0.0,428.63196
2026-06-14 15:02:00-04:00,349.93933,22.078812,124.47119,125.43598,1.5450835,121.76505,17.379633,123.7367,1.9116018,1.3540852,95.6654,20.394192,0.0,430.37726
2026-06-14 15:03:00-04:00,360.7001,22.096458,124.530014,125.57718,1.5580258,121.79643,17.423412,123.74239,1.9231914,1.3642821,95.67645,22.884575,0.0,427.67108
2026-06-14 15:04:00-04:00,378.00565,22.194511,124.63199,125.66346,1.560379,121.87095,17.467161,123.864784,1.9271438,1.3689885,95.73104,22.89886,0.0,427.02396
2026-06-14 15:05:00-04:00,383.27576,22.408253,124.765335,125.84778,1.571949,121.95331,17.509598,123.94734,1.9401544,1.3803623,95.47783,25.358145,0.0,425.78857
2026-06-14 15:06:00-04:00,379.79498,22.622002,124.87906,125.953674,1.5795965,122.07097,17.554752,124.07258,1.9446392,1.3866374,95.478455,26.41383,4.728167,425.10223
2026-06-14 15:07:00-04:00,385.01605,22.782795,124.957504,126.047806,1.5844989,122.2043,17.584864,124.16086,1.9503231,1.3907552,95.77273,28.203205,4.9293165,422.8471
2026-06-14 15:08:00-04:00,381.53537,22.708279,125.0281,126.1184,1.5880289,122.29451,17.62724,124.21779,1.9560512,1.3968341,95.662926,28.361826,4.9229994,423.61188
2026-06-14 15:09:00-04:00,379.79498,22.635727,125.09085,126.185074,1.5915585,122.36118,17.664217,124.286125,1.958316,1.4003639,95.79345,30.075874,5.13559,422.23926
2026-06-14 15:10:00-04:00,371.09323,22.796524,125.184975,126.37725,1.6035204,122.459236,17.710745,124.36868,1.9714156,1.4127183,95.37799,31.431984,5.3354826,422.08237
2026-06-14 15:11:00-04:00,369.35284,22.965168,125.30656,126.42824,1.6072459,122.57297,17.751808,124.49533,1.9774106,1.4168363,95.74228,32.602264,5.363436,420.141
2026-06-14 15:12:00-04:00,372.83362,23.022038,125.36931,126.52236,1.6127367,122.655334,17.795559,124.55941,1.981185,1.4213462,95.47302,34.940174,5.7785335,416.96423
2026-06-14 15:13:00-04:00,371.06873,23.041645,125.40069,126.561584,1.6143055,122.72985,17.837965,124.61919,1.9820287,1.4238956,95.59247,34.774982,5.805465,416.5328
2026-06-14 15:14:00-04:00,367.637,23.037724,125.42422,126.565506,1.6131291,122.796524,17.86945,124.6733,1.9826504,1.4233074,95.609116,34.59146,5.815466,415.02286
2026-06-14 15:15:00-04:00,367.61246,23.082829,125.41245,126.57335,1.6152864,122.72985,17.911888,124.6733,1.9834939,1.4236996,95.28249,34.61683,5.8216143,412.9835
2026-06-14 15:16:00-04:00,365.89667,22.937714,125.416374,126.55374,1.6119528,122.741615,17.948833,124.6733,1.9820287,1.4213462,95.75521,34.74274,5.808774,411.6892
2026-06-14 15:17:00-04:00,362.3914,22.851429,125.420296,126.56943,1.6141095,122.69455,18.00085,124.6733,1.9810961,1.4238956,95.4696,34.908848,5.8351192,408.9046
2026-06-14 15:18:00-04:00,358.9107,23.039684,125.416374,126.58511,1.6152864,122.706314,18.036394,124.674706,1.982828,1.4236996,95.75694,34.640987,5.830955,407.31625
2026-06-14 15:19:00-04:00,355.43002,23.204403,125.451675,126.589035,1.6150904,122.72201,18.080204,124.678986,1.9845153,1.4242878,95.358986,34.5186,5.8398466,407.45355
2026-06-14 15:20:00-04:00,348.49307,23.220093,125.42814,126.565506,1.6143055,122.714165,18.123985,124.678986,1.9845153,1.4235034,95.49949,34.636864,5.8364325,406.92407
2026-06-14 15:21:00-04:00,345.03683,23.159302,125.40461,126.51452,1.6095991,122.69063,18.163677,124.656204,1.981496,1.4195817,95.39132,34.80298,5.8321385,404.061
2026-06-14 15:22:00-04:00,336.31058,23.110283,125.33009,126.43216,1.6039124,122.64357,18.195162,124.60496,1.9748348,1.4144828,95.73254,34.7618,5.824986,404.8258
2026-06-14 15:23:00-04:00,323.73584,23.174988,125.25165,126.353714,1.5984216,122.53375,18.240316,124.53665,1.9679965,1.4082081,95.33547,34.831783,5.7980223,401.4922
2026-06-14 15:24:00-04:00,298.14523,23.435799,125.161446,126.22037,1.5911665,122.46316,18.277231,124.47685,1.9596038,1.4015408,95.61167,30.721188,5.144712,399.88416
2026-06-14 15:25:00-04:00,285.9137,23.569149,125.075165,126.071335,1.583518,122.400406,18.321072,124.39998,1.9514334,1.3933043,95.555084,30.718296,5.134321,398.6684
2026-06-14 15:26:00-04:00,242.47829,23.580914,124.94181,125.894844,1.5701838,122.31412,18.356646,124.286125,1.941087,1.3815389,95.63448,27.630219,4.784038,395.82498
2026-06-14 15:27:00-04:00,240.78693,23.416191,124.77318,125.636,1.5556726,122.18077,18.386698,124.13806,1.9268771,1.3672237,95.540665,25.000746,0.0,394.3739
2026-06-14 15:28:00-04:00,247.6013,23.222054,124.57708,125.43206,1.5437107,121.98469,18.43054,123.94734,1.9150655,1.3544774,95.69511,22.582333,0.0,394.06012
2026-06-14 15:29:00-04:00,254.63626,23.18087,124.3849,125.25165,1.5311604,121.827805,18.47432,123.770874,1.9014773,1.3413391,95.484505,17.739344,0.0,391.98148
2026-06-14 15:30:00-04:00,254.68529,23.265194,124.220184,125.09477,1.5190024,121.63955,18.515354,123.62857,1.8904204,1.3303573,95.68755,15.704877,0.0,390.6088
2026-06-14 15:31:00-04:00,266.74524,23.092632,124.05154,124.88298,1.5123353,121.510124,18.540037,123.48481,1.876655,1.3242784,95.84667,13.853062,0.0,385.7652
2026-06-14 15:32:00-04:00,272.03986,23.133812,124.071144,124.824165,1.5119429,121.43561,18.583815,123.45495,1.876655,1.3246708,95.366394,16.11252,0.0,387.96152
2026-06-14 15:33:00-04:00,268.5591,23.1946,123.89467,124.74573,1.5005693,121.368935,18.627598,123.30694,1.8676848,1.3115323,95.54833,13.7429,0.0,387.58893
2026-06-14 15:34:00-04:00,266.8188,23.14558,123.81231,124.69866,1.493314,121.25912,18.627598,123.21584,1.8634665,1.3129051,95.58927,13.710314,0.0,385.7652
2026-06-14 15:35:00-04:00,266.74524,22.996544,123.78877,124.533936,1.4988048,121.21205,18.693281,123.19593,1.8668857,1.3129051,95.78611,10.551165,0.0,380.17648
2026-06-14 15:36:00-04:00,292.8261,22.900455,123.80838,124.55355,1.4942944,121.21597,18.737093,123.16892,1.8606247,1.3074143,96.00978,10.493208,0.0,379.92157
2026-06-14 15:37:00-04:00,298.5129,22.949478,123.80446,124.537865,1.503511,121.21597,18.775414,123.16182,1.872214,1.3185916,95.96902,10.404787,0.0,380.0196
2026-06-14 15:38:00-04:00,275.44702,23.116165,123.82015,124.55355,1.4911568,121.31795,18.808271,123.234375,1.8669745,1.3048649,95.78066,13.694217,0.0,383.0787
2026-06-14 15:39:00-04:00,306.7735,23.363243,123.80838,124.596695,1.5015497,121.282646,18.84659,123.14188,1.8741238,1.315454,95.532135,13.426632,0.0,384.17685
2026-06-14 15:40:00-04:00,280.69263,23.563263,123.792694,124.651596,1.4964516,121.32187,18.876734,123.16182,1.8618237,1.3091788,95.73009,11.110435,0.0,379.6078
2026-06-14 15:41:00-04:00,259.83282,23.735825,123.80446,124.51825,1.4972358,121.32187,18.912308,123.17601,1.8701272,1.3127091,96.12636,10.407972,0.0,378.6077
2026-06-14 15:42:00-04:00,280.6681,23.688763,123.75348,124.46726,1.4988048,121.29834,18.956087,123.133316,1.8662198,1.3117282,95.7392,10.410473,0.0,377.8821
2026-06-14 15:43:00-04:00,282.53104,23.688763,123.77309,124.54571,1.4950786,121.31795,18.977993,123.19308,1.8710155,1.3085907,95.69216,13.631122,0.0,377.54877
2026-06-14 15:44:00-04:00,292.8261,23.814266,123.76524,124.51041,1.5011578,121.29442,19.021805,123.12478,1.8649764,1.3144736,95.619736,10.450372,0.0,379.68625
2026-06-14 15:45:00-04:00,275.47156,23.951534,123.77309,124.533936,1.4937062,121.36501,19.06287,123.17033,1.8703936,1.3089828,95.55308,10.540653,0.0,378.35275
2026-06-14 15:46:00-04:00,256.3521,23.89859,123.769165,124.482956,1.4982162,121.30226,19.08749,123.12052,1.8657755,1.3132973,95.95872,10.383982,0.0,378.039
2026-06-14 15:47:00-04:00,214.70607,23.89859,123.72602,124.31823,1.4866467,121.314026,19.12581,123.14472,1.8579601,1.3017273,95.89612,10.47423,0.0,375.80353
2026-06-14 15:48:00-04:00,205.97975,24.010365,123.60444,124.224106,1.4789989,121.21205,19.153208,123.00386,1.8478359,1.2936873,95.75508,11.01418,0.0,375.529
2026-06-14 15:49:00-04:00,240.78693,24.077034,123.45933,124.12213,1.4699783,121.12578,19.194275,122.91136,1.8430401,1.2864318,95.934944,10.496807,0.0,374.9995
2026-06-14 15:50:00-04:00,235.49232,23.953495,123.420105,124.0986,1.4723315,121.04342,19.221672,122.82884,1.8393987,1.2852554,95.883156,10.513117,0.0,374.70538
2026-06-14 15:51:00-04:00,197.9398,23.676994,123.34559,123.95348,1.4576244,120.96498,19.262737,122.77476,1.8313171,1.2744701,95.581474,0.4765881,0.0,374.41122
2026-06-14 15:52:00-04:00,157.49484,23.510319,123.14165,123.7221,1.4415443,120.81202,19.302399,122.62399,1.8141321,1.2585862,95.62677,0.47811997,0.0,373.8033
2026-06-14 15:53:00-04:00,155.58292,23.49855,122.87104,123.38089,1.4160519,120.5218,19.328453,122.40061,1.7927734,1.2360349,96.08559,0.47879013,0.0,371.8816
2026-06-14 15:54:00-04:00,178.23209,23.526005,122.569046,123.08674,1.3958538,120.24335,19.365402,122.118935,1.7717252,1.2162292,96.149086,0.4781152,0.0,371.05798
2026-06-14 15:55:00-04:00,159.06364,23.475021,122.223915,122.67886,1.3684001,119.945274,19.39414,121.83303,1.7433944,1.189364,95.85429,0.4780184,0.0,370.43048
2026-06-14 15:56:00-04:00,143.44942,23.420113,121.79251,122.24352,1.3417313,119.54916,19.437952,121.400665,1.7155081,1.1599495,96.06445,0.47739694,0.0,369.66568
2026-06-14 15:57:00-04:00,157.34776,23.361282,121.41207,121.855255,1.3142776,119.19619,19.481764,121.04228,1.6854901,1.133084,95.91536,0.4772971,0.0,368.7636
2026-06-14 15:58:00-04:00,171.73637,23.247543,121.000275,121.43953,1.2887852,118.82752,19.50367,120.684006,1.6663513,1.1077876,96.04258,0.47584546,0.0,367.9008
2026-06-14 15:59:00-04:00,185.1445,23.092632,120.61984,121.059105,1.2627041,118.45101,19.525576,120.308624,1.637799,1.0820992,95.832634,0.4751745,0.0,367.05762
2026-06-14 16:00:00-04:00,190.36557,22.920067,120.239426,120.659065,1.2364273,118.05882,19.552973,119.91625,1.6124878,1.0568027,95.64499,0.476182,0.0,365.48883
2026-06-14 16:01:00-04:00,202.6216,22.865158,119.87076,120.310005,1.1938744,117.470535,19.613167,119.22263,1.5644858,1.0016994,0.0,0.451086,0.0,364.56717
2026-06-14 16:02:00-04:00,209.53401,22.92987,119.54916,120.16491,1.1938744,116.52143,19.640596,118.91569,1.5644858,1.018956,96.63092,0.4772149,0.0,366.84192
2026-06-14 16:03:00-04:00,192.52263,23.01027,119.184425,119.52955,1.1532822,116.85871,19.678915,118.901474,1.5360663,0.9832661,97.29736,0.47738263,0.0,360.25302
2026-06-14 16:04:00-04:00,178.25659,23.131851,118.72947,119.22364,1.1458306,116.533195,19.700823,118.370056,1.5209243,0.96718645,96.402336,0.47747016,0.0,360.155
2026-06-14 16:05:00-04:00,162.56883,23.3554,118.39612,118.807915,1.1156316,116.26258,19.744602,118.1257,1.4939703,0.9409096,96.518776,0.47680917,0.0,359.46863
2026-06-14 16:06:00-04:00,162.56883,23.565224,117.99607,118.462776,1.0975907,115.87038,19.782984,117.70944,1.472345,0.9211037,95.989845,0.47647005,0.0,359.74316
2026-06-14 16:07:00-04:00,159.08815,23.590717,117.65486,118.10197,1.0736668,115.619385,19.81035,117.38696,1.450675,0.89894485,96.604324,0.4760345,0.0,358.2136
2026-06-14 16:08:00-04:00,159.11266,23.649544,117.28228,117.748985,1.0526843,115.23503,19.840464,116.99921,1.429183,0.8771782,96.168724,0.47654843,0.0,358.91956
2026-06-14 16:09:00-04:00,160.80399,23.620129,116.94107,117.36465,1.0307217,114.91343,19.876038,116.66832,1.4128418,0.8548229,96.38289,0.47579917,0.0,357.743
2026-06-14 16:10:00-04:00,181.66379,23.590717,116.54888,116.99206,1.0115044,114.58007,19.91988,116.266426,1.3892181,0.8342328,96.41588,0.47618407,0.0,355.07608
2026-06-14 16:11:00-04:00,166.14761,23.62405,116.31749,116.79204,0.7801101,113.52899,19.941786,115.0725,1.0602639,0.7791295,0.0,0.45050815,0.0,377.56836
2026-06-14 16:12:00-04:00,166.14761,23.747593,116.02726,116.65869,0.7877579,112.31319,19.97327,115.0725,1.049873,0.7789333,0.0,0.4507287,0.0,408.53207
2026-06-14 16:13:00-04:00,166.14761,23.72406,115.721344,116.14492,0.77363896,111.093475,20.007534,114.40976,1.049873,0.7606964,0.0,0.4505941,0.0,408.51248
2026-06-14 16:14:00-04:00,174.80038,23.747593,115.41544,115.79194,0.7677562,109.99141,20.040361,113.94855,1.0370842,0.75579405,0.0,0.4505004,0.0,408.51248
2026-06-14 16:15:00-04:00,167.86348,23.798576,115.08208,115.50957,0.75442123,109.2933,20.073221,113.52006,1.0370842,0.7430477,0.0,0.4504108,0.0,408.51248
2026-06-14 16:16:00-04:00,173.06004,23.957417,114.8193,115.2115,0.7444205,108.39125,20.095127,113.04339,1.0261606,0.7314782,0.0,0.45035094,0.0,408.51248
2026-06-14 16:17:00-04:00,140.06674,23.992718,114.52124,114.97618,0.7285366,107.86964,20.133446,112.62638,1.0128391,0.71873164,0.0,0.45032895,0.0,408.47327
2026-06-14 16:18:00-04:00,140.04224,24.084877,114.28984,114.72518,0.7140255,106.661674,20.160843,112.15553,1.0008495,0.7048087,0.0,0.45040342,0.0,408.51248
2026-06-14 16:19:00-04:00,140.06674,24.086838,114.015305,114.482025,0.70461273,106.391075,20.184153,111.73869,0.9901923,0.6938276,0.0,0.45020738,0.0,408.51248
2026-06-14 16:20:00-04:00,140.06674,24.124096,113.795685,114.250626,0.694808,105.89298,20.22656,111.27927,0.97722584,0.68088484,0.0,0.45001698,0.0,408.53207
2026-06-14 16:21:00-04:00,131.36494,24.135864,113.57998,114.02315,0.68284607,104.75954,20.24853,110.808624,0.966391,0.6708844,0.0,0.45016104,0.0,408.51248
2026-06-14 16:22:00-04:00,112.24553,24.012325,113.33289,113.77608,0.67304134,104.43403,20.270405,110.4287,0.95457923,0.6587262,0.0,0.45039326,0.0,408.5517
2026-06-14 16:23:00-04:00,103.54374,23.906433,113.105415,113.5839,0.6595104,103.786896,20.308723,109.91568,0.94334465,0.6465683,0.0,0.4503546,0.0,408.49286
2026-06-14 16:24:00-04:00,117.49111,23.82407,112.89756,113.36819,0.65088224,103.00251,20.336123,109.463646,0.9304229,0.6351943,0.0,0.45046955,0.0,408.49286
2026-06-14 16:25:00-04:00,112.221016,23.639736,112.66225,113.1564,0.631665,102.50051,20.336123,109.076836,0.9197211,0.62205625,0.0,0.45044652,0.0,408.49286
2026-06-14 16:26:00-04:00,112.221016,23.62209,112.426926,112.90933,0.62558603,101.633766,20.384083,108.648964,0.90901935,0.61068225,0.0,0.450285,0.0,408.47327
2026-06-14 16:27:00-04:00,122.71218,23.633854,112.21513,112.6897,0.61401606,100.96704,20.40187,108.224045,0.89822894,0.60107374,0.0,0.45021668,0.0,408.49286
2026-06-14 16:28:00-04:00,131.38947,23.61425,112.03081,112.4936,0.60028934,100.51993,20.441534,107.802,0.88637286,0.5883274,0.0,0.4501713,0.0,408.49286
2026-06-14 16:29:00-04:00,124.403534,23.559341,111.77981,112.27004,0.5897002,99.68456,20.453922,107.40831,0.8753603,0.57714987,0.0,0.45053813,0.0,408.49286
2026-06-14 16:30:00-04:00,131.36494,23.584835,111.5641,112.04649,0.5804837,99.08059,20.488153,106.99199,0.86417013,0.5667567,0.0,0.45039186,0.0,408.51248
2026-06-14 16:31:00-04:00,131.36494,23.62209,111.364075,111.830795,0.5695021,98.14716,20.5114,106.57008,0.8530245,0.5542066,0.0,0.4501831,0.0,408.51248
2026-06-14 16:32:00-04:00,122.76121,23.486786,111.0974,111.599396,0.556952,97.87655,20.533339,106.15388,0.8423672,0.5440097,0.0,0.4503959,0.0,408.53207
2026-06-14 16:33:00-04:00,111.48564,23.214207,110.91306,111.399376,0.54636264,97.41376,20.555212,105.72073,0.83131015,0.53224397,0.0,0.45064142,0.0,408.51248
2026-06-14 16:34:00-04:00,112.27004,23.02792,110.658134,111.14445,0.53440094,97.00196,20.577118,105.3245,0.8195872,0.5202818,0.0,0.45058528,0.0,408.53207
2026-06-14 16:35:00-04:00,112.294556,22.900455,110.43066,110.893456,0.5234194,96.73918,20.599085,104.91551,0.80795294,0.5094967,0.0,0.4501522,0.0,408.51248
2026-06-14 16:36:00-04:00,112.27004,22.820053,110.191414,110.67774,0.51224184,95.81753,20.62096,104.75282,0.8038677,0.49929953,0.0,0.45050168,0.0,477.71497
2026-06-14 16:37:00-04:00,94.939995,22.804367,109.979645,110.46988,0.5010643,95.56652,20.642866,104.06382,0.7858837,0.487926,0.0,0.45010817,0.0,538.0147
2026-06-14 16:38:00-04:00,103.49471,22.688675,109.73648,110.21887,0.491848,95.017456,20.664804,103.693214,0.7754484,0.47753286,0.0,0.45030987,0.0,522.79767
2026-06-14 16:39:00-04:00,103.59276,22.572975,109.516846,110.003174,0.47949362,94.46055,20.68668,103.324066,0.7648356,0.4665513,0.0,0.45072743,0.0,542.4269
2026-06-14 16:40:00-04:00,112.27004,22.439629,109.2776,109.78746,0.46870852,93.83303,20.708616,102.87012,0.7522689,0.45556974,0.0,0.45049682,0.0,532.13184
2026-06-14 16:41:00-04:00,112.27004,22.225883,109.065834,109.548225,0.45458937,93.162384,20.730553,102.510925,0.7424996,0.44419646,0.0,0.4508154,0.0,532.7985
2026-06-14 16:42:00-04:00,112.294556,22.084694,108.86973,109.348206,0.44792223,92.58194,20.752428,102.10517,0.7318424,0.43419528,0.0,0.4509618,0.0,534.7595
2026-06-14 16:43:00-04:00,94.939995,21.992527,108.62265,109.10897,0.4355681,92.20151,20.772991,101.72628,0.720519,0.42242956,0.0,0.45069507,0.0,525.5234
2026-06-14 16:44:00-04:00,101.87693,21.951347,108.37164,108.85012,0.4204688,92.08777,20.79078,101.375725,0.70946217,0.41085982,0.0,0.45080876,0.0,538.1324
2026-06-14 16:45:00-04:00,101.85242,21.921932,108.038284,108.52852,0.4136052,91.55439,20.79624,100.97434,0.69800556,0.39929032,0.0,0.45078668,0.0,541.95624
2026-06-14 16:46:00-04:00,103.59276,21.876827,107.865715,108.35987,0.39772153,91.29162,20.818176,100.57438,0.6882365,0.38830876,0.0,0.451377,0.0,532.56323
2026-06-14 16:47:00-04:00,103.61727,21.768982,107.665695,108.17555,0.39438772,90.907265,20.840084,100.18438,0.6795774,0.37928843,0.0,0.45113426,0.0,529.6806
2026-06-14 16:48:00-04:00,94.939995,21.682697,107.47352,107.97161,0.38066077,90.17779,20.859274,99.7987,0.66967505,0.3696797,0.0,0.45097962,0.0,530.58264
2026-06-14 16:49:00-04:00,86.213684,21.537582,107.23036,107.724525,0.36830688,89.27574,20.88118,99.413025,0.6613268,0.3594823,0.0,0.4512261,0.0,526.1705
2026-06-14 16:50:00-04:00,80.9681,21.349327,106.95975,107.44214,0.3604629,89.50714,20.883926,99.05284,0.6477389,0.34791303,0.0,0.45120013,0.0,543.50543
2026-06-14 16:51:00-04:00,77.48738,21.251286,106.68913,107.20683,0.34908938,89.1973,20.905832,98.6065,0.63548285,0.33712745,0.0,0.45129144,0.0,531.9357
2026-06-14 16:52:00-04:00,77.48738,21.143429,106.449905,106.96759,0.33908844,88.73452,20.927738,98.281715,0.6274456,0.32653856,0.0,0.45134902,0.0,532.4652
2026-06-14 16:53:00-04:00,70.599464,21.055183,106.22243,106.755806,0.32575393,88.150154,20.927738,97.88637,0.61594474,0.31594896,0.0,0.45119742,0.0,537.0343
2026-06-14 16:54:00-04:00,68.85912,20.978706,106.03417,106.52833,0.32104754,87.82855,20.93869,97.5207,0.6059977,0.30653644,0.0,0.4513741,0.0,528.81775
2026-06-14 16:55:00-04:00,61.039776,20.915955,105.82631,106.359695,0.31163478,87.122604,20.960629,97.08728,0.5964951,0.2975161,0.0,0.45129067,0.0,526.8568
2026-06-14 16:56:00-04:00,60.108303,20.864967,105.65766,106.14791,0.30202627,86.24802,20.971548,96.75983,0.5878805,0.28849554,0.0,0.45148703,0.0,523.4055
2026-06-14 16:57:00-04:00,58.36796,20.788494,105.422356,105.928276,0.2926135,85.94602,20.974327,96.37586,0.5788662,0.27829862,0.0,0.45122063,0.0,523.2879
2026-06-14 16:58:00-04:00,51.455536,20.73751,105.1988,105.68903,0.28378916,85.52637,20.993486,95.99769,0.5694079,0.27006245,0.0,0.45147875,0.0,523.0918
2026-06-14 16:59:00-04:00,51.455536,20.664951,104.94779,105.45373,0.27261162,85.244,21.012678,95.60826,0.5597718,0.25947332,0.0,0.45105517,0.0,527.3471
2026-06-14 17:00:00-04:00,51.455536,20.531605,104.649734,105.16743,0.2633953,84.82827,21.015392,95.264015,0.55062443,0.24947214,0.0,0.45090303,0.0,523.6604
2026-06-14 17:01:00-04:00,51.431023,20.343357,104.49286,104.97525,0.25457072,84.02428,21.015392,95.03827,0.5442745,0.23927546,0.0,0.4508792,0.0,530.2297
2026-06-14 17:02:00-04:00,49.764217,20.213932,104.24185,104.74385,0.24221683,84.03212,21.03733,94.524796,0.5311306,0.2304511,0.0,0.45100427,0.0,526.26855
2026-06-14 17:03:00-04:00,46.234467,20.07666,104.05359,104.54384,0.23005867,83.25558,21.038673,94.14682,0.52127266,0.22103834,0.0,0.45095584,0.0,527.8765
2026-06-14 17:04:00-04:00,44.4451,19.99234,103.83396,104.35166,0.22692108,82.98104,21.059237,93.72937,0.51301324,0.21241021,0.0,0.45079756,0.0,523.8369
2026-06-14 17:05:00-04:00,41.03791,19.90606,103.66533,104.159485,0.21868539,82.1692,21.059237,93.4248,0.50537544,0.20456624,0.0,0.45083714,0.0,523.01337
2026-06-14 17:06:00-04:00,41.03791,19.835464,103.35941,103.841805,0.20789981,81.74955,21.066069,93.07233,0.49516228,0.19476151,0.0,0.4507268,0.0,520.01306
2026-06-14 17:07:00-04:00,41.03791,19.768791,103.14763,103.653564,0.19750643,81.729935,21.081142,92.722694,0.48668084,0.18554473,0.0,0.4506594,0.0,520.2876
2026-06-14 17:08:00-04:00,41.03791,19.692314,102.93584,103.43001,0.18966293,81.682884,21.081142,92.37734,0.47660086,0.17554379,0.0,0.45044032,0.0,531.58276
2026-06-14 17:09:00-04:00,41.013397,19.633484,102.653465,103.131935,0.18123055,81.03184,21.086634,92.02637,0.46825263,0.16730785,0.0,0.45083153,0.0,509.07086
2026-06-14 17:10:00-04:00,39.32204,19.586418,102.4456,102.963295,0.17162204,81.16126,21.09484,91.724724,0.46070364,0.15809107,0.0,0.4505224,0.0,534.9752
2026-06-14 17:11:00-04:00,32.36063,19.496212,102.18283,102.70053,0.16220927,80.90241,21.103046,91.32735,0.45049047,0.14769816,0.0,0.45029944,0.0,541.8974
2026-06-14 17:12:00-04:00,32.36063,19.415817,102.018105,102.52012,0.15201211,80.46708,21.103046,91.008896,0.44258627,0.14044237,0.0,0.45029178,0.0,517.7972
2026-06-14 17:13:00-04:00,32.36063,19.345222,101.84555,102.32402,0.146914,80.023895,21.103046,90.67074,0.4362365,0.13299084,0.0,0.4506463,0.0,521.9152
2026-06-14 17:14:00-04:00,32.36063,19.290314,101.63769,102.14361,0.13965821,79.517975,21.103046,90.25661,0.4269558,0.1259315,0.0,0.45068383,0.0,515.5224
2026-06-14 17:15:00-04:00,32.36063,19.23737,101.44159,101.959274,0.12965727,78.75712,21.103046,89.95513,0.419096,0.11730313,0.0,0.4503616,0.0,510.2474
2026-06-14 17:16:00-04:00,32.38514,19.16481,101.225876,101.73573,0.12318611,78.39629,21.103046,89.64106,0.41319007,0.10985136,0.0,0.45041597,0.0,513.5811
2026-06-14 17:17:00-04:00,23.707859,19.037346,101.01409,101.54356,0.11240053,78.06685,21.103046,89.310104,0.40497506,0.10200763,0.0,0.4502404,0.0,517.6403
2026-06-14 17:18:00-04:00,23.658834,18.915771,100.81016,101.32001,0.102595806,77.639366,21.105762,88.960846,0.39618292,0.09220266,0.0,0.45024958,0.0,517.9933
2026-06-14 17:19:00-04:00,23.658834,18.819683,100.570915,101.11214,0.10043883,77.435425,21.12224,88.64404,0.3900106,0.08592749,0.0,0.45026192,0.0,514.54193
2026-06-14 17:20:00-04:00,23.658834,18.702023,100.43757,100.943504,0.09220266,77.09422,21.124954,88.28504,0.38295004,0.07984877,0.0,0.4501095,0.0,517.50305
2026-06-14 17:21:00-04:00,23.658834,18.574558,100.253235,100.75917,0.07788777,76.55691,21.124954,87.91481,0.37420234,0.07023978,0.0,0.45019078,0.0,522.52313
2026-06-14 17:22:00-04:00,16.721897,18.47063,100.01401,100.488556,0.07612276,76.33728,21.119493,87.57275,0.36705297,0.06494522,0.0,0.45027533,0.0,510.26703
2026-06-14 17:23:00-04:00,15.006065,18.400036,99.82575,100.33952,0.064160824,75.99216,21.123583,87.244804,0.36043662,0.057101727,0.0,0.45005497,0.0,511.4436
2026-06-14 17:24:00-04:00,14.957041,18.341206,99.657104,100.14734,0.061807632,75.47053,21.116777,86.8761,0.3520884,0.049453735,0.0,0.45008653,0.0,511.89465
2026-06-14 17:25:00-04:00,15.006065,18.25296,99.433556,99.947334,0.050630093,74.8391,21.119493,86.47368,0.34427315,0.04004097,0.0,0.45024514,0.0,516.7186
2026-06-14 17:26:00-04:00,14.981553,18.174522,99.21,99.7277,0.044354916,74.83126,21.119493,86.29636,0.34116477,0.03396201,0.0,0.45004305,0.0,508.22766
2026-06-14 17:27:00-04:00,15.006065,18.052948,99.04529,99.55514,0.042001963,74.23121,21.11812,86.29636,0.34116477,0.02847147,0.0,0.44995338,0.0,512.28687
2026-06-14 17:28:00-04:00,13.314709,17.894104,98.88056,99.37865,0.026706457,73.78018,21.116777,85.472015,0.3242907,0.020823479,0.0,0.4503048,0.0,517.32654
2026-06-14 17:29:00-04:00,6.3042717,17.80194,98.6727,99.19039,0.02317667,72.92912,21.114033,85.158356,0.31798515,0.011999369,0.0,0.45002958,0.0,512.50256
2026-06-14 17:30:00-04:00,0.0,17.694084,98.49621,99.009995,0.019646883,72.74479,21.10851,84.84193,0.31283408,0.009449959,0.0,0.44976354,0.0,501.77603
2026-06-14 17:31:00-04:00,0.0,17.645065,98.32757,98.85311,0.015921116,72.32123,21.10851,84.46363,0.30750555,0.0035672188,0.0,0.44991148,0.0,507.5217
2026-06-14 17:32:00-04:00,0.0,17.588196,98.14716,98.69623,0.010822773,71.88196,21.103046,84.06714,0.30106682,-0.0019237995,0.0,0.449874,0.0,502.81537
2026-06-14 17:33:00-04:00,0.0,17.539173,98.03343,98.53935,0.0069007874,71.29368,21.103046,83.75076,0.29622656,-0.006629944,0.0,0.44982544,0.0,491.30444
2026-06-14 17:34:00-04:00,0.0,17.435238,97.87263,98.35894,0.0069007874,70.572044,21.103046,83.359985,0.29782525,-0.0019237995,0.0,0.4501588,0.0,471.8321
2026-06-14 17:35:00-04:00,0.0,17.331306,97.82556,98.22561,0.0059201717,70.33672,21.103046,83.06617,0.29684836,-0.0009431839,0.0,0.44989568,0.0,452.8107
2026-06-14 17:36:00-04:00,0.0,17.227375,97.774574,98.07657,0.005527973,69.71314,21.103046,82.7766,0.29693702,-0.0007472038,0.0,0.44968367,0.0,443.20197
2026-06-14 17:37:00-04:00,0.0,17.18816,97.70398,97.9393,0.005136013,69.462135,21.103046,82.46746,0.29613775,-0.00055098534,0.0,0.44975522,0.0,437.2014
2026-06-14 17:38:00-04:00,0.0,17.078346,97.61378,97.904,0.0035672188,68.95227,21.103046,82.158295,0.2948945,-0.00055098534,0.0,0.4497093,0.0,424.55316
2026-06-14 17:39:00-04:00,0.0,16.935192,97.578476,97.81772,0.0029788017,68.662056,21.103046,81.85478,0.2939176,-0.00035500526,0.0,0.4499523,0.0,409.61057
2026-06-14 17:40:00-04:00,0.0,16.852829,97.519646,97.67653,0.0014100075,67.79531,21.103046,81.5541,0.29236335,3.71933e-05,0.0,0.4494001,0.0,393.21692
2026-06-14 17:41:00-04:00,0.0,16.75282,97.44121,97.57063,-0.00035500526,67.2933,21.081142,81.25346,0.29125312,3.71933e-05,0.0,0.44982815,0.0,376.45065
2026-06-14 17:42:00-04:00,0.0,16.609673,97.39414,97.492195,-0.001727581,67.085434,21.086634,80.955666,0.29023185,-0.00015878677,0.0,0.4493907,0.0,360.25302
2026-06-14 17:43:00-04:00,0.0,16.525352,97.30395,97.32356,-0.0036885738,66.84621,21.081142,80.66349,0.28872216,-0.00035500526,0.0,0.44933355,0.0,344.8202
2026-06-14 17:44:00-04:00,0.0,16.456715,97.25689,97.11961,-0.0040807724,66.5246,21.081142,80.36713,0.2873455,-0.00035500526,0.0,0.44936436,0.0,332.25043
2026-06-14 17:45:00-04:00,0.0,16.405731,97.14707,96.931366,-0.005453348,66.16378,21.078426,80.05119,0.28641304,3.71933e-05,0.0,0.44935346,0.0,321.34747
2026-06-14 17:46:00-04:00,0.0,16.337097,97.04902,96.75095,-0.006433964,65.75983,21.059237,79.78157,0.28503639,-0.00015878677,0.0,0.44958267,0.0,312.5819
2026-06-14 17:47:00-04:00,0.0,16.229248,96.98627,96.62153,-0.006629944,65.35979,21.059237,79.45018,0.28516975,-0.00015878677,0.0,0.4492149,0.0,307.16968
2026-06-14 17:48:00-04:00,0.0,16.123352,96.872536,96.50387,-0.0070221424,64.94798,21.059237,79.17641,0.2848589,-0.00035500526,0.0,0.44936615,0.0,305.13025
2026-06-14 17:49:00-04:00,0.0,15.980202,96.73526,96.6882,-0.0070221424,64.48127,21.055117,78.887215,0.28561378,-0.00055098534,0.0,0.44944644,0.0,304.79688
2026-06-14 17:50:00-04:00,0.0,15.778225,96.59015,96.76272,-0.0070221424,64.093,21.03733,78.56998,0.28476998,-0.00055098534,0.0,0.4494466,0.0,304.22818
2026-06-14 17:51:00-04:00,0.0,15.5683975,96.4215,96.73526,-0.006825924,63.6459,21.03733,78.355225,0.28503639,-0.00055098534,0.0,0.4491323,0.0,303.34573
2026-06-14 17:52:00-04:00,0.0,15.32132,96.32346,96.62153,-0.0070221424,63.285088,21.015392,78.00152,0.28459236,-0.00055098534,0.0,0.44921777,0.0,303.30652
2026-06-14 17:53:00-04:00,0.0,15.20562,96.14305,96.47249,-0.006825924,62.87328,21.015392,77.70964,0.28468132,-0.00035500526,0.0,0.44934565,0.0,303.2281
2026-06-14 17:54:00-04:00,0.0,15.150711,95.97833,96.335236,-0.006825924,62.51638,20.993486,77.41215,0.28512534,-0.00055098534,0.0,0.4492492,0.0,303.16925
2026-06-14 17:55:00-04:00,0.0,15.144829,95.85283,96.19796,-0.0070221424,62.128113,20.993486,77.11331,0.28499213,-0.0009431839,0.0,0.4490692,0.0,303.01242
2026-06-14 17:56:00-04:00,0.0,15.1232605,95.68418,96.06461,-0.0070221424,61.735916,20.971548,76.81729,0.285214,-0.0009431839,0.0,0.44912836,0.0,302.73788
2026-06-14 17:57:00-04:00,0.0,15.168362,95.51946,95.92342,-0.006825924,61.38687,20.971548,76.51983,0.2858802,-0.00055098534,0.0,0.4493013,0.0,302.5614
2026-06-14 17:58:00-04:00,0.0,15.1311035,95.37436,95.786156,-0.0070221424,61.00644,20.949675,76.222435,0.28548056,-0.00035500526,0.0,0.44920832,0.0,302.1888
2026-06-14 17:59:00-04:00,0.0,15.036976,95.22925,95.67242,-0.0070221424,60.622086,20.927738,75.926544,0.28530297,-0.0007472038,0.0,0.44916922,0.0,301.83585
2026-06-14 18:00:00-04:00,0.0,14.952652,95.11943,95.582214,-0.007218361,60.280884,20.927738,75.6334,0.2861022,-0.0007472038,0.0,0.4489948,0.0,301.424
2026-06-14 18:01:00-04:00,0.0,14.901665,94.95078,95.48418,-0.0070221424,59.8377,20.905832,75.33751,0.28548056,-0.00055098534,0.0,0.44928297,0.0,301.24753
2026-06-14 18:02:00-04:00,0.0,14.844803,94.813515,95.37828,-0.006825924,59.527874,20.883926,75.02057,0.28565818,-0.0007472038,0.0,0.44908348,0.0,301.09067
2026-06-14 18:03:00-04:00,0.0,14.78009,94.66055,95.25278,-0.0070221424,59.174896,20.879807,74.75562,0.28548056,-0.0007472038,0.0,0.44910356,0.0,300.93378
2026-06-14 18:04:00-04:00,0.0,14.533005,94.58996,95.1508,-0.006825924,58.82976,20.861988,74.46118,0.28556922,-0.0009431839,0.0,0.4492077,0.0,300.7965
2026-06-14 18:05:00-04:00,0.0,14.295731,94.44486,95.040985,-0.0070221424,58.42973,20.840084,74.16402,0.28565818,-0.0009431839,0.0,0.44919556,0.0,300.67886
2026-06-14 18:06:00-04:00,0.0,14.119244,94.32328,94.92725,-0.006629944,58.09636,20.82504,73.87946,0.28556922,-0.0007472038,0.0,0.44917002,0.0,300.5612
2026-06-14 18:07:00-04:00,0.0,13.995701,94.189926,94.79783,-0.007218361,57.7983,20.79624,73.59211,0.2860134,-0.0007472038,0.0,0.4491629,0.0,300.3455
2026-06-14 18:08:00-04:00,0.0,13.927071,94.10757,94.69193,-0.0070221424,57.453167,20.794897,73.3062,0.2860578,-0.0009431839,0.0,0.44910944,0.0,300.20822
2026-06-14 18:09:00-04:00,0.0,13.88393,93.96638,94.61742,-0.006825924,57.123722,20.774364,73.02452,0.28645745,-0.0009431839,0.0,0.4489378,0.0,300.01212
2026-06-14 18:10:00-04:00,0.0,13.842747,93.86048,94.49584,-0.007218361,56.806053,20.752428,72.7373,0.28632423,-0.0007472038,0.0,0.4493048,0.0,299.83563
2026-06-14 18:11:00-04:00,0.0,13.78196,93.762436,94.393875,-0.007218361,56.52759,20.730553,72.454216,0.28645745,-0.0007472038,0.0,0.44901264,0.0,299.65912
2026-06-14 18:12:00-04:00,0.0,13.705479,93.60557,94.28798,-0.006629944,56.18638,20.708616,72.17683,0.28641304,-0.0007472038,0.0,0.4490366,0.0,299.42383
2026-06-14 18:13:00-04:00,0.0,13.603508,93.538895,94.193855,-0.0070221424,55.876553,20.68668,71.89386,0.28681266,-0.0007472038,0.0,0.44942555,0.0,299.22772
2026-06-14 18:14:00-04:00,0.0,13.49762,93.40555,94.09188,-0.007218361,55.519653,20.664804,71.61516,0.28654623,-0.0009431839,0.0,0.4489908,0.0,299.03162
2026-06-14 18:15:00-04:00,0.0,13.464283,93.31142,93.99775,-0.0070221424,55.17452,20.642866,71.33921,0.28694588,-0.0007472038,0.0,0.4490732,0.0,298.81592
2026-06-14 18:16:00-04:00,0.0,13.432907,93.21729,93.872246,-0.0070221424,54.833317,20.62096,71.13194,0.28716788,-0.0009431839,0.0,0.44904202,0.0,298.67865
2026-06-14 18:17:00-04:00,0.0,13.481934,93.10355,93.762436,-0.007218361,54.52348,20.599085,70.78741,0.2873899,-0.0009431839,0.0,0.44921377,0.0,298.54138
2026-06-14 18:18:00-04:00,0.0,13.244652,92.97413,93.66046,-0.007218361,54.19011,20.577118,70.50035,0.28636864,-0.0009431839,0.0,0.4491654,0.0,298.38455
2026-06-14 18:19:00-04:00,0.0,13.134834,92.85647,93.57811,-0.007218361,53.84499,20.555212,70.22731,0.28672385,-0.0009431839,0.0,0.44899765,0.0,298.16882
2026-06-14 18:20:00-04:00,0.0,13.121109,92.77803,93.49183,-0.007218361,53.582214,20.533339,69.95006,0.28712347,-0.00055098534,0.0,0.44913703,0.0,297.9139
2026-06-14 18:21:00-04:00,0.0,13.101498,92.652534,93.40555,-0.0070221424,53.256702,20.508686,69.67571,0.28663504,-0.0009431839,0.0,0.44918588,0.0,297.81586
2026-06-14 18:22:00-04:00,0.0,13.130913,92.60155,93.29965,-0.007414341,52.927254,20.489525,69.40691,0.28681266,-0.0009431839,0.0,0.44920555,0.0,297.61975
2026-06-14 18:23:00-04:00,0.0,13.105423,92.479965,93.20552,-0.007414341,52.61742,20.447023,69.134,0.28654623,-0.0009431839,0.0,0.4491582,0.0,297.5021
2026-06-14 18:24:00-04:00,0.0,13.08189,92.35838,93.09571,-0.0076105595,52.29583,20.432014,68.86947,0.28636864,-0.0009431839,0.0,0.4489473,0.0,297.32562
2026-06-14 18:25:00-04:00,0.0,13.056404,92.28387,92.97805,-0.007414341,51.958538,20.40187,68.60639,0.28685707,-0.0007472038,0.0,0.44915667,0.0,297.0903
2026-06-14 18:26:00-04:00,0.0,13.103458,92.138756,92.85255,-0.0076105595,51.676155,20.379932,68.343285,0.2873455,-0.0009431839,0.0,0.4490402,0.0,296.9334
2026-06-14 18:27:00-04:00,0.0,13.156406,92.01717,92.74665,-0.007414341,51.389862,20.358059,68.08165,0.28663504,-0.0009431839,0.0,0.44939607,0.0,296.81577
2026-06-14 18:28:00-04:00,0.0,13.103458,91.89951,92.60547,-0.0076105595,51.09179,20.336123,67.81715,0.2872567,-0.001139164,0.0,0.44921786,0.0,296.75693
2026-06-14 18:29:00-04:00,0.0,13.111305,91.75833,92.49958,-0.0078065395,50.821175,20.31147,67.54855,0.2873455,-0.0009431839,0.0,0.4490055,0.0,296.58044
2026-06-14 18:30:00-04:00,0.0,13.02895,91.67205,92.38192,-0.007414341,50.566246,20.29231,67.28839,0.28756753,-0.001531601,0.0,0.44913414,0.0,296.40393
2026-06-14 18:31:00-04:00,0.0,12.952469,91.52694,92.26818,-0.007414341,50.29564,20.24853,67.02398,0.2877007,-0.0013356209,0.0,0.44923773,0.0,296.24707
2026-06-14 18:32:00-04:00,0.0,12.952469,91.38182,92.15444,-0.007414341,50.03679,20.22656,66.768005,0.28818914,-0.0013356209,0.0,0.44936854,0.0,296.05096
2026-06-14 18:33:00-04:00,0.0,12.952469,91.26417,92.01717,-0.0078065395,49.762257,20.195076,66.5051,0.2872567,-0.0013356209,0.0,0.44917187,0.0,295.85486
2026-06-14 18:34:00-04:00,0.0,12.930901,91.1818,91.89951,-0.0078065395,49.49948,20.178694,66.24079,0.2874343,-0.001531601,0.0,0.44933507,0.0,295.7176
2026-06-14 18:35:00-04:00,0.0,12.891678,91.03669,91.801476,-0.0076105595,49.256325,20.138937,65.97929,0.2870347,-0.0013356209,0.0,0.44928974,0.0,295.58032
2026-06-14 18:36:00-04:00,0.0,12.799511,90.93864,91.72696,-0.0078065395,48.95433,20.117033,65.7136,0.28716788,-0.0013356209,0.0,0.44903958,0.0,295.36462
2026-06-14 18:37:00-04:00,0.0,12.734798,90.828835,91.6446,-0.0078065395,48.675877,20.095127,65.44792,0.28752312,-0.0013356209,0.0,0.449217,0.0,295.22736
2026-06-14 18:38:00-04:00,0.0,12.611256,90.76216,91.56223,-0.008002758,48.36997,20.051315,65.17675,0.28752312,-0.001531601,0.0,0.4491586,0.0,295.05087
2026-06-14 18:39:00-04:00,0.0,12.48576,90.63274,91.49948,-0.008002758,48.064053,20.03487,64.940506,0.2877007,-0.001727581,0.0,0.44940513,0.0,294.89398
2026-06-14 18:40:00-04:00,0.0,12.395554,90.59351,91.40536,-0.0078065395,47.762066,20.007534,64.68469,0.28761208,-0.0013356209,0.0,0.4492086,0.0,294.69788
2026-06-14 18:41:00-04:00,0.0,12.279854,90.43272,91.311226,-0.008002758,47.40125,19.971928,64.4974,0.2873899,-0.0013356209,0.0,0.4491672,0.0,294.44296
2026-06-14 18:42:00-04:00,0.0,12.173962,90.3582,91.24455,-0.008002758,47.111023,19.952707,64.17875,0.28778952,-0.0013356209,0.0,0.44935256,0.0,294.44296
2026-06-14 18:43:00-04:00,0.0,12.134747,90.27583,91.15827,-0.008002758,46.83257,19.91988,63.924408,0.28778952,-0.001139164,0.0,0.4489614,0.0,294.3057
2026-06-14 18:44:00-04:00,0.0,12.1171,90.217,91.06806,-0.008002758,46.54627,19.898005,63.677032,0.28778952,-0.001531601,0.0,0.4493739,0.0,294.1096
2026-06-14 18:45:00-04:00,0.0,12.068073,90.10327,90.98178,-0.008198738,46.259964,19.870575,63.424126,0.28774512,-0.001139164,0.0,0.44923213,0.0,294.08997
2026-06-14 18:46:00-04:00,0.0,11.999439,90.04444,90.89943,-0.0078065395,45.98543,19.832254,63.176838,0.28796715,-0.0013356209,0.0,0.44924077,0.0,293.67822
2026-06-14 18:47:00-04:00,0.0,11.8602085,89.977776,90.79746,-0.008002758,45.742268,19.80077,62.926746,0.28801155,-0.0013356209,0.0,0.44903934,0.0,293.69785
2026-06-14 18:48:00-04:00,0.0,11.681765,89.86796,90.69941,-0.008198738,45.47558,19.766508,62.668285,0.28801155,-0.0013356209,0.0,0.44921643,0.0,293.2468
2026-06-14 18:49:00-04:00,0.0,11.581753,89.75815,90.59744,-0.008198738,45.220654,19.744602,62.437862,0.28841132,-0.0013356209,0.0,0.44906738,0.0,293.2468
2026-06-14 18:50:00-04:00,0.0,11.487625,89.64833,90.49939,-0.008394718,44.97357,19.700823,62.193424,0.2879229,-0.0013356209,0.0,0.44906166,0.0,292.8154
2026-06-14 18:51:00-04:00,0.0,11.4307575,89.59342,90.43272,-0.008394718,44.718647,19.678915,61.957348,0.2883669,-0.0013356209,0.0,0.44901988,0.0,292.8154
2026-06-14 18:52:00-04:00,0.0,11.371927,89.487526,90.32682,-0.008590937,44.495094,19.648773,61.71157,0.28796715,-0.0013356209,0.0,0.44925046,0.0,292.54086
2026-06-14 18:53:00-04:00,0.0,11.313097,89.38164,90.2327,-0.008590937,44.251938,19.613167,61.449028,0.28814477,-0.0013356209,0.0,0.44909346,0.0,292.56046
2026-06-14 18:54:00-04:00,0.0,11.262112,89.29143,90.138565,-0.008394718,44.02446,19.58992,61.231216,0.28858894,-0.0013356209,0.0,0.44950736,0.0,292.54086
2026-06-14 18:55:00-04:00,0.0,11.213093,89.19338,90.04836,-0.008590937,43.789146,19.558434,60.988247,0.28796715,-0.001139164,0.0,0.44941384,0.0,292.52124
2026-06-14 18:56:00-04:00,0.0,11.1699505,89.10709,89.96601,-0.008590937,43.542065,19.525576,60.756485,0.28898856,-0.001727581,0.0,0.44939172,0.0,292.50162
2026-06-14 18:57:00-04:00,0.0,11.087589,89.040436,89.86796,-0.008394718,43.32636,19.481764,60.52198,0.28814477,-0.001531601,0.0,0.4492069,0.0,292.48203
2026-06-14 18:58:00-04:00,0.0,10.987579,88.91885,89.75815,-0.008787155,43.08712,19.459856,60.259502,0.28823373,-0.0013356209,0.0,0.4494305,0.0,292.2663
2026-06-14 18:59:00-04:00,0.0,10.87384,88.86787,89.68755,-0.008590937,42.871414,19.416046,60.054306,0.28796715,-0.0013356209,0.0,0.4491917,0.0,292.07022
2026-06-14 19:00:00-04:00,0.0,10.77383,88.73844,89.59342,-0.008590937,42.620407,19.39414,59.821205,0.28814477,-0.0013356209,0.0,0.44928145,0.0,291.8937
2026-06-14 19:01:00-04:00,0.0,10.689514,88.67177,89.47968,-0.008590937,42.420395,19.350359,59.583958,0.28823373,-0.0013356209,0.0,0.4489879,0.0,291.73685
2026-06-14 19:02:00-04:00,0.0,10.658138,88.59725,89.39732,-0.008590937,42.188995,19.316128,59.350918,0.28823373,-0.001531601,0.0,0.4491674,0.0,291.69763
2026-06-14 19:03:00-04:00,0.0,10.622841,88.4992,89.318886,-0.008590937,41.985058,19.284643,59.120632,0.28814477,-0.001531601,0.0,0.4491542,0.0,291.54074
2026-06-14 19:04:00-04:00,0.0,10.599308,88.405075,89.21691,-0.008590937,41.781116,19.257277,58.882072,0.28823373,-0.001139164,0.0,0.4490648,0.0,291.34464
2026-06-14 19:05:00-04:00,0.0,10.493414,88.30702,89.13063,-0.008590937,41.59286,19.218925,58.657406,0.28876656,-0.0013356209,0.0,0.44944787,0.0,291.24658
2026-06-14 19:06:00-04:00,0.0,10.40517,88.24035,89.05612,-0.008590937,41.392845,19.175116,58.520695,0.28867775,-0.0013356209,0.0,0.4493546,0.0,291.0701
2026-06-14 19:07:00-04:00,0.0,10.36791,88.14231,88.96984,-0.008590937,41.18498,19.153208,58.191402,0.28889975,-0.001139164,0.0,0.44902393,0.0,291.0701
2026-06-14 19:08:00-04:00,0.0,10.369871,88.067795,88.86787,-0.008590937,40.988888,19.123096,57.965454,0.2882781,-0.001727581,0.0,0.44938806,0.0,290.93283
2026-06-14 19:09:00-04:00,0.0,10.36791,87.954056,88.77374,-0.008394718,40.7771,19.08749,57.74644,0.28823373,-0.0013356209,0.0,0.44909272,0.0,290.75635
2026-06-14 19:10:00-04:00,0.0,10.375755,87.867775,88.67177,-0.008787155,40.54963,19.043713,57.51631,0.28907737,-0.001139164,0.0,0.44944412,0.0,290.61908
2026-06-14 19:11:00-04:00,0.0,10.369871,87.78149,88.59333,-0.008590937,40.38883,18.999899,57.276413,0.28876656,-0.0013356209,0.0,0.44934,0.0,290.59946
2026-06-14 19:12:00-04:00,0.0,10.385559,87.69913,88.47959,-0.008590937,40.19665,18.977993,57.04907,0.28938818,-0.0013356209,0.0,0.44937068,0.0,290.4622
2026-06-14 19:13:00-04:00,0.0,10.383598,87.601074,88.41684,-0.008394718,39.988792,18.950628,56.832928,0.2892994,-0.0013356209,0.0,0.44934103,0.0,290.34454
2026-06-14 19:14:00-04:00,0.0,10.409092,87.53048,88.3384,-0.008590937,39.777004,18.912308,56.633583,0.28938818,-0.001139164,0.0,0.44936395,0.0,290.2857
2026-06-14 19:15:00-04:00,0.0,10.428701,87.463806,88.26781,-0.008394718,39.592678,18.868528,56.416035,0.2892106,-0.001531601,0.0,0.44934934,0.0,289.97195
2026-06-14 19:16:00-04:00,0.0,10.375755,87.33438,88.16583,-0.008590937,39.38481,18.84659,56.19712,0.2892994,-0.0013356209,0.0,0.44931686,0.0,289.93274
2026-06-14 19:17:00-04:00,0.0,10.393404,87.27163,88.07956,-0.008394718,39.15342,18.80281,55.947582,0.28903297,-0.001139164,0.0,0.44946244,0.0,289.75623
2026-06-14 19:18:00-04:00,0.0,10.426741,87.18928,87.98936,-0.008590937,38.918102,18.780905,55.75941,0.2895658,-0.001139164,0.0,0.44942173,0.0,289.57974
2026-06-14 19:19:00-04:00,0.0,10.430662,87.1383,87.90307,-0.008590937,38.772995,18.737093,55.540558,0.28885534,-0.001139164,0.0,0.4494909,0.0,289.5013
2026-06-14 19:20:00-04:00,0.0,10.360067,87.0324,87.81287,-0.008394718,38.58474,18.715218,55.328697,0.28983223,-0.0013356209,0.0,0.44938833,0.0,289.5013
2026-06-14 19:21:00-04:00,0.0,10.271828,86.93827,87.74619,-0.008787155,38.396484,18.671408,55.118214,0.2894326,-0.0013356209,0.0,0.4490825,0.0,289.32483
2026-06-14 19:22:00-04:00,0.0,10.179661,86.84807,87.64814,-0.008590937,38.2553,18.633059,54.907753,0.28912178,-0.0013356209,0.0,0.44950077,0.0,289.18762
2026-06-14 19:23:00-04:00,0.0,10.122793,86.76179,87.57362,-0.008590937,38.04351,18.605722,54.68894,0.2893438,-0.001531601,0.0,0.4493088,0.0,289.18762
2026-06-14 19:24:00-04:00,0.0,10.054157,86.68334,87.47949,-0.008590937,37.90232,18.561943,54.489685,0.28912178,-0.001531601,0.0,0.4494424,0.0,289.10916
2026-06-14 19:25:00-04:00,0.0,10.011017,86.56569,87.4089,-0.008590937,37.698383,18.537289,54.261166,0.28885534,-0.0013356209,0.0,0.44929224,0.0,288.9719
2026-06-14 19:26:00-04:00,0.0,9.971796,86.5147,87.30693,-0.008787155,37.521893,18.501717,54.068874,0.28876656,-0.0013356209,0.0,0.44936404,0.0,288.87384
2026-06-14 19:27:00-04:00,0.0,9.952187,86.42057,87.212814,-0.008590937,37.314034,18.472979,53.84182,0.2896102,-0.0013356209,0.0,0.44954067,0.0,288.85425
2026-06-14 19:28:00-04:00,0.0,9.96003,86.322525,87.14614,-0.008590937,37.12578,18.43054,53.66342,0.2893438,-0.0013356209,0.0,0.44939685,0.0,288.67776
2026-06-14 19:29:00-04:00,0.0,9.916889,86.22449,87.05201,-0.008787155,36.945374,18.389505,53.450317,0.28992102,-0.0013356209,0.0,0.44946808,0.0,288.63852
2026-06-14 19:30:00-04:00,0.0,9.954147,86.14996,86.96573,-0.008590937,36.796337,18.364853,53.24555,0.28974342,-0.0013356209,0.0,0.44950563,0.0,288.5797
2026-06-14 19:31:00-04:00,0.0,10.034548,86.01662,86.88729,-0.008590937,36.58455,18.327908,53.167557,0.28978783,-0.0013356209,0.0,0.4493437,0.0,288.48166
2026-06-14 19:32:00-04:00,0.0,10.056118,85.96564,86.801,-0.008590937,36.49435,18.299168,52.84584,0.28974342,-0.001139164,0.0,0.44977173,0.0,288.3836
2026-06-14 19:33:00-04:00,0.0,9.979641,85.86366,86.70688,-0.008590937,36.270798,18.259476,52.638294,0.28978783,-0.0013356209,0.0,0.4495289,0.0,288.30518
2026-06-14 19:34:00-04:00,0.0,10.007093,85.785225,86.608826,-0.008983135,36.106075,18.22799,52.44055,0.28974342,-0.0013356209,0.0,0.4495249,0.0,288.10907
2026-06-14 19:35:00-04:00,0.0,10.056118,85.69894,86.50293,-0.008590937,35.90606,18.191044,52.242775,0.28992102,-0.0013356209,0.0,0.4492491,0.0,287.89334
2026-06-14 19:36:00-04:00,0.0,10.056118,85.59697,86.408806,-0.008590937,35.686428,18.167767,52.03392,0.29018745,-0.001531601,0.0,0.44973102,0.0,287.89334
2026-06-14 19:37:00-04:00,0.0,9.979641,85.518524,86.322525,-0.008590937,35.451115,18.123985,51.850098,0.29000983,-0.001531601,0.0,0.4496873,0.0,287.67764
2026-06-14 19:38:00-04:00,0.0,9.86002,85.436165,86.22449,-0.008590937,35.25109,18.095245,51.65797,0.28987664,-0.0013356209,0.0,0.4496175,0.0,287.54037
2026-06-14 19:39:00-04:00,0.0,9.773743,85.298904,86.130356,-0.008983135,35.105984,18.059671,51.474182,0.28992102,-0.001531601,0.0,0.44957358,0.0,287.54037
2026-06-14 19:40:00-04:00,0.0,9.685497,85.216545,86.03623,-0.008590937,34.921654,18.036394,51.26261,0.29023185,-0.001531601,0.0,0.44984773,0.0,287.34427
2026-06-14 19:41:00-04:00,0.0,9.6149025,85.130264,85.93818,-0.008787155,34.76085,17.992613,51.09555,0.28969902,-0.0013356209,0.0,0.44959858,0.0,287.22662
2026-06-14 19:42:00-04:00,0.0,9.569799,84.993,85.85974,-0.008983135,34.592213,17.965248,50.88957,0.28992102,-0.0013356209,0.0,0.44951862,0.0,286.9521
2026-06-14 19:43:00-04:00,0.0,9.522736,84.898865,85.74208,-0.008983135,34.45494,17.92693,50.7114,0.28978783,-0.001531601,0.0,0.44957915,0.0,286.93246
2026-06-14 19:44:00-04:00,0.0,9.450178,84.840034,85.671486,-0.008983135,34.262764,17.90368,50.526234,0.29009864,-0.001727581,0.0,0.44949123,0.0,286.75598
2026-06-14 19:45:00-04:00,0.0,9.359978,84.73807,85.581276,-0.009179354,34.168644,17.877657,50.33558,0.29045388,-0.001531601,0.0,0.4495512,0.0,286.55988
2026-06-14 19:46:00-04:00,0.0,9.246241,84.612564,85.49107,-0.008787155,33.996075,17.818836,50.14349,0.29049826,-0.001531601,0.0,0.44964004,0.0,286.55988
2026-06-14 19:47:00-04:00,0.0,9.150152,84.526276,85.38127,-0.008983135,33.82351,17.795559,49.96819,0.2896546,-0.001531601,0.0,0.44976157,0.0,286.403
2026-06-14 19:48:00-04:00,0.0,9.099167,84.43216,85.29106,-0.008983135,33.729385,17.758642,49.770576,0.29032066,-0.001727581,0.0,0.44977194,0.0,286.30496
2026-06-14 19:49:00-04:00,0.0,9.014843,84.334114,85.21262,-0.008983135,33.525444,17.729902,49.58969,0.28974342,-0.001727581,0.0,0.44979277,0.0,286.26572
2026-06-14 19:50:00-04:00,0.0,8.9873905,84.25175,85.134186,-0.009179354,33.368565,17.68609,49.40188,0.28983223,-0.0019237995,0.0,0.44953775,0.0,286.10886
2026-06-14 19:51:00-04:00,0.0,8.977585,84.1537,85.05575,-0.009179354,33.160706,17.657383,49.214005,0.28996542,-0.001727581,0.0,0.44965228,0.0,286.0108
2026-06-14 19:52:00-04:00,0.0,8.967779,84.05957,84.957695,-0.008983135,32.988136,17.620436,49.027596,0.28992102,-0.0019237995,0.0,0.4496419,0.0,285.99118
2026-06-14 19:53:00-04:00,0.0,8.954052,83.9929,84.86357,-0.008983135,32.827343,17.5985,48.843998,0.29018745,-0.001727581,0.0,0.44992355,0.0,285.73627
2026-06-14 19:54:00-04:00,0.0,8.942287,83.902695,84.79297,-0.008787155,32.654774,17.554752,48.654816,0.29009864,-0.001531601,0.0,0.44965172,0.0,285.77548
2026-06-14 19:55:00-04:00,0.0,8.922684,83.847786,84.726295,-0.008983135,32.56849,17.511003,48.47952,0.29063147,-0.0019237995,0.0,0.4498954,0.0,285.6186
2026-06-14 19:56:00-04:00,0.0,8.8481655,83.74973,84.63217,-0.009179354,32.446907,17.489067,48.447533,0.29054266,-0.001727581,0.0,0.44975162,0.0,285.6186
2026-06-14 19:57:00-04:00,0.0,8.793257,83.643845,84.557655,-0.009179354,32.25866,17.445316,48.12069,0.29063147,-0.0019237995,0.0,0.4494161,0.0,285.38327
2026-06-14 19:58:00-04:00,0.0,8.720701,83.57324,84.479225,-0.009179354,32.093937,17.420635,47.939873,0.29191932,-0.0019237995,0.0,0.44967812,0.0,285.1872
2026-06-14 19:59:00-04:00,0.0,8.689325,83.49874,84.38117,-0.009179354,31.96451,17.379633,47.757713,0.29063147,-0.0019237995,0.0,0.44988868,0.0,285.08914
2026-06-14 19:59:59-04:00,0.0,8.62265,83.39677,84.32626,-0.009179354,31.823326,17.341314,47.57552,0.29040948,-0.0019237995,0.0,0.44993564,0.0,284.9911
