_time,_field,key,objectType,P5,P8,Nivel,T_AMB,T3,T5,T8,RAD,EV FB,P4,CAUDAL VAP,T4,CAUDAL,T2
2026-04-13 11:01:00+00:00,presentValue,analogInput_103,analogInput,-0.0040807724,,,,,,,,,,,,,
2026-04-13 11:04:00+00:00,presentValue,analogInput_103,analogInput,-0.0040807724,,,,,,,,,,,,,
2026-04-13 11:07:00+00:00,presentValue,analogInput_103,analogInput,-0.0038847923,,,,,,,,,,,,,
2026-04-13 11:10:00+00:00,presentValue,analogInput_103,analogInput,-0.0038847923,,,,,,,,,,,,,
2026-04-13 11:13:00+00:00,presentValue,analogInput_103,analogInput,-0.0038847923,,,,,,,,,,,,,
2026-04-13 11:16:00+00:00,presentValue,analogInput_103,analogInput,-0.0040807724,,,,,,,,,,,,,
2026-04-13 11:19:00+00:00,presentValue,analogInput_103,analogInput,-0.0038847923,,,,,,,,,,,,,
2026-04-13 11:22:00+00:00,presentValue,analogInput_103,analogInput,-0.0040807724,,,,,,,,,,,,,
2026-04-13 11:25:00+00:00,presentValue,analogInput_103,analogInput,-0.0038847923,,,,,,,,,,,,,
2026-04-13 11:28:00+00:00,presentValue,analogInput_103,analogInput,-0.0038847923,,,,,,,,,,,,,
2026-04-13 11:31:00+00:00,presentValue,analogInput_103,analogInput,-0.0036885738,,,,,,,,,,,,,
2026-04-13 11:34:00+00:00,presentValue,analogInput_103,analogInput,-0.0036885738,,,,,,,,,,,,,
2026-04-13 11:37:00+00:00,presentValue,analogInput_103,analogInput,-0.0036885738,,,,,,,,,,,,,
2026-04-13 11:40:00+00:00,presentValue,analogInput_103,analogInput,-0.0034925938,,,,,,,,,,,,,
2026-04-13 11:43:00+00:00,presentValue,analogInput_103,analogInput,-0.0036885738,,,,,,,,,,,,,
2026-04-13 11:46:00+00:00,presentValue,analogInput_103,analogInput,-0.0034925938,,,,,,,,,,,,,
2026-04-13 11:49:00+00:00,presentValue,analogInput_103,analogInput,-0.0034925938,,,,,,,,,,,,,
2026-04-13 11:52:00+00:00,presentValue,analogInput_103,analogInput,-0.0036885738,,,,,,,,,,,,,
2026-04-13 11:55:00+00:00,presentValue,analogInput_103,analogInput,-0.0034925938,,,,,,,,,,,,,
2026-04-13 11:58:00+00:00,presentValue,analogInput_103,analogInput,-0.0032963753,,,,,,,,,,,,,
2026-04-13 12:01:00+00:00,presentValue,analogInput_103,analogInput,-0.0031003952,,,,,,,,,,,,,
2026-04-13 12:04:00+00:00,presentValue,analogInput_103,analogInput,-0.0031003952,,,,,,,,,,,,,
2026-04-13 12:07:00+00:00,presentValue,analogInput_103,analogInput,-0.0027079582,,,,,,,,,,,,,
2026-04-13 12:10:00+00:00,presentValue,analogInput_103,analogInput,-0.0027079582,,,,,,,,,,,,,
2026-04-13 12:13:00+00:00,presentValue,analogInput_103,analogInput,-0.0025119781,,,,,,,,,,,,,
2026-04-13 12:16:00+00:00,presentValue,analogInput_103,analogInput,-0.0025119781,,,,,,,,,,,,,
2026-04-13 12:19:00+00:00,presentValue,analogInput_103,analogInput,-0.0021197796,,,,,,,,,,,,,
2026-04-13 12:22:00+00:00,presentValue,analogInput_103,analogInput,-0.0025119781,,,,,,,,,,,,,
2026-04-13 12:25:00+00:00,presentValue,analogInput_103,analogInput,-0.002315998,,,,,,,,,,,,,
2026-04-13 12:28:00+00:00,presentValue,analogInput_103,analogInput,-0.0021197796,,,,,,,,,,,,,
2026-04-13 12:31:00+00:00,presentValue,analogInput_103,analogInput,-0.0019237995,,,,,,,,,,,,,
2026-04-13 12:34:00+00:00,presentValue,analogInput_103,analogInput,-0.0019237995,,,,,,,,,,,,,
2026-04-13 12:37:00+00:00,presentValue,analogInput_103,analogInput,-0.0019237995,,,,,,,,,,,,,
2026-04-13 12:40:00+00:00,presentValue,analogInput_103,analogInput,-0.001727581,,,,,,,,,,,,,
2026-04-13 12:43:00+00:00,presentValue,analogInput_103,analogInput,-0.001727581,,,,,,,,,,,,,
2026-04-13 12:46:00+00:00,presentValue,analogInput_103,analogInput,-0.001727581,,,,,,,,,,,,,
2026-04-13 12:49:00+00:00,presentValue,analogInput_103,analogInput,-0.001531601,,,,,,,,,,,,,
2026-04-13 12:52:00+00:00,presentValue,analogInput_103,analogInput,-0.001531601,,,,,,,,,,,,,
2026-04-13 12:55:00+00:00,presentValue,analogInput_103,analogInput,-0.001531601,,,,,,,,,,,,,
2026-04-13 12:58:00+00:00,presentValue,analogInput_103,analogInput,-0.0013356209,,,,,,,,,,,,,
2026-04-13 13:01:00+00:00,presentValue,analogInput_103,analogInput,-0.001531601,,,,,,,,,,,,,
2026-04-13 13:04:00+00:00,presentValue,analogInput_103,analogInput,-0.0013356209,,,,,,,,,,,,,
2026-04-13 13:07:00+00:00,presentValue,analogInput_103,analogInput,-0.0013356209,,,,,,,,,,,,,
2026-04-13 13:10:00+00:00,presentValue,analogInput_103,analogInput,-0.0013356209,,,,,,,,,,,,,
2026-04-13 13:13:00+00:00,presentValue,analogInput_103,analogInput,-0.001531601,,,,,,,,,,,,,
2026-04-13 13:16:00+00:00,presentValue,analogInput_103,analogInput,-0.0013356209,,,,,,,,,,,,,
2026-04-13 13:19:00+00:00,presentValue,analogInput_103,analogInput,-0.0013356209,,,,,,,,,,,,,
2026-04-13 13:22:00+00:00,presentValue,analogInput_103,analogInput,-0.0013356209,,,,,,,,,,,,,
2026-04-13 13:25:00+00:00,presentValue,analogInput_103,analogInput,-0.0013356209,,,,,,,,,,,,,
2026-04-13 13:28:00+00:00,presentValue,analogInput_103,analogInput,-0.0013356209,,,,,,,,,,,,,
2026-04-13 13:31:00+00:00,presentValue,analogInput_103,analogInput,-0.001139164,,,,,,,,,,,,,
2026-04-13 13:34:00+00:00,presentValue,analogInput_103,analogInput,-0.0013356209,,,,,,,,,,,,,
2026-04-13 13:37:00+00:00,presentValue,analogInput_103,analogInput,-0.001139164,,,,,,,,,,,,,
2026-04-13 13:40:00+00:00,presentValue,analogInput_103,analogInput,-0.0009431839,,,,,,,,,,,,,
2026-04-13 13:43:00+00:00,presentValue,analogInput_103,analogInput,-0.0007472038,,,,,,,,,,,,,
2026-04-13 13:46:00+00:00,presentValue,analogInput_103,analogInput,-0.0029044151,,,,,,,,,,,,,
2026-04-13 13:49:00+00:00,presentValue,analogInput_103,analogInput,-0.002315998,,,,,,,,,,,,,
2026-04-13 13:52:00+00:00,presentValue,analogInput_103,analogInput,-0.0021197796,,,,,,,,,,,,,
2026-04-13 13:55:00+00:00,presentValue,analogInput_103,analogInput,-0.0021197796,,,,,,,,,,,,,
2026-04-13 13:58:00+00:00,presentValue,analogInput_103,analogInput,-0.0019237995,,,,,,,,,,,,,
2026-04-13 14:01:00+00:00,presentValue,analogInput_103,analogInput,-0.0019237995,,,,,,,,,,,,,
2026-04-13 14:04:00+00:00,presentValue,analogInput_103,analogInput,-0.0019237995,,,,,,,,,,,,,
2026-04-13 14:07:00+00:00,presentValue,analogInput_103,analogInput,-0.001139164,,,,,,,,,,,,,
2026-04-13 14:10:00+00:00,presentValue,analogInput_103,analogInput,-0.0013356209,,,,,,,,,,,,,
2026-04-13 14:13:00+00:00,presentValue,analogInput_103,analogInput,-0.0013356209,,,,,,,,,,,,,
2026-04-13 14:16:00+00:00,presentValue,analogInput_103,analogInput,-0.0013356209,,,,,,,,,,,,,
2026-04-13 14:19:00+00:00,presentValue,analogInput_103,analogInput,-0.0013356209,,,,,,,,,,,,,
2026-04-13 14:22:00+00:00,presentValue,analogInput_103,analogInput,-0.0009431839,,,,,,,,,,,,,
2026-04-13 14:25:00+00:00,presentValue,analogInput_103,analogInput,-0.001139164,,,,,,,,,,,,,
2026-04-13 14:28:00+00:00,presentValue,analogInput_103,analogInput,-0.0013356209,,,,,,,,,,,,,
2026-04-13 14:31:00+00:00,presentValue,analogInput_103,analogInput,-0.001139164,,,,,,,,,,,,,
2026-04-13 14:34:00+00:00,presentValue,analogInput_103,analogInput,-0.001139164,,,,,,,,,,,,,
2026-04-13 14:37:00+00:00,presentValue,analogInput_103,analogInput,-0.001139164,,,,,,,,,,,,,
2026-04-13 14:40:00+00:00,presentValue,analogInput_103,analogInput,-0.0013356209,,,,,,,,,,,,,
2026-04-13 14:43:00+00:00,presentValue,analogInput_103,analogInput,-0.0013356209,,,,,,,,,,,,,
2026-04-13 14:46:00+00:00,presentValue,analogInput_103,analogInput,-0.001139164,,,,,,,,,,,,,
2026-04-13 14:49:00+00:00,presentValue,analogInput_103,analogInput,-0.0009431839,,,,,,,,,,,,,
2026-04-13 14:52:00+00:00,presentValue,analogInput_103,analogInput,-0.001139164,,,,,,,,,,,,,
2026-04-13 14:55:00+00:00,presentValue,analogInput_103,analogInput,-0.001531601,,,,,,,,,,,,,
2026-04-13 14:58:00+00:00,presentValue,analogInput_103,analogInput,-0.0013356209,,,,,,,,,,,,,
2026-04-13 15:01:00+00:00,presentValue,analogInput_103,analogInput,-0.0013356209,,,,,,,,,,,,,
2026-04-13 15:04:00+00:00,presentValue,analogInput_103,analogInput,-0.0013356209,,,,,,,,,,,,,
2026-04-13 15:07:00+00:00,presentValue,analogInput_103,analogInput,-0.0009431839,,,,,,,,,,,,,
2026-04-13 15:10:00+00:00,presentValue,analogInput_103,analogInput,-0.0007472038,,,,,,,,,,,,,
2026-04-13 15:13:00+00:00,presentValue,analogInput_103,analogInput,-0.0009431839,,,,,,,,,,,,,
2026-04-13 15:16:00+00:00,presentValue,analogInput_103,analogInput,0.06337643,,,,,,,,,,,,,
2026-04-13 15:19:00+00:00,presentValue,analogInput_103,analogInput,0.13848162,,,,,,,,,,,,,
2026-04-13 15:22:00+00:00,presentValue,analogInput_103,analogInput,0.27065063,,,,,,,,,,,,,
2026-04-13 15:25:00+00:00,presentValue,analogInput_103,analogInput,0.4028201,,,,,,,,,,,,,
2026-04-13 15:28:00+00:00,presentValue,analogInput_103,analogInput,0.5591092,,,,,,,,,,,,,
2026-04-13 15:31:00+00:00,presentValue,analogInput_103,analogInput,0.72265387,,,,,,,,,,,,,
2026-04-13 15:34:00+00:00,presentValue,analogInput_103,analogInput,0.9042392,,,,,,,,,,,,,
2026-04-13 15:37:00+00:00,presentValue,analogInput_103,analogInput,1.1026893,,,,,,,,,,,,,
2026-04-13 15:40:00+00:00,presentValue,analogInput_103,analogInput,1.3146698,,,,,,,,,,,,,
2026-04-13 15:43:00+00:00,presentValue,analogInput_103,analogInput,1.5317488,,,,,,,,,,,,,
2026-04-13 15:46:00+00:00,presentValue,analogInput_103,analogInput,1.6868615,,,,,,,,,,,,,
2026-04-13 15:49:00+00:00,presentValue,analogInput_103,analogInput,1.7001963,,,,,,,,,,,,,
2026-04-13 15:52:00+00:00,presentValue,analogInput_103,analogInput,1.7029414,,,,,,,,,,,,,
2026-04-13 15:55:00+00:00,presentValue,analogInput_103,analogInput,1.6999998,,,,,,,,,,,,,
2026-04-13 15:58:00+00:00,presentValue,analogInput_103,analogInput,1.698431,,,,,,,,,,,,,
2026-04-13 16:01:00+00:00,presentValue,analogInput_103,analogInput,1.6994114,,,,,,,,,,,,,
2026-04-13 16:04:00+00:00,presentValue,analogInput_103,analogInput,1.729022,,,,,,,,,,,,,
2026-04-13 16:07:00+00:00,presentValue,analogInput_103,analogInput,1.668036,,,,,,,,,,,,,
2026-04-13 16:10:00+00:00,presentValue,analogInput_103,analogInput,1.7033339,,,,,,,,,,,,,
2026-04-13 16:13:00+00:00,presentValue,analogInput_103,analogInput,1.710197,,,,,,,,,,,,,
2026-04-13 16:16:00+00:00,presentValue,analogInput_103,analogInput,1.7133341,,,,,,,,,,,,,
2026-04-13 16:19:00+00:00,presentValue,analogInput_103,analogInput,1.7154913,,,,,,,,,,,,,
2026-04-13 16:22:00+00:00,presentValue,analogInput_103,analogInput,1.7135305,,,,,,,,,,,,,
2026-04-13 16:25:00+00:00,presentValue,analogInput_103,analogInput,1.7064714,,,,,,,,,,,,,
2026-04-13 16:28:00+00:00,presentValue,analogInput_103,analogInput,1.7086282,,,,,,,,,,,,,
2026-04-13 16:31:00+00:00,presentValue,analogInput_103,analogInput,1.7196093,,,,,,,,,,,,,
2026-04-13 16:34:00+00:00,presentValue,analogInput_103,analogInput,1.7141185,,,,,,,,,,,,,
2026-04-13 16:37:00+00:00,presentValue,analogInput_103,analogInput,1.7211785,,,,,,,,,,,,,
2026-04-13 16:40:00+00:00,presentValue,analogInput_103,analogInput,1.7152953,,,,,,,,,,,,,
2026-04-13 16:43:00+00:00,presentValue,analogInput_103,analogInput,1.7082357,,,,,,,,,,,,,
2026-04-13 16:46:00+00:00,presentValue,analogInput_103,analogInput,1.7225509,,,,,,,,,,,,,
2026-04-13 16:49:00+00:00,presentValue,analogInput_103,analogInput,1.7152953,,,,,,,,,,,,,
2026-04-13 16:52:00+00:00,presentValue,analogInput_103,analogInput,1.7131381,,,,,,,,,,,,,
2026-04-13 16:55:00+00:00,presentValue,analogInput_103,analogInput,1.7135305,,,,,,,,,,,,,
2026-04-13 16:58:00+00:00,presentValue,analogInput_103,analogInput,1.7090206,,,,,,,,,,,,,
2026-04-13 17:01:00+00:00,presentValue,analogInput_103,analogInput,1.7186289,,,,,,,,,,,,,
2026-04-13 17:04:00+00:00,presentValue,analogInput_103,analogInput,1.7092166,,,,,,,,,,,,,
2026-04-13 17:07:00+00:00,presentValue,analogInput_103,analogInput,1.717452,,,,,,,,,,,,,
2026-04-13 17:10:00+00:00,presentValue,analogInput_103,analogInput,1.7223549,,,,,,,,,,,,,
2026-04-13 17:13:00+00:00,presentValue,analogInput_103,analogInput,1.7105894,,,,,,,,,,,,,
2026-04-13 17:16:00+00:00,presentValue,analogInput_103,analogInput,1.7109814,,,,,,,,,,,,,
2026-04-13 17:19:00+00:00,presentValue,analogInput_103,analogInput,1.7176485,,,,,,,,,,,,,
2026-04-13 17:22:00+00:00,presentValue,analogInput_103,analogInput,1.702549,,,,,,,,,,,,,
2026-04-13 17:25:00+00:00,presentValue,analogInput_103,analogInput,1.710001,,,,,,,,,,,,,
2026-04-13 17:28:00+00:00,presentValue,analogInput_103,analogInput,1.7068634,,,,,,,,,,,,,
2026-04-13 17:31:00+00:00,presentValue,analogInput_103,analogInput,1.7121577,,,,,,,,,,,,,
2026-04-13 17:34:00+00:00,presentValue,analogInput_103,analogInput,1.7017646,,,,,,,,,,,,,
2026-04-13 17:37:00+00:00,presentValue,analogInput_103,analogInput,1.7127461,,,,,,,,,,,,,
2026-04-13 17:40:00+00:00,presentValue,analogInput_103,analogInput,1.706079,,,,,,,,,,,,,
2026-04-13 17:43:00+00:00,presentValue,analogInput_103,analogInput,1.7109814,,,,,,,,,,,,,
2026-04-13 17:46:00+00:00,presentValue,analogInput_103,analogInput,1.717845,,,,,,,,,,,,,
2026-04-13 17:49:00+00:00,presentValue,analogInput_103,analogInput,1.7223549,,,,,,,,,,,,,
2026-04-13 17:52:00+00:00,presentValue,analogInput_103,analogInput,1.7086282,,,,,,,,,,,,,
2026-04-13 17:55:00+00:00,presentValue,analogInput_103,analogInput,1.7170601,,,,,,,,,,,,,
2026-04-13 17:58:00+00:00,presentValue,analogInput_103,analogInput,1.7219629,,,,,,,,,,,,,
2026-04-13 18:01:00+00:00,presentValue,analogInput_103,analogInput,1.694509,,,,,,,,,,,,,
2026-04-13 18:05:00+00:00,presentValue,analogInput_103,analogInput,1.709805,,,,,,,,,,,,,
2026-04-13 18:07:00+00:00,presentValue,analogInput_103,analogInput,1.7029414,,,,,,,,,,,,,
2026-04-13 18:10:00+00:00,presentValue,analogInput_103,analogInput,1.6917639,,,,,,,,,,,,,
2026-04-13 18:13:00+00:00,presentValue,analogInput_103,analogInput,1.7147074,,,,,,,,,,,,,
2026-04-13 18:16:00+00:00,presentValue,analogInput_103,analogInput,1.7160797,,,,,,,,,,,,,
2026-04-13 18:19:00+00:00,presentValue,analogInput_103,analogInput,1.7131381,,,,,,,,,,,,,
2026-04-13 18:22:00+00:00,presentValue,analogInput_103,analogInput,1.6825476,,,,,,,,,,,,,
2026-04-13 18:25:00+00:00,presentValue,analogInput_103,analogInput,1.6994114,,,,,,,,,,,,,
2026-04-13 18:28:00+00:00,presentValue,analogInput_103,analogInput,1.6992154,,,,,,,,,,,,,
2026-04-13 18:31:00+00:00,presentValue,analogInput_103,analogInput,1.6901951,,,,,,,,,,,,,
2026-04-13 18:34:00+00:00,presentValue,analogInput_103,analogInput,1.698039,,,,,,,,,,,,,
2026-04-13 18:37:00+00:00,presentValue,analogInput_103,analogInput,1.6058736,,,,,,,,,,,,,
2026-04-13 18:40:00+00:00,presentValue,analogInput_103,analogInput,1.6996078,,,,,,,,,,,,,
2026-04-13 18:43:00+00:00,presentValue,analogInput_103,analogInput,1.6872535,,,,,,,,,,,,,
2026-04-13 18:46:00+00:00,presentValue,analogInput_103,analogInput,1.702353,,,,,,,,,,,,,
2026-04-13 18:49:00+00:00,presentValue,analogInput_103,analogInput,1.6966662,,,,,,,,,,,,,
2026-04-13 18:52:00+00:00,presentValue,analogInput_103,analogInput,1.6229334,,,,,,,,,,,,,
2026-04-13 18:55:00+00:00,presentValue,analogInput_103,analogInput,1.6776447,,,,,,,,,,,,,
2026-04-13 18:58:00+00:00,presentValue,analogInput_103,analogInput,1.6901951,,,,,,,,,,,,,
2026-04-13 19:01:00+00:00,presentValue,analogInput_103,analogInput,1.6939211,,,,,,,,,,,,,
2026-04-13 19:04:00+00:00,presentValue,analogInput_103,analogInput,1.6839199,,,,,,,,,,,,,
2026-04-13 19:07:00+00:00,presentValue,analogInput_103,analogInput,1.6860771,,,,,,,,,,,,,
2026-04-13 19:10:00+00:00,presentValue,analogInput_103,analogInput,1.6815672,,,,,,,,,,,,,
2026-04-13 19:13:00+00:00,presentValue,analogInput_103,analogInput,1.5235128,,,,,,,,,,,,,
2026-04-13 19:16:00+00:00,presentValue,analogInput_103,analogInput,1.6276402,,,,,,,,,,,,,
2026-04-13 19:19:00+00:00,presentValue,analogInput_103,analogInput,1.6227374,,,,,,,,,,,,,
2026-04-13 19:22:00+00:00,presentValue,analogInput_103,analogInput,1.6292086,,,,,,,,,,,,,
2026-04-13 19:25:00+00:00,presentValue,analogInput_103,analogInput,1.6272478,,,,,,,,,,,,,
2026-04-13 19:28:00+00:00,presentValue,analogInput_103,analogInput,1.6299934,,,,,,,,,,,,,
2026-04-13 19:31:00+00:00,presentValue,analogInput_103,analogInput,1.6223454,,,,,,,,,,,,,
2026-04-13 19:34:00+00:00,presentValue,analogInput_103,analogInput,1.6013632,,,,,,,,,,,,,
2026-04-13 19:37:00+00:00,presentValue,analogInput_103,analogInput,1.5841069,,,,,,,,,,,,,
2026-04-13 19:40:00+00:00,presentValue,analogInput_103,analogInput,1.5554762,,,,,,,,,,,,,
2026-04-13 19:43:00+00:00,presentValue,analogInput_103,analogInput,1.5372396,,,,,,,,,,,,,
2026-04-13 19:46:00+00:00,presentValue,analogInput_103,analogInput,1.4725277,,,,,,,,,,,,,
2026-04-13 19:49:00+00:00,presentValue,analogInput_103,analogInput,1.415071,,,,,,,,,,,,,
2026-04-13 19:52:00+00:00,presentValue,analogInput_103,analogInput,1.4005599,,,,,,,,,,,,,
2026-04-13 19:55:00+00:00,presentValue,analogInput_103,analogInput,1.4038937,,,,,,,,,,,,,
2026-04-13 19:58:00+00:00,presentValue,analogInput_103,analogInput,1.38801,,,,,,,,,,,,,
2026-04-13 20:01:00+00:00,presentValue,analogInput_103,analogInput,1.3754597,,,,,,,,,,,,,
2026-04-13 20:04:00+00:00,presentValue,analogInput_103,analogInput,1.3482022,,,,,,,,,,,,,
2026-04-13 20:07:00+00:00,presentValue,analogInput_103,analogInput,1.3248668,,,,,,,,,,,,,
2026-04-13 20:10:00+00:00,presentValue,analogInput_103,analogInput,1.2942758,,,,,,,,,,,,,
2026-04-13 20:13:00+00:00,presentValue,analogInput_103,analogInput,1.2615275,,,,,,,,,,,,,
2026-04-13 20:16:00+00:00,presentValue,analogInput_103,analogInput,1.223681,,,,,,,,,,,,,
2026-04-13 20:19:00+00:00,presentValue,analogInput_103,analogInput,1.1823049,,,,,,,,,,,,,
2026-04-13 20:22:00+00:00,presentValue,analogInput_103,analogInput,1.138967,,,,,,,,,,,,,
2026-04-13 20:25:00+00:00,presentValue,analogInput_103,analogInput,1.0954335,,,,,,,,,,,,,
2026-04-13 20:28:00+00:00,presentValue,analogInput_103,analogInput,1.0468013,,,,,,,,,,,,,
2026-04-13 20:31:00+00:00,presentValue,analogInput_103,analogInput,0.9995427,,,,,,,,,,,,,
2026-04-13 20:34:00+00:00,presentValue,analogInput_103,analogInput,0.9481652,,,,,,,,,,,,,
2026-04-13 20:37:00+00:00,presentValue,analogInput_103,analogInput,0.90208244,,,,,,,,,,,,,
2026-04-13 20:40:00+00:00,presentValue,analogInput_103,analogInput,0.84952855,,,,,,,,,,,,,
2026-04-13 20:43:00+00:00,presentValue,analogInput_103,analogInput,0.802073,,,,,,,,,,,,,
2026-04-13 20:46:00+00:00,presentValue,analogInput_103,analogInput,0.75108767,,,,,,,,,,,,,
2026-04-13 20:49:00+00:00,presentValue,analogInput_103,analogInput,0.70441675,,,,,,,,,,,,,
2026-04-13 20:52:00+00:00,presentValue,analogInput_103,analogInput,0.6571574,,,,,,,,,,,,,
2026-04-13 20:55:00+00:00,presentValue,analogInput_103,analogInput,0.6077411,,,,,,,,,,,,,
2026-04-13 20:58:00+00:00,presentValue,analogInput_103,analogInput,0.5634234,,,,,,,,,,,,,
2026-04-13 21:01:00+00:00,presentValue,analogInput_103,analogInput,0.49929953,,,,,,,,,,,,,
2026-04-13 21:04:00+00:00,presentValue,analogInput_103,analogInput,0.41635084,,,,,,,,,,,,,
2026-04-13 21:07:00+00:00,presentValue,analogInput_103,analogInput,0.36124754,,,,,,,,,,,,,
2026-04-13 21:10:00+00:00,presentValue,analogInput_103,analogInput,0.30477166,,,,,,,,,,,,,
2026-04-13 21:13:00+00:00,presentValue,analogInput_103,analogInput,0.25908113,,,,,,,,,,,,,
2026-04-13 21:16:00+00:00,presentValue,analogInput_103,analogInput,0.21692038,,,,,,,,,,,,,
2026-04-13 21:19:00+00:00,presentValue,analogInput_103,analogInput,0.17926955,,,,,,,,,,,,,
2026-04-13 21:22:00+00:00,presentValue,analogInput_103,analogInput,0.1382854,,,,,,,,,,,,,
2026-04-13 21:25:00+00:00,presentValue,analogInput_103,analogInput,0.09769344,,,,,,,,,,,,,
2026-04-13 21:28:00+00:00,presentValue,analogInput_103,analogInput,0.063768625,,,,,,,,,,,,,
2026-04-13 21:31:00+00:00,presentValue,analogInput_103,analogInput,0.025333881,,,,,,,,,,,,,
2026-04-13 21:34:00+00:00,presentValue,analogInput_103,analogInput,-0.006825924,,,,,,,,,,,,,
2026-04-13 21:37:00+00:00,presentValue,analogInput_103,analogInput,-0.0021197796,,,,,,,,,,,,,
2026-04-13 21:40:00+00:00,presentValue,analogInput_103,analogInput,-0.0007472038,,,,,,,,,,,,,
2026-04-13 21:43:00+00:00,presentValue,analogInput_103,analogInput,-0.00035500526,,,,,,,,,,,,,
2026-04-13 21:46:00+00:00,presentValue,analogInput_103,analogInput,-0.00015878677,,,,,,,,,,,,,
2026-04-13 21:49:00+00:00,presentValue,analogInput_103,analogInput,-0.00055098534,,,,,,,,,,,,,
2026-04-13 21:52:00+00:00,presentValue,analogInput_103,analogInput,-0.00015878677,,,,,,,,,,,,,
2026-04-13 21:55:00+00:00,presentValue,analogInput_103,analogInput,-0.00055098534,,,,,,,,,,,,,
2026-04-13 21:58:00+00:00,presentValue,analogInput_103,analogInput,-0.00015878677,,,,,,,,,,,,,
2026-04-13 22:01:00+00:00,presentValue,analogInput_103,analogInput,3.71933e-05,,,,,,,,,,,,,
2026-04-13 22:04:00+00:00,presentValue,analogInput_103,analogInput,-0.00055098534,,,,,,,,,,,,,
2026-04-13 22:07:00+00:00,presentValue,analogInput_103,analogInput,-0.0009431839,,,,,,,,,,,,,
2026-04-13 22:10:00+00:00,presentValue,analogInput_103,analogInput,-0.00035500526,,,,,,,,,,,,,
2026-04-13 22:13:00+00:00,presentValue,analogInput_103,analogInput,-0.00055098534,,,,,,,,,,,,,
2026-04-13 22:16:00+00:00,presentValue,analogInput_103,analogInput,-0.00055098534,,,,,,,,,,,,,
2026-04-13 22:19:00+00:00,presentValue,analogInput_103,analogInput,-0.0007472038,,,,,,,,,,,,,
2026-04-13 22:22:00+00:00,presentValue,analogInput_103,analogInput,-0.00055098534,,,,,,,,,,,,,
2026-04-13 22:25:00+00:00,presentValue,analogInput_103,analogInput,-0.0007472038,,,,,,,,,,,,,
2026-04-13 22:28:00+00:00,presentValue,analogInput_103,analogInput,-0.00055098534,,,,,,,,,,,,,
2026-04-13 22:31:00+00:00,presentValue,analogInput_103,analogInput,-0.0007472038,,,,,,,,,,,,,
2026-04-13 22:34:00+00:00,presentValue,analogInput_103,analogInput,-0.0007472038,,,,,,,,,,,,,
2026-04-13 22:37:00+00:00,presentValue,analogInput_103,analogInput,-0.0007472038,,,,,,,,,,,,,
2026-04-13 22:40:00+00:00,presentValue,analogInput_103,analogInput,-0.0009431839,,,,,,,,,,,,,
2026-04-13 22:43:00+00:00,presentValue,analogInput_103,analogInput,-0.0007472038,,,,,,,,,,,,,
2026-04-13 22:46:00+00:00,presentValue,analogInput_103,analogInput,-0.0007472038,,,,,,,,,,,,,
2026-04-13 22:49:00+00:00,presentValue,analogInput_103,analogInput,-0.0009431839,,,,,,,,,,,,,
2026-04-13 22:52:00+00:00,presentValue,analogInput_103,analogInput,-0.0007472038,,,,,,,,,,,,,
2026-04-13 22:55:00+00:00,presentValue,analogInput_103,analogInput,-0.0009431839,,,,,,,,,,,,,
2026-04-13 22:58:00+00:00,presentValue,analogInput_103,analogInput,-0.0007472038,,,,,,,,,,,,,
2026-04-13 23:01:00+00:00,presentValue,analogInput_103,analogInput,-0.0013356209,,,,,,,,,,,,,
2026-04-13 23:04:00+00:00,presentValue,analogInput_103,analogInput,-0.0007472038,,,,,,,,,,,,,
2026-04-13 23:07:00+00:00,presentValue,analogInput_103,analogInput,-0.0007472038,,,,,,,,,,,,,
2026-04-13 23:10:00+00:00,presentValue,analogInput_103,analogInput,-0.0009431839,,,,,,,,,,,,,
2026-04-13 23:13:00+00:00,presentValue,analogInput_103,analogInput,-0.001139164,,,,,,,,,,,,,
2026-04-13 23:16:00+00:00,presentValue,analogInput_103,analogInput,-0.0007472038,,,,,,,,,,,,,
2026-04-13 23:19:00+00:00,presentValue,analogInput_103,analogInput,-0.0009431839,,,,,,,,,,,,,
2026-04-13 23:22:00+00:00,presentValue,analogInput_103,analogInput,-0.0009431839,,,,,,,,,,,,,
2026-04-13 23:25:00+00:00,presentValue,analogInput_103,analogInput,-0.0009431839,,,,,,,,,,,,,
2026-04-13 23:28:00+00:00,presentValue,analogInput_103,analogInput,-0.001139164,,,,,,,,,,,,,
2026-04-13 23:31:00+00:00,presentValue,analogInput_103,analogInput,-0.0009431839,,,,,,,,,,,,,
2026-04-13 23:34:00+00:00,presentValue,analogInput_103,analogInput,-0.0009431839,,,,,,,,,,,,,
2026-04-13 23:37:00+00:00,presentValue,analogInput_103,analogInput,-0.0007472038,,,,,,,,,,,,,
2026-04-13 23:40:00+00:00,presentValue,analogInput_103,analogInput,-0.001139164,,,,,,,,,,,,,
2026-04-13 23:43:00+00:00,presentValue,analogInput_103,analogInput,-0.001139164,,,,,,,,,,,,,
2026-04-13 23:46:00+00:00,presentValue,analogInput_103,analogInput,-0.001139164,,,,,,,,,,,,,
2026-04-13 23:49:00+00:00,presentValue,analogInput_103,analogInput,-0.001139164,,,,,,,,,,,,,
2026-04-13 23:52:00+00:00,presentValue,analogInput_103,analogInput,-0.001139164,,,,,,,,,,,,,
2026-04-13 23:55:00+00:00,presentValue,analogInput_103,analogInput,-0.0013356209,,,,,,,,,,,,,
2026-04-13 23:58:00+00:00,presentValue,analogInput_103,analogInput,-0.0009431839,,,,,,,,,,,,,
2026-04-13 11:01:00+00:00,presentValue,analogInput_105,analogInput,,-0.014866114,,,,,,,,,,,,
2026-04-13 11:04:00+00:00,presentValue,analogInput_105,analogInput,,-0.014866114,,,,,,,,,,,,
2026-04-13 11:07:00+00:00,presentValue,analogInput_105,analogInput,,-0.015062332,,,,,,,,,,,,
2026-04-13 11:10:00+00:00,presentValue,analogInput_105,analogInput,,-0.015062332,,,,,,,,,,,,
2026-04-13 11:13:00+00:00,presentValue,analogInput_105,analogInput,,-0.015062332,,,,,,,,,,,,
2026-04-13 11:16:00+00:00,presentValue,analogInput_105,analogInput,,-0.015062332,,,,,,,,,,,,
2026-04-13 11:19:00+00:00,presentValue,analogInput_105,analogInput,,-0.014866114,,,,,,,,,,,,
2026-04-13 11:22:00+00:00,presentValue,analogInput_105,analogInput,,-0.014866114,,,,,,,,,,,,
2026-04-13 11:25:00+00:00,presentValue,analogInput_105,analogInput,,-0.014866114,,,,,,,,,,,,
2026-04-13 11:28:00+00:00,presentValue,analogInput_105,analogInput,,-0.014669895,,,,,,,,,,,,
2026-04-13 11:31:00+00:00,presentValue,analogInput_105,analogInput,,-0.014277935,,,,,,,,,,,,
2026-04-13 11:34:00+00:00,presentValue,analogInput_105,analogInput,,-0.014473915,,,,,,,,,,,,
2026-04-13 11:37:00+00:00,presentValue,analogInput_105,analogInput,,-0.014081717,,,,,,,,,,,,
2026-04-13 11:40:00+00:00,presentValue,analogInput_105,analogInput,,-0.013689518,,,,,,,,,,,,
2026-04-13 11:43:00+00:00,presentValue,analogInput_105,analogInput,,-0.013689518,,,,,,,,,,,,
2026-04-13 11:46:00+00:00,presentValue,analogInput_105,analogInput,,-0.013493538,,,,,,,,,,,,
2026-04-13 11:49:00+00:00,presentValue,analogInput_105,analogInput,,-0.013493538,,,,,,,,,,,,
2026-04-13 11:52:00+00:00,presentValue,analogInput_105,analogInput,,-0.013297319,,,,,,,,,,,,
2026-04-13 11:55:00+00:00,presentValue,analogInput_105,analogInput,,-0.013493538,,,,,,,,,,,,
2026-04-13 11:58:00+00:00,presentValue,analogInput_105,analogInput,,-0.013101101,,,,,,,,,,,,
2026-04-13 12:01:00+00:00,presentValue,analogInput_105,analogInput,,-0.013297319,,,,,,,,,,,,
2026-04-13 12:04:00+00:00,presentValue,analogInput_105,analogInput,,-0.013101101,,,,,,,,,,,,
2026-04-13 12:07:00+00:00,presentValue,analogInput_105,analogInput,,-0.012905121,,,,,,,,,,,,
2026-04-13 12:10:00+00:00,presentValue,analogInput_105,analogInput,,-0.012905121,,,,,,,,,,,,
2026-04-13 12:13:00+00:00,presentValue,analogInput_105,analogInput,,-0.012905121,,,,,,,,,,,,
2026-04-13 12:16:00+00:00,presentValue,analogInput_105,analogInput,,-0.012709141,,,,,,,,,,,,
2026-04-13 12:19:00+00:00,presentValue,analogInput_105,analogInput,,-0.012316942,,,,,,,,,,,,
2026-04-13 12:22:00+00:00,presentValue,analogInput_105,analogInput,,-0.011924744,,,,,,,,,,,,
2026-04-13 12:25:00+00:00,presentValue,analogInput_105,analogInput,,-0.011728525,,,,,,,,,,,,
2026-04-13 12:28:00+00:00,presentValue,analogInput_105,analogInput,,-0.011728525,,,,,,,,,,,,
2026-04-13 12:31:00+00:00,presentValue,analogInput_105,analogInput,,-0.011728525,,,,,,,,,,,,
2026-04-13 12:34:00+00:00,presentValue,analogInput_105,analogInput,,-0.011532307,,,,,,,,,,,,
2026-04-13 12:37:00+00:00,presentValue,analogInput_105,analogInput,,-0.011532307,,,,,,,,,,,,
2026-04-13 12:40:00+00:00,presentValue,analogInput_105,analogInput,,-0.011728525,,,,,,,,,,,,
2026-04-13 12:43:00+00:00,presentValue,analogInput_105,analogInput,,-0.011924744,,,,,,,,,,,,
2026-04-13 12:46:00+00:00,presentValue,analogInput_105,analogInput,,-0.011728525,,,,,,,,,,,,
2026-04-13 12:49:00+00:00,presentValue,analogInput_105,analogInput,,-0.011728525,,,,,,,,,,,,
2026-04-13 12:52:00+00:00,presentValue,analogInput_105,analogInput,,-0.011336327,,,,,,,,,,,,
2026-04-13 12:55:00+00:00,presentValue,analogInput_105,analogInput,,-0.011728525,,,,,,,,,,,,
2026-04-13 12:58:00+00:00,presentValue,analogInput_105,analogInput,,-0.011728525,,,,,,,,,,,,
2026-04-13 13:01:00+00:00,presentValue,analogInput_105,analogInput,,-0.011924744,,,,,,,,,,,,
2026-04-13 13:04:00+00:00,presentValue,analogInput_105,analogInput,,-0.011728525,,,,,,,,,,,,
2026-04-13 13:07:00+00:00,presentValue,analogInput_105,analogInput,,-0.011924744,,,,,,,,,,,,
2026-04-13 13:10:00+00:00,presentValue,analogInput_105,analogInput,,-0.011924744,,,,,,,,,,,,
2026-04-13 13:13:00+00:00,presentValue,analogInput_105,analogInput,,-0.011924744,,,,,,,,,,,,
2026-04-13 13:16:00+00:00,presentValue,analogInput_105,analogInput,,-0.011728525,,,,,,,,,,,,
2026-04-13 13:19:00+00:00,presentValue,analogInput_105,analogInput,,-0.011336327,,,,,,,,,,,,
2026-04-13 13:22:00+00:00,presentValue,analogInput_105,analogInput,,-0.011728525,,,,,,,,,,,,
2026-04-13 13:25:00+00:00,presentValue,analogInput_105,analogInput,,-0.012120724,,,,,,,,,,,,
2026-04-13 13:28:00+00:00,presentValue,analogInput_105,analogInput,,-0.011532307,,,,,,,,,,,,
2026-04-13 13:31:00+00:00,presentValue,analogInput_105,analogInput,,-0.011532307,,,,,,,,,,,,
2026-04-13 13:34:00+00:00,presentValue,analogInput_105,analogInput,,-0.011532307,,,,,,,,,,,,
2026-04-13 13:37:00+00:00,presentValue,analogInput_105,analogInput,,-0.011728525,,,,,,,,,,,,
2026-04-13 13:40:00+00:00,presentValue,analogInput_105,analogInput,,-0.011728525,,,,,,,,,,,,
2026-04-13 13:43:00+00:00,presentValue,analogInput_105,analogInput,,-0.011532307,,,,,,,,,,,,
2026-04-13 13:46:00+00:00,presentValue,analogInput_105,analogInput,,0.14044237,,,,,,,,,,,,
2026-04-13 13:49:00+00:00,presentValue,analogInput_105,analogInput,,0.13965821,,,,,,,,,,,,
2026-04-13 13:52:00+00:00,presentValue,analogInput_105,analogInput,,0.1378932,,,,,,,,,,,,
2026-04-13 13:55:00+00:00,presentValue,analogInput_105,analogInput,,0.14024639,,,,,,,,,,,,
2026-04-13 13:58:00+00:00,presentValue,analogInput_105,analogInput,,0.14005041,,,,,,,,,,,,
2026-04-13 14:01:00+00:00,presentValue,analogInput_105,analogInput,,0.14181519,,,,,,,,,,,,
2026-04-13 14:04:00+00:00,presentValue,analogInput_105,analogInput,,0.14142299,,,,,,,,,,,,
2026-04-13 14:07:00+00:00,presentValue,analogInput_105,analogInput,,0.14103079,,,,,,,,,,,,
2026-04-13 14:10:00+00:00,presentValue,analogInput_105,analogInput,,0.141227,,,,,,,,,,,,
2026-04-13 14:13:00+00:00,presentValue,analogInput_105,analogInput,,0.1439724,,,,,,,,,,,,
2026-04-13 14:16:00+00:00,presentValue,analogInput_105,analogInput,,0.14357996,,,,,,,,,,,,
2026-04-13 14:19:00+00:00,presentValue,analogInput_105,analogInput,,0.14377642,,,,,,,,,,,,
2026-04-13 14:22:00+00:00,presentValue,analogInput_105,analogInput,,0.1424036,,,,,,,,,,,,
2026-04-13 14:25:00+00:00,presentValue,analogInput_105,analogInput,,0.1439724,,,,,,,,,,,,
2026-04-13 14:28:00+00:00,presentValue,analogInput_105,analogInput,,0.14220762,,,,,,,,,,,,
2026-04-13 14:31:00+00:00,presentValue,analogInput_105,analogInput,,0.14338398,,,,,,,,,,,,
2026-04-13 14:34:00+00:00,presentValue,analogInput_105,analogInput,,0.14338398,,,,,,,,,,,,
2026-04-13 14:37:00+00:00,presentValue,analogInput_105,analogInput,,0.14357996,,,,,,,,,,,,
2026-04-13 14:40:00+00:00,presentValue,analogInput_105,analogInput,,0.14377642,,,,,,,,,,,,
2026-04-13 14:43:00+00:00,presentValue,analogInput_105,analogInput,,0.14495277,,,,,,,,,,,,
2026-04-13 14:46:00+00:00,presentValue,analogInput_105,analogInput,,0.14514875,,,,,,,,,,,,
2026-04-13 14:49:00+00:00,presentValue,analogInput_105,analogInput,,0.14632559,,,,,,,,,,,,
2026-04-13 14:52:00+00:00,presentValue,analogInput_105,analogInput,,0.14750218,,,,,,,,,,,,
2026-04-13 14:55:00+00:00,presentValue,analogInput_105,analogInput,,0.14789438,,,,,,,,,,,,
2026-04-13 14:58:00+00:00,presentValue,analogInput_105,analogInput,,0.14789438,,,,,,,,,,,,
2026-04-13 15:01:00+00:00,presentValue,analogInput_105,analogInput,,0.14946318,,,,,,,,,,,,
2026-04-13 15:04:00+00:00,presentValue,analogInput_105,analogInput,,0.14965916,,,,,,,,,,,,
2026-04-13 15:07:00+00:00,presentValue,analogInput_105,analogInput,,0.14828634,,,,,,,,,,,,
2026-04-13 15:10:00+00:00,presentValue,analogInput_105,analogInput,,0.14789438,,,,,,,,,,,,
2026-04-13 15:13:00+00:00,presentValue,analogInput_105,analogInput,,0.16946483,,,,,,,,,,,,
2026-04-13 15:16:00+00:00,presentValue,analogInput_105,analogInput,,0.22241068,,,,,,,,,,,,
2026-04-13 15:19:00+00:00,presentValue,analogInput_105,analogInput,,0.26692486,,,,,,,,,,,,
2026-04-13 15:22:00+00:00,presentValue,analogInput_105,analogInput,,0.4290967,,,,,,,,,,,,
2026-04-13 15:25:00+00:00,presentValue,analogInput_105,analogInput,,0.5598936,,,,,,,,,,,,
2026-04-13 15:28:00+00:00,presentValue,analogInput_105,analogInput,,0.71520185,,,,,,,,,,,,
2026-04-13 15:31:00+00:00,presentValue,analogInput_105,analogInput,,0.8865905,,,,,,,,,,,,
2026-04-13 15:34:00+00:00,presentValue,analogInput_105,analogInput,,1.0679803,,,,,,,,,,,,
2026-04-13 15:37:00+00:00,presentValue,analogInput_105,analogInput,,1.2679989,,,,,,,,,,,,
2026-04-13 15:40:00+00:00,presentValue,analogInput_105,analogInput,,1.4801755,,,,,,,,,,,,
2026-04-13 15:43:00+00:00,presentValue,analogInput_105,analogInput,,1.7001963,,,,,,,,,,,,
2026-04-13 15:46:00+00:00,presentValue,analogInput_105,analogInput,,1.8533473,,,,,,,,,,,,
2026-04-13 15:49:00+00:00,presentValue,analogInput_105,analogInput,,1.8660936,,,,,,,,,,,,
2026-04-13 15:52:00+00:00,presentValue,analogInput_105,analogInput,,1.8615837,,,,,,,,,,,,
2026-04-13 15:55:00+00:00,presentValue,analogInput_105,analogInput,,1.882566,,,,,,,,,,,,
2026-04-13 15:58:00+00:00,presentValue,analogInput_105,analogInput,,1.8845267,,,,,,,,,,,,
2026-04-13 16:01:00+00:00,presentValue,analogInput_105,analogInput,,1.8539357,,,,,,,,,,,,
2026-04-13 16:04:00+00:00,presentValue,analogInput_105,analogInput,,1.9025679,,,,,,,,,,,,
2026-04-13 16:07:00+00:00,presentValue,analogInput_105,analogInput,,1.8060884,,,,,,,,,,,,
2026-04-13 16:10:00+00:00,presentValue,analogInput_105,analogInput,,1.8806047,,,,,,,,,,,,
2026-04-13 16:13:00+00:00,presentValue,analogInput_105,analogInput,,1.8909979,,,,,,,,,,,,
2026-04-13 16:16:00+00:00,presentValue,analogInput_105,analogInput,,1.8855076,,,,,,,,,,,,
2026-04-13 16:19:00+00:00,presentValue,analogInput_105,analogInput,,1.832365,,,,,,,,,,,,
2026-04-13 16:22:00+00:00,presentValue,analogInput_105,analogInput,,1.8972731,,,,,,,,,,,,
2026-04-13 16:25:00+00:00,presentValue,analogInput_105,analogInput,,1.8945279,,,,,,,,,,,,
2026-04-13 16:28:00+00:00,presentValue,analogInput_105,analogInput,,1.828639,,,,,,,,,,,,
2026-04-13 16:31:00+00:00,presentValue,analogInput_105,analogInput,,1.9213929,,,,,,,,,,,,
2026-04-13 16:34:00+00:00,presentValue,analogInput_105,analogInput,,1.9121766,,,,,,,,,,,,
2026-04-13 16:37:00+00:00,presentValue,analogInput_105,analogInput,,1.8372679,,,,,,,,,,,,
2026-04-13 16:40:00+00:00,presentValue,analogInput_105,analogInput,,1.9241381,,,,,,,,,,,,
2026-04-13 16:43:00+00:00,presentValue,analogInput_105,analogInput,,1.904921,,,,,,,,,,,,
2026-04-13 16:46:00+00:00,presentValue,analogInput_105,analogInput,,1.8945279,,,,,,,,,,,,
2026-04-13 16:49:00+00:00,presentValue,analogInput_105,analogInput,,1.909039,,,,,,,,,,,,
2026-04-13 16:52:00+00:00,presentValue,analogInput_105,analogInput,,1.8557005,,,,,,,,,,,,
2026-04-13 16:55:00+00:00,presentValue,analogInput_105,analogInput,,1.9080586,,,,,,,,,,,,
2026-04-13 16:58:00+00:00,presentValue,analogInput_105,analogInput,,1.916295,,,,,,,,,,,,
2026-04-13 17:01:00+00:00,presentValue,analogInput_105,analogInput,,1.8219724,,,,,,,,,,,,
2026-04-13 17:04:00+00:00,presentValue,analogInput_105,analogInput,,1.8811932,,,,,,,,,,,,
2026-04-13 17:07:00+00:00,presentValue,analogInput_105,analogInput,,1.9104118,,,,,,,,,,,,
2026-04-13 17:10:00+00:00,presentValue,analogInput_105,analogInput,,1.9231577,,,,,,,,,,,,
2026-04-13 17:13:00+00:00,presentValue,analogInput_105,analogInput,,1.8966846,,,,,,,,,,,,
2026-04-13 17:16:00+00:00,presentValue,analogInput_105,analogInput,,1.9113922,,,,,,,,,,,,
2026-04-13 17:19:00+00:00,presentValue,analogInput_105,analogInput,,1.9333549,,,,,,,,,,,,
2026-04-13 17:22:00+00:00,presentValue,analogInput_105,analogInput,,1.8806047,,,,,,,,,,,,
2026-04-13 17:25:00+00:00,presentValue,analogInput_105,analogInput,,1.8694277,,,,,,,,,,,,
2026-04-13 17:28:00+00:00,presentValue,analogInput_105,analogInput,,1.8990378,,,,,,,,,,,,
2026-04-13 17:31:00+00:00,presentValue,analogInput_105,analogInput,,1.8727608,,,,,,,,,,,,
2026-04-13 17:34:00+00:00,presentValue,analogInput_105,analogInput,,1.9027638,,,,,,,,,,,,
2026-04-13 17:37:00+00:00,presentValue,analogInput_105,analogInput,,1.8970766,,,,,,,,,,,,
2026-04-13 17:40:00+00:00,presentValue,analogInput_105,analogInput,,1.8560929,,,,,,,,,,,,
2026-04-13 17:43:00+00:00,presentValue,analogInput_105,analogInput,,1.9123726,,,,,,,,,,,,
2026-04-13 17:46:00+00:00,presentValue,analogInput_105,analogInput,,1.9062934,,,,,,,,,,,,
2026-04-13 17:49:00+00:00,presentValue,analogInput_105,analogInput,,1.9008031,,,,,,,,,,,,
2026-04-13 17:52:00+00:00,presentValue,analogInput_105,analogInput,,1.8200111,,,,,,,,,,,,
2026-04-13 17:55:00+00:00,presentValue,analogInput_105,analogInput,,1.7421608,,,,,,,,,,,,
2026-04-13 17:58:00+00:00,presentValue,analogInput_105,analogInput,,1.8560929,,,,,,,,,,,,
2026-04-13 18:01:00+00:00,presentValue,analogInput_105,analogInput,,1.8682508,,,,,,,,,,,,
2026-04-13 18:05:00+00:00,presentValue,analogInput_105,analogInput,,1.8800168,,,,,,,,,,,,
2026-04-13 18:07:00+00:00,presentValue,analogInput_105,analogInput,,1.8911943,,,,,,,,,,,,
2026-04-13 18:10:00+00:00,presentValue,analogInput_105,analogInput,,1.8415818,,,,,,,,,,,,
2026-04-13 18:13:00+00:00,presentValue,analogInput_105,analogInput,,1.874918,,,,,,,,,,,,
2026-04-13 18:16:00+00:00,presentValue,analogInput_105,analogInput,,1.8921747,,,,,,,,,,,,
2026-04-13 18:19:00+00:00,presentValue,analogInput_105,analogInput,,1.8800168,,,,,,,,,,,,
2026-04-13 18:22:00+00:00,presentValue,analogInput_105,analogInput,,1.7990289,,,,,,,,,,,,
2026-04-13 18:25:00+00:00,presentValue,analogInput_105,analogInput,,1.8568773,,,,,,,,,,,,
2026-04-13 18:28:00+00:00,presentValue,analogInput_105,analogInput,,1.8639364,,,,,,,,,,,,
2026-04-13 18:31:00+00:00,presentValue,analogInput_105,analogInput,,1.7454944,,,,,,,,,,,,
2026-04-13 18:34:00+00:00,presentValue,analogInput_105,analogInput,,1.8547201,,,,,,,,,,,,
2026-04-13 18:37:00+00:00,presentValue,analogInput_105,analogInput,,1.7654963,,,,,,,,,,,,
2026-04-13 18:40:00+00:00,presentValue,analogInput_105,analogInput,,1.8525629,,,,,,,,,,,,
2026-04-13 18:43:00+00:00,presentValue,analogInput_105,analogInput,,1.836287,,,,,,,,,,,,
2026-04-13 18:46:00+00:00,presentValue,analogInput_105,analogInput,,1.8588381,,,,,,,,,,,,
2026-04-13 18:49:00+00:00,presentValue,analogInput_105,analogInput,,1.8582501,,,,,,,,,,,,
2026-04-13 18:52:00+00:00,presentValue,analogInput_105,analogInput,,1.7649078,,,,,,,,,,,,
2026-04-13 18:55:00+00:00,presentValue,analogInput_105,analogInput,,1.8355026,,,,,,,,,,,,
2026-04-13 18:58:00+00:00,presentValue,analogInput_105,analogInput,,1.8415818,,,,,,,,,,,,
2026-04-13 19:01:00+00:00,presentValue,analogInput_105,analogInput,,1.8419738,,,,,,,,,,,,
2026-04-13 19:04:00+00:00,presentValue,analogInput_105,analogInput,,1.8339338,,,,,,,,,,,,
2026-04-13 19:07:00+00:00,presentValue,analogInput_105,analogInput,,1.8417778,,,,,,,,,,,,
2026-04-13 19:10:00+00:00,presentValue,analogInput_105,analogInput,,1.8386402,,,,,,,,,,,,
2026-04-13 19:13:00+00:00,presentValue,analogInput_105,analogInput,,1.6786256,,,,,,,,,,,,
2026-04-13 19:16:00+00:00,presentValue,analogInput_105,analogInput,,1.7837329,,,,,,,,,,,,
2026-04-13 19:19:00+00:00,presentValue,analogInput_105,analogInput,,1.7792234,,,,,,,,,,,,
2026-04-13 19:22:00+00:00,presentValue,analogInput_105,analogInput,,1.7864785,,,,,,,,,,,,
2026-04-13 19:25:00+00:00,presentValue,analogInput_105,analogInput,,1.7786345,,,,,,,,,,,,
2026-04-13 19:28:00+00:00,presentValue,analogInput_105,analogInput,,1.7835369,,,,,,,,,,,,
2026-04-13 19:31:00+00:00,presentValue,analogInput_105,analogInput,,1.7733402,,,,,,,,,,,,
2026-04-13 19:34:00+00:00,presentValue,analogInput_105,analogInput,,1.7580442,,,,,,,,,,,,
2026-04-13 19:37:00+00:00,presentValue,analogInput_105,analogInput,,1.7358856,,,,,,,,,,,,
2026-04-13 19:40:00+00:00,presentValue,analogInput_105,analogInput,,1.7076478,,,,,,,,,,,,
2026-04-13 19:43:00+00:00,presentValue,analogInput_105,analogInput,,1.6996078,,,,,,,,,,,,
2026-04-13 19:46:00+00:00,presentValue,analogInput_105,analogInput,,1.6101875,,,,,,,,,,,,
2026-04-13 19:49:00+00:00,presentValue,analogInput_105,analogInput,,1.5768509,,,,,,,,,,,,
2026-04-13 19:52:00+00:00,presentValue,analogInput_105,analogInput,,1.5542998,,,,,,,,,,,,
2026-04-13 19:55:00+00:00,presentValue,analogInput_105,analogInput,,1.5609674,,,,,,,,,,,,
2026-04-13 19:58:00+00:00,presentValue,analogInput_105,analogInput,,1.5442991,,,,,,,,,,,,
2026-04-13 20:01:00+00:00,presentValue,analogInput_105,analogInput,,1.5323372,,,,,,,,,,,,
2026-04-13 20:04:00+00:00,presentValue,analogInput_105,analogInput,,1.5054717,,,,,,,,,,,,
2026-04-13 20:07:00+00:00,presentValue,analogInput_105,analogInput,,1.4793911,,,,,,,,,,,,
2026-04-13 20:10:00+00:00,presentValue,analogInput_105,analogInput,,1.4503689,,,,,,,,,,,,
2026-04-13 20:13:00+00:00,presentValue,analogInput_105,analogInput,,1.4111495,,,,,,,,,,,,
2026-04-13 20:16:00+00:00,presentValue,analogInput_105,analogInput,,1.3717339,,,,,,,,,,,,
2026-04-13 20:19:00+00:00,presentValue,analogInput_105,analogInput,,1.334868,,,,,,,,,,,,
2026-04-13 20:22:00+00:00,presentValue,analogInput_105,analogInput,,1.2881966,,,,,,,,,,,,
2026-04-13 20:25:00+00:00,presentValue,analogInput_105,analogInput,,1.2452514,,,,,,,,,,,,
2026-04-13 20:28:00+00:00,presentValue,analogInput_105,analogInput,,1.1926975,,,,,,,,,,,,
2026-04-13 20:31:00+00:00,presentValue,analogInput_105,analogInput,,1.1452422,,,,,,,,,,,,
2026-04-13 20:34:00+00:00,presentValue,analogInput_105,analogInput,,1.0952373,,,,,,,,,,,,
2026-04-13 20:37:00+00:00,presentValue,analogInput_105,analogInput,,1.0481744,,,,,,,,,,,,
2026-04-13 20:40:00+00:00,presentValue,analogInput_105,analogInput,,0.98797274,,,,,,,,,,,,
2026-04-13 20:43:00+00:00,presentValue,analogInput_105,analogInput,,0.9442432,,,,,,,,,,,,
2026-04-13 20:46:00+00:00,presentValue,analogInput_105,analogInput,,0.89149284,,,,,,,,,,,,
2026-04-13 20:49:00+00:00,presentValue,analogInput_105,analogInput,,0.8512931,,,,,,,,,,,,
2026-04-13 20:52:00+00:00,presentValue,analogInput_105,analogInput,,0.7924645,,,,,,,,,,,,
2026-04-13 20:55:00+00:00,presentValue,analogInput_105,analogInput,,0.74402857,,,,,,,,,,,,
2026-04-13 20:58:00+00:00,presentValue,analogInput_105,analogInput,,0.6295078,,,,,,,,,,,,
2026-04-13 21:01:00+00:00,presentValue,analogInput_105,analogInput,,0.5279298,,,,,,,,,,,,
2026-04-13 21:04:00+00:00,presentValue,analogInput_105,analogInput,,0.40007472,,,,,,,,,,,,
2026-04-13 21:07:00+00:00,presentValue,analogInput_105,analogInput,,0.36418867,,,,,,,,,,,,
2026-04-13 21:10:00+00:00,presentValue,analogInput_105,analogInput,,0.30339885,,,,,,,,,,,,
2026-04-13 21:13:00+00:00,presentValue,analogInput_105,analogInput,,0.25986552,,,,,,,,,,,,
2026-04-13 21:16:00+00:00,presentValue,analogInput_105,analogInput,,0.22005773,,,,,,,,,,,,
2026-04-13 21:19:00+00:00,presentValue,analogInput_105,analogInput,,0.17358255,,,,,,,,,,,,
2026-04-13 21:22:00+00:00,presentValue,analogInput_105,analogInput,,0.13750124,,,,,,,,,,,,
2026-04-13 21:25:00+00:00,presentValue,analogInput_105,analogInput,,0.106125355,,,,,,,,,,,,
2026-04-13 21:28:00+00:00,presentValue,analogInput_105,analogInput,,0.061415434,,,,,,,,,,,,
2026-04-13 21:31:00+00:00,presentValue,analogInput_105,analogInput,,0.025137663,,,,,,,,,,,,
2026-04-13 21:34:00+00:00,presentValue,analogInput_105,analogInput,,0.0016059875,,,,,,,,,,,,
2026-04-13 21:37:00+00:00,presentValue,analogInput_105,analogInput,,-0.006825924,,,,,,,,,,,,
2026-04-13 21:40:00+00:00,presentValue,analogInput_105,analogInput,,-0.008590937,,,,,,,,,,,,
2026-04-13 21:43:00+00:00,presentValue,analogInput_105,analogInput,,-0.013689518,,,,,,,,,,,,
2026-04-13 21:46:00+00:00,presentValue,analogInput_105,analogInput,,-0.01859188,,,,,,,,,,,,
2026-04-13 21:49:00+00:00,presentValue,analogInput_105,analogInput,,-0.014277935,,,,,,,,,,,,
2026-04-13 21:52:00+00:00,presentValue,analogInput_105,analogInput,,-0.014277935,,,,,,,,,,,,
2026-04-13 21:55:00+00:00,presentValue,analogInput_105,analogInput,,-0.014277935,,,,,,,,,,,,
2026-04-13 21:58:00+00:00,presentValue,analogInput_105,analogInput,,-0.014473915,,,,,,,,,,,,
2026-04-13 22:01:00+00:00,presentValue,analogInput_105,analogInput,,-0.014669895,,,,,,,,,,,,
2026-04-13 22:04:00+00:00,presentValue,analogInput_105,analogInput,,-0.014669895,,,,,,,,,,,,
2026-04-13 22:07:00+00:00,presentValue,analogInput_105,analogInput,,-0.014866114,,,,,,,,,,,,
2026-04-13 22:10:00+00:00,presentValue,analogInput_105,analogInput,,-0.014669895,,,,,,,,,,,,
2026-04-13 22:13:00+00:00,presentValue,analogInput_105,analogInput,,-0.014473915,,,,,,,,,,,,
2026-04-13 22:16:00+00:00,presentValue,analogInput_105,analogInput,,-0.015062332,,,,,,,,,,,,
2026-04-13 22:19:00+00:00,presentValue,analogInput_105,analogInput,,-0.015062332,,,,,,,,,,,,
2026-04-13 22:22:00+00:00,presentValue,analogInput_105,analogInput,,-0.015062332,,,,,,,,,,,,
2026-04-13 22:25:00+00:00,presentValue,analogInput_105,analogInput,,-0.015258312,,,,,,,,,,,,
2026-04-13 22:28:00+00:00,presentValue,analogInput_105,analogInput,,-0.01584649,,,,,,,,,,,,
2026-04-13 22:31:00+00:00,presentValue,analogInput_105,analogInput,,-0.015258312,,,,,,,,,,,,
2026-04-13 22:34:00+00:00,presentValue,analogInput_105,analogInput,,-0.01584649,,,,,,,,,,,,
2026-04-13 22:37:00+00:00,presentValue,analogInput_105,analogInput,,-0.016042471,,,,,,,,,,,,
2026-04-13 22:40:00+00:00,presentValue,analogInput_105,analogInput,,-0.01584649,,,,,,,,,,,,
2026-04-13 22:43:00+00:00,presentValue,analogInput_105,analogInput,,-0.016042471,,,,,,,,,,,,
2026-04-13 22:46:00+00:00,presentValue,analogInput_105,analogInput,,-0.01584649,,,,,,,,,,,,
2026-04-13 22:49:00+00:00,presentValue,analogInput_105,analogInput,,-0.016042471,,,,,,,,,,,,
2026-04-13 22:52:00+00:00,presentValue,analogInput_105,analogInput,,-0.016042471,,,,,,,,,,,,
2026-04-13 22:55:00+00:00,presentValue,analogInput_105,analogInput,,-0.01623869,,,,,,,,,,,,
2026-04-13 22:58:00+00:00,presentValue,analogInput_105,analogInput,,-0.01623869,,,,,,,,,,,,
2026-04-13 23:01:00+00:00,presentValue,analogInput_105,analogInput,,-0.01623869,,,,,,,,,,,,
2026-04-13 23:04:00+00:00,presentValue,analogInput_105,analogInput,,-0.01623869,,,,,,,,,,,,
2026-04-13 23:07:00+00:00,presentValue,analogInput_105,analogInput,,-0.01623869,,,,,,,,,,,,
2026-04-13 23:10:00+00:00,presentValue,analogInput_105,analogInput,,-0.016434908,,,,,,,,,,,,
2026-04-13 23:13:00+00:00,presentValue,analogInput_105,analogInput,,-0.016434908,,,,,,,,,,,,
2026-04-13 23:16:00+00:00,presentValue,analogInput_105,analogInput,,-0.016434908,,,,,,,,,,,,
2026-04-13 23:19:00+00:00,presentValue,analogInput_105,analogInput,,-0.016434908,,,,,,,,,,,,
2026-04-13 23:22:00+00:00,presentValue,analogInput_105,analogInput,,-0.016630888,,,,,,,,,,,,
2026-04-13 23:25:00+00:00,presentValue,analogInput_105,analogInput,,-0.016827106,,,,,,,,,,,,
2026-04-13 23:28:00+00:00,presentValue,analogInput_105,analogInput,,-0.016630888,,,,,,,,,,,,
2026-04-13 23:31:00+00:00,presentValue,analogInput_105,analogInput,,-0.017023087,,,,,,,,,,,,
2026-04-13 23:34:00+00:00,presentValue,analogInput_105,analogInput,,-0.017219067,,,,,,,,,,,,
2026-04-13 23:37:00+00:00,presentValue,analogInput_105,analogInput,,-0.016827106,,,,,,,,,,,,
2026-04-13 23:40:00+00:00,presentValue,analogInput_105,analogInput,,-0.017219067,,,,,,,,,,,,
2026-04-13 23:43:00+00:00,presentValue,analogInput_105,analogInput,,-0.017023087,,,,,,,,,,,,
2026-04-13 23:46:00+00:00,presentValue,analogInput_105,analogInput,,-0.017023087,,,,,,,,,,,,
2026-04-13 23:49:00+00:00,presentValue,analogInput_105,analogInput,,-0.017415285,,,,,,,,,,,,
2026-04-13 23:52:00+00:00,presentValue,analogInput_105,analogInput,,-0.017415285,,,,,,,,,,,,
2026-04-13 23:55:00+00:00,presentValue,analogInput_105,analogInput,,-0.017415285,,,,,,,,,,,,
2026-04-13 23:58:00+00:00,presentValue,analogInput_105,analogInput,,-0.017219067,,,,,,,,,,,,
2026-04-13 11:01:00+00:00,presentValue,analogInput_106,analogInput,,,146.23305,,,,,,,,,,,
2026-04-13 11:04:00+00:00,presentValue,analogInput_106,analogInput,,,146.25266,,,,,,,,,,,
2026-04-13 11:07:00+00:00,presentValue,analogInput_106,analogInput,,,146.25266,,,,,,,,,,,
2026-04-13 11:10:00+00:00,presentValue,analogInput_106,analogInput,,,146.23305,,,,,,,,,,,
2026-04-13 11:13:00+00:00,presentValue,analogInput_106,analogInput,,,146.23305,,,,,,,,,,,
2026-04-13 11:16:00+00:00,presentValue,analogInput_106,analogInput,,,146.23305,,,,,,,,,,,
2026-04-13 11:19:00+00:00,presentValue,analogInput_106,analogInput,,,146.21344,,,,,,,,,,,
2026-04-13 11:22:00+00:00,presentValue,analogInput_106,analogInput,,,146.23305,,,,,,,,,,,
2026-04-13 11:25:00+00:00,presentValue,analogInput_106,analogInput,,,146.21344,,,,,,,,,,,
2026-04-13 11:28:00+00:00,presentValue,analogInput_106,analogInput,,,146.21344,,,,,,,,,,,
2026-04-13 11:31:00+00:00,presentValue,analogInput_106,analogInput,,,146.19383,,,,,,,,,,,
2026-04-13 11:34:00+00:00,presentValue,analogInput_106,analogInput,,,146.19383,,,,,,,,,,,
2026-04-13 11:37:00+00:00,presentValue,analogInput_106,analogInput,,,145.88007,,,,,,,,,,,
2026-04-13 11:40:00+00:00,presentValue,analogInput_106,analogInput,,,145.9389,,,,,,,,,,,
2026-04-13 11:43:00+00:00,presentValue,analogInput_106,analogInput,,,145.88007,,,,,,,,,,,
2026-04-13 11:46:00+00:00,presentValue,analogInput_106,analogInput,,,145.95851,,,,,,,,,,,
2026-04-13 11:49:00+00:00,presentValue,analogInput_106,analogInput,,,145.9389,,,,,,,,,,,
2026-04-13 11:52:00+00:00,presentValue,analogInput_106,analogInput,,,145.97812,,,,,,,,,,,
2026-04-13 11:55:00+00:00,presentValue,analogInput_106,analogInput,,,145.99773,,,,,,,,,,,
2026-04-13 11:58:00+00:00,presentValue,analogInput_106,analogInput,,,145.97812,,,,,,,,,,,
2026-04-13 12:01:00+00:00,presentValue,analogInput_106,analogInput,,,145.2722,,,,,,,,,,,
2026-04-13 12:04:00+00:00,presentValue,analogInput_106,analogInput,,,145.2722,,,,,,,,,,,
2026-04-13 12:07:00+00:00,presentValue,analogInput_106,analogInput,,,145.2722,,,,,,,,,,,
2026-04-13 12:10:00+00:00,presentValue,analogInput_106,analogInput,,,145.29181,,,,,,,,,,,
2026-04-13 12:13:00+00:00,presentValue,analogInput_106,analogInput,,,145.29181,,,,,,,,,,,
2026-04-13 12:16:00+00:00,presentValue,analogInput_106,analogInput,,,145.29181,,,,,,,,,,,
2026-04-13 12:19:00+00:00,presentValue,analogInput_106,analogInput,,,145.31142,,,,,,,,,,,
2026-04-13 12:22:00+00:00,presentValue,analogInput_106,analogInput,,,145.31142,,,,,,,,,,,
2026-04-13 12:25:00+00:00,presentValue,analogInput_106,analogInput,,,145.33102,,,,,,,,,,,
2026-04-13 12:28:00+00:00,presentValue,analogInput_106,analogInput,,,145.29181,,,,,,,,,,,
2026-04-13 12:31:00+00:00,presentValue,analogInput_106,analogInput,,,145.33102,,,,,,,,,,,
2026-04-13 12:34:00+00:00,presentValue,analogInput_106,analogInput,,,145.31142,,,,,,,,,,,
2026-04-13 12:37:00+00:00,presentValue,analogInput_106,analogInput,,,145.29181,,,,,,,,,,,
2026-04-13 12:40:00+00:00,presentValue,analogInput_106,analogInput,,,145.33102,,,,,,,,,,,
2026-04-13 12:43:00+00:00,presentValue,analogInput_106,analogInput,,,145.31142,,,,,,,,,,,
2026-04-13 12:46:00+00:00,presentValue,analogInput_106,analogInput,,,145.33102,,,,,,,,,,,
2026-04-13 12:49:00+00:00,presentValue,analogInput_106,analogInput,,,145.31142,,,,,,,,,,,
2026-04-13 12:52:00+00:00,presentValue,analogInput_106,analogInput,,,145.31142,,,,,,,,,,,
2026-04-13 12:55:00+00:00,presentValue,analogInput_106,analogInput,,,145.29181,,,,,,,,,,,
2026-04-13 12:58:00+00:00,presentValue,analogInput_106,analogInput,,,145.31142,,,,,,,,,,,
2026-04-13 13:01:00+00:00,presentValue,analogInput_106,analogInput,,,145.29181,,,,,,,,,,,
2026-04-13 13:04:00+00:00,presentValue,analogInput_106,analogInput,,,145.31142,,,,,,,,,,,
2026-04-13 13:07:00+00:00,presentValue,analogInput_106,analogInput,,,145.2722,,,,,,,,,,,
2026-04-13 13:10:00+00:00,presentValue,analogInput_106,analogInput,,,145.29181,,,,,,,,,,,
2026-04-13 13:13:00+00:00,presentValue,analogInput_106,analogInput,,,145.2722,,,,,,,,,,,
2026-04-13 13:16:00+00:00,presentValue,analogInput_106,analogInput,,,145.29181,,,,,,,,,,,
2026-04-13 13:19:00+00:00,presentValue,analogInput_106,analogInput,,,145.29181,,,,,,,,,,,
2026-04-13 13:22:00+00:00,presentValue,analogInput_106,analogInput,,,145.29181,,,,,,,,,,,
2026-04-13 13:25:00+00:00,presentValue,analogInput_106,analogInput,,,145.29181,,,,,,,,,,,
2026-04-13 13:28:00+00:00,presentValue,analogInput_106,analogInput,,,145.29181,,,,,,,,,,,
2026-04-13 13:31:00+00:00,presentValue,analogInput_106,analogInput,,,145.29181,,,,,,,,,,,
2026-04-13 13:34:00+00:00,presentValue,analogInput_106,analogInput,,,145.29181,,,,,,,,,,,
2026-04-13 13:37:00+00:00,presentValue,analogInput_106,analogInput,,,145.31142,,,,,,,,,,,
2026-04-13 13:40:00+00:00,presentValue,analogInput_106,analogInput,,,145.31142,,,,,,,,,,,
2026-04-13 13:43:00+00:00,presentValue,analogInput_106,analogInput,,,145.31142,,,,,,,,,,,
2026-04-13 13:46:00+00:00,presentValue,analogInput_106,analogInput,,,127.878395,,,,,,,,,,,
2026-04-13 13:49:00+00:00,presentValue,analogInput_106,analogInput,,,125.70173,,,,,,,,,,,
2026-04-13 13:52:00+00:00,presentValue,analogInput_106,analogInput,,,129.85898,,,,,,,,,,,
2026-04-13 13:55:00+00:00,presentValue,analogInput_106,analogInput,,,131.01596,,,,,,,,,,,
2026-04-13 13:58:00+00:00,presentValue,analogInput_106,analogInput,,,131.46698,,,,,,,,,,,
2026-04-13 14:01:00+00:00,presentValue,analogInput_106,analogInput,,,130.85907,,,,,,,,,,,
2026-04-13 14:04:00+00:00,presentValue,analogInput_106,analogInput,,,133.62405,,,,,,,,,,,
2026-04-13 14:07:00+00:00,presentValue,analogInput_106,analogInput,,,127.62347,,,,,,,,,,,
2026-04-13 14:10:00+00:00,presentValue,analogInput_106,analogInput,,,125.740944,,,,,,,,,,,
2026-04-13 14:13:00+00:00,presentValue,analogInput_106,analogInput,,,126.42729,,,,,,,,,,,
2026-04-13 14:16:00+00:00,presentValue,analogInput_106,analogInput,,,139.60498,,,,,,,,,,,
2026-04-13 14:19:00+00:00,presentValue,analogInput_106,analogInput,,,138.84023,,,,,,,,,,,
2026-04-13 14:22:00+00:00,presentValue,analogInput_106,analogInput,,,136.64395,,,,,,,,,,,
2026-04-13 14:25:00+00:00,presentValue,analogInput_106,analogInput,,,139.64421,,,,,,,,,,,
2026-04-13 14:28:00+00:00,presentValue,analogInput_106,analogInput,,,142.89943,,,,,,,,,,,
2026-04-13 14:31:00+00:00,presentValue,analogInput_106,analogInput,,,148.50777,,,,,,,,,,,
2026-04-13 14:34:00+00:00,presentValue,analogInput_106,analogInput,,,151.15509,,,,,,,,,,,
2026-04-13 14:37:00+00:00,presentValue,analogInput_106,analogInput,,,151.05704,,,,,,,,,,,
2026-04-13 14:40:00+00:00,presentValue,analogInput_106,analogInput,,,154.31226,,,,,,,,,,,
2026-04-13 14:43:00+00:00,presentValue,analogInput_106,analogInput,,,155.82219,,,,,,,,,,,
2026-04-13 14:46:00+00:00,presentValue,analogInput_106,analogInput,,,159.25389,,,,,,,,,,,
2026-04-13 14:49:00+00:00,presentValue,analogInput_106,analogInput,,,162.11688,,,,,,,,,,,
2026-04-13 14:52:00+00:00,presentValue,analogInput_106,analogInput,,,164.35239,,,,,,,,,,,
2026-04-13 14:55:00+00:00,presentValue,analogInput_106,analogInput,,,166.03883,,,,,,,,,,,
2026-04-13 14:58:00+00:00,presentValue,analogInput_106,analogInput,,,171.11772,,,,,,,,,,,
2026-04-13 15:01:00+00:00,presentValue,analogInput_106,analogInput,,,173.86308,,,,,,,,,,,
2026-04-13 15:04:00+00:00,presentValue,analogInput_106,analogInput,,,177.74582,,,,,,,,,,,
2026-04-13 15:07:00+00:00,presentValue,analogInput_106,analogInput,,,182.00111,,,,,,,,,,,
2026-04-13 15:10:00+00:00,presentValue,analogInput_106,analogInput,,,185.6485,,,,,,,,,,,
2026-04-13 15:13:00+00:00,presentValue,analogInput_106,analogInput,,,190.86469,,,,,,,,,,,
2026-04-13 15:16:00+00:00,presentValue,analogInput_106,analogInput,,,200.08122,,,,,,,,,,,
2026-04-13 15:19:00+00:00,presentValue,analogInput_106,analogInput,,,214.06293,,,,,,,,,,,
2026-04-13 15:22:00+00:00,presentValue,analogInput_106,analogInput,,,199.6106,,,,,,,,,,,
2026-04-13 15:25:00+00:00,presentValue,analogInput_106,analogInput,,,198.33597,,,,,,,,,,,
2026-04-13 15:28:00+00:00,presentValue,analogInput_106,analogInput,,,200.98326,,,,,,,,,,,
2026-04-13 15:31:00+00:00,presentValue,analogInput_106,analogInput,,,199.92435,,,,,,,,,,,
2026-04-13 15:34:00+00:00,presentValue,analogInput_106,analogInput,,,201.37546,,,,,,,,,,,
2026-04-13 15:37:00+00:00,presentValue,analogInput_106,analogInput,,,200.72836,,,,,,,,,,,
2026-04-13 15:40:00+00:00,presentValue,analogInput_106,analogInput,,,206.96422,,,,,,,,,,,
2026-04-13 15:43:00+00:00,presentValue,analogInput_106,analogInput,,,207.53291,,,,,,,,,,,
2026-04-13 15:46:00+00:00,presentValue,analogInput_106,analogInput,,,213.47462,,,,,,,,,,,
2026-04-13 15:49:00+00:00,presentValue,analogInput_106,analogInput,,,186.76627,,,,,,,,,,,
2026-04-13 15:52:00+00:00,presentValue,analogInput_106,analogInput,,,176.84377,,,,,,,,,,,
2026-04-13 15:55:00+00:00,presentValue,analogInput_106,analogInput,,,165.21523,,,,,,,,,,,
2026-04-13 15:58:00+00:00,presentValue,analogInput_106,analogInput,,,152.64543,,,,,,,,,,,
2026-04-13 16:01:00+00:00,presentValue,analogInput_106,analogInput,,,134.80061,,,,,,,,,,,
2026-04-13 16:04:00+00:00,presentValue,analogInput_106,analogInput,,,118.23046,,,,,,,,,,,
2026-04-13 16:07:00+00:00,presentValue,analogInput_106,analogInput,,,149.80203,,,,,,,,,,,
2026-04-13 16:10:00+00:00,presentValue,analogInput_106,analogInput,,,128.05489,,,,,,,,,,,
2026-04-13 16:13:00+00:00,presentValue,analogInput_106,analogInput,,,127.17247,,,,,,,,,,,
2026-04-13 16:16:00+00:00,presentValue,analogInput_106,analogInput,,,161.62666,,,,,,,,,,,
2026-04-13 16:19:00+00:00,presentValue,analogInput_106,analogInput,,,176.07898,,,,,,,,,,,
2026-04-13 16:22:00+00:00,presentValue,analogInput_106,analogInput,,,159.56766,,,,,,,,,,,
2026-04-13 16:25:00+00:00,presentValue,analogInput_106,analogInput,,,233.26079,,,,,,,,,,,
2026-04-13 16:28:00+00:00,presentValue,analogInput_106,analogInput,,,176.98103,,,,,,,,,,,
2026-04-13 16:31:00+00:00,presentValue,analogInput_106,analogInput,,,201.55194,,,,,,,,,,,
2026-04-13 16:34:00+00:00,presentValue,analogInput_106,analogInput,,,183.2169,,,,,,,,,,,
2026-04-13 16:37:00+00:00,presentValue,analogInput_106,analogInput,,,261.51837,,,,,,,,,,,
2026-04-13 16:40:00+00:00,presentValue,analogInput_106,analogInput,,,226.96608,,,,,,,,,,,
2026-04-13 16:43:00+00:00,presentValue,analogInput_106,analogInput,,,224.88747,,,,,,,,,,,
2026-04-13 16:46:00+00:00,presentValue,analogInput_106,analogInput,,,223.12259,,,,,,,,,,,
2026-04-13 16:49:00+00:00,presentValue,analogInput_106,analogInput,,,226.98569,,,,,,,,,,,
2026-04-13 16:52:00+00:00,presentValue,analogInput_106,analogInput,,,255.22363,,,,,,,,,,,
2026-04-13 16:55:00+00:00,presentValue,analogInput_106,analogInput,,,214.06293,,,,,,,,,,,
2026-04-13 16:58:00+00:00,presentValue,analogInput_106,analogInput,,,234.20206,,,,,,,,,,,
2026-04-13 17:01:00+00:00,presentValue,analogInput_106,analogInput,,,210.31746,,,,,,,,,,,
2026-04-13 17:04:00+00:00,presentValue,analogInput_106,analogInput,,,228.0054,,,,,,,,,,,
2026-04-13 17:07:00+00:00,presentValue,analogInput_106,analogInput,,,218.76926,,,,,,,,,,,
2026-04-13 17:10:00+00:00,presentValue,analogInput_106,analogInput,,,192.31578,,,,,,,,,,,
2026-04-13 17:13:00+00:00,presentValue,analogInput_106,analogInput,,,254.71378,,,,,,,,,,,
2026-04-13 17:16:00+00:00,presentValue,analogInput_106,analogInput,,,242.10477,,,,,,,,,,,
2026-04-13 17:19:00+00:00,presentValue,analogInput_106,analogInput,,,211.84703,,,,,,,,,,,
2026-04-13 17:22:00+00:00,presentValue,analogInput_106,analogInput,,,233.08429,,,,,,,,,,,
2026-04-13 17:25:00+00:00,presentValue,analogInput_106,analogInput,,,214.88652,,,,,,,,,,,
2026-04-13 17:28:00+00:00,presentValue,analogInput_106,analogInput,,,214.65123,,,,,,,,,,,
2026-04-13 17:31:00+00:00,presentValue,analogInput_106,analogInput,,,201.70882,,,,,,,,,,,
2026-04-13 17:34:00+00:00,presentValue,analogInput_106,analogInput,,,222.75002,,,,,,,,,,,
2026-04-13 17:37:00+00:00,presentValue,analogInput_106,analogInput,,,215.94545,,,,,,,,,,,
2026-04-13 17:40:00+00:00,presentValue,analogInput_106,analogInput,,,185.2367,,,,,,,,,,,
2026-04-13 17:43:00+00:00,presentValue,analogInput_106,analogInput,,,177.9027,,,,,,,,,,,
2026-04-13 17:46:00+00:00,presentValue,analogInput_106,analogInput,,,158.35184,,,,,,,,,,,
2026-04-13 17:49:00+00:00,presentValue,analogInput_106,analogInput,,,177.62816,,,,,,,,,,,
2026-04-13 17:52:00+00:00,presentValue,analogInput_106,analogInput,,,161.31291,,,,,,,,,,,
2026-04-13 17:55:00+00:00,presentValue,analogInput_106,analogInput,,,154.92017,,,,,,,,,,,
2026-04-13 17:58:00+00:00,presentValue,analogInput_106,analogInput,,,139.17357,,,,,,,,,,,
2026-04-13 18:01:00+00:00,presentValue,analogInput_106,analogInput,,,121.3876,,,,,,,,,,,
2026-04-13 18:05:00+00:00,presentValue,analogInput_106,analogInput,,,102.11131,,,,,,,,,,,
2026-04-13 18:07:00+00:00,presentValue,analogInput_106,analogInput,,,112.68091,,,,,,,,,,,
2026-04-13 18:10:00+00:00,presentValue,analogInput_106,analogInput,,,123.760376,,,,,,,,,,,
2026-04-13 18:13:00+00:00,presentValue,analogInput_106,analogInput,,,118.073586,,,,,,,,,,,
2026-04-13 18:16:00+00:00,presentValue,analogInput_106,analogInput,,,104.54291,,,,,,,,,,,
2026-04-13 18:19:00+00:00,presentValue,analogInput_106,analogInput,,,96.65981,,,,,,,,,,,
2026-04-13 18:22:00+00:00,presentValue,analogInput_106,analogInput,,,142.66411,,,,,,,,,,,
2026-04-13 18:25:00+00:00,presentValue,analogInput_106,analogInput,,,130.91791,,,,,,,,,,,
2026-04-13 18:28:00+00:00,presentValue,analogInput_106,analogInput,,,119.19132,,,,,,,,,,,
2026-04-13 18:31:00+00:00,presentValue,analogInput_106,analogInput,,,105.46455,,,,,,,,,,,
2026-04-13 18:34:00+00:00,presentValue,analogInput_106,analogInput,,,139.97757,,,,,,,,,,,
2026-04-13 18:37:00+00:00,presentValue,analogInput_106,analogInput,,,130.80025,,,,,,,,,,,
2026-04-13 18:40:00+00:00,presentValue,analogInput_106,analogInput,,,128.36865,,,,,,,,,,,
2026-04-13 18:43:00+00:00,presentValue,analogInput_106,analogInput,,,114.05357,,,,,,,,,,,
2026-04-13 18:46:00+00:00,presentValue,analogInput_106,analogInput,,,104.83703,,,,,,,,,,,
2026-04-13 18:49:00+00:00,presentValue,analogInput_106,analogInput,,,115.445885,,,,,,,,,,,
2026-04-13 18:52:00+00:00,presentValue,analogInput_106,analogInput,,,146.17422,,,,,,,,,,,
2026-04-13 18:55:00+00:00,presentValue,analogInput_106,analogInput,,,133.70248,,,,,,,,,,,
2026-04-13 18:58:00+00:00,presentValue,analogInput_106,analogInput,,,132.83965,,,,,,,,,,,
2026-04-13 19:01:00+00:00,presentValue,analogInput_106,analogInput,,,120.230644,,,,,,,,,,,
2026-04-13 19:04:00+00:00,presentValue,analogInput_106,analogInput,,,115.30861,,,,,,,,,,,
2026-04-13 19:07:00+00:00,presentValue,analogInput_106,analogInput,,,102.05248,,,,,,,,,,,
2026-04-13 19:10:00+00:00,presentValue,analogInput_106,analogInput,,,148.03717,,,,,,,,,,,
2026-04-13 19:13:00+00:00,presentValue,analogInput_106,analogInput,,,140.0168,,,,,,,,,,,
2026-04-13 19:16:00+00:00,presentValue,analogInput_106,analogInput,,,141.54634,,,,,,,,,,,
2026-04-13 19:19:00+00:00,presentValue,analogInput_106,analogInput,,,137.95778,,,,,,,,,,,
2026-04-13 19:22:00+00:00,presentValue,analogInput_106,analogInput,,,129.055,,,,,,,,,,,
2026-04-13 19:25:00+00:00,presentValue,analogInput_106,analogInput,,,127.819565,,,,,,,,,,,
2026-04-13 19:28:00+00:00,presentValue,analogInput_106,analogInput,,,121.48565,,,,,,,,,,,
2026-04-13 19:31:00+00:00,presentValue,analogInput_106,analogInput,,,120.44636,,,,,,,,,,,
2026-04-13 19:34:00+00:00,presentValue,analogInput_106,analogInput,,,108.70016,,,,,,,,,,,
2026-04-13 19:37:00+00:00,presentValue,analogInput_106,analogInput,,,104.248764,,,,,,,,,,,
2026-04-13 19:40:00+00:00,presentValue,analogInput_106,analogInput,,,100.07188,,,,,,,,,,,
2026-04-13 19:43:00+00:00,presentValue,analogInput_106,analogInput,,,100.42486,,,,,,,,,,,
2026-04-13 19:46:00+00:00,presentValue,analogInput_106,analogInput,,,142.09541,,,,,,,,,,,
2026-04-13 19:49:00+00:00,presentValue,analogInput_106,analogInput,,,139.4285,,,,,,,,,,,
2026-04-13 19:52:00+00:00,presentValue,analogInput_106,analogInput,,,139.21278,,,,,,,,,,,
2026-04-13 19:55:00+00:00,presentValue,analogInput_106,analogInput,,,135.87917,,,,,,,,,,,
2026-04-13 19:58:00+00:00,presentValue,analogInput_106,analogInput,,,134.48685,,,,,,,,,,,
2026-04-13 20:01:00+00:00,presentValue,analogInput_106,analogInput,,,135.80072,,,,,,,,,,,
2026-04-13 20:04:00+00:00,presentValue,analogInput_106,analogInput,,,133.54561,,,,,,,,,,,
2026-04-13 20:07:00+00:00,presentValue,analogInput_106,analogInput,,,129.99625,,,,,,,,,,,
2026-04-13 20:10:00+00:00,presentValue,analogInput_106,analogInput,,,126.32925,,,,,,,,,,,
2026-04-13 20:13:00+00:00,presentValue,analogInput_106,analogInput,,,127.27052,,,,,,,,,,,
2026-04-13 20:16:00+00:00,presentValue,analogInput_106,analogInput,,,127.30974,,,,,,,,,,,
2026-04-13 20:19:00+00:00,presentValue,analogInput_106,analogInput,,,119.916885,,,,,,,,,,,
2026-04-13 20:22:00+00:00,presentValue,analogInput_106,analogInput,,,124.52516,,,,,,,,,,,
2026-04-13 20:25:00+00:00,presentValue,analogInput_106,analogInput,,,119.89728,,,,,,,,,,,
2026-04-13 20:28:00+00:00,presentValue,analogInput_106,analogInput,,,122.250435,,,,,,,,,,,
2026-04-13 20:31:00+00:00,presentValue,analogInput_106,analogInput,,,118.70107,,,,,,,,,,,
2026-04-13 20:34:00+00:00,presentValue,analogInput_106,analogInput,,,114.8772,,,,,,,,,,,
2026-04-13 20:37:00+00:00,presentValue,analogInput_106,analogInput,,,114.01436,,,,,,,,,,,
2026-04-13 20:40:00+00:00,presentValue,analogInput_106,analogInput,,,116.70089,,,,,,,,,,,
2026-04-13 20:43:00+00:00,presentValue,analogInput_106,analogInput,,,110.97488,,,,,,,,,,,
2026-04-13 20:46:00+00:00,presentValue,analogInput_106,analogInput,,,106.62154,,,,,,,,,,,
2026-04-13 20:49:00+00:00,presentValue,analogInput_106,analogInput,,,107.87654,,,,,,,,,,,
2026-04-13 20:52:00+00:00,presentValue,analogInput_106,analogInput,,,113.4457,,,,,,,,,,,
2026-04-13 20:55:00+00:00,presentValue,analogInput_106,analogInput,,,109.22959,,,,,,,,,,,
2026-04-13 20:58:00+00:00,presentValue,analogInput_106,analogInput,,,138.66374,,,,,,,,,,,
2026-04-13 21:01:00+00:00,presentValue,analogInput_106,analogInput,,,145.684,,,,,,,,,,,
2026-04-13 21:04:00+00:00,presentValue,analogInput_106,analogInput,,,142.60527,,,,,,,,,,,
2026-04-13 21:07:00+00:00,presentValue,analogInput_106,analogInput,,,153.03761,,,,,,,,,,,
2026-04-13 21:10:00+00:00,presentValue,analogInput_106,analogInput,,,291.4819,,,,,,,,,,,
2026-04-13 21:13:00+00:00,presentValue,analogInput_106,analogInput,,,344.9967,,,,,,,,,,,
2026-04-13 21:16:00+00:00,presentValue,analogInput_106,analogInput,,,349.0951,,,,,,,,,,,
2026-04-13 21:19:00+00:00,presentValue,analogInput_106,analogInput,,,297.61975,,,,,,,,,,,
2026-04-13 21:22:00+00:00,presentValue,analogInput_106,analogInput,,,354.62506,,,,,,,,,,,
2026-04-13 21:25:00+00:00,presentValue,analogInput_106,analogInput,,,366.11633,,,,,,,,,,,
2026-04-13 21:28:00+00:00,presentValue,analogInput_106,analogInput,,,299.5611,,,,,,,,,,,
2026-04-13 21:31:00+00:00,presentValue,analogInput_106,analogInput,,,327.32837,,,,,,,,,,,
2026-04-13 21:34:00+00:00,presentValue,analogInput_106,analogInput,,,342.9573,,,,,,,,,,,
2026-04-13 21:37:00+00:00,presentValue,analogInput_106,analogInput,,,249.57603,,,,,,,,,,,
2026-04-13 21:40:00+00:00,presentValue,analogInput_106,analogInput,,,214.35707,,,,,,,,,,,
2026-04-13 21:43:00+00:00,presentValue,analogInput_106,analogInput,,,158.6656,,,,,,,,,,,
2026-04-13 21:46:00+00:00,presentValue,analogInput_106,analogInput,,,108.68055,,,,,,,,,,,
2026-04-13 21:49:00+00:00,presentValue,analogInput_106,analogInput,,,156.4301,,,,,,,,,,,
2026-04-13 21:52:00+00:00,presentValue,analogInput_106,analogInput,,,154.8025,,,,,,,,,,,
2026-04-13 21:55:00+00:00,presentValue,analogInput_106,analogInput,,,153.84161,,,,,,,,,,,
2026-04-13 21:58:00+00:00,presentValue,analogInput_106,analogInput,,,152.66505,,,,,,,,,,,
2026-04-13 22:01:00+00:00,presentValue,analogInput_106,analogInput,,,151.91988,,,,,,,,,,,
2026-04-13 22:04:00+00:00,presentValue,analogInput_106,analogInput,,,150.46873,,,,,,,,,,,
2026-04-13 22:07:00+00:00,presentValue,analogInput_106,analogInput,,,149.80203,,,,,,,,,,,
2026-04-13 22:10:00+00:00,presentValue,analogInput_106,analogInput,,,148.66466,,,,,,,,,,,
2026-04-13 22:13:00+00:00,presentValue,analogInput_106,analogInput,,,147.88028,,,,,,,,,,,
2026-04-13 22:16:00+00:00,presentValue,analogInput_106,analogInput,,,146.8998,,,,,,,,,,,
2026-04-13 22:19:00+00:00,presentValue,analogInput_106,analogInput,,,146.03696,,,,,,,,,,,
2026-04-13 22:22:00+00:00,presentValue,analogInput_106,analogInput,,,144.80156,,,,,,,,,,,
2026-04-13 22:25:00+00:00,presentValue,analogInput_106,analogInput,,,144.2917,,,,,,,,,,,
2026-04-13 22:28:00+00:00,presentValue,analogInput_106,analogInput,,,142.99747,,,,,,,,,,,
2026-04-13 22:31:00+00:00,presentValue,analogInput_106,analogInput,,,142.42879,,,,,,,,,,,
2026-04-13 22:34:00+00:00,presentValue,analogInput_106,analogInput,,,141.95815,,,,,,,,,,,
2026-04-13 22:37:00+00:00,presentValue,analogInput_106,analogInput,,,141.13457,,,,,,,,,,,
2026-04-13 22:40:00+00:00,presentValue,analogInput_106,analogInput,,,140.44821,,,,,,,,,,,
2026-04-13 22:43:00+00:00,presentValue,analogInput_106,analogInput,,,139.72264,,,,,,,,,,,
2026-04-13 22:46:00+00:00,presentValue,analogInput_106,analogInput,,,139.50694,,,,,,,,,,,
2026-04-13 22:49:00+00:00,presentValue,analogInput_106,analogInput,,,138.7814,,,,,,,,,,,
2026-04-13 22:52:00+00:00,presentValue,analogInput_106,analogInput,,,137.8009,,,,,,,,,,,
2026-04-13 22:55:00+00:00,presentValue,analogInput_106,analogInput,,,137.13417,,,,,,,,,,,
2026-04-13 22:58:00+00:00,presentValue,analogInput_106,analogInput,,,136.21252,,,,,,,,,,,
2026-04-13 23:01:00+00:00,presentValue,analogInput_106,analogInput,,,135.54579,,,,,,,,,,,
2026-04-13 23:04:00+00:00,presentValue,analogInput_106,analogInput,,,135.03593,,,,,,,,,,,
2026-04-13 23:07:00+00:00,presentValue,analogInput_106,analogInput,,,134.62413,,,,,,,,,,,
2026-04-13 23:10:00+00:00,presentValue,analogInput_106,analogInput,,,133.97702,,,,,,,,,,,
2026-04-13 23:13:00+00:00,presentValue,analogInput_106,analogInput,,,133.44756,,,,,,,,,,,
2026-04-13 23:16:00+00:00,presentValue,analogInput_106,analogInput,,,133.29068,,,,,,,,,,,
2026-04-13 23:19:00+00:00,presentValue,analogInput_106,analogInput,,,132.70238,,,,,,,,,,,
2026-04-13 23:22:00+00:00,presentValue,analogInput_106,analogInput,,,132.3494,,,,,,,,,,,
2026-04-13 23:25:00+00:00,presentValue,analogInput_106,analogInput,,,131.40816,,,,,,,,,,,
2026-04-13 23:28:00+00:00,presentValue,analogInput_106,analogInput,,,130.7022,,,,,,,,,,,
2026-04-13 23:31:00+00:00,presentValue,analogInput_106,analogInput,,,130.40805,,,,,,,,,,,
2026-04-13 23:34:00+00:00,presentValue,analogInput_106,analogInput,,,130.38844,,,,,,,,,,,
2026-04-13 23:37:00+00:00,presentValue,analogInput_106,analogInput,,,129.4864,,,,,,,,,,,
2026-04-13 23:40:00+00:00,presentValue,analogInput_106,analogInput,,,129.055,,,,,,,,,,,
2026-04-13 23:43:00+00:00,presentValue,analogInput_106,analogInput,,,129.0746,,,,,,,,,,,
2026-04-13 23:46:00+00:00,presentValue,analogInput_106,analogInput,,,128.13333,,,,,,,,,,,
2026-04-13 23:49:00+00:00,presentValue,analogInput_106,analogInput,,,127.78035,,,,,,,,,,,
2026-04-13 23:52:00+00:00,presentValue,analogInput_106,analogInput,,,127.13325,,,,,,,,,,,
2026-04-13 23:55:00+00:00,presentValue,analogInput_106,analogInput,,,126.97637,,,,,,,,,,,
2026-04-13 23:58:00+00:00,presentValue,analogInput_106,analogInput,,,126.643005,,,,,,,,,,,
2026-04-13 11:01:00+00:00,presentValue,analogInput_107,analogInput,,,,5.849842,,,,,,,,,,
2026-04-13 11:04:00+00:00,presentValue,analogInput_107,analogInput,,,,5.773365,,,,,,,,,,
2026-04-13 11:07:00+00:00,presentValue,analogInput_107,analogInput,,,,5.5909977,,,,,,,,,,
2026-04-13 11:10:00+00:00,presentValue,analogInput_107,analogInput,,,,5.551779,,,,,,,,,,
2026-04-13 11:13:00+00:00,presentValue,analogInput_107,analogInput,,,,5.6694374,,,,,,,,,,
2026-04-13 11:16:00+00:00,presentValue,analogInput_107,analogInput,,,,5.6851254,,,,,,,,,,
2026-04-13 11:19:00+00:00,presentValue,analogInput_107,analogInput,,,,5.6851254,,,,,,,,,,
2026-04-13 11:22:00+00:00,presentValue,analogInput_107,analogInput,,,,5.812584,,,,,,,,,,
2026-04-13 11:25:00+00:00,presentValue,analogInput_107,analogInput,,,,6.024372,,,,,,,,,,
2026-04-13 11:28:00+00:00,presentValue,analogInput_107,analogInput,,,,6.202816,,,,,,,,,,
2026-04-13 11:31:00+00:00,presentValue,analogInput_107,analogInput,,,,6.5479507,,,,,,,,,,
2026-04-13 11:34:00+00:00,presentValue,analogInput_107,analogInput,,,,6.640112,,,,,,,,,,
2026-04-13 11:37:00+00:00,presentValue,analogInput_107,analogInput,,,,7.020544,,,,,,,,,,
2026-04-13 11:40:00+00:00,presentValue,analogInput_107,analogInput,,,,7.418619,,,,,,,,,,
2026-04-13 11:43:00+00:00,presentValue,analogInput_107,analogInput,,,,7.7382545,,,,,,,,,,
2026-04-13 11:46:00+00:00,presentValue,analogInput_107,analogInput,,,,7.9520035,,,,,,,,,,
2026-04-13 11:49:00+00:00,presentValue,analogInput_107,analogInput,,,,8.122604,,,,,,,,,,
2026-04-13 11:52:00+00:00,presentValue,analogInput_107,analogInput,,,,8.208887,,,,,,,,,,
2026-04-13 11:55:00+00:00,presentValue,analogInput_107,analogInput,,,,8.418715,,,,,,,,,,
2026-04-13 11:58:00+00:00,presentValue,analogInput_107,analogInput,,,,8.769726,,,,,,,,,,
2026-04-13 12:01:00+00:00,presentValue,analogInput_107,analogInput,,,,9.41292,,,,,,,,,,
2026-04-13 12:04:00+00:00,presentValue,analogInput_107,analogInput,,,,9.807079,,,,,,,,,,
2026-04-13 12:07:00+00:00,presentValue,analogInput_107,analogInput,,,,10.273788,,,,,,,,,,
2026-04-13 12:10:00+00:00,presentValue,analogInput_107,analogInput,,,,10.942476,,,,,,,,,,
2026-04-13 12:13:00+00:00,presentValue,analogInput_107,analogInput,,,,11.468016,,,,,,,,,,
2026-04-13 12:16:00+00:00,presentValue,analogInput_107,analogInput,,,,11.546455,,,,,,,,,,
2026-04-13 12:19:00+00:00,presentValue,analogInput_107,analogInput,,,,11.691563,,,,,,,,,,
2026-04-13 12:22:00+00:00,presentValue,analogInput_107,analogInput,,,,12.10141,,,,,,,,,,
2026-04-13 12:25:00+00:00,presentValue,analogInput_107,analogInput,,,,12.322998,,,,,,,,,,
2026-04-13 12:28:00+00:00,presentValue,analogInput_107,analogInput,,,,12.793629,,,,,,,,,,
2026-04-13 12:31:00+00:00,presentValue,analogInput_107,analogInput,,,,13.6682205,,,,,,,,,,
2026-04-13 12:34:00+00:00,presentValue,analogInput_107,analogInput,,,,14.121204,,,,,,,,,,
2026-04-13 12:37:00+00:00,presentValue,analogInput_107,analogInput,,,,14.091789,,,,,,,,,,
2026-04-13 12:40:00+00:00,presentValue,analogInput_107,analogInput,,,,13.962368,,,,,,,,,,
2026-04-13 12:43:00+00:00,presentValue,analogInput_107,analogInput,,,,14.282005,,,,,,,,,,
2026-04-13 12:46:00+00:00,presentValue,analogInput_107,analogInput,,,,14.29377,,,,,,,,,,
2026-04-13 12:49:00+00:00,presentValue,analogInput_107,analogInput,,,,14.087868,,,,,,,,,,
2026-04-13 12:52:00+00:00,presentValue,analogInput_107,analogInput,,,,14.713417,,,,,,,,,,
2026-04-13 12:55:00+00:00,presentValue,analogInput_107,analogInput,,,,14.940887,,,,,,,,,,
2026-04-13 12:58:00+00:00,presentValue,analogInput_107,analogInput,,,,14.93108,,,,,,,,,,
2026-04-13 13:01:00+00:00,presentValue,analogInput_107,analogInput,,,,14.807545,,,,,,,,,,
2026-04-13 13:04:00+00:00,presentValue,analogInput_107,analogInput,,,,15.119335,,,,,,,,,,
2026-04-13 13:07:00+00:00,presentValue,analogInput_107,analogInput,,,,15.168362,,,,,,,,,,
2026-04-13 13:10:00+00:00,presentValue,analogInput_107,analogInput,,,,15.1840515,,,,,,,,,,
2026-04-13 13:13:00+00:00,presentValue,analogInput_107,analogInput,,,,15.382103,,,,,,,,,,
2026-04-13 13:16:00+00:00,presentValue,analogInput_107,analogInput,,,,15.805679,,,,,,,,,,
2026-04-13 13:19:00+00:00,presentValue,analogInput_107,analogInput,,,,16.272388,,,,,,,,,,
2026-04-13 13:22:00+00:00,presentValue,analogInput_107,analogInput,,,,16.50182,,,,,,,,,,
2026-04-13 13:25:00+00:00,presentValue,analogInput_107,analogInput,,,,16.711647,,,,,,,,,,
2026-04-13 13:28:00+00:00,presentValue,analogInput_107,analogInput,,,,17.003826,,,,,,,,,,
2026-04-13 13:31:00+00:00,presentValue,analogInput_107,analogInput,,,,17.345036,,,,,,,,,,
2026-04-13 13:34:00+00:00,presentValue,analogInput_107,analogInput,,,,17.250908,,,,,,,,,,
2026-04-13 13:37:00+00:00,presentValue,analogInput_107,analogInput,,,,17.584274,,,,,,,,,,
2026-04-13 13:40:00+00:00,presentValue,analogInput_107,analogInput,,,,17.811745,,,,,,,,,,
2026-04-13 13:43:00+00:00,presentValue,analogInput_107,analogInput,,,,17.774487,,,,,,,,,,
2026-04-13 13:46:00+00:00,presentValue,analogInput_107,analogInput,,,,18.156872,,,,,,,,,,
2026-04-13 13:49:00+00:00,presentValue,analogInput_107,analogInput,,,,18.421608,,,,,,,,,,
2026-04-13 13:52:00+00:00,presentValue,analogInput_107,analogInput,,,,18.61966,,,,,,,,,,
2026-04-13 13:55:00+00:00,presentValue,analogInput_107,analogInput,,,,18.95499,,,,,,,,,,
2026-04-13 13:58:00+00:00,presentValue,analogInput_107,analogInput,,,,19.115788,,,,,,,,,,
2026-04-13 14:01:00+00:00,presentValue,analogInput_107,analogInput,,,,19.074604,,,,,,,,,,
2026-04-13 14:04:00+00:00,presentValue,analogInput_107,analogInput,,,,19.386402,,,,,,,,,,
2026-04-13 14:07:00+00:00,presentValue,analogInput_107,analogInput,,,,19.502098,,,,,,,,,,
2026-04-13 14:10:00+00:00,presentValue,analogInput_107,analogInput,,,,19.198147,,,,,,,,,,
2026-04-13 14:13:00+00:00,presentValue,analogInput_107,analogInput,,,,19.33738,,,,,,,,,,
2026-04-13 14:16:00+00:00,presentValue,analogInput_107,analogInput,,,,19.64917,,,,,,,,,,
2026-04-13 14:19:00+00:00,presentValue,analogInput_107,analogInput,,,,20.047245,,,,,,,,,,
2026-04-13 14:22:00+00:00,presentValue,analogInput_107,analogInput,,,,19.358948,,,,,,,,,,
2026-04-13 14:25:00+00:00,presentValue,analogInput_107,analogInput,,,,19.584457,,,,,,,,,,
2026-04-13 14:28:00+00:00,presentValue,analogInput_107,analogInput,,,,19.64917,,,,,,,,,,
2026-04-13 14:31:00+00:00,presentValue,analogInput_107,analogInput,,,,19.539356,,,,,,,,,,
2026-04-13 14:34:00+00:00,presentValue,analogInput_107,analogInput,,,,20.03548,,,,,,,,,,
2026-04-13 14:37:00+00:00,presentValue,analogInput_107,analogInput,,,,20.045284,,,,,,,,,,
2026-04-13 14:40:00+00:00,presentValue,analogInput_107,analogInput,,,,19.713882,,,,,,,,,,
2026-04-13 14:43:00+00:00,presentValue,analogInput_107,analogInput,,,,19.858997,,,,,,,,,,
2026-04-13 14:46:00+00:00,presentValue,analogInput_107,analogInput,,,,20.145294,,,,,,,,,,
2026-04-13 14:49:00+00:00,presentValue,analogInput_107,analogInput,,,,20.108036,,,,,,,,,,
2026-04-13 14:52:00+00:00,presentValue,analogInput_107,analogInput,,,,20.276684,,,,,,,,,,
2026-04-13 14:55:00+00:00,presentValue,analogInput_107,analogInput,,,,20.606125,,,,,,,,,,
2026-04-13 14:58:00+00:00,presentValue,analogInput_107,analogInput,,,,20.704174,,,,,,,,,,
2026-04-13 15:01:00+00:00,presentValue,analogInput_107,analogInput,,,,20.55906,,,,,,,,,,
2026-04-13 15:04:00+00:00,presentValue,analogInput_107,analogInput,,,,20.966942,,,,,,,,,,
2026-04-13 15:07:00+00:00,presentValue,analogInput_107,analogInput,,,,21.57484,,,,,,,,,,
2026-04-13 15:10:00+00:00,presentValue,analogInput_107,analogInput,,,,21.831726,,,,,,,,,,
2026-04-13 15:13:00+00:00,presentValue,analogInput_107,analogInput,,,,21.974876,,,,,,,,,,
2026-04-13 15:16:00+00:00,presentValue,analogInput_107,analogInput,,,,22.084694,,,,,,,,,,
2026-04-13 15:19:00+00:00,presentValue,analogInput_107,analogInput,,,,21.818,,,,,,,,,,
2026-04-13 15:22:00+00:00,presentValue,analogInput_107,analogInput,,,,22.135681,,,,,,,,,,
2026-04-13 15:25:00+00:00,presentValue,analogInput_107,analogInput,,,,22.28667,,,,,,,,,,
2026-04-13 15:28:00+00:00,presentValue,analogInput_107,analogInput,,,,22.690636,,,,,,,,,,
2026-04-13 15:31:00+00:00,presentValue,analogInput_107,analogInput,,,,22.449432,,,,,,,,,,
2026-04-13 15:34:00+00:00,presentValue,analogInput_107,analogInput,,,,22.745537,,,,,,,,,,
2026-04-13 15:37:00+00:00,presentValue,analogInput_107,analogInput,,,,22.723965,,,,,,,,,,
2026-04-13 15:40:00+00:00,presentValue,analogInput_107,analogInput,,,,22.96909,,,,,,,,,,
2026-04-13 15:43:00+00:00,presentValue,analogInput_107,analogInput,,,,23.482864,,,,,,,,,,
2026-04-13 15:46:00+00:00,presentValue,analogInput_107,analogInput,,,,23.627972,,,,,,,,,,
2026-04-13 15:49:00+00:00,presentValue,analogInput_107,analogInput,,,,23.386776,,,,,,,,,,
2026-04-13 15:52:00+00:00,presentValue,analogInput_107,analogInput,,,,23.98487,,,,,,,,,,
2026-04-13 15:55:00+00:00,presentValue,analogInput_107,analogInput,,,,24.129978,,,,,,,,,,
2026-04-13 15:58:00+00:00,presentValue,analogInput_107,analogInput,,,,23.533852,,,,,,,,,,
2026-04-13 16:01:00+00:00,presentValue,analogInput_107,analogInput,,,,24.09272,,,,,,,,,,
2026-04-13 16:04:00+00:00,presentValue,analogInput_107,analogInput,,,,24.198616,,,,,,,,,,
2026-04-13 16:07:00+00:00,presentValue,analogInput_107,analogInput,,,,23.735825,,,,,,,,,,
2026-04-13 16:10:00+00:00,presentValue,analogInput_107,analogInput,,,,23.333828,,,,,,,,,,
2026-04-13 16:13:00+00:00,presentValue,analogInput_107,analogInput,,,,23.529926,,,,,,,,,,
2026-04-13 16:16:00+00:00,presentValue,analogInput_107,analogInput,,,,24.016247,,,,,,,,,,
2026-04-13 16:19:00+00:00,presentValue,analogInput_107,analogInput,,,,23.914276,,,,,,,,,,
2026-04-13 16:22:00+00:00,presentValue,analogInput_107,analogInput,,,,23.937809,,,,,,,,,,
2026-04-13 16:25:00+00:00,presentValue,analogInput_107,analogInput,,,,24.035858,,,,,,,,,,
2026-04-13 16:28:00+00:00,presentValue,analogInput_107,analogInput,,,,24.339806,,,,,,,,,,
2026-04-13 16:31:00+00:00,presentValue,analogInput_107,analogInput,,,,24.492764,,,,,,,,,,
2026-04-13 16:34:00+00:00,presentValue,analogInput_107,analogInput,,,,24.284897,,,,,,,,,,
2026-04-13 16:37:00+00:00,presentValue,analogInput_107,analogInput,,,,23.93977,,,,,,,,,,
2026-04-13 16:40:00+00:00,presentValue,analogInput_107,analogInput,,,,24.439816,,,,,,,,,,
2026-04-13 16:43:00+00:00,presentValue,analogInput_107,analogInput,,,,24.551586,,,,,,,,,,
2026-04-13 16:46:00+00:00,presentValue,analogInput_107,analogInput,,,,25.037907,,,,,,,,,,
2026-04-13 16:49:00+00:00,presentValue,analogInput_107,analogInput,,,,25.159489,,,,,,,,,,
2026-04-13 16:52:00+00:00,presentValue,analogInput_107,analogInput,,,,24.806515,,,,,,,,,,
2026-04-13 16:55:00+00:00,presentValue,analogInput_107,analogInput,,,,25.053596,,,,,,,,,,
2026-04-13 16:58:00+00:00,presentValue,analogInput_107,analogInput,,,,25.126152,,,,,,,,,,
2026-04-13 17:01:00+00:00,presentValue,analogInput_107,analogInput,,,,25.283031,,,,,,,,,,
2026-04-13 17:04:00+00:00,presentValue,analogInput_107,analogInput,,,,25.383041,,,,,,,,,,
2026-04-13 17:07:00+00:00,presentValue,analogInput_107,analogInput,,,,25.457554,,,,,,,,,,
2026-04-13 17:10:00+00:00,presentValue,analogInput_107,analogInput,,,,25.473244,,,,,,,,,,
2026-04-13 17:13:00+00:00,presentValue,analogInput_107,analogInput,,,,25.155567,,,,,,,,,,
2026-04-13 17:16:00+00:00,presentValue,analogInput_107,analogInput,,,,25.49089,,,,,,,,,,
2026-04-13 17:19:00+00:00,presentValue,analogInput_107,analogInput,,,,25.485008,,,,,,,,,,
2026-04-13 17:22:00+00:00,presentValue,analogInput_107,analogInput,,,,25.516384,,,,,,,,,,
2026-04-13 17:25:00+00:00,presentValue,analogInput_107,analogInput,,,,25.526188,,,,,,,,,,
2026-04-13 17:28:00+00:00,presentValue,analogInput_107,analogInput,,,,25.539917,,,,,,,,,,
2026-04-13 17:31:00+00:00,presentValue,analogInput_107,analogInput,,,,25.718365,,,,,,,,,,
2026-04-13 17:34:00+00:00,presentValue,analogInput_107,analogInput,,,,26.069378,,,,,,,,,,
2026-04-13 17:37:00+00:00,presentValue,analogInput_107,analogInput,,,,26.33215,,,,,,,,,,
2026-04-13 17:40:00+00:00,presentValue,analogInput_107,analogInput,,,,26.45765,,,,,,,,,,
2026-04-13 17:43:00+00:00,presentValue,analogInput_107,analogInput,,,,26.54393,,,,,,,,,,
2026-04-13 17:46:00+00:00,presentValue,analogInput_107,analogInput,,,,25.990936,,,,,,,,,,
2026-04-13 17:49:00+00:00,presentValue,analogInput_107,analogInput,,,,26.049767,,,,,,,,,,
2026-04-13 17:52:00+00:00,presentValue,analogInput_107,analogInput,,,,26.257633,,,,,,,,,,
2026-04-13 17:55:00+00:00,presentValue,analogInput_107,analogInput,,,,26.955734,,,,,,,,,,
2026-04-13 17:58:00+00:00,presentValue,analogInput_107,analogInput,,,,26.769447,,,,,,,,,,
2026-04-13 18:01:00+00:00,presentValue,analogInput_107,analogInput,,,,26.51844,,,,,,,,,,
2026-04-13 18:05:00+00:00,presentValue,analogInput_107,analogInput,,,,26.628254,,,,,,,,,,
2026-04-13 18:07:00+00:00,presentValue,analogInput_107,analogInput,,,,26.6008,,,,,,,,,,
2026-04-13 18:10:00+00:00,presentValue,analogInput_107,analogInput,,,,26.583153,,,,,,,,,,
2026-04-13 18:13:00+00:00,presentValue,analogInput_107,analogInput,,,,26.143894,,,,,,,,,,
2026-04-13 18:16:00+00:00,presentValue,analogInput_107,analogInput,,,,26.465492,,,,,,,,,,
2026-04-13 18:19:00+00:00,presentValue,analogInput_107,analogInput,,,,26.828278,,,,,,,,,,
2026-04-13 18:22:00+00:00,presentValue,analogInput_107,analogInput,,,,26.636097,,,,,,,,,,
2026-04-13 18:25:00+00:00,presentValue,analogInput_107,analogInput,,,,26.971424,,,,,,,,,,
2026-04-13 18:28:00+00:00,presentValue,analogInput_107,analogInput,,,,26.798862,,,,,,,,,,
2026-04-13 18:31:00+00:00,presentValue,analogInput_107,analogInput,,,,26.606682,,,,,,,,,,
2026-04-13 18:34:00+00:00,presentValue,analogInput_107,analogInput,,,,27.061626,,,,,,,,,,
2026-04-13 18:37:00+00:00,presentValue,analogInput_107,analogInput,,,,27.16164,,,,,,,,,,
2026-04-13 18:40:00+00:00,presentValue,analogInput_107,analogInput,,,,27.375381,,,,,,,,,,
2026-04-13 18:43:00+00:00,presentValue,analogInput_107,analogInput,,,,27.165562,,,,,,,,,,
2026-04-13 18:46:00+00:00,presentValue,analogInput_107,analogInput,,,,26.841995,,,,,,,,,,
2026-04-13 18:49:00+00:00,presentValue,analogInput_107,analogInput,,,,27.375381,,,,,,,,,,
2026-04-13 18:52:00+00:00,presentValue,analogInput_107,analogInput,,,,27.37342,,,,,,,,,,
2026-04-13 18:55:00+00:00,presentValue,analogInput_107,analogInput,,,,27.398914,,,,,,,,,,
2026-04-13 18:58:00+00:00,presentValue,analogInput_107,analogInput,,,,27.483234,,,,,,,,,,
2026-04-13 19:01:00+00:00,presentValue,analogInput_107,analogInput,,,,27.583244,,,,,,,,,,
2026-04-13 19:04:00+00:00,presentValue,analogInput_107,analogInput,,,,27.306747,,,,,,,,,,
2026-04-13 19:07:00+00:00,presentValue,analogInput_107,analogInput,,,,27.20282,,,,,,,,,,
2026-04-13 19:10:00+00:00,presentValue,analogInput_107,analogInput,,,,27.41264,,,,,,,,,,
2026-04-13 19:13:00+00:00,presentValue,analogInput_107,analogInput,,,,26.728264,,,,,,,,,,
2026-04-13 19:16:00+00:00,presentValue,analogInput_107,analogInput,,,,26.714539,,,,,,,,,,
2026-04-13 19:19:00+00:00,presentValue,analogInput_107,analogInput,,,,26.692966,,,,,,,,,,
2026-04-13 19:22:00+00:00,presentValue,analogInput_107,analogInput,,,,26.771408,,,,,,,,,,
2026-04-13 19:25:00+00:00,presentValue,analogInput_107,analogInput,,,,26.840034,,,,,,,,,,
2026-04-13 19:28:00+00:00,presentValue,analogInput_107,analogInput,,,,26.979267,,,,,,,,,,
2026-04-13 19:31:00+00:00,presentValue,analogInput_107,analogInput,,,,26.571384,,,,,,,,,,
2026-04-13 19:34:00+00:00,presentValue,analogInput_107,analogInput,,,,26.447842,,,,,,,,,,
2026-04-13 19:37:00+00:00,presentValue,analogInput_107,analogInput,,,,26.636097,,,,,,,,,,
2026-04-13 19:40:00+00:00,presentValue,analogInput_107,analogInput,,,,26.304695,,,,,,,,,,
2026-04-13 19:43:00+00:00,presentValue,analogInput_107,analogInput,,,,26.689045,,,,,,,,,,
2026-04-13 19:46:00+00:00,presentValue,analogInput_107,analogInput,,,,26.128208,,,,,,,,,,
2026-04-13 19:49:00+00:00,presentValue,analogInput_107,analogInput,,,,26.055649,,,,,,,,,,
2026-04-13 19:52:00+00:00,presentValue,analogInput_107,analogInput,,,,26.210567,,,,,,,,,,
2026-04-13 19:55:00+00:00,presentValue,analogInput_107,analogInput,,,,26.03408,,,,,,,,,,
2026-04-13 19:58:00+00:00,presentValue,analogInput_107,analogInput,,,,25.977211,,,,,,,,,,
2026-04-13 20:01:00+00:00,presentValue,analogInput_107,analogInput,,,,26.136051,,,,,,,,,,
2026-04-13 20:04:00+00:00,presentValue,analogInput_107,analogInput,,,,25.97329,,,,,,,,,,
2026-04-13 20:07:00+00:00,presentValue,analogInput_107,analogInput,,,,26.098793,,,,,,,,,,
2026-04-13 20:10:00+00:00,presentValue,analogInput_107,analogInput,,,,25.76347,,,,,,,,,,
2026-04-13 20:13:00+00:00,presentValue,analogInput_107,analogInput,,,,25.8223,,,,,,,,,,
2026-04-13 20:16:00+00:00,presentValue,analogInput_107,analogInput,,,,25.557564,,,,,,,,,,
2026-04-13 20:19:00+00:00,presentValue,analogInput_107,analogInput,,,,25.683067,,,,,,,,,,
2026-04-13 20:22:00+00:00,presentValue,analogInput_107,analogInput,,,,25.679146,,,,,,,,,,
2026-04-13 20:25:00+00:00,presentValue,analogInput_107,analogInput,,,,25.637966,,,,,,,,,,
2026-04-13 20:28:00+00:00,presentValue,analogInput_107,analogInput,,,,25.569332,,,,,,,,,,
2026-04-13 20:31:00+00:00,presentValue,analogInput_107,analogInput,,,,25.58894,,,,,,,,,,
2026-04-13 20:34:00+00:00,presentValue,analogInput_107,analogInput,,,,25.475204,,,,,,,,,,
2026-04-13 20:37:00+00:00,presentValue,analogInput_107,analogInput,,,,25.48893,,,,,,,,,,
2026-04-13 20:40:00+00:00,presentValue,analogInput_107,analogInput,,,,25.26146,,,,,,,,,,
2026-04-13 20:43:00+00:00,presentValue,analogInput_107,analogInput,,,,25.286953,,,,,,,,,,
2026-04-13 20:46:00+00:00,presentValue,analogInput_107,analogInput,,,,25.365395,,,,,,,,,,
2026-04-13 20:49:00+00:00,presentValue,analogInput_107,analogInput,,,,25.418339,,,,,,,,,,
2026-04-13 20:52:00+00:00,presentValue,analogInput_107,analogInput,,,,25.339901,,,,,,,,,,
2026-04-13 20:55:00+00:00,presentValue,analogInput_107,analogInput,,,,25.247734,,,,,,,,,,
2026-04-13 20:58:00+00:00,presentValue,analogInput_107,analogInput,,,,25.216358,,,,,,,,,,
2026-04-13 21:01:00+00:00,presentValue,analogInput_107,analogInput,,,,25.10458,,,,,,,,,,
2026-04-13 21:04:00+00:00,presentValue,analogInput_107,analogInput,,,,25.057518,,,,,,,,,,
2026-04-13 21:07:00+00:00,presentValue,analogInput_107,analogInput,,,,24.75161,,,,,,,,,,
2026-04-13 21:10:00+00:00,presentValue,analogInput_107,analogInput,,,,24.708466,,,,,,,,,,
2026-04-13 21:13:00+00:00,presentValue,analogInput_107,analogInput,,,,24.53786,,,,,,,,,,
2026-04-13 21:16:00+00:00,presentValue,analogInput_107,analogInput,,,,24.530022,,,,,,,,,,
2026-04-13 21:19:00+00:00,presentValue,analogInput_107,analogInput,,,,24.382946,,,,,,,,,,
2026-04-13 21:22:00+00:00,presentValue,analogInput_107,analogInput,,,,24.184887,,,,,,,,,,
2026-04-13 21:25:00+00:00,presentValue,analogInput_107,analogInput,,,,23.933887,,,,,,,,,,
2026-04-13 21:28:00+00:00,presentValue,analogInput_107,analogInput,,,,23.790733,,,,,,,,,,
2026-04-13 21:31:00+00:00,presentValue,analogInput_107,analogInput,,,,23.45345,,,,,,,,,,
2026-04-13 21:34:00+00:00,presentValue,analogInput_107,analogInput,,,,23.380894,,,,,,,,,,
2026-04-13 21:37:00+00:00,presentValue,analogInput_107,analogInput,,,,23.074982,,,,,,,,,,
2026-04-13 21:40:00+00:00,presentValue,analogInput_107,analogInput,,,,22.865158,,,,,,,,,,
2026-04-13 21:43:00+00:00,presentValue,analogInput_107,analogInput,,,,22.598469,,,,,,,,,,
2026-04-13 21:46:00+00:00,presentValue,analogInput_107,analogInput,,,,22.051357,,,,,,,,,,
2026-04-13 21:49:00+00:00,presentValue,analogInput_107,analogInput,,,,21.768982,,,,,,,,,,
2026-04-13 21:52:00+00:00,presentValue,analogInput_107,analogInput,,,,21.553272,,,,,,,,,,
2026-04-13 21:55:00+00:00,presentValue,analogInput_107,analogInput,,,,21.384624,,,,,,,,,,
2026-04-13 21:58:00+00:00,presentValue,analogInput_107,analogInput,,,,21.194416,,,,,,,,,,
2026-04-13 22:01:00+00:00,presentValue,analogInput_107,analogInput,,,,20.974785,,,,,,,,,,
2026-04-13 22:04:00+00:00,presentValue,analogInput_107,analogInput,,,,20.806145,,,,,,,,,,
2026-04-13 22:07:00+00:00,presentValue,analogInput_107,analogInput,,,,20.633575,,,,,,,,,,
2026-04-13 22:10:00+00:00,presentValue,analogInput_107,analogInput,,,,20.474735,,,,,,,,,,
2026-04-13 22:13:00+00:00,presentValue,analogInput_107,analogInput,,,,20.304138,,,,,,,,,,
2026-04-13 22:16:00+00:00,presentValue,analogInput_107,analogInput,,,,20.147255,,,,,,,,,,
2026-04-13 22:19:00+00:00,presentValue,analogInput_107,analogInput,,,,19.996262,,,,,,,,,,
2026-04-13 22:22:00+00:00,presentValue,analogInput_107,analogInput,,,,19.92371,,,,,,,,,,
2026-04-13 22:25:00+00:00,presentValue,analogInput_107,analogInput,,,,19.776634,,,,,,,,,,
2026-04-13 22:28:00+00:00,presentValue,analogInput_107,analogInput,,,,19.625637,,,,,,,,,,
2026-04-13 22:31:00+00:00,presentValue,analogInput_107,analogInput,,,,19.65113,,,,,,,,,,
2026-04-13 22:34:00+00:00,presentValue,analogInput_107,analogInput,,,,19.429546,,,,,,,,,,
2026-04-13 22:37:00+00:00,presentValue,analogInput_107,analogInput,,,,19.53347,,,,,,,,,,
2026-04-13 22:40:00+00:00,presentValue,analogInput_107,analogInput,,,,19.466805,,,,,,,,,,
2026-04-13 22:43:00+00:00,presentValue,analogInput_107,analogInput,,,,19.349144,,,,,,,,,,
2026-04-13 22:46:00+00:00,presentValue,analogInput_107,analogInput,,,,19.202072,,,,,,,,,,
2026-04-13 22:49:00+00:00,presentValue,analogInput_107,analogInput,,,,19.26286,,,,,,,,,,
2026-04-13 22:52:00+00:00,presentValue,analogInput_107,analogInput,,,,19.209915,,,,,,,,,,
2026-04-13 22:55:00+00:00,presentValue,analogInput_107,analogInput,,,,19.370716,,,,,,,,,,
2026-04-13 22:58:00+00:00,presentValue,analogInput_107,analogInput,,,,19.307964,,,,,,,,,,
2026-04-13 23:01:00+00:00,presentValue,analogInput_107,analogInput,,,,19.302082,,,,,,,,,,
2026-04-13 23:04:00+00:00,presentValue,analogInput_107,analogInput,,,,19.588379,,,,,,,,,,
2026-04-13 23:07:00+00:00,presentValue,analogInput_107,analogInput,,,,19.670742,,,,,,,,,,
2026-04-13 23:10:00+00:00,presentValue,analogInput_107,analogInput,,,,19.419739,,,,,,,,,,
2026-04-13 23:13:00+00:00,presentValue,analogInput_107,analogInput,,,,19.472687,,,,,,,,,,
2026-04-13 23:16:00+00:00,presentValue,analogInput_107,analogInput,,,,19.288353,,,,,,,,,,
2026-04-13 23:19:00+00:00,presentValue,analogInput_107,analogInput,,,,19.16677,,,,,,,,,,
2026-04-13 23:22:00+00:00,presentValue,analogInput_107,analogInput,,,,19.045189,,,,,,,,,,
2026-04-13 23:25:00+00:00,presentValue,analogInput_107,analogInput,,,,19.176579,,,,,,,,,,
2026-04-13 23:28:00+00:00,presentValue,analogInput_107,analogInput,,,,19.219719,,,,,,,,,,
2026-04-13 23:31:00+00:00,presentValue,analogInput_107,analogInput,,,,19.16677,,,,,,,,,,
2026-04-13 23:34:00+00:00,presentValue,analogInput_107,analogInput,,,,19.023624,,,,,,,,,,
2026-04-13 23:37:00+00:00,presentValue,analogInput_107,analogInput,,,,18.870667,,,,,,,,,,
2026-04-13 23:40:00+00:00,presentValue,analogInput_107,analogInput,,,,18.762814,,,,,,,,,,
2026-04-13 23:43:00+00:00,presentValue,analogInput_107,analogInput,,,,18.46671,,,,,,,,,,
2026-04-13 23:46:00+00:00,presentValue,analogInput_107,analogInput,,,,18.396114,,,,,,,,,,
2026-04-13 23:49:00+00:00,presentValue,analogInput_107,analogInput,,,,18.115692,,,,,,,,,,
2026-04-13 23:52:00+00:00,presentValue,analogInput_107,analogInput,,,,18.119614,,,,,,,,,,
2026-04-13 23:55:00+00:00,presentValue,analogInput_107,analogInput,,,,18.113731,,,,,,,,,,
2026-04-13 23:58:00+00:00,presentValue,analogInput_107,analogInput,,,,18.1706,,,,,,,,,,
2026-04-13 11:01:00+00:00,presentValue,analogInput_202,analogInput,,,,,7.9858065,,,,,,,,,
2026-04-13 11:04:00+00:00,presentValue,analogInput_202,analogInput,,,,,7.9505086,,,,,,,,,
2026-04-13 11:07:00+00:00,presentValue,analogInput_202,analogInput,,,,,7.9230547,,,,,,,,,
2026-04-13 11:10:00+00:00,presentValue,analogInput_202,analogInput,,,,,7.899523,,,,,,,,,
2026-04-13 11:13:00+00:00,presentValue,analogInput_202,analogInput,,,,,7.860303,,,,,,,,,
2026-04-13 11:16:00+00:00,presentValue,analogInput_202,analogInput,,,,,7.840693,,,,,,,,,
2026-04-13 11:19:00+00:00,presentValue,analogInput_202,analogInput,,,,,7.809317,,,,,,,,,
2026-04-13 11:22:00+00:00,presentValue,analogInput_202,analogInput,,,,,7.7740192,,,,,,,,,
2026-04-13 11:25:00+00:00,presentValue,analogInput_202,analogInput,,,,,7.7426434,,,,,,,,,
2026-04-13 11:28:00+00:00,presentValue,analogInput_202,analogInput,,,,,7.7112675,,,,,,,,,
2026-04-13 11:31:00+00:00,presentValue,analogInput_202,analogInput,,,,,7.6995015,,,,,,,,,
2026-04-13 11:34:00+00:00,presentValue,analogInput_202,analogInput,,,,,7.6798916,,,,,,,,,
2026-04-13 11:37:00+00:00,presentValue,analogInput_202,analogInput,,,,,7.6798916,,,,,,,,,
2026-04-13 11:40:00+00:00,presentValue,analogInput_202,analogInput,,,,,7.6759696,,,,,,,,,
2026-04-13 11:43:00+00:00,presentValue,analogInput_202,analogInput,,,,,7.6798916,,,,,,,,,
2026-04-13 11:46:00+00:00,presentValue,analogInput_202,analogInput,,,,,7.6995015,,,,,,,,,
2026-04-13 11:49:00+00:00,presentValue,analogInput_202,analogInput,,,,,7.6995015,,,,,,,,,
2026-04-13 11:52:00+00:00,presentValue,analogInput_202,analogInput,,,,,7.7191114,,,,,,,,,
2026-04-13 11:55:00+00:00,presentValue,analogInput_202,analogInput,,,,,7.7387214,,,,,,,,,
2026-04-13 11:58:00+00:00,presentValue,analogInput_202,analogInput,,,,,7.781863,,,,,,,,,
2026-04-13 12:01:00+00:00,presentValue,analogInput_202,analogInput,,,,,7.817161,,,,,,,,,
2026-04-13 12:04:00+00:00,presentValue,analogInput_202,analogInput,,,,,7.864225,,,,,,,,,
2026-04-13 12:07:00+00:00,presentValue,analogInput_202,analogInput,,,,,7.895601,,,,,,,,,
2026-04-13 12:10:00+00:00,presentValue,analogInput_202,analogInput,,,,,7.9661965,,,,,,,,,
2026-04-13 12:13:00+00:00,presentValue,analogInput_202,analogInput,,,,,8.036793,,,,,,,,,
2026-04-13 12:16:00+00:00,presentValue,analogInput_202,analogInput,,,,,8.095616,,,,,,,,,
2026-04-13 12:19:00+00:00,presentValue,analogInput_202,analogInput,,,,,8.170134,,,,,,,,,
2026-04-13 12:22:00+00:00,presentValue,analogInput_202,analogInput,,,,,8.248573,,,,,,,,,
2026-04-13 12:25:00+00:00,presentValue,analogInput_202,analogInput,,,,,8.3230915,,,,,,,,,
2026-04-13 12:28:00+00:00,presentValue,analogInput_202,analogInput,,,,,8.421141,,,,,,,,,
2026-04-13 12:31:00+00:00,presentValue,analogInput_202,analogInput,,,,,8.519191,,,,,,,,,
2026-04-13 12:34:00+00:00,presentValue,analogInput_202,analogInput,,,,,8.621157,,,,,,,,,
2026-04-13 12:37:00+00:00,presentValue,analogInput_202,analogInput,,,,,8.74666,,,,,,,,,
2026-04-13 12:40:00+00:00,presentValue,analogInput_202,analogInput,,,,,8.872164,,,,,,,,,
2026-04-13 12:43:00+00:00,presentValue,analogInput_202,analogInput,,,,,8.985895,,,,,,,,,
2026-04-13 12:46:00+00:00,presentValue,analogInput_202,analogInput,,,,,9.119243,,,,,,,,,
2026-04-13 12:49:00+00:00,presentValue,analogInput_202,analogInput,,,,,9.248668,,,,,,,,,
2026-04-13 12:52:00+00:00,presentValue,analogInput_202,analogInput,,,,,9.374171,,,,,,,,,
2026-04-13 12:55:00+00:00,presentValue,analogInput_202,analogInput,,,,,9.515357,,,,,,,,,
2026-04-13 12:58:00+00:00,presentValue,analogInput_202,analogInput,,,,,9.6565485,,,,,,,,,
2026-04-13 13:01:00+00:00,presentValue,analogInput_202,analogInput,,,,,9.81735,,,,,,,,,
2026-04-13 13:04:00+00:00,presentValue,analogInput_202,analogInput,,,,,9.954614,,,,,,,,,
2026-04-13 13:07:00+00:00,presentValue,analogInput_202,analogInput,,,,,10.095805,,,,,,,,,
2026-04-13 13:10:00+00:00,presentValue,analogInput_202,analogInput,,,,,10.26445,,,,,,,,,
2026-04-13 13:13:00+00:00,presentValue,analogInput_202,analogInput,,,,,10.444856,,,,,,,,,
2026-04-13 13:16:00+00:00,presentValue,analogInput_202,analogInput,,,,,10.613501,,,,,,,,,
2026-04-13 13:19:00+00:00,presentValue,analogInput_202,analogInput,,,,,10.813522,,,,,,,,,
2026-04-13 13:22:00+00:00,presentValue,analogInput_202,analogInput,,,,,11.005693,,,,,,,,,
2026-04-13 13:25:00+00:00,presentValue,analogInput_202,analogInput,,,,,11.213559,,,,,,,,,
2026-04-13 13:28:00+00:00,presentValue,analogInput_202,analogInput,,,,,11.393965,,,,,,,,,
2026-04-13 13:31:00+00:00,presentValue,analogInput_202,analogInput,,,,,11.60183,,,,,,,,,
2026-04-13 13:34:00+00:00,presentValue,analogInput_202,analogInput,,,,,11.809689,,,,,,,,,
2026-04-13 13:37:00+00:00,presentValue,analogInput_202,analogInput,,,,,12.013632,,,,,,,,,
2026-04-13 13:40:00+00:00,presentValue,analogInput_202,analogInput,,,,,12.233257,,,,,,,,,
2026-04-13 13:43:00+00:00,presentValue,analogInput_202,analogInput,,,,,12.460732,,,,,,,,,
2026-04-13 13:46:00+00:00,presentValue,analogInput_202,analogInput,,,,,21.088987,,,,,,,,,
2026-04-13 13:49:00+00:00,presentValue,analogInput_202,analogInput,,,,,19.967318,,,,,,,,,
2026-04-13 13:52:00+00:00,presentValue,analogInput_202,analogInput,,,,,20.892895,,,,,,,,,
2026-04-13 13:55:00+00:00,presentValue,analogInput_202,analogInput,,,,,21.28901,,,,,,,,,
2026-04-13 13:58:00+00:00,presentValue,analogInput_202,analogInput,,,,,22.159678,,,,,,,,,
2026-04-13 14:01:00+00:00,presentValue,analogInput_202,analogInput,,,,,24.422634,,,,,,,,,
2026-04-13 14:04:00+00:00,presentValue,analogInput_202,analogInput,,,,,26.713043,,,,,,,,,
2026-04-13 14:07:00+00:00,presentValue,analogInput_202,analogInput,,,,,29.019142,,,,,,,,,
2026-04-13 14:10:00+00:00,presentValue,analogInput_202,analogInput,,,,,31.454664,,,,,,,,,
2026-04-13 14:13:00+00:00,presentValue,analogInput_202,analogInput,,,,,33.956856,,,,,,,,,
2026-04-13 14:16:00+00:00,presentValue,analogInput_202,analogInput,,,,,36.51396,,,,,,,,,
2026-04-13 14:19:00+00:00,presentValue,analogInput_202,analogInput,,,,,39.102436,,,,,,,,,
2026-04-13 14:22:00+00:00,presentValue,analogInput_202,analogInput,,,,,41.726208,,,,,,,,,
2026-04-13 14:25:00+00:00,presentValue,analogInput_202,analogInput,,,,,44.444107,,,,,,,,,
2026-04-13 14:28:00+00:00,presentValue,analogInput_202,analogInput,,,,,47.18554,,,,,,,,,
2026-04-13 14:31:00+00:00,presentValue,analogInput_202,analogInput,,,,,49.94266,,,,,,,,,
2026-04-13 14:34:00+00:00,presentValue,analogInput_202,analogInput,,,,,52.7743,,,,,,,,,
2026-04-13 14:37:00+00:00,presentValue,analogInput_202,analogInput,,,,,55.660843,,,,,,,,,
2026-04-13 14:40:00+00:00,presentValue,analogInput_202,analogInput,,,,,58.653282,,,,,,,,,
2026-04-13 14:43:00+00:00,presentValue,analogInput_202,analogInput,,,,,61.637867,,,,,,,,,
2026-04-13 14:46:00+00:00,presentValue,analogInput_202,analogInput,,,,,64.68521,,,,,,,,,
2026-04-13 14:49:00+00:00,presentValue,analogInput_202,analogInput,,,,,67.7757,,,,,,,,,
2026-04-13 14:52:00+00:00,presentValue,analogInput_202,analogInput,,,,,70.88971,,,,,,,,,
2026-04-13 14:55:00+00:00,presentValue,analogInput_202,analogInput,,,,,74.105705,,,,,,,,,
2026-04-13 14:58:00+00:00,presentValue,analogInput_202,analogInput,,,,,77.25501,,,,,,,,,
2026-04-13 15:01:00+00:00,presentValue,analogInput_202,analogInput,,,,,80.45139,,,,,,,,,
2026-04-13 15:04:00+00:00,presentValue,analogInput_202,analogInput,,,,,83.647766,,,,,,,,,
2026-04-13 15:07:00+00:00,presentValue,analogInput_202,analogInput,,,,,86.840225,,,,,,,,,
2026-04-13 15:10:00+00:00,presentValue,analogInput_202,analogInput,,,,,90.02875,,,,,,,,,
2026-04-13 15:13:00+00:00,presentValue,analogInput_202,analogInput,,,,,93.134926,,,,,,,,,
2026-04-13 15:16:00+00:00,presentValue,analogInput_202,analogInput,,,,,95.19787,,,,,,,,,
2026-04-13 15:19:00+00:00,presentValue,analogInput_202,analogInput,,,,,97.68045,,,,,,,,,
2026-04-13 15:22:00+00:00,presentValue,analogInput_202,analogInput,,,,,100.56699,,,,,,,,,
2026-04-13 15:25:00+00:00,presentValue,analogInput_202,analogInput,,,,,103.63395,,,,,,,,,
2026-04-13 15:28:00+00:00,presentValue,analogInput_202,analogInput,,,,,106.755806,,,,,,,,,
2026-04-13 15:31:00+00:00,presentValue,analogInput_202,analogInput,,,,,109.88551,,,,,,,,,
2026-04-13 15:34:00+00:00,presentValue,analogInput_202,analogInput,,,,,112.92894,,,,,,,,,
2026-04-13 15:37:00+00:00,presentValue,analogInput_202,analogInput,,,,,116.06256,,,,,,,,,
2026-04-13 15:40:00+00:00,presentValue,analogInput_202,analogInput,,,,,119.20011,,,,,,,,,
2026-04-13 15:43:00+00:00,presentValue,analogInput_202,analogInput,,,,,122.24352,,,,,,,,,
2026-04-13 15:46:00+00:00,presentValue,analogInput_202,analogInput,,,,,124.60062,,,,,,,,,
2026-04-13 15:49:00+00:00,presentValue,analogInput_202,analogInput,,,,,125.451675,,,,,,,,,
2026-04-13 15:52:00+00:00,presentValue,analogInput_202,analogInput,,,,,125.706604,,,,,,,,,
2026-04-13 15:55:00+00:00,presentValue,analogInput_202,analogInput,,,,,125.7968,,,,,,,,,
2026-04-13 15:58:00+00:00,presentValue,analogInput_202,analogInput,,,,,125.78112,,,,,,,,,
2026-04-13 16:01:00+00:00,presentValue,analogInput_202,analogInput,,,,,125.78504,,,,,,,,,
2026-04-13 16:04:00+00:00,presentValue,analogInput_202,analogInput,,,,,125.85954,,,,,,,,,
2026-04-13 16:07:00+00:00,presentValue,analogInput_202,analogInput,,,,,125.443825,,,,,,,,,
2026-04-13 16:10:00+00:00,presentValue,analogInput_202,analogInput,,,,,125.651695,,,,,,,,,
2026-04-13 16:13:00+00:00,presentValue,analogInput_202,analogInput,,,,,125.87916,,,,,,,,,
2026-04-13 16:16:00+00:00,presentValue,analogInput_202,analogInput,,,,,125.23988,,,,,,,,,
2026-04-13 16:19:00+00:00,presentValue,analogInput_202,analogInput,,,,,124.97711,,,,,,,,,
2026-04-13 16:22:00+00:00,presentValue,analogInput_202,analogInput,,,,,125.79287,,,,,,,,,
2026-04-13 16:25:00+00:00,presentValue,analogInput_202,analogInput,,,,,125.17321,,,,,,,,,
2026-04-13 16:28:00+00:00,presentValue,analogInput_202,analogInput,,,,,126.03211,,,,,,,,,
2026-04-13 16:31:00+00:00,presentValue,analogInput_202,analogInput,,,,,125.05163,,,,,,,,,
2026-04-13 16:34:00+00:00,presentValue,analogInput_202,analogInput,,,,,125.89092,,,,,,,,,
2026-04-13 16:37:00+00:00,presentValue,analogInput_202,analogInput,,,,,125.05163,,,,,,,,,
2026-04-13 16:40:00+00:00,presentValue,analogInput_202,analogInput,,,,,126.07918,,,,,,,,,
2026-04-13 16:43:00+00:00,presentValue,analogInput_202,analogInput,,,,,126.02819,,,,,,,,,
2026-04-13 16:46:00+00:00,presentValue,analogInput_202,analogInput,,,,,125.75758,,,,,,,,,
2026-04-13 16:49:00+00:00,presentValue,analogInput_202,analogInput,,,,,126.0831,,,,,,,,,
2026-04-13 16:52:00+00:00,presentValue,analogInput_202,analogInput,,,,,124.88298,,,,,,,,,
2026-04-13 16:55:00+00:00,presentValue,analogInput_202,analogInput,,,,,125.88308,,,,,,,,,
2026-04-13 16:58:00+00:00,presentValue,analogInput_202,analogInput,,,,,126.14977,,,,,,,,,
2026-04-13 17:01:00+00:00,presentValue,analogInput_202,analogInput,,,,,126.13409,,,,,,,,,
2026-04-13 17:04:00+00:00,presentValue,analogInput_202,analogInput,,,,,125.53011,,,,,,,,,
2026-04-13 17:07:00+00:00,presentValue,analogInput_202,analogInput,,,,,126.02819,,,,,,,,,
2026-04-13 17:10:00+00:00,presentValue,analogInput_202,analogInput,,,,,126.14977,,,,,,,,,
2026-04-13 17:13:00+00:00,presentValue,analogInput_202,analogInput,,,,,125.25949,,,,,,,,,
2026-04-13 17:16:00+00:00,presentValue,analogInput_202,analogInput,,,,,125.279106,,,,,,,,,
2026-04-13 17:19:00+00:00,presentValue,analogInput_202,analogInput,,,,,125.96936,,,,,,,,,
2026-04-13 17:22:00+00:00,presentValue,analogInput_202,analogInput,,,,,125.534035,,,,,,,,,
2026-04-13 17:25:00+00:00,presentValue,analogInput_202,analogInput,,,,,125.898766,,,,,,,,,
2026-04-13 17:28:00+00:00,presentValue,analogInput_202,analogInput,,,,,126.16154,,,,,,,,,
2026-04-13 17:31:00+00:00,presentValue,analogInput_202,analogInput,,,,,126.157616,,,,,,,,,
2026-04-13 17:34:00+00:00,presentValue,analogInput_202,analogInput,,,,,125.35362,,,,,,,,,
2026-04-13 17:37:00+00:00,presentValue,analogInput_202,analogInput,,,,,126.07526,,,,,,,,,
2026-04-13 17:40:00+00:00,presentValue,analogInput_202,analogInput,,,,,126.12624,,,,,,,,,
2026-04-13 17:43:00+00:00,presentValue,analogInput_202,analogInput,,,,,126.23213,,,,,,,,,
2026-04-13 17:46:00+00:00,presentValue,analogInput_202,analogInput,,,,,126.23213,,,,,,,,,
2026-04-13 17:49:00+00:00,presentValue,analogInput_202,analogInput,,,,,125.36539,,,,,,,,,
2026-04-13 17:52:00+00:00,presentValue,analogInput_202,analogInput,,,,,125.91445,,,,,,,,,
2026-04-13 17:55:00+00:00,presentValue,analogInput_202,analogInput,,,,,126.14193,,,,,,,,,
2026-04-13 17:58:00+00:00,presentValue,analogInput_202,analogInput,,,,,126.17331,,,,,,,,,
2026-04-13 18:01:00+00:00,presentValue,analogInput_202,analogInput,,,,,126.16546,,,,,,,,,
2026-04-13 18:05:00+00:00,presentValue,analogInput_202,analogInput,,,,,126.16154,,,,,,,,,
2026-04-13 18:07:00+00:00,presentValue,analogInput_202,analogInput,,,,,125.53011,,,,,,,,,
2026-04-13 18:10:00+00:00,presentValue,analogInput_202,analogInput,,,,,125.734055,,,,,,,,,
2026-04-13 18:13:00+00:00,presentValue,analogInput_202,analogInput,,,,,126.188995,,,,,,,,,
2026-04-13 18:16:00+00:00,presentValue,analogInput_202,analogInput,,,,,126.302734,,,,,,,,,
2026-04-13 18:19:00+00:00,presentValue,analogInput_202,analogInput,,,,,126.4047,,,,,,,,,
2026-04-13 18:22:00+00:00,presentValue,analogInput_202,analogInput,,,,,124.91044,,,,,,,,,
2026-04-13 18:25:00+00:00,presentValue,analogInput_202,analogInput,,,,,126.00466,,,,,,,,,
2026-04-13 18:28:00+00:00,presentValue,analogInput_202,analogInput,,,,,126.18115,,,,,,,,,
2026-04-13 18:31:00+00:00,presentValue,analogInput_202,analogInput,,,,,126.19684,,,,,,,,,
2026-04-13 18:34:00+00:00,presentValue,analogInput_202,analogInput,,,,,124.99672,,,,,,,,,
2026-04-13 18:37:00+00:00,presentValue,analogInput_202,analogInput,,,,,125.534035,,,,,,,,,
2026-04-13 18:40:00+00:00,presentValue,analogInput_202,analogInput,,,,,126.12232,,,,,,,,,
2026-04-13 18:43:00+00:00,presentValue,analogInput_202,analogInput,,,,,126.153694,,,,,,,,,
2026-04-13 18:46:00+00:00,presentValue,analogInput_202,analogInput,,,,,126.12232,,,,,,,,,
2026-04-13 18:49:00+00:00,presentValue,analogInput_202,analogInput,,,,,125.56541,,,,,,,,,
2026-04-13 18:52:00+00:00,presentValue,analogInput_202,analogInput,,,,,125.1536,,,,,,,,,
2026-04-13 18:55:00+00:00,presentValue,analogInput_202,analogInput,,,,,125.43206,,,,,,,,,
2026-04-13 18:58:00+00:00,presentValue,analogInput_202,analogInput,,,,,126.00858,,,,,,,,,
2026-04-13 19:01:00+00:00,presentValue,analogInput_202,analogInput,,,,,126.039955,,,,,,,,,
2026-04-13 19:04:00+00:00,presentValue,analogInput_202,analogInput,,,,,126.16938,,,,,,,,,
2026-04-13 19:07:00+00:00,presentValue,analogInput_202,analogInput,,,,,126.1184,,,,,,,,,
2026-04-13 19:10:00+00:00,presentValue,analogInput_202,analogInput,,,,,124.71827,,,,,,,,,
2026-04-13 19:13:00+00:00,presentValue,analogInput_202,analogInput,,,,,125.09085,,,,,,,,,
2026-04-13 19:16:00+00:00,presentValue,analogInput_202,analogInput,,,,,124.95358,,,,,,,,,
2026-04-13 19:19:00+00:00,presentValue,analogInput_202,analogInput,,,,,125.27126,,,,,,,,,
2026-04-13 19:22:00+00:00,presentValue,analogInput_202,analogInput,,,,,125.40853,,,,,,,,,
2026-04-13 19:25:00+00:00,presentValue,analogInput_202,analogInput,,,,,125.37715,,,,,,,,,
2026-04-13 19:28:00+00:00,presentValue,analogInput_202,analogInput,,,,,125.43598,,,,,,,,,
2026-04-13 19:31:00+00:00,presentValue,analogInput_202,analogInput,,,,,125.32617,,,,,,,,,
2026-04-13 19:34:00+00:00,presentValue,analogInput_202,analogInput,,,,,125.09085,,,,,,,,,
2026-04-13 19:37:00+00:00,presentValue,analogInput_202,analogInput,,,,,124.84377,,,,,,,,,
2026-04-13 19:40:00+00:00,presentValue,analogInput_202,analogInput,,,,,124.49864,,,,,,,,,
2026-04-13 19:43:00+00:00,presentValue,analogInput_202,analogInput,,,,,124.071144,,,,,,,,,
2026-04-13 19:46:00+00:00,presentValue,analogInput_202,analogInput,,,,,122.61219,,,,,,,,,
2026-04-13 19:49:00+00:00,presentValue,analogInput_202,analogInput,,,,,122.28667,,,,,,,,,
2026-04-13 19:52:00+00:00,presentValue,analogInput_202,analogInput,,,,,122.43178,,,,,,,,,
2026-04-13 19:55:00+00:00,presentValue,analogInput_202,analogInput,,,,,122.30235,,,,,,,,,
2026-04-13 19:58:00+00:00,presentValue,analogInput_202,analogInput,,,,,122.12978,,,,,,,,,
2026-04-13 20:01:00+00:00,presentValue,analogInput_202,analogInput,,,,,121.98076,,,,,,,,,
2026-04-13 20:04:00+00:00,presentValue,analogInput_202,analogInput,,,,,121.69838,,,,,,,,,
2026-04-13 20:07:00+00:00,presentValue,analogInput_202,analogInput,,,,,121.32187,,,,,,,,,
2026-04-13 20:10:00+00:00,presentValue,analogInput_202,analogInput,,,,,120.92576,,,,,,,,,
2026-04-13 20:13:00+00:00,presentValue,analogInput_202,analogInput,,,,,120.47081,,,,,,,,,
2026-04-13 20:16:00+00:00,presentValue,analogInput_202,analogInput,,,,,119.91782,,,,,,,,,
2026-04-13 20:19:00+00:00,presentValue,analogInput_202,analogInput,,,,,119.38051,,,,,,,,,
2026-04-13 20:22:00+00:00,presentValue,analogInput_202,analogInput,,,,,118.753006,,,,,,,,,
2026-04-13 20:25:00+00:00,presentValue,analogInput_202,analogInput,,,,,118.098045,,,,,,,,,
2026-04-13 20:28:00+00:00,presentValue,analogInput_202,analogInput,,,,,117.41171,,,,,,,,,
2026-04-13 20:31:00+00:00,presentValue,analogInput_202,analogInput,,,,,116.66261,,,,,,,,,
2026-04-13 20:34:00+00:00,presentValue,analogInput_202,analogInput,,,,,115.874306,,,,,,,,,
2026-04-13 20:37:00+00:00,presentValue,analogInput_202,analogInput,,,,,115.129135,,,,,,,,,
2026-04-13 20:40:00+00:00,presentValue,analogInput_202,analogInput,,,,,114.30161,,,,,,,,,
2026-04-13 20:43:00+00:00,presentValue,analogInput_202,analogInput,,,,,113.42702,,,,,,,,,
2026-04-13 20:46:00+00:00,presentValue,analogInput_202,analogInput,,,,,112.623024,,,,,,,,,
2026-04-13 20:49:00+00:00,presentValue,analogInput_202,analogInput,,,,,111.748436,,,,,,,,,
2026-04-13 20:52:00+00:00,presentValue,analogInput_202,analogInput,,,,,110.885605,,,,,,,,,
2026-04-13 20:55:00+00:00,presentValue,analogInput_202,analogInput,,,,,110.062004,,,,,,,,,
2026-04-13 20:58:00+00:00,presentValue,analogInput_202,analogInput,,,,,109.05406,,,,,,,,,
2026-04-13 21:01:00+00:00,presentValue,analogInput_202,analogInput,,,,,108.324585,,,,,,,,,
2026-04-13 21:04:00+00:00,presentValue,analogInput_202,analogInput,,,,,107.15977,,,,,,,,,
2026-04-13 21:07:00+00:00,presentValue,analogInput_202,analogInput,,,,,105.48903,,,,,,,,,
2026-04-13 21:10:00+00:00,presentValue,analogInput_202,analogInput,,,,,102.30049,,,,,,,,,
2026-04-13 21:13:00+00:00,presentValue,analogInput_202,analogInput,,,,,99.53552,,,,,,,,,
2026-04-13 21:16:00+00:00,presentValue,analogInput_202,analogInput,,,,,97.072556,,,,,,,,,
2026-04-13 21:19:00+00:00,presentValue,analogInput_202,analogInput,,,,,94.88411,,,,,,,,,
2026-04-13 21:22:00+00:00,presentValue,analogInput_202,analogInput,,,,,93.483986,,,,,,,,,
2026-04-13 21:25:00+00:00,presentValue,analogInput_202,analogInput,,,,,91.397514,,,,,,,,,
2026-04-13 21:28:00+00:00,presentValue,analogInput_202,analogInput,,,,,89.89542,,,,,,,,,
2026-04-13 21:31:00+00:00,presentValue,analogInput_202,analogInput,,,,,88.53058,,,,,,,,,
2026-04-13 21:34:00+00:00,presentValue,analogInput_202,analogInput,,,,,86.781395,,,,,,,,,
2026-04-13 21:37:00+00:00,presentValue,analogInput_202,analogInput,,,,,84.361565,,,,,,,,,
2026-04-13 21:40:00+00:00,presentValue,analogInput_202,analogInput,,,,,83.94191,,,,,,,,,
2026-04-13 21:43:00+00:00,presentValue,analogInput_202,analogInput,,,,,81.8829,,,,,,,,,
2026-04-13 21:46:00+00:00,presentValue,analogInput_202,analogInput,,,,,80.19254,,,,,,,,,
2026-04-13 21:49:00+00:00,presentValue,analogInput_202,analogInput,,,,,70.03081,,,,,,,,,
2026-04-13 21:52:00+00:00,presentValue,analogInput_202,analogInput,,,,,70.23083,,,,,,,,,
2026-04-13 21:55:00+00:00,presentValue,analogInput_202,analogInput,,,,,69.085625,,,,,,,,,
2026-04-13 21:58:00+00:00,presentValue,analogInput_202,analogInput,,,,,68.23849,,,,,,,,,
2026-04-13 22:01:00+00:00,presentValue,analogInput_202,analogInput,,,,,66.93641,,,,,,,,,
2026-04-13 22:04:00+00:00,presentValue,analogInput_202,analogInput,,,,,65.57157,,,,,,,,,
2026-04-13 22:07:00+00:00,presentValue,analogInput_202,analogInput,,,,,65.39508,,,,,,,,,
2026-04-13 22:10:00+00:00,presentValue,analogInput_202,analogInput,,,,,63.387047,,,,,,,,,
2026-04-13 22:13:00+00:00,presentValue,analogInput_202,analogInput,,,,,62.806606,,,,,,,,,
2026-04-13 22:16:00+00:00,presentValue,analogInput_202,analogInput,,,,,61.398636,,,,,,,,,
2026-04-13 22:19:00+00:00,presentValue,analogInput_202,analogInput,,,,,60.708366,,,,,,,,,
2026-04-13 22:22:00+00:00,presentValue,analogInput_202,analogInput,,,,,59.6573,,,,,,,,,
2026-04-13 22:25:00+00:00,presentValue,analogInput_202,analogInput,,,,,58.202255,,,,,,,,,
2026-04-13 22:28:00+00:00,presentValue,analogInput_202,analogInput,,,,,57.021748,,,,,,,,,
2026-04-13 22:31:00+00:00,presentValue,analogInput_202,analogInput,,,,,55.93146,,,,,,,,,
2026-04-13 22:34:00+00:00,presentValue,analogInput_202,analogInput,,,,,54.519558,,,,,,,,,
2026-04-13 22:37:00+00:00,presentValue,analogInput_202,analogInput,,,,,53.405727,,,,,,,,,
2026-04-13 22:40:00+00:00,presentValue,analogInput_202,analogInput,,,,,52.291904,,,,,,,,,
2026-04-13 22:43:00+00:00,presentValue,analogInput_202,analogInput,,,,,51.40947,,,,,,,,,
2026-04-13 22:46:00+00:00,presentValue,analogInput_202,analogInput,,,,,50.51918,,,,,,,,,
2026-04-13 22:49:00+00:00,presentValue,analogInput_202,analogInput,,,,,49.605377,,,,,,,,,
2026-04-13 22:52:00+00:00,presentValue,analogInput_202,analogInput,,,,,48.919033,,,,,,,,,
2026-04-13 22:55:00+00:00,presentValue,analogInput_202,analogInput,,,,,48.264076,,,,,,,,,
2026-04-13 22:58:00+00:00,presentValue,analogInput_202,analogInput,,,,,47.526752,,,,,,,,,
2026-04-13 23:01:00+00:00,presentValue,analogInput_202,analogInput,,,,,46.71883,,,,,,,,,
2026-04-13 23:04:00+00:00,presentValue,analogInput_202,analogInput,,,,,46.07956,,,,,,,,,
2026-04-13 23:07:00+00:00,presentValue,analogInput_202,analogInput,,,,,45.306934,,,,,,,,,
2026-04-13 23:10:00+00:00,presentValue,analogInput_202,analogInput,,,,,44.604908,,,,,,,,,
2026-04-13 23:13:00+00:00,presentValue,analogInput_202,analogInput,,,,,43.965633,,,,,,,,,
2026-04-13 23:16:00+00:00,presentValue,analogInput_202,analogInput,,,,,43.196934,,,,,,,,,
2026-04-13 23:19:00+00:00,presentValue,analogInput_202,analogInput,,,,,42.483147,,,,,,,,,
2026-04-13 23:22:00+00:00,presentValue,analogInput_202,analogInput,,,,,41.914463,,,,,,,,,
2026-04-13 23:25:00+00:00,presentValue,analogInput_202,analogInput,,,,,41.290874,,,,,,,,,
2026-04-13 23:28:00+00:00,presentValue,analogInput_202,analogInput,,,,,40.82416,,,,,,,,,
2026-04-13 23:31:00+00:00,presentValue,analogInput_202,analogInput,,,,,40.12606,,,,,,,,,
2026-04-13 23:34:00+00:00,presentValue,analogInput_202,analogInput,,,,,39.859367,,,,,,,,,
2026-04-13 23:37:00+00:00,presentValue,analogInput_202,analogInput,,,,,39.004387,,,,,,,,,
2026-04-13 23:40:00+00:00,presentValue,analogInput_202,analogInput,,,,,38.37295,,,,,,,,,
2026-04-13 23:43:00+00:00,presentValue,analogInput_202,analogInput,,,,,37.863106,,,,,,,,,
2026-04-13 23:46:00+00:00,presentValue,analogInput_202,analogInput,,,,,37.36502,,,,,,,,,
2026-04-13 23:49:00+00:00,presentValue,analogInput_202,analogInput,,,,,36.843403,,,,,,,,,
2026-04-13 23:52:00+00:00,presentValue,analogInput_202,analogInput,,,,,36.341393,,,,,,,,,
2026-04-13 23:55:00+00:00,presentValue,analogInput_202,analogInput,,,,,35.886448,,,,,,,,,
2026-04-13 23:58:00+00:00,presentValue,analogInput_202,analogInput,,,,,35.44327,,,,,,,,,
2026-04-13 11:01:00+00:00,presentValue,analogInput_203,analogInput,,,,,,23.555887,,,,,,,,
2026-04-13 11:04:00+00:00,presentValue,analogInput_203,analogInput,,,,,,23.489212,,,,,,,,
2026-04-13 11:07:00+00:00,presentValue,analogInput_203,analogInput,,,,,,23.446072,,,,,,,,
2026-04-13 11:10:00+00:00,presentValue,analogInput_203,analogInput,,,,,,23.379398,,,,,,,,
2026-04-13 11:13:00+00:00,presentValue,analogInput_203,analogInput,,,,,,23.328411,,,,,,,,
2026-04-13 11:16:00+00:00,presentValue,analogInput_203,analogInput,,,,,,23.26566,,,,,,,,
2026-04-13 11:19:00+00:00,presentValue,analogInput_203,analogInput,,,,,,23.218596,,,,,,,,
2026-04-13 11:22:00+00:00,presentValue,analogInput_203,analogInput,,,,,,23.159773,,,,,,,,
2026-04-13 11:25:00+00:00,presentValue,analogInput_203,analogInput,,,,,,23.097021,,,,,,,,
2026-04-13 11:28:00+00:00,presentValue,analogInput_203,analogInput,,,,,,23.0578,,,,,,,,
2026-04-13 11:31:00+00:00,presentValue,analogInput_203,analogInput,,,,,,23.010736,,,,,,,,
2026-04-13 11:34:00+00:00,presentValue,analogInput_203,analogInput,,,,,,22.959751,,,,,,,,
2026-04-13 11:37:00+00:00,presentValue,analogInput_203,analogInput,,,,,,22.916609,,,,,,,,
2026-04-13 11:40:00+00:00,presentValue,analogInput_203,analogInput,,,,,,22.865623,,,,,,,,
2026-04-13 11:43:00+00:00,presentValue,analogInput_203,analogInput,,,,,,22.826403,,,,,,,,
2026-04-13 11:46:00+00:00,presentValue,analogInput_203,analogInput,,,,,,22.791105,,,,,,,,
2026-04-13 11:49:00+00:00,presentValue,analogInput_203,analogInput,,,,,,22.75973,,,,,,,,
2026-04-13 11:52:00+00:00,presentValue,analogInput_203,analogInput,,,,,,22.704828,,,,,,,,
2026-04-13 11:55:00+00:00,presentValue,analogInput_203,analogInput,,,,,,22.673452,,,,,,,,
2026-04-13 11:58:00+00:00,presentValue,analogInput_203,analogInput,,,,,,22.645998,,,,,,,,
2026-04-13 12:01:00+00:00,presentValue,analogInput_203,analogInput,,,,,,22.6107,,,,,,,,
2026-04-13 12:04:00+00:00,presentValue,analogInput_203,analogInput,,,,,,22.602856,,,,,,,,
2026-04-13 12:07:00+00:00,presentValue,analogInput_203,analogInput,,,,,,22.579325,,,,,,,,
2026-04-13 12:10:00+00:00,presentValue,analogInput_203,analogInput,,,,,,22.559715,,,,,,,,
2026-04-13 12:13:00+00:00,presentValue,analogInput_203,analogInput,,,,,,22.540104,,,,,,,,
2026-04-13 12:16:00+00:00,presentValue,analogInput_203,analogInput,,,,,,22.516573,,,,,,,,
2026-04-13 12:19:00+00:00,presentValue,analogInput_203,analogInput,,,,,,22.496964,,,,,,,,
2026-04-13 12:22:00+00:00,presentValue,analogInput_203,analogInput,,,,,,22.481274,,,,,,,,
2026-04-13 12:25:00+00:00,presentValue,analogInput_203,analogInput,,,,,,22.47343,,,,,,,,
2026-04-13 12:28:00+00:00,presentValue,analogInput_203,analogInput,,,,,,22.465588,,,,,,,,
2026-04-13 12:31:00+00:00,presentValue,analogInput_203,analogInput,,,,,,22.461664,,,,,,,,
2026-04-13 12:34:00+00:00,presentValue,analogInput_203,analogInput,,,,,,22.461664,,,,,,,,
2026-04-13 12:37:00+00:00,presentValue,analogInput_203,analogInput,,,,,,22.46951,,,,,,,,
2026-04-13 12:40:00+00:00,presentValue,analogInput_203,analogInput,,,,,,22.481274,,,,,,,,
2026-04-13 12:43:00+00:00,presentValue,analogInput_203,analogInput,,,,,,22.481274,,,,,,,,
2026-04-13 12:46:00+00:00,presentValue,analogInput_203,analogInput,,,,,,22.496964,,,,,,,,
2026-04-13 12:49:00+00:00,presentValue,analogInput_203,analogInput,,,,,,22.504807,,,,,,,,
2026-04-13 12:52:00+00:00,presentValue,analogInput_203,analogInput,,,,,,22.524416,,,,,,,,
2026-04-13 12:55:00+00:00,presentValue,analogInput_203,analogInput,,,,,,22.544025,,,,,,,,
2026-04-13 12:58:00+00:00,presentValue,analogInput_203,analogInput,,,,,,22.559715,,,,,,,,
2026-04-13 13:01:00+00:00,presentValue,analogInput_203,analogInput,,,,,,22.598934,,,,,,,,
2026-04-13 13:04:00+00:00,presentValue,analogInput_203,analogInput,,,,,,22.602856,,,,,,,,
2026-04-13 13:07:00+00:00,presentValue,analogInput_203,analogInput,,,,,,22.63031,,,,,,,,
2026-04-13 13:10:00+00:00,presentValue,analogInput_203,analogInput,,,,,,22.665607,,,,,,,,
2026-04-13 13:13:00+00:00,presentValue,analogInput_203,analogInput,,,,,,22.696983,,,,,,,,
2026-04-13 13:16:00+00:00,presentValue,analogInput_203,analogInput,,,,,,22.73228,,,,,,,,
2026-04-13 13:19:00+00:00,presentValue,analogInput_203,analogInput,,,,,,22.79895,,,,,,,,
2026-04-13 13:22:00+00:00,presentValue,analogInput_203,analogInput,,,,,,22.826403,,,,,,,,
2026-04-13 13:25:00+00:00,presentValue,analogInput_203,analogInput,,,,,,22.897,,,,,,,,
2026-04-13 13:28:00+00:00,presentValue,analogInput_203,analogInput,,,,,,22.940142,,,,,,,,
2026-04-13 13:31:00+00:00,presentValue,analogInput_203,analogInput,,,,,,22.99897,,,,,,,,
2026-04-13 13:34:00+00:00,presentValue,analogInput_203,analogInput,,,,,,23.073488,,,,,,,,
2026-04-13 13:37:00+00:00,presentValue,analogInput_203,analogInput,,,,,,23.15585,,,,,,,,
2026-04-13 13:40:00+00:00,presentValue,analogInput_203,analogInput,,,,,,23.218596,,,,,,,,
2026-04-13 13:43:00+00:00,presentValue,analogInput_203,analogInput,,,,,,23.308802,,,,,,,,
2026-04-13 13:46:00+00:00,presentValue,analogInput_203,analogInput,,,,,,24.112803,,,,,,,,
2026-04-13 13:49:00+00:00,presentValue,analogInput_203,analogInput,,,,,,21.085066,,,,,,,,
2026-04-13 13:52:00+00:00,presentValue,analogInput_203,analogInput,,,,,,20.720327,,,,,,,,
2026-04-13 13:55:00+00:00,presentValue,analogInput_203,analogInput,,,,,,21.48118,,,,,,,,
2026-04-13 13:58:00+00:00,presentValue,analogInput_203,analogInput,,,,,,22.849936,,,,,,,,
2026-04-13 14:01:00+00:00,presentValue,analogInput_203,analogInput,,,,,,25.014847,,,,,,,,
2026-04-13 14:04:00+00:00,presentValue,analogInput_203,analogInput,,,,,,27.669996,,,,,,,,
2026-04-13 14:07:00+00:00,presentValue,analogInput_203,analogInput,,,,,,30.034924,,,,,,,,
2026-04-13 14:10:00+00:00,presentValue,analogInput_203,analogInput,,,,,,32.54888,,,,,,,,
2026-04-13 14:13:00+00:00,presentValue,analogInput_203,analogInput,,,,,,35.180496,,,,,,,,
2026-04-13 14:16:00+00:00,presentValue,analogInput_203,analogInput,,,,,,37.81212,,,,,,,,
2026-04-13 14:19:00+00:00,presentValue,analogInput_203,analogInput,,,,,,40.502567,,,,,,,,
2026-04-13 14:22:00+00:00,presentValue,analogInput_203,analogInput,,,,,,43.26753,,,,,,,,
2026-04-13 14:25:00+00:00,presentValue,analogInput_203,analogInput,,,,,,46.075638,,,,,,,,
2026-04-13 14:28:00+00:00,presentValue,analogInput_203,analogInput,,,,,,48.922955,,,,,,,,
2026-04-13 14:31:00+00:00,presentValue,analogInput_203,analogInput,,,,,,51.778126,,,,,,,,
2026-04-13 14:34:00+00:00,presentValue,analogInput_203,analogInput,,,,,,54.70389,,,,,,,,
2026-04-13 14:37:00+00:00,presentValue,analogInput_203,analogInput,,,,,,57.688488,,,,,,,,
2026-04-13 14:40:00+00:00,presentValue,analogInput_203,analogInput,,,,,,60.798573,,,,,,,,
2026-04-13 14:43:00+00:00,presentValue,analogInput_203,analogInput,,,,,,63.896908,,,,,,,,
2026-04-13 14:46:00+00:00,presentValue,analogInput_203,analogInput,,,,,,67.02269,,,,,,,,
2026-04-13 14:49:00+00:00,presentValue,analogInput_203,analogInput,,,,,,70.19553,,,,,,,,
2026-04-13 14:52:00+00:00,presentValue,analogInput_203,analogInput,,,,,,73.4076,,,,,,,,
2026-04-13 14:55:00+00:00,presentValue,analogInput_203,analogInput,,,,,,76.6628,,,,,,,,
2026-04-13 14:58:00+00:00,presentValue,analogInput_203,analogInput,,,,,,79.92585,,,,,,,,
2026-04-13 15:01:00+00:00,presentValue,analogInput_203,analogInput,,,,,,83.25558,,,,,,,,
2026-04-13 15:04:00+00:00,presentValue,analogInput_203,analogInput,,,,,,86.53823,,,,,,,,
2026-04-13 15:07:00+00:00,presentValue,analogInput_203,analogInput,,,,,,89.86796,,,,,,,,
2026-04-13 15:10:00+00:00,presentValue,analogInput_203,analogInput,,,,,,93.189835,,,,,,,,
2026-04-13 15:13:00+00:00,presentValue,analogInput_203,analogInput,,,,,,96.42542,,,,,,,,
2026-04-13 15:16:00+00:00,presentValue,analogInput_203,analogInput,,,,,,98.93155,,,,,,,,
2026-04-13 15:19:00+00:00,presentValue,analogInput_203,analogInput,,,,,,101.32393,,,,,,,,
2026-04-13 15:22:00+00:00,presentValue,analogInput_203,analogInput,,,,,,104.18694,,,,,,,,
2026-04-13 15:25:00+00:00,presentValue,analogInput_203,analogInput,,,,,,107.22252,,,,,,,,
2026-04-13 15:28:00+00:00,presentValue,analogInput_203,analogInput,,,,,,110.39144,,,,,,,,
2026-04-13 15:31:00+00:00,presentValue,analogInput_203,analogInput,,,,,,113.54468,,,,,,,,
2026-04-13 15:34:00+00:00,presentValue,analogInput_203,analogInput,,,,,,116.670456,,,,,,,,
2026-04-13 15:37:00+00:00,presentValue,analogInput_203,analogInput,,,,,,119.81977,,,,,,,,
2026-04-13 15:40:00+00:00,presentValue,analogInput_203,analogInput,,,,,,122.97694,,,,,,,,
2026-04-13 15:43:00+00:00,presentValue,analogInput_203,analogInput,,,,,,126.04388,,,,,,,,
2026-04-13 15:46:00+00:00,presentValue,analogInput_203,analogInput,,,,,,128.27547,,,,,,,,
2026-04-13 15:49:00+00:00,presentValue,analogInput_203,analogInput,,,,,,128.7657,,,,,,,,
2026-04-13 15:52:00+00:00,presentValue,analogInput_203,analogInput,,,,,,128.80492,,,,,,,,
2026-04-13 15:55:00+00:00,presentValue,analogInput_203,analogInput,,,,,,128.82062,,,,,,,,
2026-04-13 15:58:00+00:00,presentValue,analogInput_203,analogInput,,,,,,128.79315,,,,,,,,
2026-04-13 16:01:00+00:00,presentValue,analogInput_203,analogInput,,,,,,128.81276,,,,,,,,
2026-04-13 16:04:00+00:00,presentValue,analogInput_203,analogInput,,,,,,128.82062,,,,,,,,
2026-04-13 16:07:00+00:00,presentValue,analogInput_203,analogInput,,,,,,128.75786,,,,,,,,
2026-04-13 16:10:00+00:00,presentValue,analogInput_203,analogInput,,,,,,128.71864,,,,,,,,
2026-04-13 16:13:00+00:00,presentValue,analogInput_203,analogInput,,,,,,128.82454,,,,,,,,
2026-04-13 16:16:00+00:00,presentValue,analogInput_203,analogInput,,,,,,128.56175,,,,,,,,
2026-04-13 16:19:00+00:00,presentValue,analogInput_203,analogInput,,,,,,128.8716,,,,,,,,
2026-04-13 16:22:00+00:00,presentValue,analogInput_203,analogInput,,,,,,128.71472,,,,,,,,
2026-04-13 16:25:00+00:00,presentValue,analogInput_203,analogInput,,,,,,127.777374,,,,,,,,
2026-04-13 16:28:00+00:00,presentValue,analogInput_203,analogInput,,,,,,128.85199,,,,,,,,
2026-04-13 16:31:00+00:00,presentValue,analogInput_203,analogInput,,,,,,128.98534,,,,,,,,
2026-04-13 16:34:00+00:00,presentValue,analogInput_203,analogInput,,,,,,128.75786,,,,,,,,
2026-04-13 16:37:00+00:00,presentValue,analogInput_203,analogInput,,,,,,128.33037,,,,,,,,
2026-04-13 16:40:00+00:00,presentValue,analogInput_203,analogInput,,,,,,128.9618,,,,,,,,
2026-04-13 16:43:00+00:00,presentValue,analogInput_203,analogInput,,,,,,128.93826,,,,,,,,
2026-04-13 16:46:00+00:00,presentValue,analogInput_203,analogInput,,,,,,128.85591,,,,,,,,
2026-04-13 16:49:00+00:00,presentValue,analogInput_203,analogInput,,,,,,128.94218,,,,,,,,
2026-04-13 16:52:00+00:00,presentValue,analogInput_203,analogInput,,,,,,128.95004,,,,,,,,
2026-04-13 16:55:00+00:00,presentValue,analogInput_203,analogInput,,,,,,128.82846,,,,,,,,
2026-04-13 16:58:00+00:00,presentValue,analogInput_203,analogInput,,,,,,128.93434,,,,,,,,
2026-04-13 17:01:00+00:00,presentValue,analogInput_203,analogInput,,,,,,128.94218,,,,,,,,
2026-04-13 17:04:00+00:00,presentValue,analogInput_203,analogInput,,,,,,128.7461,,,,,,,,
2026-04-13 17:07:00+00:00,presentValue,analogInput_203,analogInput,,,,,,128.98141,,,,,,,,
2026-04-13 17:10:00+00:00,presentValue,analogInput_203,analogInput,,,,,,129.02063,,,,,,,,
2026-04-13 17:13:00+00:00,presentValue,analogInput_203,analogInput,,,,,,127.997,,,,,,,,
2026-04-13 17:16:00+00:00,presentValue,analogInput_203,analogInput,,,,,,128.95789,,,,,,,,
2026-04-13 17:19:00+00:00,presentValue,analogInput_203,analogInput,,,,,,128.78139,,,,,,,,
2026-04-13 17:22:00+00:00,presentValue,analogInput_203,analogInput,,,,,,128.91473,,,,,,,,
2026-04-13 17:25:00+00:00,presentValue,analogInput_203,analogInput,,,,,,128.78531,,,,,,,,
2026-04-13 17:28:00+00:00,presentValue,analogInput_203,analogInput,,,,,,128.91473,,,,,,,,
2026-04-13 17:31:00+00:00,presentValue,analogInput_203,analogInput,,,,,,128.90689,,,,,,,,
2026-04-13 17:34:00+00:00,presentValue,analogInput_203,analogInput,,,,,,128.53432,,,,,,,,
2026-04-13 17:37:00+00:00,presentValue,analogInput_203,analogInput,,,,,,128.83238,,,,,,,,
2026-04-13 17:40:00+00:00,presentValue,analogInput_203,analogInput,,,,,,128.82846,,,,,,,,
2026-04-13 17:43:00+00:00,presentValue,analogInput_203,analogInput,,,,,,128.8912,,,,,,,,
2026-04-13 17:46:00+00:00,presentValue,analogInput_203,analogInput,,,,,,128.86375,,,,,,,,
2026-04-13 17:49:00+00:00,presentValue,analogInput_203,analogInput,,,,,,128.8912,,,,,,,,
2026-04-13 17:52:00+00:00,presentValue,analogInput_203,analogInput,,,,,,128.66373,,,,,,,,
2026-04-13 17:55:00+00:00,presentValue,analogInput_203,analogInput,,,,,,128.90297,,,,,,,,
2026-04-13 17:58:00+00:00,presentValue,analogInput_203,analogInput,,,,,,128.81668,,,,,,,,
2026-04-13 18:01:00+00:00,presentValue,analogInput_203,analogInput,,,,,,128.78531,,,,,,,,
2026-04-13 18:05:00+00:00,presentValue,analogInput_203,analogInput,,,,,,128.75786,,,,,,,,
2026-04-13 18:07:00+00:00,presentValue,analogInput_203,analogInput,,,,,,128.76178,,,,,,,,
2026-04-13 18:10:00+00:00,presentValue,analogInput_203,analogInput,,,,,,128.4441,,,,,,,,
2026-04-13 18:13:00+00:00,presentValue,analogInput_203,analogInput,,,,,,128.75786,,,,,,,,
2026-04-13 18:16:00+00:00,presentValue,analogInput_203,analogInput,,,,,,128.82062,,,,,,,,
2026-04-13 18:19:00+00:00,presentValue,analogInput_203,analogInput,,,,,,128.8363,,,,,,,,
2026-04-13 18:22:00+00:00,presentValue,analogInput_203,analogInput,,,,,,128.0127,,,,,,,,
2026-04-13 18:25:00+00:00,presentValue,analogInput_203,analogInput,,,,,,128.52255,,,,,,,,
2026-04-13 18:28:00+00:00,presentValue,analogInput_203,analogInput,,,,,,128.65196,,,,,,,,
2026-04-13 18:31:00+00:00,presentValue,analogInput_203,analogInput,,,,,,128.56567,,,,,,,,
2026-04-13 18:34:00+00:00,presentValue,analogInput_203,analogInput,,,,,,128.61275,,,,,,,,
2026-04-13 18:37:00+00:00,presentValue,analogInput_203,analogInput,,,,,,127.593056,,,,,,,,
2026-04-13 18:40:00+00:00,presentValue,analogInput_203,analogInput,,,,,,128.57353,,,,,,,,
2026-04-13 18:43:00+00:00,presentValue,analogInput_203,analogInput,,,,,,128.55391,,,,,,,,
2026-04-13 18:46:00+00:00,presentValue,analogInput_203,analogInput,,,,,,128.56961,,,,,,,,
2026-04-13 18:49:00+00:00,presentValue,analogInput_203,analogInput,,,,,,128.55783,,,,,,,,
2026-04-13 18:52:00+00:00,presentValue,analogInput_203,analogInput,,,,,,128.02838,,,,,,,,
2026-04-13 18:55:00+00:00,presentValue,analogInput_203,analogInput,,,,,,128.0127,,,,,,,,
2026-04-13 18:58:00+00:00,presentValue,analogInput_203,analogInput,,,,,,128.47942,,,,,,,,
2026-04-13 19:01:00+00:00,presentValue,analogInput_203,analogInput,,,,,,128.4755,,,,,,,,
2026-04-13 19:04:00+00:00,presentValue,analogInput_203,analogInput,,,,,,128.48726,,,,,,,,
2026-04-13 19:07:00+00:00,presentValue,analogInput_203,analogInput,,,,,,128.47942,,,,,,,,
2026-04-13 19:10:00+00:00,presentValue,analogInput_203,analogInput,,,,,,128.45195,,,,,,,,
2026-04-13 19:13:00+00:00,presentValue,analogInput_203,analogInput,,,,,,127.07927,,,,,,,,
2026-04-13 19:16:00+00:00,presentValue,analogInput_203,analogInput,,,,,,127.54991,,,,,,,,
2026-04-13 19:19:00+00:00,presentValue,analogInput_203,analogInput,,,,,,127.65187,,,,,,,,
2026-04-13 19:22:00+00:00,presentValue,analogInput_203,analogInput,,,,,,127.80875,,,,,,,,
2026-04-13 19:25:00+00:00,presentValue,analogInput_203,analogInput,,,,,,127.74207,,,,,,,,
2026-04-13 19:28:00+00:00,presentValue,analogInput_203,analogInput,,,,,,127.77345,,,,,,,,
2026-04-13 19:31:00+00:00,presentValue,analogInput_203,analogInput,,,,,,127.65187,,,,,,,,
2026-04-13 19:34:00+00:00,presentValue,analogInput_203,analogInput,,,,,,127.4048,,,,,,,,
2026-04-13 19:37:00+00:00,presentValue,analogInput_203,analogInput,,,,,,127.22439,,,,,,,,
2026-04-13 19:40:00+00:00,presentValue,analogInput_203,analogInput,,,,,,126.836105,,,,,,,,
2026-04-13 19:43:00+00:00,presentValue,analogInput_203,analogInput,,,,,,126.53413,,,,,,,,
2026-04-13 19:46:00+00:00,presentValue,analogInput_203,analogInput,,,,,,125.57326,,,,,,,,
2026-04-13 19:49:00+00:00,presentValue,analogInput_203,analogInput,,,,,,124.592766,,,,,,,,
2026-04-13 19:52:00+00:00,presentValue,analogInput_203,analogInput,,,,,,124.86731,,,,,,,,
2026-04-13 19:55:00+00:00,presentValue,analogInput_203,analogInput,,,,,,124.69866,,,,,,,,
2026-04-13 19:58:00+00:00,presentValue,analogInput_203,analogInput,,,,,,124.54179,,,,,,,,
2026-04-13 20:01:00+00:00,presentValue,analogInput_203,analogInput,,,,,,124.388824,,,,,,,,
2026-04-13 20:04:00+00:00,presentValue,analogInput_203,analogInput,,,,,,124.047615,,,,,,,,
2026-04-13 20:07:00+00:00,presentValue,analogInput_203,analogInput,,,,,,123.72994,,,,,,,,
2026-04-13 20:10:00+00:00,presentValue,analogInput_203,analogInput,,,,,,123.29068,,,,,,,,
2026-04-13 20:13:00+00:00,presentValue,analogInput_203,analogInput,,,,,,122.83182,,,,,,,,
2026-04-13 20:16:00+00:00,presentValue,analogInput_203,analogInput,,,,,,122.30235,,,,,,,,
2026-04-13 20:19:00+00:00,presentValue,analogInput_203,analogInput,,,,,,121.67877,,,,,,,,
2026-04-13 20:22:00+00:00,presentValue,analogInput_203,analogInput,,,,,,121.059105,,,,,,,,
2026-04-13 20:25:00+00:00,presentValue,analogInput_203,analogInput,,,,,,120.38453,,,,,,,,
2026-04-13 20:28:00+00:00,presentValue,analogInput_203,analogInput,,,,,,119.67466,,,,,,,,
2026-04-13 20:31:00+00:00,presentValue,analogInput_203,analogInput,,,,,,118.88635,,,,,,,,
2026-04-13 20:34:00+00:00,presentValue,analogInput_203,analogInput,,,,,,118.094124,,,,,,,,
2026-04-13 20:37:00+00:00,presentValue,analogInput_203,analogInput,,,,,,117.31366,,,,,,,,
2026-04-13 20:40:00+00:00,presentValue,analogInput_203,analogInput,,,,,,116.43907,,,,,,,,
2026-04-13 20:43:00+00:00,presentValue,analogInput_203,analogInput,,,,,,115.595856,,,,,,,,
2026-04-13 20:46:00+00:00,presentValue,analogInput_203,analogInput,,,,,,114.72518,,,,,,,,
2026-04-13 20:49:00+00:00,presentValue,analogInput_203,analogInput,,,,,,113.84667,,,,,,,,
2026-04-13 20:52:00+00:00,presentValue,analogInput_203,analogInput,,,,,,112.97207,,,,,,,,
2026-04-13 20:55:00+00:00,presentValue,analogInput_203,analogInput,,,,,,112.08963,,,,,,,,
2026-04-13 20:58:00+00:00,presentValue,analogInput_203,analogInput,,,,,,111.19151,,,,,,,,
2026-04-13 21:01:00+00:00,presentValue,analogInput_203,analogInput,,,,,,110.13652,,,,,,,,
2026-04-13 21:04:00+00:00,presentValue,analogInput_203,analogInput,,,,,,108.86973,,,,,,,,
2026-04-13 21:07:00+00:00,presentValue,analogInput_203,analogInput,,,,,,107.3794,,,,,,,,
2026-04-13 21:10:00+00:00,presentValue,analogInput_203,analogInput,,,,,,105.99495,,,,,,,,
2026-04-13 21:13:00+00:00,presentValue,analogInput_203,analogInput,,,,,,104.74385,,,,,,,,
2026-04-13 21:16:00+00:00,presentValue,analogInput_203,analogInput,,,,,,103.74769,,,,,,,,
2026-04-13 21:19:00+00:00,presentValue,analogInput_203,analogInput,,,,,,102.72406,,,,,,,,
2026-04-13 21:22:00+00:00,presentValue,analogInput_203,analogInput,,,,,,101.70436,,,,,,,,
2026-04-13 21:25:00+00:00,presentValue,analogInput_203,analogInput,,,,,,100.70034,,,,,,,,
2026-04-13 21:28:00+00:00,presentValue,analogInput_203,analogInput,,,,,,99.68064,,,,,,,,
2026-04-13 21:31:00+00:00,presentValue,analogInput_203,analogInput,,,,,,98.606026,,,,,,,,
2026-04-13 21:34:00+00:00,presentValue,analogInput_203,analogInput,,,,,,97.64515,,,,,,,,
2026-04-13 21:37:00+00:00,presentValue,analogInput_203,analogInput,,,,,,97.06471,,,,,,,,
2026-04-13 21:40:00+00:00,presentValue,analogInput_203,analogInput,,,,,,96.809784,,,,,,,,
2026-04-13 21:43:00+00:00,presentValue,analogInput_203,analogInput,,,,,,96.44112,,,,,,,,
2026-04-13 21:46:00+00:00,presentValue,analogInput_203,analogInput,,,,,,95.64104,,,,,,,,
2026-04-13 21:49:00+00:00,presentValue,analogInput_203,analogInput,,,,,,90.4837,,,,,,,,
2026-04-13 21:52:00+00:00,presentValue,analogInput_203,analogInput,,,,,,89.33065,,,,,,,,
2026-04-13 21:55:00+00:00,presentValue,analogInput_203,analogInput,,,,,,89.18161,,,,,,,,
2026-04-13 21:58:00+00:00,presentValue,analogInput_203,analogInput,,,,,,88.93062,,,,,,,,
2026-04-13 22:01:00+00:00,presentValue,analogInput_203,analogInput,,,,,,88.58941,,,,,,,,
2026-04-13 22:04:00+00:00,presentValue,analogInput_203,analogInput,,,,,,88.1227,,,,,,,,
2026-04-13 22:07:00+00:00,presentValue,analogInput_203,analogInput,,,,,,87.61677,,,,,,,,
2026-04-13 22:10:00+00:00,presentValue,analogInput_203,analogInput,,,,,,87.26379,,,,,,,,
2026-04-13 22:13:00+00:00,presentValue,analogInput_203,analogInput,,,,,,86.74217,,,,,,,,
2026-04-13 22:16:00+00:00,presentValue,analogInput_203,analogInput,,,,,,86.322525,,,,,,,,
2026-04-13 22:19:00+00:00,presentValue,analogInput_203,analogInput,,,,,,85.753845,,,,,,,,
2026-04-13 22:22:00+00:00,presentValue,analogInput_203,analogInput,,,,,,85.22047,,,,,,,,
2026-04-13 22:25:00+00:00,presentValue,analogInput_203,analogInput,,,,,,84.67139,,,,,,,,
2026-04-13 22:28:00+00:00,presentValue,analogInput_203,analogInput,,,,,,84.185074,,,,,,,,
2026-04-13 22:31:00+00:00,presentValue,analogInput_203,analogInput,,,,,,83.62423,,,,,,,,
2026-04-13 22:34:00+00:00,presentValue,analogInput_203,analogInput,,,,,,83.2595,,,,,,,,
2026-04-13 22:37:00+00:00,presentValue,analogInput_203,analogInput,,,,,,82.832,,,,,,,,
2026-04-13 22:40:00+00:00,presentValue,analogInput_203,analogInput,,,,,,82.44374,,,,,,,,
2026-04-13 22:43:00+00:00,presentValue,analogInput_203,analogInput,,,,,,81.97702,,,,,,,,
2026-04-13 22:46:00+00:00,presentValue,analogInput_203,analogInput,,,,,,81.61621,,,,,,,,
2026-04-13 22:49:00+00:00,presentValue,analogInput_203,analogInput,,,,,,81.18087,,,,,,,,
2026-04-13 22:52:00+00:00,presentValue,analogInput_203,analogInput,,,,,,80.745544,,,,,,,,
2026-04-13 22:55:00+00:00,presentValue,analogInput_203,analogInput,,,,,,80.278824,,,,,,,,
2026-04-13 22:58:00+00:00,presentValue,analogInput_203,analogInput,,,,,,79.78075,,,,,,,,
2026-04-13 23:01:00+00:00,presentValue,analogInput_203,analogInput,,,,,,79.310104,,,,,,,,
2026-04-13 23:04:00+00:00,presentValue,analogInput_203,analogInput,,,,,,78.776726,,,,,,,,
2026-04-13 23:07:00+00:00,presentValue,analogInput_203,analogInput,,,,,,78.32178,,,,,,,,
2026-04-13 23:10:00+00:00,presentValue,analogInput_203,analogInput,,,,,,77.953125,,,,,,,,
2026-04-13 23:13:00+00:00,presentValue,analogInput_203,analogInput,,,,,,77.580536,,,,,,,,
2026-04-13 23:16:00+00:00,presentValue,analogInput_203,analogInput,,,,,,77.20795,,,,,,,,
2026-04-13 23:19:00+00:00,presentValue,analogInput_203,analogInput,,,,,,76.85498,,,,,,,,
2026-04-13 23:22:00+00:00,presentValue,analogInput_203,analogInput,,,,,,76.50592,,,,,,,,
2026-04-13 23:25:00+00:00,presentValue,analogInput_203,analogInput,,,,,,76.1255,,,,,,,,
2026-04-13 23:28:00+00:00,presentValue,analogInput_203,analogInput,,,,,,75.698006,,,,,,,,
2026-04-13 23:31:00+00:00,presentValue,analogInput_203,analogInput,,,,,,75.219536,,,,,,,,
2026-04-13 23:34:00+00:00,presentValue,analogInput_203,analogInput,,,,,,74.843025,,,,,,,,
2026-04-13 23:37:00+00:00,presentValue,analogInput_203,analogInput,,,,,,74.45475,,,,,,,,
2026-04-13 23:40:00+00:00,presentValue,analogInput_203,analogInput,,,,,,74.08217,,,,,,,,
2026-04-13 23:43:00+00:00,presentValue,analogInput_203,analogInput,,,,,,73.74096,,,,,,,,
2026-04-13 23:46:00+00:00,presentValue,analogInput_203,analogInput,,,,,,73.427216,,,,,,,,
2026-04-13 23:49:00+00:00,presentValue,analogInput_203,analogInput,,,,,,73.09776,,,,,,,,
2026-04-13 23:52:00+00:00,presentValue,analogInput_203,analogInput,,,,,,72.67027,,,,,,,,
2026-04-13 23:55:00+00:00,presentValue,analogInput_203,analogInput,,,,,,72.24278,,,,,,,,
2026-04-13 23:58:00+00:00,presentValue,analogInput_203,analogInput,,,,,,71.86235,,,,,,,,
2026-04-13 11:01:00+00:00,presentValue,analogInput_205,analogInput,,,,,,,23.936314,,,,,,,
2026-04-13 11:04:00+00:00,presentValue,analogInput_205,analogInput,,,,,,,23.881405,,,,,,,
2026-04-13 11:07:00+00:00,presentValue,analogInput_205,analogInput,,,,,,,23.850029,,,,,,,
2026-04-13 11:10:00+00:00,presentValue,analogInput_205,analogInput,,,,,,,23.806889,,,,,,,
2026-04-13 11:13:00+00:00,presentValue,analogInput_205,analogInput,,,,,,,23.740213,,,,,,,
2026-04-13 11:16:00+00:00,presentValue,analogInput_205,analogInput,,,,,,,23.697073,,,,,,,
2026-04-13 11:19:00+00:00,presentValue,analogInput_205,analogInput,,,,,,,23.638248,,,,,,,
2026-04-13 11:22:00+00:00,presentValue,analogInput_205,analogInput,,,,,,,23.606873,,,,,,,
2026-04-13 11:25:00+00:00,presentValue,analogInput_205,analogInput,,,,,,,23.555887,,,,,,,
2026-04-13 11:28:00+00:00,presentValue,analogInput_205,analogInput,,,,,,,23.497057,,,,,,,
2026-04-13 11:31:00+00:00,presentValue,analogInput_205,analogInput,,,,,,,23.453915,,,,,,,
2026-04-13 11:34:00+00:00,presentValue,analogInput_205,analogInput,,,,,,,23.418617,,,,,,,
2026-04-13 11:37:00+00:00,presentValue,analogInput_205,analogInput,,,,,,,23.387241,,,,,,,
2026-04-13 11:40:00+00:00,presentValue,analogInput_205,analogInput,,,,,,,23.344099,,,,,,,
2026-04-13 11:43:00+00:00,presentValue,analogInput_205,analogInput,,,,,,,23.32449,,,,,,,
2026-04-13 11:46:00+00:00,presentValue,analogInput_205,analogInput,,,,,,,23.300957,,,,,,,
2026-04-13 11:49:00+00:00,presentValue,analogInput_205,analogInput,,,,,,,23.257816,,,,,,,
2026-04-13 11:52:00+00:00,presentValue,analogInput_205,analogInput,,,,,,,23.242128,,,,,,,
2026-04-13 11:55:00+00:00,presentValue,analogInput_205,analogInput,,,,,,,23.191149,,,,,,,
2026-04-13 11:58:00+00:00,presentValue,analogInput_205,analogInput,,,,,,,23.187225,,,,,,,
2026-04-13 12:01:00+00:00,presentValue,analogInput_205,analogInput,,,,,,,23.163694,,,,,,,
2026-04-13 12:04:00+00:00,presentValue,analogInput_205,analogInput,,,,,,,23.151928,,,,,,,
2026-04-13 12:07:00+00:00,presentValue,analogInput_205,analogInput,,,,,,,23.140162,,,,,,,
2026-04-13 12:10:00+00:00,presentValue,analogInput_205,analogInput,,,,,,,23.128397,,,,,,,
2026-04-13 12:13:00+00:00,presentValue,analogInput_205,analogInput,,,,,,,23.128397,,,,,,,
2026-04-13 12:16:00+00:00,presentValue,analogInput_205,analogInput,,,,,,,23.124474,,,,,,,
2026-04-13 12:19:00+00:00,presentValue,analogInput_205,analogInput,,,,,,,23.128397,,,,,,,
2026-04-13 12:22:00+00:00,presentValue,analogInput_205,analogInput,,,,,,,23.120552,,,,,,,
2026-04-13 12:25:00+00:00,presentValue,analogInput_205,analogInput,,,,,,,23.140162,,,,,,,
2026-04-13 12:28:00+00:00,presentValue,analogInput_205,analogInput,,,,,,,23.140162,,,,,,,
2026-04-13 12:31:00+00:00,presentValue,analogInput_205,analogInput,,,,,,,23.159773,,,,,,,
2026-04-13 12:34:00+00:00,presentValue,analogInput_205,analogInput,,,,,,,23.19507,,,,,,,
2026-04-13 12:37:00+00:00,presentValue,analogInput_205,analogInput,,,,,,,23.242128,,,,,,,
2026-04-13 12:40:00+00:00,presentValue,analogInput_205,analogInput,,,,,,,23.242128,,,,,,,
2026-04-13 12:43:00+00:00,presentValue,analogInput_205,analogInput,,,,,,,23.253895,,,,,,,
2026-04-13 12:46:00+00:00,presentValue,analogInput_205,analogInput,,,,,,,23.273504,,,,,,,
2026-04-13 12:49:00+00:00,presentValue,analogInput_205,analogInput,,,,,,,23.297035,,,,,,,
2026-04-13 12:52:00+00:00,presentValue,analogInput_205,analogInput,,,,,,,23.328411,,,,,,,
2026-04-13 12:55:00+00:00,presentValue,analogInput_205,analogInput,,,,,,,23.371553,,,,,,,
2026-04-13 12:58:00+00:00,presentValue,analogInput_205,analogInput,,,,,,,23.418617,,,,,,,
2026-04-13 13:01:00+00:00,presentValue,analogInput_205,analogInput,,,,,,,23.469603,,,,,,,
2026-04-13 13:04:00+00:00,presentValue,analogInput_205,analogInput,,,,,,,23.516666,,,,,,,
2026-04-13 13:07:00+00:00,presentValue,analogInput_205,analogInput,,,,,,,23.571575,,,,,,,
2026-04-13 13:10:00+00:00,presentValue,analogInput_205,analogInput,,,,,,,23.62256,,,,,,,
2026-04-13 13:13:00+00:00,presentValue,analogInput_205,analogInput,,,,,,,23.677462,,,,,,,
2026-04-13 13:16:00+00:00,presentValue,analogInput_205,analogInput,,,,,,,23.744137,,,,,,,
2026-04-13 13:19:00+00:00,presentValue,analogInput_205,analogInput,,,,,,,23.818653,,,,,,,
2026-04-13 13:22:00+00:00,presentValue,analogInput_205,analogInput,,,,,,,23.88925,,,,,,,
2026-04-13 13:25:00+00:00,presentValue,analogInput_205,analogInput,,,,,,,23.987299,,,,,,,
2026-04-13 13:28:00+00:00,presentValue,analogInput_205,analogInput,,,,,,,24.06966,,,,,,,
2026-04-13 13:31:00+00:00,presentValue,analogInput_205,analogInput,,,,,,,24.175549,,,,,,,
2026-04-13 13:34:00+00:00,presentValue,analogInput_205,analogInput,,,,,,,24.253988,,,,,,,
2026-04-13 13:37:00+00:00,presentValue,analogInput_205,analogInput,,,,,,,24.359882,,,,,,,
2026-04-13 13:40:00+00:00,presentValue,analogInput_205,analogInput,,,,,,,24.461853,,,,,,,
2026-04-13 13:43:00+00:00,presentValue,analogInput_205,analogInput,,,,,,,24.567747,,,,,,,
2026-04-13 13:46:00+00:00,presentValue,analogInput_205,analogInput,,,,,,,24.081427,,,,,,,
2026-04-13 13:49:00+00:00,presentValue,analogInput_205,analogInput,,,,,,,21.975344,,,,,,,
2026-04-13 13:52:00+00:00,presentValue,analogInput_205,analogInput,,,,,,,20.877207,,,,,,,
2026-04-13 13:55:00+00:00,presentValue,analogInput_205,analogInput,,,,,,,21.649826,,,,,,,
2026-04-13 13:58:00+00:00,presentValue,analogInput_205,analogInput,,,,,,,23.297035,,,,,,,
2026-04-13 14:01:00+00:00,presentValue,analogInput_205,analogInput,,,,,,,25.399197,,,,,,,
2026-04-13 14:04:00+00:00,presentValue,analogInput_205,analogInput,,,,,,,28.14455,,,,,,,
2026-04-13 14:07:00+00:00,presentValue,analogInput_205,analogInput,,,,,,,30.568302,,,,,,,
2026-04-13 14:10:00+00:00,presentValue,analogInput_205,analogInput,,,,,,,33.090107,,,,,,,
2026-04-13 14:13:00+00:00,presentValue,analogInput_205,analogInput,,,,,,,35.72957,,,,,,,
2026-04-13 14:16:00+00:00,presentValue,analogInput_205,analogInput,,,,,,,38.384716,,,,,,,
2026-04-13 14:19:00+00:00,presentValue,analogInput_205,analogInput,,,,,,,41.086937,,,,,,,
2026-04-13 14:22:00+00:00,presentValue,analogInput_205,analogInput,,,,,,,43.86366,,,,,,,
2026-04-13 14:25:00+00:00,presentValue,analogInput_205,analogInput,,,,,,,46.683533,,,,,,,
2026-04-13 14:28:00+00:00,presentValue,analogInput_205,analogInput,,,,,,,49.55047,,,,,,,
2026-04-13 14:31:00+00:00,presentValue,analogInput_205,analogInput,,,,,,,52.433086,,,,,,,
2026-04-13 14:34:00+00:00,presentValue,analogInput_205,analogInput,,,,,,,55.37846,,,,,,,
2026-04-13 14:37:00+00:00,presentValue,analogInput_205,analogInput,,,,,,,58.39051,,,,,,,
2026-04-13 14:40:00+00:00,presentValue,analogInput_205,analogInput,,,,,,,61.492764,,,,,,,
2026-04-13 14:43:00+00:00,presentValue,analogInput_205,analogInput,,,,,,,64.61854,,,,,,,
2026-04-13 14:46:00+00:00,presentValue,analogInput_205,analogInput,,,,,,,67.756096,,,,,,,
2026-04-13 14:49:00+00:00,presentValue,analogInput_205,analogInput,,,,,,,70.9407,,,,,,,
2026-04-13 14:52:00+00:00,presentValue,analogInput_205,analogInput,,,,,,,74.14885,,,,,,,
2026-04-13 14:55:00+00:00,presentValue,analogInput_205,analogInput,,,,,,,77.42758,,,,,,,
2026-04-13 14:58:00+00:00,presentValue,analogInput_205,analogInput,,,,,,,80.71809,,,,,,,
2026-04-13 15:01:00+00:00,presentValue,analogInput_205,analogInput,,,,,,,84.03212,,,,,,,
2026-04-13 15:04:00+00:00,presentValue,analogInput_205,analogInput,,,,,,,87.377525,,,,,,,
2026-04-13 15:07:00+00:00,presentValue,analogInput_205,analogInput,,,,,,,90.70725,,,,,,,
2026-04-13 15:10:00+00:00,presentValue,analogInput_205,analogInput,,,,,,,94.07227,,,,,,,
2026-04-13 15:13:00+00:00,presentValue,analogInput_205,analogInput,,,,,,,97.33923,,,,,,,
2026-04-13 15:16:00+00:00,presentValue,analogInput_205,analogInput,,,,,,,100.402275,,,,,,,
2026-04-13 15:19:00+00:00,presentValue,analogInput_205,analogInput,,,,,,,102.484825,,,,,,,
2026-04-13 15:22:00+00:00,presentValue,analogInput_205,analogInput,,,,,,,105.38313,,,,,,,
2026-04-13 15:25:00+00:00,presentValue,analogInput_205,analogInput,,,,,,,108.36379,,,,,,,
2026-04-13 15:28:00+00:00,presentValue,analogInput_205,analogInput,,,,,,,111.56802,,,,,,,
2026-04-13 15:31:00+00:00,presentValue,analogInput_205,analogInput,,,,,,,114.705574,,,,,,,
2026-04-13 15:34:00+00:00,presentValue,analogInput_205,analogInput,,,,,,,117.84312,,,,,,,
2026-04-13 15:37:00+00:00,presentValue,analogInput_205,analogInput,,,,,,,121.004196,,,,,,,
2026-04-13 15:40:00+00:00,presentValue,analogInput_205,analogInput,,,,,,,124.1692,,,,,,,
2026-04-13 15:43:00+00:00,presentValue,analogInput_205,analogInput,,,,,,,127.25184,,,,,,,
2026-04-13 15:46:00+00:00,presentValue,analogInput_205,analogInput,,,,,,,129.99327,,,,,,,
2026-04-13 15:49:00+00:00,presentValue,analogInput_205,analogInput,,,,,,,131.47968,,,,,,,
2026-04-13 15:52:00+00:00,presentValue,analogInput_205,analogInput,,,,,,,131.7346,,,,,,,
2026-04-13 15:55:00+00:00,presentValue,analogInput_205,analogInput,,,,,,,131.92287,,,,,,,
2026-04-13 15:58:00+00:00,presentValue,analogInput_205,analogInput,,,,,,,131.8601,,,,,,,
2026-04-13 16:01:00+00:00,presentValue,analogInput_205,analogInput,,,,,,,131.8915,,,,,,,
2026-04-13 16:04:00+00:00,presentValue,analogInput_205,analogInput,,,,,,,131.95424,,,,,,,
2026-04-13 16:07:00+00:00,presentValue,analogInput_205,analogInput,,,,,,,131.58165,,,,,,,
2026-04-13 16:10:00+00:00,presentValue,analogInput_205,analogInput,,,,,,,131.4483,,,,,,,
2026-04-13 16:13:00+00:00,presentValue,analogInput_205,analogInput,,,,,,,132.00523,,,,,,,
2026-04-13 16:16:00+00:00,presentValue,analogInput_205,analogInput,,,,,,,131.16202,,,,,,,
2026-04-13 16:19:00+00:00,presentValue,analogInput_205,analogInput,,,,,,,132.07582,,,,,,,
2026-04-13 16:22:00+00:00,presentValue,analogInput_205,analogInput,,,,,,,131.213,,,,,,,
2026-04-13 16:25:00+00:00,presentValue,analogInput_205,analogInput,,,,,,,129.4599,,,,,,,
2026-04-13 16:28:00+00:00,presentValue,analogInput_205,analogInput,,,,,,,131.98561,,,,,,,
2026-04-13 16:31:00+00:00,presentValue,analogInput_205,analogInput,,,,,,,132.15819,,,,,,,
2026-04-13 16:34:00+00:00,presentValue,analogInput_205,analogInput,,,,,,,131.213,,,,,,,
2026-04-13 16:37:00+00:00,presentValue,analogInput_205,analogInput,,,,,,,130.5698,,,,,,,
2026-04-13 16:40:00+00:00,presentValue,analogInput_205,analogInput,,,,,,,132.04053,,,,,,,
2026-04-13 16:43:00+00:00,presentValue,analogInput_205,analogInput,,,,,,,132.11111,,,,,,,
2026-04-13 16:46:00+00:00,presentValue,analogInput_205,analogInput,,,,,,,131.59341,,,,,,,
2026-04-13 16:49:00+00:00,presentValue,analogInput_205,analogInput,,,,,,,132.02092,,,,,,,
2026-04-13 16:52:00+00:00,presentValue,analogInput_205,analogInput,,,,,,,131.99738,,,,,,,
2026-04-13 16:55:00+00:00,presentValue,analogInput_205,analogInput,,,,,,,131.14632,,,,,,,
2026-04-13 16:58:00+00:00,presentValue,analogInput_205,analogInput,,,,,,,131.95816,,,,,,,
2026-04-13 17:01:00+00:00,presentValue,analogInput_205,analogInput,,,,,,,132.00131,,,,,,,
2026-04-13 17:04:00+00:00,presentValue,analogInput_205,analogInput,,,,,,,131.33456,,,,,,,
2026-04-13 17:07:00+00:00,presentValue,analogInput_205,analogInput,,,,,,,131.89934,,,,,,,
2026-04-13 17:10:00+00:00,presentValue,analogInput_205,analogInput,,,,,,,131.9464,,,,,,,
2026-04-13 17:13:00+00:00,presentValue,analogInput_205,analogInput,,,,,,,129.76187,,,,,,,
2026-04-13 17:16:00+00:00,presentValue,analogInput_205,analogInput,,,,,,,131.89934,,,,,,,
2026-04-13 17:19:00+00:00,presentValue,analogInput_205,analogInput,,,,,,,131.18555,,,,,,,
2026-04-13 17:22:00+00:00,presentValue,analogInput_205,analogInput,,,,,,,131.89934,,,,,,,
2026-04-13 17:25:00+00:00,presentValue,analogInput_205,analogInput,,,,,,,131.213,,,,,,,
2026-04-13 17:28:00+00:00,presentValue,analogInput_205,analogInput,,,,,,,131.8405,,,,,,,
2026-04-13 17:31:00+00:00,presentValue,analogInput_205,analogInput,,,,,,,131.81305,,,,,,,
2026-04-13 17:34:00+00:00,presentValue,analogInput_205,analogInput,,,,,,,130.9267,,,,,,,
2026-04-13 17:37:00+00:00,presentValue,analogInput_205,analogInput,,,,,,,131.75423,,,,,,,
2026-04-13 17:40:00+00:00,presentValue,analogInput_205,analogInput,,,,,,,131.70715,,,,,,,
2026-04-13 17:43:00+00:00,presentValue,analogInput_205,analogInput,,,,,,,131.67578,,,,,,,
2026-04-13 17:46:00+00:00,presentValue,analogInput_205,analogInput,,,,,,,131.68755,,,,,,,
2026-04-13 17:49:00+00:00,presentValue,analogInput_205,analogInput,,,,,,,131.74637,,,,,,,
2026-04-13 17:52:00+00:00,presentValue,analogInput_205,analogInput,,,,,,,130.69922,,,,,,,
2026-04-13 17:55:00+00:00,presentValue,analogInput_205,analogInput,,,,,,,131.56596,,,,,,,
2026-04-13 17:58:00+00:00,presentValue,analogInput_205,analogInput,,,,,,,131.4836,,,,,,,
2026-04-13 18:01:00+00:00,presentValue,analogInput_205,analogInput,,,,,,,131.47968,,,,,,,
2026-04-13 18:05:00+00:00,presentValue,analogInput_205,analogInput,,,,,,,131.46007,,,,,,,
2026-04-13 18:07:00+00:00,presentValue,analogInput_205,analogInput,,,,,,,131.46791,,,,,,,
2026-04-13 18:10:00+00:00,presentValue,analogInput_205,analogInput,,,,,,,130.45213,,,,,,,
2026-04-13 18:13:00+00:00,presentValue,analogInput_205,analogInput,,,,,,,131.09142,,,,,,,
2026-04-13 18:16:00+00:00,presentValue,analogInput_205,analogInput,,,,,,,131.23653,,,,,,,
2026-04-13 18:19:00+00:00,presentValue,analogInput_205,analogInput,,,,,,,131.21692,,,,,,,
2026-04-13 18:22:00+00:00,presentValue,analogInput_205,analogInput,,,,,,,129.96582,,,,,,,
2026-04-13 18:25:00+00:00,presentValue,analogInput_205,analogInput,,,,,,,130.50703,,,,,,,
2026-04-13 18:28:00+00:00,presentValue,analogInput_205,analogInput,,,,,,,131.02867,,,,,,,
2026-04-13 18:31:00+00:00,presentValue,analogInput_205,analogInput,,,,,,,130.89531,,,,,,,
2026-04-13 18:34:00+00:00,presentValue,analogInput_205,analogInput,,,,,,,130.87178,,,,,,,
2026-04-13 18:37:00+00:00,presentValue,analogInput_205,analogInput,,,,,,,128.62451,,,,,,,
2026-04-13 18:40:00+00:00,presentValue,analogInput_205,analogInput,,,,,,,130.51096,,,,,,,
2026-04-13 18:43:00+00:00,presentValue,analogInput_205,analogInput,,,,,,,130.71883,,,,,,,
2026-04-13 18:46:00+00:00,presentValue,analogInput_205,analogInput,,,,,,,130.5698,,,,,,,
2026-04-13 18:49:00+00:00,presentValue,analogInput_205,analogInput,,,,,,,130.52666,,,,,,,
2026-04-13 18:52:00+00:00,presentValue,analogInput_205,analogInput,,,,,,,129.42067,,,,,,,
2026-04-13 18:55:00+00:00,presentValue,analogInput_205,analogInput,,,,,,,129.48341,,,,,,,
2026-04-13 18:58:00+00:00,presentValue,analogInput_205,analogInput,,,,,,,130.08348,,,,,,,
2026-04-13 19:01:00+00:00,presentValue,analogInput_205,analogInput,,,,,,,130.31488,,,,,,,
2026-04-13 19:04:00+00:00,presentValue,analogInput_205,analogInput,,,,,,,130.15015,,,,,,,
2026-04-13 19:07:00+00:00,presentValue,analogInput_205,analogInput,,,,,,,130.15015,,,,,,,
2026-04-13 19:10:00+00:00,presentValue,analogInput_205,analogInput,,,,,,,129.97366,,,,,,,
2026-04-13 19:13:00+00:00,presentValue,analogInput_205,analogInput,,,,,,,127.71462,,,,,,,
2026-04-13 19:16:00+00:00,presentValue,analogInput_205,analogInput,,,,,,,128.87944,,,,,,,
2026-04-13 19:19:00+00:00,presentValue,analogInput_205,analogInput,,,,,,,128.92258,,,,,,,
2026-04-13 19:22:00+00:00,presentValue,analogInput_205,analogInput,,,,,,,129.09123,,,,,,,
2026-04-13 19:25:00+00:00,presentValue,analogInput_205,analogInput,,,,,,,128.9971,,,,,,,
2026-04-13 19:28:00+00:00,presentValue,analogInput_205,analogInput,,,,,,,129.04808,,,,,,,
2026-04-13 19:31:00+00:00,presentValue,analogInput_205,analogInput,,,,,,,128.96573,,,,,,,
2026-04-13 19:34:00+00:00,presentValue,analogInput_205,analogInput,,,,,,,128.62059,,,,,,,
2026-04-13 19:37:00+00:00,presentValue,analogInput_205,analogInput,,,,,,,128.32645,,,,,,,
2026-04-13 19:40:00+00:00,presentValue,analogInput_205,analogInput,,,,,,,127.96955,,,,,,,
2026-04-13 19:43:00+00:00,presentValue,analogInput_205,analogInput,,,,,,,127.68324,,,,,,,
2026-04-13 19:46:00+00:00,presentValue,analogInput_205,analogInput,,,,,,,126.52628,,,,,,,
2026-04-13 19:49:00+00:00,presentValue,analogInput_205,analogInput,,,,,,,125.392845,,,,,,,
2026-04-13 19:52:00+00:00,presentValue,analogInput_205,analogInput,,,,,,,125.53011,,,,,,,
2026-04-13 19:55:00+00:00,presentValue,analogInput_205,analogInput,,,,,,,125.46736,,,,,,,
2026-04-13 19:58:00+00:00,presentValue,analogInput_205,analogInput,,,,,,,125.27126,,,,,,,
2026-04-13 20:01:00+00:00,presentValue,analogInput_205,analogInput,,,,,,,125.11438,,,,,,,
2026-04-13 20:04:00+00:00,presentValue,analogInput_205,analogInput,,,,,,,124.765335,,,,,,,
2026-04-13 20:07:00+00:00,presentValue,analogInput_205,analogInput,,,,,,,124.41628,,,,,,,
2026-04-13 20:10:00+00:00,presentValue,analogInput_205,analogInput,,,,,,,124.00447,,,,,,,
2026-04-13 20:13:00+00:00,presentValue,analogInput_205,analogInput,,,,,,,123.51816,,,,,,,
2026-04-13 20:16:00+00:00,presentValue,analogInput_205,analogInput,,,,,,,122.95732,,,,,,,
2026-04-13 20:19:00+00:00,presentValue,analogInput_205,analogInput,,,,,,,122.34942,,,,,,,
2026-04-13 20:22:00+00:00,presentValue,analogInput_205,analogInput,,,,,,,121.72191,,,,,,,
2026-04-13 20:25:00+00:00,presentValue,analogInput_205,analogInput,,,,,,,121.05518,,,,,,,
2026-04-13 20:28:00+00:00,presentValue,analogInput_205,analogInput,,,,,,,120.286476,,,,,,,
2026-04-13 20:31:00+00:00,presentValue,analogInput_205,analogInput,,,,,,,119.5217,,,,,,,
2026-04-13 20:34:00+00:00,presentValue,analogInput_205,analogInput,,,,,,,118.70986,,,,,,,
2026-04-13 20:37:00+00:00,presentValue,analogInput_205,analogInput,,,,,,,117.90979,,,,,,,
2026-04-13 20:40:00+00:00,presentValue,analogInput_205,analogInput,,,,,,,117.02735,,,,,,,
2026-04-13 20:43:00+00:00,presentValue,analogInput_205,analogInput,,,,,,,116.19591,,,,,,,
2026-04-13 20:46:00+00:00,presentValue,analogInput_205,analogInput,,,,,,,115.30955,,,,,,,
2026-04-13 20:49:00+00:00,presentValue,analogInput_205,analogInput,,,,,,,114.415344,,,,,,,
2026-04-13 20:52:00+00:00,presentValue,analogInput_205,analogInput,,,,,,,113.58782,,,,,,,
2026-04-13 20:55:00+00:00,presentValue,analogInput_205,analogInput,,,,,,,112.658325,,,,,,,
2026-04-13 20:58:00+00:00,presentValue,analogInput_205,analogInput,,,,,,,111.87002,,,,,,,
2026-04-13 21:01:00+00:00,presentValue,analogInput_205,analogInput,,,,,,,110.76402,,,,,,,
2026-04-13 21:04:00+00:00,presentValue,analogInput_205,analogInput,,,,,,,109.281525,,,,,,,
2026-04-13 21:07:00+00:00,presentValue,analogInput_205,analogInput,,,,,,,108.010826,,,,,,,
2026-04-13 21:10:00+00:00,presentValue,analogInput_205,analogInput,,,,,,,106.32048,,,,,,,
2026-04-13 21:13:00+00:00,presentValue,analogInput_205,analogInput,,,,,,,105.038,,,,,,,
2026-04-13 21:16:00+00:00,presentValue,analogInput_205,analogInput,,,,,,,104.08105,,,,,,,
2026-04-13 21:19:00+00:00,presentValue,analogInput_205,analogInput,,,,,,,103.10056,,,,,,,
2026-04-13 21:22:00+00:00,presentValue,analogInput_205,analogInput,,,,,,,102.08086,,,,,,,
2026-04-13 21:25:00+00:00,presentValue,analogInput_205,analogInput,,,,,,,101.04154,,,,,,,
2026-04-13 21:28:00+00:00,presentValue,analogInput_205,analogInput,,,,,,,100.0493,,,,,,,
2026-04-13 21:31:00+00:00,presentValue,analogInput_205,analogInput,,,,,,,99.02568,,,,,,,
2026-04-13 21:34:00+00:00,presentValue,analogInput_205,analogInput,,,,,,,98.00205,,,,,,,
2026-04-13 21:37:00+00:00,presentValue,analogInput_205,analogInput,,,,,,,97.39022,,,,,,,
2026-04-13 21:40:00+00:00,presentValue,analogInput_205,analogInput,,,,,,,96.38229,,,,,,,
2026-04-13 21:43:00+00:00,presentValue,analogInput_205,analogInput,,,,,,,95.05276,,,,,,,
2026-04-13 21:46:00+00:00,presentValue,analogInput_205,analogInput,,,,,,,93.66438,,,,,,,
2026-04-13 21:49:00+00:00,presentValue,analogInput_205,analogInput,,,,,,,90.57783,,,,,,,
2026-04-13 21:52:00+00:00,presentValue,analogInput_205,analogInput,,,,,,,89.15416,,,,,,,
2026-04-13 21:55:00+00:00,presentValue,analogInput_205,analogInput,,,,,,,88.78551,,,,,,,
2026-04-13 21:58:00+00:00,presentValue,analogInput_205,analogInput,,,,,,,88.863945,,,,,,,
2026-04-13 22:01:00+00:00,presentValue,analogInput_205,analogInput,,,,,,,88.0874,,,,,,,
2026-04-13 22:04:00+00:00,presentValue,analogInput_205,analogInput,,,,,,,87.8717,,,,,,,
2026-04-13 22:07:00+00:00,presentValue,analogInput_205,analogInput,,,,,,,87.954056,,,,,,,
2026-04-13 22:10:00+00:00,presentValue,analogInput_205,analogInput,,,,,,,87.58147,,,,,,,
2026-04-13 22:13:00+00:00,presentValue,analogInput_205,analogInput,,,,,,,87.099075,,,,,,,
2026-04-13 22:16:00+00:00,presentValue,analogInput_205,analogInput,,,,,,,86.757866,,,,,,,
2026-04-13 22:19:00+00:00,presentValue,analogInput_205,analogInput,,,,,,,86.53431,,,,,,,
2026-04-13 22:22:00+00:00,presentValue,analogInput_205,analogInput,,,,,,,85.671486,,,,,,,
2026-04-13 22:25:00+00:00,presentValue,analogInput_205,analogInput,,,,,,,85.59305,,,,,,,
2026-04-13 22:28:00+00:00,presentValue,analogInput_205,analogInput,,,,,,,85.14595,,,,,,,
2026-04-13 22:31:00+00:00,presentValue,analogInput_205,analogInput,,,,,,,84.60471,,,,,,,
2026-04-13 22:34:00+00:00,presentValue,analogInput_205,analogInput,,,,,,,84.68708,,,,,,,
2026-04-13 22:37:00+00:00,presentValue,analogInput_205,analogInput,,,,,,,84.079185,,,,,,,
2026-04-13 22:40:00+00:00,presentValue,analogInput_205,analogInput,,,,,,,83.82818,,,,,,,
2026-04-13 22:43:00+00:00,presentValue,analogInput_205,analogInput,,,,,,,83.35363,,,,,,,
2026-04-13 22:46:00+00:00,presentValue,analogInput_205,analogInput,,,,,,,83.08693,,,,,,,
2026-04-13 22:49:00+00:00,presentValue,analogInput_205,analogInput,,,,,,,82.624146,,,,,,,
2026-04-13 22:52:00+00:00,presentValue,analogInput_205,analogInput,,,,,,,82.23195,,,,,,,
2026-04-13 22:55:00+00:00,presentValue,analogInput_205,analogInput,,,,,,,81.57307,,,,,,,
2026-04-13 22:58:00+00:00,presentValue,analogInput_205,analogInput,,,,,,,81.30245,,,,,,,
2026-04-13 23:01:00+00:00,presentValue,analogInput_205,analogInput,,,,,,,80.76123,,,,,,,
2026-04-13 23:04:00+00:00,presentValue,analogInput_205,analogInput,,,,,,,80.223915,,,,,,,
2026-04-13 23:07:00+00:00,presentValue,analogInput_205,analogInput,,,,,,,79.79643,,,,,,,
2026-04-13 23:10:00+00:00,presentValue,analogInput_205,analogInput,,,,,,,79.427765,,,,,,,
2026-04-13 23:13:00+00:00,presentValue,analogInput_205,analogInput,,,,,,,79.16107,,,,,,,
2026-04-13 23:16:00+00:00,presentValue,analogInput_205,analogInput,,,,,,,78.90223,,,,,,,
2026-04-13 23:19:00+00:00,presentValue,analogInput_205,analogInput,,,,,,,78.5571,,,,,,,
2026-04-13 23:22:00+00:00,presentValue,analogInput_205,analogInput,,,,,,,78.12568,,,,,,,
2026-04-13 23:25:00+00:00,presentValue,analogInput_205,analogInput,,,,,,,77.662895,,,,,,,
2026-04-13 23:28:00+00:00,presentValue,analogInput_205,analogInput,,,,,,,77.227554,,,,,,,
2026-04-13 23:31:00+00:00,presentValue,analogInput_205,analogInput,,,,,,,76.81576,,,,,,,
2026-04-13 23:34:00+00:00,presentValue,analogInput_205,analogInput,,,,,,,76.48239,,,,,,,
2026-04-13 23:37:00+00:00,presentValue,analogInput_205,analogInput,,,,,,,76.08628,,,,,,,
2026-04-13 23:40:00+00:00,presentValue,analogInput_205,analogInput,,,,,,,75.729385,,,,,,,
2026-04-13 23:43:00+00:00,presentValue,analogInput_205,analogInput,,,,,,,75.345024,,,,,,,
2026-04-13 23:46:00+00:00,presentValue,analogInput_205,analogInput,,,,,,,75.03912,,,,,,,
2026-04-13 23:49:00+00:00,presentValue,analogInput_205,analogInput,,,,,,,74.64693,,,,,,,
2026-04-13 23:52:00+00:00,presentValue,analogInput_205,analogInput,,,,,,,74.26258,,,,,,,
2026-04-13 23:55:00+00:00,presentValue,analogInput_205,analogInput,,,,,,,73.86646,,,,,,,
2026-04-13 23:58:00+00:00,presentValue,analogInput_205,analogInput,,,,,,,73.49387,,,,,,,
2026-04-13 11:01:00+00:00,presentValue,analogInput_206,analogInput,,,,,,,,0.0,,,,,,
2026-04-13 11:04:00+00:00,presentValue,analogInput_206,analogInput,,,,,,,,0.0,,,,,,
2026-04-13 11:07:00+00:00,presentValue,analogInput_206,analogInput,,,,,,,,0.0,,,,,,
2026-04-13 11:10:00+00:00,presentValue,analogInput_206,analogInput,,,,,,,,0.0,,,,,,
2026-04-13 11:13:00+00:00,presentValue,analogInput_206,analogInput,,,,,,,,0.0,,,,,,
2026-04-13 11:16:00+00:00,presentValue,analogInput_206,analogInput,,,,,,,,0.0,,,,,,
2026-04-13 11:19:00+00:00,presentValue,analogInput_206,analogInput,,,,,,,,0.0,,,,,,
2026-04-13 11:22:00+00:00,presentValue,analogInput_206,analogInput,,,,,,,,0.0,,,,,,
2026-04-13 11:25:00+00:00,presentValue,analogInput_206,analogInput,,,,,,,,23.952984,,,,,,
2026-04-13 11:28:00+00:00,presentValue,analogInput_206,analogInput,,,,,,,,32.654778,,,,,,
2026-04-13 11:31:00+00:00,presentValue,analogInput_206,analogInput,,,,,,,,51.847733,,,,,,
2026-04-13 11:34:00+00:00,presentValue,analogInput_206,analogInput,,,,,,,,60.500504,,,,,,
2026-04-13 11:37:00+00:00,presentValue,analogInput_206,analogInput,,,,,,,,69.25132,,,,,,
2026-04-13 11:40:00+00:00,presentValue,analogInput_206,analogInput,,,,,,,,86.65491,,,,,,
2026-04-13 11:43:00+00:00,presentValue,analogInput_206,analogInput,,,,,,,,95.33219,,,,,,
2026-04-13 11:46:00+00:00,presentValue,analogInput_206,analogInput,,,,,,,,104.00947,,,,,,
2026-04-13 11:49:00+00:00,presentValue,analogInput_206,analogInput,,,,,,,,112.76029,,,,,,
2026-04-13 11:52:00+00:00,presentValue,analogInput_206,analogInput,,,,,,,,121.43757,,,,,,
2026-04-13 11:55:00+00:00,presentValue,analogInput_206,analogInput,,,,,,,,131.90422,,,,,,
2026-04-13 11:58:00+00:00,presentValue,analogInput_206,analogInput,,,,,,,,142.32185,,,,,,
2026-04-13 12:01:00+00:00,presentValue,analogInput_206,analogInput,,,,,,,,158.03412,,,,,,
2026-04-13 12:04:00+00:00,presentValue,analogInput_206,analogInput,,,,,,,,166.68689,,,,,,
2026-04-13 12:07:00+00:00,presentValue,analogInput_206,analogInput,,,,,,,,175.38867,,,,,,
2026-04-13 12:10:00+00:00,presentValue,analogInput_206,analogInput,,,,,,,,184.11499,,,,,,
2026-04-13 12:13:00+00:00,presentValue,analogInput_206,analogInput,,,,,,,,192.8658,,,,,,
2026-04-13 12:16:00+00:00,presentValue,analogInput_206,analogInput,,,,,,,,206.73964,,,,,,
2026-04-13 12:19:00+00:00,presentValue,analogInput_206,analogInput,,,,,,,,220.71153,,,,,,
2026-04-13 12:22:00+00:00,presentValue,analogInput_206,analogInput,,,,,,,,229.38881,,,,,,
2026-04-13 12:25:00+00:00,presentValue,analogInput_206,analogInput,,,,,,,,238.04158,,,,,,
2026-04-13 12:28:00+00:00,presentValue,analogInput_206,analogInput,,,,,,,,246.81691,,,,,,
2026-04-13 12:31:00+00:00,presentValue,analogInput_206,analogInput,,,,,,,,255.46968,,,,,,
2026-04-13 12:34:00+00:00,presentValue,analogInput_206,analogInput,,,,,,,,264.17148,,,,,,
2026-04-13 12:37:00+00:00,presentValue,analogInput_206,analogInput,,,,,,,,264.4411,,,,,,
2026-04-13 12:40:00+00:00,presentValue,analogInput_206,analogInput,,,,,,,,279.8102,,,,,,
2026-04-13 12:43:00+00:00,presentValue,analogInput_206,analogInput,,,,,,,,291.94366,,,,,,
2026-04-13 12:46:00+00:00,presentValue,analogInput_206,analogInput,,,,,,,,300.66998,,,,,,
2026-04-13 12:49:00+00:00,presentValue,analogInput_206,analogInput,,,,,,,,309.34726,,,,,,
2026-04-13 12:52:00+00:00,presentValue,analogInput_206,analogInput,,,,,,,,318.09808,,,,,,
2026-04-13 12:55:00+00:00,presentValue,analogInput_206,analogInput,,,,,,,,326.7509,,,,,,
2026-04-13 12:58:00+00:00,presentValue,analogInput_206,analogInput,,,,,,,,344.12994,,,,,,
2026-04-13 13:01:00+00:00,presentValue,analogInput_206,analogInput,,,,,,,,353.07684,,,,,,
2026-04-13 13:04:00+00:00,presentValue,analogInput_206,analogInput,,,,,,,,363.32288,,,,,,
2026-04-13 13:07:00+00:00,presentValue,analogInput_206,analogInput,,,,,,,,371.97568,,,,,,
2026-04-13 13:10:00+00:00,presentValue,analogInput_206,analogInput,,,,,,,,380.67743,,,,,,
2026-04-13 13:13:00+00:00,presentValue,analogInput_206,analogInput,,,,,,,,391.11957,,,,,,
2026-04-13 13:16:00+00:00,presentValue,analogInput_206,analogInput,,,,,,,,406.75833,,,,,,
2026-04-13 13:19:00+00:00,presentValue,analogInput_206,analogInput,,,,,,,,415.43558,,,,,,
2026-04-13 13:22:00+00:00,presentValue,analogInput_206,analogInput,,,,,,,,425.87772,,,,,,
2026-04-13 13:25:00+00:00,presentValue,analogInput_206,analogInput,,,,,,,,434.55505,,,,,,
2026-04-13 13:28:00+00:00,presentValue,analogInput_206,analogInput,,,,,,,,443.2568,,,,,,
2026-04-13 13:31:00+00:00,presentValue,analogInput_206,analogInput,,,,,,,,451.95862,,,,,,
2026-04-13 13:34:00+00:00,presentValue,analogInput_206,analogInput,,,,,,,,462.35175,,,,,,
2026-04-13 13:37:00+00:00,presentValue,analogInput_206,analogInput,,,,,,,,471.0535,,,,,,
2026-04-13 13:40:00+00:00,presentValue,analogInput_206,analogInput,,,,,,,,479.77985,,,,,,
2026-04-13 13:43:00+00:00,presentValue,analogInput_206,analogInput,,,,,,,,495.345,,,,,,
2026-04-13 13:46:00+00:00,presentValue,analogInput_206,analogInput,,,,,,,,502.2084,,,,,,
2026-04-13 13:49:00+00:00,presentValue,analogInput_206,analogInput,,,,,,,,510.88565,,,,,,
2026-04-13 13:52:00+00:00,presentValue,analogInput_206,analogInput,,,,,,,,519.58746,,,,,,
2026-04-13 13:55:00+00:00,presentValue,analogInput_206,analogInput,,,,,,,,528.2647,,,,,,
2026-04-13 13:58:00+00:00,presentValue,analogInput_206,analogInput,,,,,,,,535.2507,,,,,,
2026-04-13 14:01:00+00:00,presentValue,analogInput_206,analogInput,,,,,,,,545.61926,,,,,,
2026-04-13 14:04:00+00:00,presentValue,analogInput_206,analogInput,,,,,,,,552.6052,,,,,,
2026-04-13 14:07:00+00:00,presentValue,analogInput_206,analogInput,,,,,,,,561.28253,,,,,,
2026-04-13 14:10:00+00:00,presentValue,analogInput_206,analogInput,,,,,,,,571.6512,,,,,,
2026-04-13 14:13:00+00:00,presentValue,analogInput_206,analogInput,,,,,,,,580.3284,,,,,,
2026-04-13 14:16:00+00:00,presentValue,analogInput_206,analogInput,,,,,,,,589.0302,,,,,,
2026-04-13 14:19:00+00:00,presentValue,analogInput_206,analogInput,,,,,,,,595.8936,,,,,,
2026-04-13 14:22:00+00:00,presentValue,analogInput_206,analogInput,,,,,,,,601.1392,,,,,,
2026-04-13 14:25:00+00:00,presentValue,analogInput_206,analogInput,,,,,,,,606.33575,,,,,,
2026-04-13 14:28:00+00:00,presentValue,analogInput_206,analogInput,,,,,,,,615.013,,,,,,
2026-04-13 14:31:00+00:00,presentValue,analogInput_206,analogInput,,,,,,,,620.18506,,,,,,
2026-04-13 14:34:00+00:00,presentValue,analogInput_206,analogInput,,,,,,,,628.86237,,,,,,
2026-04-13 14:37:00+00:00,presentValue,analogInput_206,analogInput,,,,,,,,635.87286,,,,,,
2026-04-13 14:40:00+00:00,presentValue,analogInput_206,analogInput,,,,,,,,644.452,,,,,,
2026-04-13 14:43:00+00:00,presentValue,analogInput_206,analogInput,,,,,,,,651.4625,,,,,,
2026-04-13 14:46:00+00:00,presentValue,analogInput_206,analogInput,,,,,,,,656.6836,,,,,,
2026-04-13 14:49:00+00:00,presentValue,analogInput_206,analogInput,,,,,,,,661.85565,,,,,,
2026-04-13 14:52:00+00:00,presentValue,analogInput_206,analogInput,,,,,,,,668.8661,,,,,,
2026-04-13 14:55:00+00:00,presentValue,analogInput_206,analogInput,,,,,,,,670.53296,,,,,,
2026-04-13 14:58:00+00:00,presentValue,analogInput_206,analogInput,,,,,,,,677.46985,,,,,,
2026-04-13 15:01:00+00:00,presentValue,analogInput_206,analogInput,,,,,,,,686.2207,,,,,,
2026-04-13 15:04:00+00:00,presentValue,analogInput_206,analogInput,,,,,,,,682.5929,,,,,,
2026-04-13 15:07:00+00:00,presentValue,analogInput_206,analogInput,,,,,,,,687.8385,,,,,,
2026-04-13 15:10:00+00:00,presentValue,analogInput_206,analogInput,,,,,,,,694.75085,,,,,,
2026-04-13 15:13:00+00:00,presentValue,analogInput_206,analogInput,,,,,,,,694.7263,,,,,,
2026-04-13 15:16:00+00:00,presentValue,analogInput_206,analogInput,,,,,,,,698.2316,,,,,,
2026-04-13 15:19:00+00:00,presentValue,analogInput_206,analogInput,,,,,,,,705.09503,,,,,,
2026-04-13 15:22:00+00:00,presentValue,analogInput_206,analogInput,,,,,,,,706.9089,,,,,,
2026-04-13 15:25:00+00:00,presentValue,analogInput_206,analogInput,,,,,,,,712.03186,,,,,,
2026-04-13 15:28:00+00:00,presentValue,analogInput_206,analogInput,,,,,,,,713.7723,,,,,,
2026-04-13 15:31:00+00:00,presentValue,analogInput_206,analogInput,,,,,,,,720.7337,,,,,,
2026-04-13 15:34:00+00:00,presentValue,analogInput_206,analogInput,,,,,,,,722.27795,,,,,,
2026-04-13 15:37:00+00:00,presentValue,analogInput_206,analogInput,,,,,,,,728.455,,,,,,
2026-04-13 15:40:00+00:00,presentValue,analogInput_206,analogInput,,,,,,,,728.9452,,,,,,
2026-04-13 15:43:00+00:00,presentValue,analogInput_206,analogInput,,,,,,,,728.3815,,,,,,
2026-04-13 15:46:00+00:00,presentValue,analogInput_206,analogInput,,,,,,,,736.2498,,,,,,
2026-04-13 15:49:00+00:00,presentValue,analogInput_206,analogInput,,,,,,,,719.7777,,,,,,
2026-04-13 15:52:00+00:00,presentValue,analogInput_206,analogInput,,,,,,,,743.13776,,,,,,
2026-04-13 15:55:00+00:00,presentValue,analogInput_206,analogInput,,,,,,,,743.1132,,,,,,
2026-04-13 15:58:00+00:00,presentValue,analogInput_206,analogInput,,,,,,,,748.45685,,,,,,
2026-04-13 16:01:00+00:00,presentValue,analogInput_206,analogInput,,,,,,,,748.3343,,,,,,
2026-04-13 16:04:00+00:00,presentValue,analogInput_206,analogInput,,,,,,,,746.5449,,,,,,
2026-04-13 16:07:00+00:00,presentValue,analogInput_206,analogInput,,,,,,,,744.80457,,,,,,
2026-04-13 16:10:00+00:00,presentValue,analogInput_206,analogInput,,,,,,,,746.49585,,,,,,
2026-04-13 16:13:00+00:00,presentValue,analogInput_206,analogInput,,,,,,,,756.9381,,,,,,
2026-04-13 16:16:00+00:00,presentValue,analogInput_206,analogInput,,,,,,,,762.13464,,,,,,
2026-04-13 16:19:00+00:00,presentValue,analogInput_206,analogInput,,,,,,,,763.50726,,,,,,
2026-04-13 16:22:00+00:00,presentValue,analogInput_206,analogInput,,,,,,,,763.9485,,,,,,
2026-04-13 16:25:00+00:00,presentValue,analogInput_206,analogInput,,,,,,,,758.5313,,,,,,
2026-04-13 16:28:00+00:00,presentValue,analogInput_206,analogInput,,,,,,,,756.86456,,,,,,
2026-04-13 16:31:00+00:00,presentValue,analogInput_206,analogInput,,,,,,,,767.2577,,,,,,
2026-04-13 16:34:00+00:00,presentValue,analogInput_206,analogInput,,,,,,,,767.28217,,,,,,
2026-04-13 16:37:00+00:00,presentValue,analogInput_206,analogInput,,,,,,,,744.70654,,,,,,
2026-04-13 16:40:00+00:00,presentValue,analogInput_206,analogInput,,,,,,,,767.2577,,,,,,
2026-04-13 16:43:00+00:00,presentValue,analogInput_206,analogInput,,,,,,,,767.2577,,,,,,
2026-04-13 16:46:00+00:00,presentValue,analogInput_206,analogInput,,,,,,,,760.2962,,,,,,
2026-04-13 16:49:00+00:00,presentValue,analogInput_206,analogInput,,,,,,,,762.0611,,,,,,
2026-04-13 16:52:00+00:00,presentValue,analogInput_206,analogInput,,,,,,,,762.0366,,,,,,
2026-04-13 16:55:00+00:00,presentValue,analogInput_206,analogInput,,,,,,,,762.0366,,,,,,
2026-04-13 16:58:00+00:00,presentValue,analogInput_206,analogInput,,,,,,,,763.8259,,,,,,
2026-04-13 17:01:00+00:00,presentValue,analogInput_206,analogInput,,,,,,,,765.5418,,,,,,
2026-04-13 17:04:00+00:00,presentValue,analogInput_206,analogInput,,,,,,,,765.5173,,,,,,
2026-04-13 17:07:00+00:00,presentValue,analogInput_206,analogInput,,,,,,,,762.0366,,,,,,
2026-04-13 17:10:00+00:00,presentValue,analogInput_206,analogInput,,,,,,,,758.60486,,,,,,
2026-04-13 17:13:00+00:00,presentValue,analogInput_206,analogInput,,,,,,,,760.1982,,,,,,
2026-04-13 17:16:00+00:00,presentValue,analogInput_206,analogInput,,,,,,,,756.84,,,,,,
2026-04-13 17:19:00+00:00,presentValue,analogInput_206,analogInput,,,,,,,,755.07513,,,,,,
2026-04-13 17:22:00+00:00,presentValue,analogInput_206,analogInput,,,,,,,,753.3348,,,,,,
2026-04-13 17:25:00+00:00,presentValue,analogInput_206,analogInput,,,,,,,,748.1627,,,,,,
2026-04-13 17:28:00+00:00,presentValue,analogInput_206,analogInput,,,,,,,,746.3488,,,,,,
2026-04-13 17:31:00+00:00,presentValue,analogInput_206,analogInput,,,,,,,,751.56995,,,,,,
2026-04-13 17:34:00+00:00,presentValue,analogInput_206,analogInput,,,,,,,,739.43646,,,,,,
2026-04-13 17:37:00+00:00,presentValue,analogInput_206,analogInput,,,,,,,,739.46094,,,,,,
2026-04-13 17:40:00+00:00,presentValue,analogInput_206,analogInput,,,,,,,,736.2989,,,,,,
2026-04-13 17:43:00+00:00,presentValue,analogInput_206,analogInput,,,,,,,,732.42596,,,,,,
2026-04-13 17:46:00+00:00,presentValue,analogInput_206,analogInput,,,,,,,,727.9158,,,,,,
2026-04-13 17:49:00+00:00,presentValue,analogInput_206,analogInput,,,,,,,,718.5276,,,,,,
2026-04-13 17:52:00+00:00,presentValue,analogInput_206,analogInput,,,,,,,,718.50305,,,,,,
2026-04-13 17:55:00+00:00,presentValue,analogInput_206,analogInput,,,,,,,,715.0224,,,,,,
2026-04-13 17:58:00+00:00,presentValue,analogInput_206,analogInput,,,,,,,,709.9239,,,,,,
2026-04-13 18:01:00+00:00,presentValue,analogInput_206,analogInput,,,,,,,,704.5557,,,,,,
2026-04-13 18:05:00+00:00,presentValue,analogInput_206,analogInput,,,,,,,,699.3592,,,,,,
2026-04-13 18:07:00+00:00,presentValue,analogInput_206,analogInput,,,,,,,,695.90295,,,,,,
2026-04-13 18:10:00+00:00,presentValue,analogInput_206,analogInput,,,,,,,,688.9905,,,,,,
2026-04-13 18:13:00+00:00,presentValue,analogInput_206,analogInput,,,,,,,,687.2502,,,,,,
2026-04-13 18:16:00+00:00,presentValue,analogInput_206,analogInput,,,,,,,,678.54834,,,,,,
2026-04-13 18:19:00+00:00,presentValue,analogInput_206,analogInput,,,,,,,,675.09216,,,,,,
2026-04-13 18:22:00+00:00,presentValue,analogInput_206,analogInput,,,,,,,,675.1167,,,,,,
2026-04-13 18:25:00+00:00,presentValue,analogInput_206,analogInput,,,,,,,,668.0817,,,,,,
2026-04-13 18:28:00+00:00,presentValue,analogInput_206,analogInput,,,,,,,,659.4535,,,,,,
2026-04-13 18:31:00+00:00,presentValue,analogInput_206,analogInput,,,,,,,,656.2669,,,,,,
2026-04-13 18:34:00+00:00,presentValue,analogInput_206,analogInput,,,,,,,,652.51654,,,,,,
2026-04-13 18:37:00+00:00,presentValue,analogInput_206,analogInput,,,,,,,,644.84424,,,,,,
2026-04-13 18:40:00+00:00,presentValue,analogInput_206,analogInput,,,,,,,,636.87787,,,,,,
2026-04-13 18:43:00+00:00,presentValue,analogInput_206,analogInput,,,,,,,,631.5832,,,,,,
2026-04-13 18:46:00+00:00,presentValue,analogInput_206,analogInput,,,,,,,,624.6954,,,,,,
2026-04-13 18:49:00+00:00,presentValue,analogInput_206,analogInput,,,,,,,,619.40076,,,,,,
2026-04-13 18:52:00+00:00,presentValue,analogInput_206,analogInput,,,,,,,,614.32666,,,,,,
2026-04-13 18:55:00+00:00,presentValue,analogInput_206,analogInput,,,,,,,,603.8845,,,,,,
2026-04-13 18:58:00+00:00,presentValue,analogInput_206,analogInput,,,,,,,,600.3303,,,,,,
2026-04-13 19:01:00+00:00,presentValue,analogInput_206,analogInput,,,,,,,,591.702,,,,,,
2026-04-13 19:04:00+00:00,presentValue,analogInput_206,analogInput,,,,,,,,586.4074,,,,,,
2026-04-13 19:07:00+00:00,presentValue,analogInput_206,analogInput,,,,,,,,577.8037,,,,,,
2026-04-13 19:10:00+00:00,presentValue,analogInput_206,analogInput,,,,,,,,567.4106,,,,,,
2026-04-13 19:13:00+00:00,presentValue,analogInput_206,analogInput,,,,,,,,560.4246,,,,,,
2026-04-13 19:16:00+00:00,presentValue,analogInput_206,analogInput,,,,,,,,551.7473,,,,,,
2026-04-13 19:19:00+00:00,presentValue,analogInput_206,analogInput,,,,,,,,544.78595,,,,,,
2026-04-13 19:22:00+00:00,presentValue,analogInput_206,analogInput,,,,,,,,536.0841,,,,,,
2026-04-13 19:25:00+00:00,presentValue,analogInput_206,analogInput,,,,,,,,529.1227,,,,,,
2026-04-13 19:28:00+00:00,presentValue,analogInput_206,analogInput,,,,,,,,522.2348,,,,,,
2026-04-13 19:31:00+00:00,presentValue,analogInput_206,analogInput,,,,,,,,510.0523,,,,,,
2026-04-13 19:34:00+00:00,presentValue,analogInput_206,analogInput,,,,,,,,501.39948,,,,,,
2026-04-13 19:37:00+00:00,presentValue,analogInput_206,analogInput,,,,,,,,491.00638,,,,,,
2026-04-13 19:40:00+00:00,presentValue,analogInput_206,analogInput,,,,,,,,482.23102,,,,,,
2026-04-13 19:43:00+00:00,presentValue,analogInput_206,analogInput,,,,,,,,473.55377,,,,,,
2026-04-13 19:46:00+00:00,presentValue,analogInput_206,analogInput,,,,,,,,464.92548,,,,,,
2026-04-13 19:49:00+00:00,presentValue,analogInput_206,analogInput,,,,,,,,454.48334,,,,,,
2026-04-13 19:52:00+00:00,presentValue,analogInput_206,analogInput,,,,,,,,445.8306,,,,,,
2026-04-13 19:55:00+00:00,presentValue,analogInput_206,analogInput,,,,,,,,435.41296,,,,,,
2026-04-13 19:58:00+00:00,presentValue,analogInput_206,analogInput,,,,,,,,426.73566,,,,,,
2026-04-13 20:01:00+00:00,presentValue,analogInput_206,analogInput,,,,,,,,416.31802,,,,,,
2026-04-13 20:04:00+00:00,presentValue,analogInput_206,analogInput,,,,,,,,402.3461,,,,,,
2026-04-13 20:07:00+00:00,presentValue,analogInput_206,analogInput,,,,,,,,395.3357,,,,,,
2026-04-13 20:10:00+00:00,presentValue,analogInput_206,analogInput,,,,,,,,385.01605,,,,,,
2026-04-13 20:13:00+00:00,presentValue,analogInput_206,analogInput,,,,,,,,378.03015,,,,,,
2026-04-13 20:16:00+00:00,presentValue,analogInput_206,analogInput,,,,,,,,367.6615,,,,,,
2026-04-13 20:19:00+00:00,presentValue,analogInput_206,analogInput,,,,,,,,357.24387,,,,,,
2026-04-13 20:22:00+00:00,presentValue,analogInput_206,analogInput,,,,,,,,348.5176,,,,,,
2026-04-13 20:25:00+00:00,presentValue,analogInput_206,analogInput,,,,,,,,338.12448,,,,,,
2026-04-13 20:28:00+00:00,presentValue,analogInput_206,analogInput,,,,,,,,329.39813,,,,,,
2026-04-13 20:31:00+00:00,presentValue,analogInput_206,analogInput,,,,,,,,317.28915,,,,,,
2026-04-13 20:34:00+00:00,presentValue,analogInput_206,analogInput,,,,,,,,305.1312,,,,,,
2026-04-13 20:37:00+00:00,presentValue,analogInput_206,analogInput,,,,,,,,296.47842,,,,,,
2026-04-13 20:40:00+00:00,presentValue,analogInput_206,analogInput,,,,,,,,287.77664,,,,,,
2026-04-13 20:43:00+00:00,presentValue,analogInput_206,analogInput,,,,,,,,279.05032,,,,,,
2026-04-13 20:46:00+00:00,presentValue,analogInput_206,analogInput,,,,,,,,268.63266,,,,,,
2026-04-13 20:49:00+00:00,presentValue,analogInput_206,analogInput,,,,,,,,258.19052,,,,,,
2026-04-13 20:52:00+00:00,presentValue,analogInput_206,analogInput,,,,,,,,247.82191,,,,,,
2026-04-13 20:55:00+00:00,presentValue,analogInput_206,analogInput,,,,,,,,237.35522,,,,,,
2026-04-13 20:58:00+00:00,presentValue,analogInput_206,analogInput,,,,,,,,228.65344,,,,,,
2026-04-13 21:01:00+00:00,presentValue,analogInput_206,analogInput,,,,,,,,218.26033,,,,,,
2026-04-13 21:04:00+00:00,presentValue,analogInput_206,analogInput,,,,,,,,211.39693,,,,,,
2026-04-13 21:07:00+00:00,presentValue,analogInput_206,analogInput,,,,,,,,197.40053,,,,,,
2026-04-13 21:10:00+00:00,presentValue,analogInput_206,analogInput,,,,,,,,185.34056,,,,,,
2026-04-13 21:13:00+00:00,presentValue,analogInput_206,analogInput,,,,,,,,174.87392,,,,,,
2026-04-13 21:16:00+00:00,presentValue,analogInput_206,analogInput,,,,,,,,166.19664,,,,,,
2026-04-13 21:19:00+00:00,presentValue,analogInput_206,analogInput,,,,,,,,157.49484,,,,,,
2026-04-13 21:22:00+00:00,presentValue,analogInput_206,analogInput,,,,,,,,148.81757,,,,,,
2026-04-13 21:25:00+00:00,presentValue,analogInput_206,analogInput,,,,,,,,138.49799,,,,,,
2026-04-13 21:28:00+00:00,presentValue,analogInput_206,analogInput,,,,,,,,129.74716,,,,,,
2026-04-13 21:31:00+00:00,presentValue,analogInput_206,analogInput,,,,,,,,119.30499,,,,,,
2026-04-13 21:34:00+00:00,presentValue,analogInput_206,analogInput,,,,,,,,112.34358,,,,,,
2026-04-13 21:37:00+00:00,presentValue,analogInput_206,analogInput,,,,,,,,96.680336,,,,,,
2026-04-13 21:40:00+00:00,presentValue,analogInput_206,analogInput,,,,,,,,86.26271,,,,,,
2026-04-13 21:43:00+00:00,presentValue,analogInput_206,analogInput,,,,,,,,44.56766,,,,,,
2026-04-13 21:46:00+00:00,presentValue,analogInput_206,analogInput,,,,,,,,23.658834,,,,,,
2026-04-13 21:49:00+00:00,presentValue,analogInput_206,analogInput,,,,,,,,14.981553,,,,,,
2026-04-13 21:52:00+00:00,presentValue,analogInput_206,analogInput,,,,,,,,14.957041,,,,,,
2026-04-13 21:55:00+00:00,presentValue,analogInput_206,analogInput,,,,,,,,15.006065,,,,,,
2026-04-13 21:58:00+00:00,presentValue,analogInput_206,analogInput,,,,,,,,14.981553,,,,,,
2026-04-13 22:01:00+00:00,presentValue,analogInput_206,analogInput,,,,,,,,14.981553,,,,,,
2026-04-13 22:04:00+00:00,presentValue,analogInput_206,analogInput,,,,,,,,4.612915,,,,,,
2026-04-13 22:07:00+00:00,presentValue,analogInput_206,analogInput,,,,,,,,0.0,,,,,,
2026-04-13 22:10:00+00:00,presentValue,analogInput_206,analogInput,,,,,,,,0.0,,,,,,
2026-04-13 22:13:00+00:00,presentValue,analogInput_206,analogInput,,,,,,,,0.0,,,,,,
2026-04-13 22:16:00+00:00,presentValue,analogInput_206,analogInput,,,,,,,,0.0,,,,,,
2026-04-13 22:19:00+00:00,presentValue,analogInput_206,analogInput,,,,,,,,0.0,,,,,,
2026-04-13 22:22:00+00:00,presentValue,analogInput_206,analogInput,,,,,,,,0.0,,,,,,
2026-04-13 22:25:00+00:00,presentValue,analogInput_206,analogInput,,,,,,,,0.0,,,,,,
2026-04-13 22:28:00+00:00,presentValue,analogInput_206,analogInput,,,,,,,,0.0,,,,,,
2026-04-13 22:31:00+00:00,presentValue,analogInput_206,analogInput,,,,,,,,0.0,,,,,,
2026-04-13 22:34:00+00:00,presentValue,analogInput_206,analogInput,,,,,,,,0.0,,,,,,
2026-04-13 22:37:00+00:00,presentValue,analogInput_206,analogInput,,,,,,,,0.0,,,,,,
2026-04-13 22:40:00+00:00,presentValue,analogInput_206,analogInput,,,,,,,,0.0,,,,,,
2026-04-13 22:43:00+00:00,presentValue,analogInput_206,analogInput,,,,,,,,0.0,,,,,,
2026-04-13 22:46:00+00:00,presentValue,analogInput_206,analogInput,,,,,,,,0.0,,,,,,
2026-04-13 22:49:00+00:00,presentValue,analogInput_206,analogInput,,,,,,,,0.0,,,,,,
2026-04-13 22:52:00+00:00,presentValue,analogInput_206,analogInput,,,,,,,,0.0,,,,,,
2026-04-13 22:55:00+00:00,presentValue,analogInput_206,analogInput,,,,,,,,0.0,,,,,,
2026-04-13 22:58:00+00:00,presentValue,analogInput_206,analogInput,,,,,,,,0.0,,,,,,
2026-04-13 23:01:00+00:00,presentValue,analogInput_206,analogInput,,,,,,,,0.0,,,,,,
2026-04-13 23:04:00+00:00,presentValue,analogInput_206,analogInput,,,,,,,,0.0,,,,,,
2026-04-13 23:07:00+00:00,presentValue,analogInput_206,analogInput,,,,,,,,0.0,,,,,,
2026-04-13 23:10:00+00:00,presentValue,analogInput_206,analogInput,,,,,,,,0.0,,,,,,
2026-04-13 23:13:00+00:00,presentValue,analogInput_206,analogInput,,,,,,,,0.0,,,,,,
2026-04-13 23:16:00+00:00,presentValue,analogInput_206,analogInput,,,,,,,,0.0,,,,,,
2026-04-13 23:19:00+00:00,presentValue,analogInput_206,analogInput,,,,,,,,0.0,,,,,,
2026-04-13 23:22:00+00:00,presentValue,analogInput_206,analogInput,,,,,,,,0.0,,,,,,
2026-04-13 23:25:00+00:00,presentValue,analogInput_206,analogInput,,,,,,,,0.0,,,,,,
2026-04-13 23:28:00+00:00,presentValue,analogInput_206,analogInput,,,,,,,,0.0,,,,,,
2026-04-13 23:31:00+00:00,presentValue,analogInput_206,analogInput,,,,,,,,0.0,,,,,,
2026-04-13 23:34:00+00:00,presentValue,analogInput_206,analogInput,,,,,,,,0.0,,,,,,
2026-04-13 23:37:00+00:00,presentValue,analogInput_206,analogInput,,,,,,,,0.0,,,,,,
2026-04-13 23:40:00+00:00,presentValue,analogInput_206,analogInput,,,,,,,,0.0,,,,,,
2026-04-13 23:43:00+00:00,presentValue,analogInput_206,analogInput,,,,,,,,0.0,,,,,,
2026-04-13 23:46:00+00:00,presentValue,analogInput_206,analogInput,,,,,,,,0.0,,,,,,
2026-04-13 23:49:00+00:00,presentValue,analogInput_206,analogInput,,,,,,,,0.0,,,,,,
2026-04-13 23:52:00+00:00,presentValue,analogInput_206,analogInput,,,,,,,,0.0,,,,,,
2026-04-13 23:55:00+00:00,presentValue,analogInput_206,analogInput,,,,,,,,0.0,,,,,,
2026-04-13 23:58:00+00:00,presentValue,analogInput_206,analogInput,,,,,,,,0.0,,,,,,
2026-04-13 11:01:00+00:00,presentValue,analogInput_301,analogInput,,,,,,,,,0.45162997,,,,,
2026-04-13 11:04:00+00:00,presentValue,analogInput_301,analogInput,,,,,,,,,0.45157382,,,,,
2026-04-13 11:07:00+00:00,presentValue,analogInput_301,analogInput,,,,,,,,,0.45133054,,,,,
2026-04-13 11:10:00+00:00,presentValue,analogInput_301,analogInput,,,,,,,,,0.45144394,,,,,
2026-04-13 11:13:00+00:00,presentValue,analogInput_301,analogInput,,,,,,,,,0.4513451,,,,,
2026-04-13 11:16:00+00:00,presentValue,analogInput_301,analogInput,,,,,,,,,0.45150858,,,,,
2026-04-13 11:19:00+00:00,presentValue,analogInput_301,analogInput,,,,,,,,,0.45132226,,,,,
2026-04-13 11:22:00+00:00,presentValue,analogInput_301,analogInput,,,,,,,,,0.45135388,,,,,
2026-04-13 11:25:00+00:00,presentValue,analogInput_301,analogInput,,,,,,,,,0.45153537,,,,,
2026-04-13 11:28:00+00:00,presentValue,analogInput_301,analogInput,,,,,,,,,0.45148766,,,,,
2026-04-13 11:31:00+00:00,presentValue,analogInput_301,analogInput,,,,,,,,,0.45127353,,,,,
2026-04-13 11:34:00+00:00,presentValue,analogInput_301,analogInput,,,,,,,,,0.45132148,,,,,
2026-04-13 11:37:00+00:00,presentValue,analogInput_301,analogInput,,,,,,,,,0.45137128,,,,,
2026-04-13 11:40:00+00:00,presentValue,analogInput_301,analogInput,,,,,,,,,0.45145682,,,,,
2026-04-13 11:43:00+00:00,presentValue,analogInput_301,analogInput,,,,,,,,,0.45153978,,,,,
2026-04-13 11:46:00+00:00,presentValue,analogInput_301,analogInput,,,,,,,,,0.4516719,,,,,
2026-04-13 11:49:00+00:00,presentValue,analogInput_301,analogInput,,,,,,,,,0.45161077,,,,,
2026-04-13 11:52:00+00:00,presentValue,analogInput_301,analogInput,,,,,,,,,0.45156565,,,,,
2026-04-13 11:55:00+00:00,presentValue,analogInput_301,analogInput,,,,,,,,,0.4516563,,,,,
2026-04-13 11:58:00+00:00,presentValue,analogInput_301,analogInput,,,,,,,,,0.4517405,,,,,
2026-04-13 12:01:00+00:00,presentValue,analogInput_301,analogInput,,,,,,,,,0.45188734,,,,,
2026-04-13 12:04:00+00:00,presentValue,analogInput_301,analogInput,,,,,,,,,0.45184043,,,,,
2026-04-13 12:07:00+00:00,presentValue,analogInput_301,analogInput,,,,,,,,,0.45229277,,,,,
2026-04-13 12:10:00+00:00,presentValue,analogInput_301,analogInput,,,,,,,,,0.4525578,,,,,
2026-04-13 12:13:00+00:00,presentValue,analogInput_301,analogInput,,,,,,,,,0.45261878,,,,,
2026-04-13 12:16:00+00:00,presentValue,analogInput_301,analogInput,,,,,,,,,0.45280302,,,,,
2026-04-13 12:19:00+00:00,presentValue,analogInput_301,analogInput,,,,,,,,,0.45307326,,,,,
2026-04-13 12:22:00+00:00,presentValue,analogInput_301,analogInput,,,,,,,,,0.45304003,,,,,
2026-04-13 12:25:00+00:00,presentValue,analogInput_301,analogInput,,,,,,,,,0.45317626,,,,,
2026-04-13 12:28:00+00:00,presentValue,analogInput_301,analogInput,,,,,,,,,0.45316163,,,,,
2026-04-13 12:31:00+00:00,presentValue,analogInput_301,analogInput,,,,,,,,,0.45332605,,,,,
2026-04-13 12:34:00+00:00,presentValue,analogInput_301,analogInput,,,,,,,,,0.45349765,,,,,
2026-04-13 12:37:00+00:00,presentValue,analogInput_301,analogInput,,,,,,,,,0.4536878,,,,,
2026-04-13 12:40:00+00:00,presentValue,analogInput_301,analogInput,,,,,,,,,0.4537728,,,,,
2026-04-13 12:43:00+00:00,presentValue,analogInput_301,analogInput,,,,,,,,,0.45378345,,,,,
2026-04-13 12:46:00+00:00,presentValue,analogInput_301,analogInput,,,,,,,,,0.454042,,,,,
2026-04-13 12:49:00+00:00,presentValue,analogInput_301,analogInput,,,,,,,,,0.4538381,,,,,
2026-04-13 12:52:00+00:00,presentValue,analogInput_301,analogInput,,,,,,,,,0.45413187,,,,,
2026-04-13 12:55:00+00:00,presentValue,analogInput_301,analogInput,,,,,,,,,0.4540493,,,,,
2026-04-13 12:58:00+00:00,presentValue,analogInput_301,analogInput,,,,,,,,,0.4544979,,,,,
2026-04-13 13:01:00+00:00,presentValue,analogInput_301,analogInput,,,,,,,,,0.45441097,,,,,
2026-04-13 13:04:00+00:00,presentValue,analogInput_301,analogInput,,,,,,,,,0.45478293,,,,,
2026-04-13 13:07:00+00:00,presentValue,analogInput_301,analogInput,,,,,,,,,0.4545487,,,,,
2026-04-13 13:10:00+00:00,presentValue,analogInput_301,analogInput,,,,,,,,,0.45473018,,,,,
2026-04-13 13:13:00+00:00,presentValue,analogInput_301,analogInput,,,,,,,,,0.45488986,,,,,
2026-04-13 13:16:00+00:00,presentValue,analogInput_301,analogInput,,,,,,,,,0.4551056,,,,,
2026-04-13 13:19:00+00:00,presentValue,analogInput_301,analogInput,,,,,,,,,0.4552525,,,,,
2026-04-13 13:22:00+00:00,presentValue,analogInput_301,analogInput,,,,,,,,,0.45575798,,,,,
2026-04-13 13:25:00+00:00,presentValue,analogInput_301,analogInput,,,,,,,,,0.45577028,,,,,
2026-04-13 13:28:00+00:00,presentValue,analogInput_301,analogInput,,,,,,,,,0.45578358,,,,,
2026-04-13 13:31:00+00:00,presentValue,analogInput_301,analogInput,,,,,,,,,0.4559984,,,,,
2026-04-13 13:34:00+00:00,presentValue,analogInput_301,analogInput,,,,,,,,,0.45611605,,,,,
2026-04-13 13:37:00+00:00,presentValue,analogInput_301,analogInput,,,,,,,,,0.45650706,,,,,
2026-04-13 13:40:00+00:00,presentValue,analogInput_301,analogInput,,,,,,,,,0.4564425,,,,,
2026-04-13 13:43:00+00:00,presentValue,analogInput_301,analogInput,,,,,,,,,0.45649835,,,,,
2026-04-13 13:46:00+00:00,presentValue,analogInput_301,analogInput,,,,,,,,,0.48706493,,,,,
2026-04-13 13:49:00+00:00,presentValue,analogInput_301,analogInput,,,,,,,,,0.48518845,,,,,
2026-04-13 13:52:00+00:00,presentValue,analogInput_301,analogInput,,,,,,,,,0.48356888,,,,,
2026-04-13 13:55:00+00:00,presentValue,analogInput_301,analogInput,,,,,,,,,0.4816237,,,,,
2026-04-13 13:58:00+00:00,presentValue,analogInput_301,analogInput,,,,,,,,,0.4803054,,,,,
2026-04-13 14:01:00+00:00,presentValue,analogInput_301,analogInput,,,,,,,,,0.47964704,,,,,
2026-04-13 14:04:00+00:00,presentValue,analogInput_301,analogInput,,,,,,,,,0.4769275,,,,,
2026-04-13 14:07:00+00:00,presentValue,analogInput_301,analogInput,,,,,,,,,0.47824308,,,,,
2026-04-13 14:10:00+00:00,presentValue,analogInput_301,analogInput,,,,,,,,,0.47767696,,,,,
2026-04-13 14:13:00+00:00,presentValue,analogInput_301,analogInput,,,,,,,,,0.47813824,,,,,
2026-04-13 14:16:00+00:00,presentValue,analogInput_301,analogInput,,,,,,,,,0.47667077,,,,,
2026-04-13 14:19:00+00:00,presentValue,analogInput_301,analogInput,,,,,,,,,0.5329283,,,,,
2026-04-13 14:22:00+00:00,presentValue,analogInput_301,analogInput,,,,,,,,,0.5621797,,,,,
2026-04-13 14:25:00+00:00,presentValue,analogInput_301,analogInput,,,,,,,,,0.7131942,,,,,
2026-04-13 14:28:00+00:00,presentValue,analogInput_301,analogInput,,,,,,,,,0.6605241,,,,,
2026-04-13 14:31:00+00:00,presentValue,analogInput_301,analogInput,,,,,,,,,0.83242524,,,,,
2026-04-13 14:34:00+00:00,presentValue,analogInput_301,analogInput,,,,,,,,,0.8951667,,,,,
2026-04-13 14:37:00+00:00,presentValue,analogInput_301,analogInput,,,,,,,,,1.1681699,,,,,
2026-04-13 14:40:00+00:00,presentValue,analogInput_301,analogInput,,,,,,,,,1.0485661,,,,,
2026-04-13 14:43:00+00:00,presentValue,analogInput_301,analogInput,,,,,,,,,1.2828517,,,,,
2026-04-13 14:46:00+00:00,presentValue,analogInput_301,analogInput,,,,,,,,,1.3445143,,,,,
2026-04-13 14:49:00+00:00,presentValue,analogInput_301,analogInput,,,,,,,,,1.3705041,,,,,
2026-04-13 14:52:00+00:00,presentValue,analogInput_301,analogInput,,,,,,,,,1.4614557,,,,,
2026-04-13 14:55:00+00:00,presentValue,analogInput_301,analogInput,,,,,,,,,1.4877806,,,,,
2026-04-13 14:58:00+00:00,presentValue,analogInput_301,analogInput,,,,,,,,,1.524655,,,,,
2026-04-13 15:01:00+00:00,presentValue,analogInput_301,analogInput,,,,,,,,,1.7335759,,,,,
2026-04-13 15:04:00+00:00,presentValue,analogInput_301,analogInput,,,,,,,,,1.7098974,,,,,
2026-04-13 15:07:00+00:00,presentValue,analogInput_301,analogInput,,,,,,,,,1.8583052,,,,,
2026-04-13 15:10:00+00:00,presentValue,analogInput_301,analogInput,,,,,,,,,1.8848276,,,,,
2026-04-13 15:13:00+00:00,presentValue,analogInput_301,analogInput,,,,,,,,,1.8831065,,,,,
2026-04-13 15:16:00+00:00,presentValue,analogInput_301,analogInput,,,,,,,,,1.9702723,,,,,
2026-04-13 15:19:00+00:00,presentValue,analogInput_301,analogInput,,,,,,,,,1.9900776,,,,,
2026-04-13 15:22:00+00:00,presentValue,analogInput_301,analogInput,,,,,,,,,1.9261581,,,,,
2026-04-13 15:25:00+00:00,presentValue,analogInput_301,analogInput,,,,,,,,,1.9960124,,,,,
2026-04-13 15:28:00+00:00,presentValue,analogInput_301,analogInput,,,,,,,,,2.2103932,,,,,
2026-04-13 15:31:00+00:00,presentValue,analogInput_301,analogInput,,,,,,,,,2.0419118,,,,,
2026-04-13 15:34:00+00:00,presentValue,analogInput_301,analogInput,,,,,,,,,2.2088435,,,,,
2026-04-13 15:37:00+00:00,presentValue,analogInput_301,analogInput,,,,,,,,,2.387234,,,,,
2026-04-13 15:40:00+00:00,presentValue,analogInput_301,analogInput,,,,,,,,,2.5154626,,,,,
2026-04-13 15:43:00+00:00,presentValue,analogInput_301,analogInput,,,,,,,,,5.565428,,,,,
2026-04-13 15:46:00+00:00,presentValue,analogInput_301,analogInput,,,,,,,,,36.76717,,,,,
2026-04-13 15:49:00+00:00,presentValue,analogInput_301,analogInput,,,,,,,,,41.558193,,,,,
2026-04-13 15:52:00+00:00,presentValue,analogInput_301,analogInput,,,,,,,,,41.850754,,,,,
2026-04-13 15:55:00+00:00,presentValue,analogInput_301,analogInput,,,,,,,,,43.593063,,,,,
2026-04-13 15:58:00+00:00,presentValue,analogInput_301,analogInput,,,,,,,,,43.610687,,,,,
2026-04-13 16:01:00+00:00,presentValue,analogInput_301,analogInput,,,,,,,,,43.7657,,,,,
2026-04-13 16:04:00+00:00,presentValue,analogInput_301,analogInput,,,,,,,,,40.462425,,,,,
2026-04-13 16:07:00+00:00,presentValue,analogInput_301,analogInput,,,,,,,,,37.40157,,,,,
2026-04-13 16:10:00+00:00,presentValue,analogInput_301,analogInput,,,,,,,,,43.753014,,,,,
2026-04-13 16:13:00+00:00,presentValue,analogInput_301,analogInput,,,,,,,,,44.434803,,,,,
2026-04-13 16:16:00+00:00,presentValue,analogInput_301,analogInput,,,,,,,,,42.5594,,,,,
2026-04-13 16:19:00+00:00,presentValue,analogInput_301,analogInput,,,,,,,,,43.829212,,,,,
2026-04-13 16:22:00+00:00,presentValue,analogInput_301,analogInput,,,,,,,,,42.51007,,,,,
2026-04-13 16:25:00+00:00,presentValue,analogInput_301,analogInput,,,,,,,,,39.05666,,,,,
2026-04-13 16:28:00+00:00,presentValue,analogInput_301,analogInput,,,,,,,,,44.198696,,,,,
2026-04-13 16:31:00+00:00,presentValue,analogInput_301,analogInput,,,,,,,,,44.306576,,,,,
2026-04-13 16:34:00+00:00,presentValue,analogInput_301,analogInput,,,,,,,,,43.06735,,,,,
2026-04-13 16:37:00+00:00,presentValue,analogInput_301,analogInput,,,,,,,,,43.190437,,,,,
2026-04-13 16:40:00+00:00,presentValue,analogInput_301,analogInput,,,,,,,,,44.740364,,,,,
2026-04-13 16:43:00+00:00,presentValue,analogInput_301,analogInput,,,,,,,,,45.48334,,,,,
2026-04-13 16:46:00+00:00,presentValue,analogInput_301,analogInput,,,,,,,,,40.56305,,,,,
2026-04-13 16:49:00+00:00,presentValue,analogInput_301,analogInput,,,,,,,,,45.390053,,,,,
2026-04-13 16:52:00+00:00,presentValue,analogInput_301,analogInput,,,,,,,,,45.268044,,,,,
2026-04-13 16:55:00+00:00,presentValue,analogInput_301,analogInput,,,,,,,,,41.303097,,,,,
2026-04-13 16:58:00+00:00,presentValue,analogInput_301,analogInput,,,,,,,,,45.33179,,,,,
2026-04-13 17:01:00+00:00,presentValue,analogInput_301,analogInput,,,,,,,,,45.64314,,,,,
2026-04-13 17:04:00+00:00,presentValue,analogInput_301,analogInput,,,,,,,,,45.143803,,,,,
2026-04-13 17:07:00+00:00,presentValue,analogInput_301,analogInput,,,,,,,,,44.748264,,,,,
2026-04-13 17:10:00+00:00,presentValue,analogInput_301,analogInput,,,,,,,,,44.77371,,,,,
2026-04-13 17:13:00+00:00,presentValue,analogInput_301,analogInput,,,,,,,,,42.173763,,,,,
2026-04-13 17:16:00+00:00,presentValue,analogInput_301,analogInput,,,,,,,,,45.42917,,,,,
2026-04-13 17:19:00+00:00,presentValue,analogInput_301,analogInput,,,,,,,,,43.41006,,,,,
2026-04-13 17:22:00+00:00,presentValue,analogInput_301,analogInput,,,,,,,,,44.535065,,,,,
2026-04-13 17:25:00+00:00,presentValue,analogInput_301,analogInput,,,,,,,,,43.50338,,,,,
2026-04-13 17:28:00+00:00,presentValue,analogInput_301,analogInput,,,,,,,,,45.20127,,,,,
2026-04-13 17:31:00+00:00,presentValue,analogInput_301,analogInput,,,,,,,,,44.60677,,,,,
2026-04-13 17:34:00+00:00,presentValue,analogInput_301,analogInput,,,,,,,,,43.733955,,,,,
2026-04-13 17:37:00+00:00,presentValue,analogInput_301,analogInput,,,,,,,,,43.92285,,,,,
2026-04-13 17:40:00+00:00,presentValue,analogInput_301,analogInput,,,,,,,,,43.851334,,,,,
2026-04-13 17:43:00+00:00,presentValue,analogInput_301,analogInput,,,,,,,,,44.869488,,,,,
2026-04-13 17:46:00+00:00,presentValue,analogInput_301,analogInput,,,,,,,,,43.10092,,,,,
2026-04-13 17:49:00+00:00,presentValue,analogInput_301,analogInput,,,,,,,,,41.75748,,,,,
2026-04-13 17:52:00+00:00,presentValue,analogInput_301,analogInput,,,,,,,,,41.473843,,,,,
2026-04-13 17:55:00+00:00,presentValue,analogInput_301,analogInput,,,,,,,,,42.40954,,,,,
2026-04-13 17:58:00+00:00,presentValue,analogInput_301,analogInput,,,,,,,,,40.733265,,,,,
2026-04-13 18:01:00+00:00,presentValue,analogInput_301,analogInput,,,,,,,,,44.14457,,,,,
2026-04-13 18:05:00+00:00,presentValue,analogInput_301,analogInput,,,,,,,,,42.256454,,,,,
2026-04-13 18:07:00+00:00,presentValue,analogInput_301,analogInput,,,,,,,,,44.142117,,,,,
2026-04-13 18:10:00+00:00,presentValue,analogInput_301,analogInput,,,,,,,,,36.938427,,,,,
2026-04-13 18:13:00+00:00,presentValue,analogInput_301,analogInput,,,,,,,,,41.09503,,,,,
2026-04-13 18:16:00+00:00,presentValue,analogInput_301,analogInput,,,,,,,,,41.361115,,,,,
2026-04-13 18:19:00+00:00,presentValue,analogInput_301,analogInput,,,,,,,,,41.433273,,,,,
2026-04-13 18:22:00+00:00,presentValue,analogInput_301,analogInput,,,,,,,,,41.39832,,,,,
2026-04-13 18:25:00+00:00,presentValue,analogInput_301,analogInput,,,,,,,,,40.29079,,,,,
2026-04-13 18:28:00+00:00,presentValue,analogInput_301,analogInput,,,,,,,,,41.32949,,,,,
2026-04-13 18:31:00+00:00,presentValue,analogInput_301,analogInput,,,,,,,,,41.156937,,,,,
2026-04-13 18:34:00+00:00,presentValue,analogInput_301,analogInput,,,,,,,,,41.20436,,,,,
2026-04-13 18:37:00+00:00,presentValue,analogInput_301,analogInput,,,,,,,,,16.339685,,,,,
2026-04-13 18:40:00+00:00,presentValue,analogInput_301,analogInput,,,,,,,,,37.961395,,,,,
2026-04-13 18:43:00+00:00,presentValue,analogInput_301,analogInput,,,,,,,,,40.744545,,,,,
2026-04-13 18:46:00+00:00,presentValue,analogInput_301,analogInput,,,,,,,,,37.634315,,,,,
2026-04-13 18:49:00+00:00,presentValue,analogInput_301,analogInput,,,,,,,,,39.77561,,,,,
2026-04-13 18:52:00+00:00,presentValue,analogInput_301,analogInput,,,,,,,,,28.957644,,,,,
2026-04-13 18:55:00+00:00,presentValue,analogInput_301,analogInput,,,,,,,,,34.69577,,,,,
2026-04-13 18:58:00+00:00,presentValue,analogInput_301,analogInput,,,,,,,,,38.518246,,,,,
2026-04-13 19:01:00+00:00,presentValue,analogInput_301,analogInput,,,,,,,,,39.045673,,,,,
2026-04-13 19:04:00+00:00,presentValue,analogInput_301,analogInput,,,,,,,,,39.097553,,,,,
2026-04-13 19:07:00+00:00,presentValue,analogInput_301,analogInput,,,,,,,,,39.12021,,,,,
2026-04-13 19:10:00+00:00,presentValue,analogInput_301,analogInput,,,,,,,,,38.53477,,,,,
2026-04-13 19:13:00+00:00,presentValue,analogInput_301,analogInput,,,,,,,,,5.1947284,,,,,
2026-04-13 19:16:00+00:00,presentValue,analogInput_301,analogInput,,,,,,,,,24.942883,,,,,
2026-04-13 19:19:00+00:00,presentValue,analogInput_301,analogInput,,,,,,,,,26.664074,,,,,
2026-04-13 19:22:00+00:00,presentValue,analogInput_301,analogInput,,,,,,,,,26.75873,,,,,
2026-04-13 19:25:00+00:00,presentValue,analogInput_301,analogInput,,,,,,,,,26.618204,,,,,
2026-04-13 19:28:00+00:00,presentValue,analogInput_301,analogInput,,,,,,,,,26.579817,,,,,
2026-04-13 19:31:00+00:00,presentValue,analogInput_301,analogInput,,,,,,,,,26.68787,,,,,
2026-04-13 19:34:00+00:00,presentValue,analogInput_301,analogInput,,,,,,,,,21.751791,,,,,
2026-04-13 19:37:00+00:00,presentValue,analogInput_301,analogInput,,,,,,,,,16.747759,,,,,
2026-04-13 19:40:00+00:00,presentValue,analogInput_301,analogInput,,,,,,,,,10.792855,,,,,
2026-04-13 19:43:00+00:00,presentValue,analogInput_301,analogInput,,,,,,,,,9.740944,,,,,
2026-04-13 19:46:00+00:00,presentValue,analogInput_301,analogInput,,,,,,,,,5.5966115,,,,,
2026-04-13 19:49:00+00:00,presentValue,analogInput_301,analogInput,,,,,,,,,5.495144,,,,,
2026-04-13 19:52:00+00:00,presentValue,analogInput_301,analogInput,,,,,,,,,5.577516,,,,,
2026-04-13 19:55:00+00:00,presentValue,analogInput_301,analogInput,,,,,,,,,5.478527,,,,,
2026-04-13 19:58:00+00:00,presentValue,analogInput_301,analogInput,,,,,,,,,5.551621,,,,,
2026-04-13 20:01:00+00:00,presentValue,analogInput_301,analogInput,,,,,,,,,5.741411,,,,,
2026-04-13 20:04:00+00:00,presentValue,analogInput_301,analogInput,,,,,,,,,5.6472898,,,,,
2026-04-13 20:07:00+00:00,presentValue,analogInput_301,analogInput,,,,,,,,,5.7680373,,,,,
2026-04-13 20:10:00+00:00,presentValue,analogInput_301,analogInput,,,,,,,,,5.52262,,,,,
2026-04-13 20:13:00+00:00,presentValue,analogInput_301,analogInput,,,,,,,,,5.788518,,,,,
2026-04-13 20:16:00+00:00,presentValue,analogInput_301,analogInput,,,,,,,,,5.644978,,,,,
2026-04-13 20:19:00+00:00,presentValue,analogInput_301,analogInput,,,,,,,,,5.7684193,,,,,
2026-04-13 20:22:00+00:00,presentValue,analogInput_301,analogInput,,,,,,,,,5.543661,,,,,
2026-04-13 20:25:00+00:00,presentValue,analogInput_301,analogInput,,,,,,,,,5.7162824,,,,,
2026-04-13 20:28:00+00:00,presentValue,analogInput_301,analogInput,,,,,,,,,5.6173654,,,,,
2026-04-13 20:31:00+00:00,presentValue,analogInput_301,analogInput,,,,,,,,,5.6275125,,,,,
2026-04-13 20:34:00+00:00,presentValue,analogInput_301,analogInput,,,,,,,,,5.6740713,,,,,
2026-04-13 20:37:00+00:00,presentValue,analogInput_301,analogInput,,,,,,,,,5.5951414,,,,,
2026-04-13 20:40:00+00:00,presentValue,analogInput_301,analogInput,,,,,,,,,5.7408733,,,,,
2026-04-13 20:43:00+00:00,presentValue,analogInput_301,analogInput,,,,,,,,,5.6766095,,,,,
2026-04-13 20:46:00+00:00,presentValue,analogInput_301,analogInput,,,,,,,,,5.5960054,,,,,
2026-04-13 20:49:00+00:00,presentValue,analogInput_301,analogInput,,,,,,,,,5.7458315,,,,,
2026-04-13 20:52:00+00:00,presentValue,analogInput_301,analogInput,,,,,,,,,5.663339,,,,,
2026-04-13 20:55:00+00:00,presentValue,analogInput_301,analogInput,,,,,,,,,5.4342704,,,,,
2026-04-13 20:58:00+00:00,presentValue,analogInput_301,analogInput,,,,,,,,,5.476459,,,,,
2026-04-13 21:01:00+00:00,presentValue,analogInput_301,analogInput,,,,,,,,,5.522764,,,,,
2026-04-13 21:04:00+00:00,presentValue,analogInput_301,analogInput,,,,,,,,,5.712395,,,,,
2026-04-13 21:07:00+00:00,presentValue,analogInput_301,analogInput,,,,,,,,,5.5574493,,,,,
2026-04-13 21:10:00+00:00,presentValue,analogInput_301,analogInput,,,,,,,,,5.3990345,,,,,
2026-04-13 21:13:00+00:00,presentValue,analogInput_301,analogInput,,,,,,,,,5.457351,,,,,
2026-04-13 21:16:00+00:00,presentValue,analogInput_301,analogInput,,,,,,,,,5.6371484,,,,,
2026-04-13 21:19:00+00:00,presentValue,analogInput_301,analogInput,,,,,,,,,5.3340983,,,,,
2026-04-13 21:22:00+00:00,presentValue,analogInput_301,analogInput,,,,,,,,,5.3622446,,,,,
2026-04-13 21:25:00+00:00,presentValue,analogInput_301,analogInput,,,,,,,,,5.3967357,,,,,
2026-04-13 21:28:00+00:00,presentValue,analogInput_301,analogInput,,,,,,,,,5.264273,,,,,
2026-04-13 21:31:00+00:00,presentValue,analogInput_301,analogInput,,,,,,,,,5.233573,,,,,
2026-04-13 21:34:00+00:00,presentValue,analogInput_301,analogInput,,,,,,,,,5.200466,,,,,
2026-04-13 21:37:00+00:00,presentValue,analogInput_301,analogInput,,,,,,,,,5.1474433,,,,,
2026-04-13 21:40:00+00:00,presentValue,analogInput_301,analogInput,,,,,,,,,5.207043,,,,,
2026-04-13 21:43:00+00:00,presentValue,analogInput_301,analogInput,,,,,,,,,5.0611906,,,,,
2026-04-13 21:46:00+00:00,presentValue,analogInput_301,analogInput,,,,,,,,,5.1989985,,,,,
2026-04-13 21:49:00+00:00,presentValue,analogInput_301,analogInput,,,,,,,,,5.030863,,,,,
2026-04-13 21:52:00+00:00,presentValue,analogInput_301,analogInput,,,,,,,,,4.963402,,,,,
2026-04-13 21:55:00+00:00,presentValue,analogInput_301,analogInput,,,,,,,,,4.9510145,,,,,
2026-04-13 21:58:00+00:00,presentValue,analogInput_301,analogInput,,,,,,,,,4.7781167,,,,,
2026-04-13 22:01:00+00:00,presentValue,analogInput_301,analogInput,,,,,,,,,4.928521,,,,,
2026-04-13 22:04:00+00:00,presentValue,analogInput_301,analogInput,,,,,,,,,4.804278,,,,,
2026-04-13 22:07:00+00:00,presentValue,analogInput_301,analogInput,,,,,,,,,4.7546654,,,,,
2026-04-13 22:10:00+00:00,presentValue,analogInput_301,analogInput,,,,,,,,,4.797834,,,,,
2026-04-13 22:13:00+00:00,presentValue,analogInput_301,analogInput,,,,,,,,,4.7173405,,,,,
2026-04-13 22:16:00+00:00,presentValue,analogInput_301,analogInput,,,,,,,,,4.7478523,,,,,
2026-04-13 22:19:00+00:00,presentValue,analogInput_301,analogInput,,,,,,,,,4.7384944,,,,,
2026-04-13 22:22:00+00:00,presentValue,analogInput_301,analogInput,,,,,,,,,4.708755,,,,,
2026-04-13 22:25:00+00:00,presentValue,analogInput_301,analogInput,,,,,,,,,4.7189384,,,,,
2026-04-13 22:28:00+00:00,presentValue,analogInput_301,analogInput,,,,,,,,,4.5457587,,,,,
2026-04-13 22:31:00+00:00,presentValue,analogInput_301,analogInput,,,,,,,,,4.7001386,,,,,
2026-04-13 22:34:00+00:00,presentValue,analogInput_301,analogInput,,,,,,,,,4.460894,,,,,
2026-04-13 22:37:00+00:00,presentValue,analogInput_301,analogInput,,,,,,,,,4.56834,,,,,
2026-04-13 22:40:00+00:00,presentValue,analogInput_301,analogInput,,,,,,,,,4.420013,,,,,
2026-04-13 22:43:00+00:00,presentValue,analogInput_301,analogInput,,,,,,,,,4.66996,,,,,
2026-04-13 22:46:00+00:00,presentValue,analogInput_301,analogInput,,,,,,,,,4.353333,,,,,
2026-04-13 22:49:00+00:00,presentValue,analogInput_301,analogInput,,,,,,,,,4.6649413,,,,,
2026-04-13 22:52:00+00:00,presentValue,analogInput_301,analogInput,,,,,,,,,4.514405,,,,,
2026-04-13 22:55:00+00:00,presentValue,analogInput_301,analogInput,,,,,,,,,4.4723353,,,,,
2026-04-13 22:58:00+00:00,presentValue,analogInput_301,analogInput,,,,,,,,,4.625695,,,,,
2026-04-13 23:01:00+00:00,presentValue,analogInput_301,analogInput,,,,,,,,,4.5288115,,,,,
2026-04-13 23:04:00+00:00,presentValue,analogInput_301,analogInput,,,,,,,,,4.6744413,,,,,
2026-04-13 23:07:00+00:00,presentValue,analogInput_301,analogInput,,,,,,,,,4.6469297,,,,,
2026-04-13 23:10:00+00:00,presentValue,analogInput_301,analogInput,,,,,,,,,4.5568585,,,,,
2026-04-13 23:13:00+00:00,presentValue,analogInput_301,analogInput,,,,,,,,,4.67333,,,,,
2026-04-13 23:16:00+00:00,presentValue,analogInput_301,analogInput,,,,,,,,,4.5992384,,,,,
2026-04-13 23:19:00+00:00,presentValue,analogInput_301,analogInput,,,,,,,,,4.584338,,,,,
2026-04-13 23:22:00+00:00,presentValue,analogInput_301,analogInput,,,,,,,,,4.6927214,,,,,
2026-04-13 23:25:00+00:00,presentValue,analogInput_301,analogInput,,,,,,,,,4.546383,,,,,
2026-04-13 23:28:00+00:00,presentValue,analogInput_301,analogInput,,,,,,,,,4.577036,,,,,
2026-04-13 23:31:00+00:00,presentValue,analogInput_301,analogInput,,,,,,,,,4.81052,,,,,
2026-04-13 23:34:00+00:00,presentValue,analogInput_301,analogInput,,,,,,,,,4.7439194,,,,,
2026-04-13 23:37:00+00:00,presentValue,analogInput_301,analogInput,,,,,,,,,4.630635,,,,,
2026-04-13 23:40:00+00:00,presentValue,analogInput_301,analogInput,,,,,,,,,4.6902685,,,,,
2026-04-13 23:43:00+00:00,presentValue,analogInput_301,analogInput,,,,,,,,,4.948723,,,,,
2026-04-13 23:46:00+00:00,presentValue,analogInput_301,analogInput,,,,,,,,,4.8625007,,,,,
2026-04-13 23:49:00+00:00,presentValue,analogInput_301,analogInput,,,,,,,,,4.8274155,,,,,
2026-04-13 23:52:00+00:00,presentValue,analogInput_301,analogInput,,,,,,,,,5.1825643,,,,,
2026-04-13 23:55:00+00:00,presentValue,analogInput_301,analogInput,,,,,,,,,5.3716908,,,,,
2026-04-13 23:58:00+00:00,presentValue,analogInput_301,analogInput,,,,,,,,,5.583873,,,,,
2026-04-13 11:01:00+00:00,presentValue,analogValue_13,analogValue,,,,,,,,,,0.2781092,,,,
2026-04-13 11:04:00+00:00,presentValue,analogValue_13,analogValue,,,,,,,,,,0.27775398,,,,
2026-04-13 11:07:00+00:00,presentValue,analogValue_13,analogValue,,,,,,,,,,0.27837563,,,,
2026-04-13 11:10:00+00:00,presentValue,analogValue_13,analogValue,,,,,,,,,,0.27775398,,,,
2026-04-13 11:13:00+00:00,presentValue,analogValue_13,analogValue,,,,,,,,,,0.2778428,,,,
2026-04-13 11:16:00+00:00,presentValue,analogValue_13,analogValue,,,,,,,,,,0.27748755,,,,
2026-04-13 11:19:00+00:00,presentValue,analogValue_13,analogValue,,,,,,,,,,0.2779316,,,,
2026-04-13 11:22:00+00:00,presentValue,analogValue_13,analogValue,,,,,,,,,,0.27846444,,,,
2026-04-13 11:25:00+00:00,presentValue,analogValue_13,analogValue,,,,,,,,,,0.2780648,,,,
2026-04-13 11:28:00+00:00,presentValue,analogValue_13,analogValue,,,,,,,,,,0.27744314,,,,
2026-04-13 11:31:00+00:00,presentValue,analogValue_13,analogValue,,,,,,,,,,0.2781536,,,,
2026-04-13 11:34:00+00:00,presentValue,analogValue_13,analogValue,,,,,,,,,,0.27775398,,,,
2026-04-13 11:37:00+00:00,presentValue,analogValue_13,analogValue,,,,,,,,,,0.2778428,,,,
2026-04-13 11:40:00+00:00,presentValue,analogValue_13,analogValue,,,,,,,,,,0.2781092,,,,
2026-04-13 11:43:00+00:00,presentValue,analogValue_13,analogValue,,,,,,,,,,0.27775398,,,,
2026-04-13 11:46:00+00:00,presentValue,analogValue_13,analogValue,,,,,,,,,,0.27802038,,,,
2026-04-13 11:49:00+00:00,presentValue,analogValue_13,analogValue,,,,,,,,,,0.27762076,,,,
2026-04-13 11:52:00+00:00,presentValue,analogValue_13,analogValue,,,,,,,,,,0.2782868,,,,
2026-04-13 11:55:00+00:00,presentValue,analogValue_13,analogValue,,,,,,,,,,0.27770957,,,,
2026-04-13 11:58:00+00:00,presentValue,analogValue_13,analogValue,,,,,,,,,,0.278198,,,,
2026-04-13 12:01:00+00:00,presentValue,analogValue_13,analogValue,,,,,,,,,,0.2778428,,,,
2026-04-13 12:04:00+00:00,presentValue,analogValue_13,analogValue,,,,,,,,,,0.27775398,,,,
2026-04-13 12:07:00+00:00,presentValue,analogValue_13,analogValue,,,,,,,,,,0.27748755,,,,
2026-04-13 12:10:00+00:00,presentValue,analogValue_13,analogValue,,,,,,,,,,0.2779316,,,,
2026-04-13 12:13:00+00:00,presentValue,analogValue_13,analogValue,,,,,,,,,,0.27802038,,,,
2026-04-13 12:16:00+00:00,presentValue,analogValue_13,analogValue,,,,,,,,,,0.2779316,,,,
2026-04-13 12:19:00+00:00,presentValue,analogValue_13,analogValue,,,,,,,,,,0.278198,,,,
2026-04-13 12:22:00+00:00,presentValue,analogValue_13,analogValue,,,,,,,,,,0.27779838,,,,
2026-04-13 12:25:00+00:00,presentValue,analogValue_13,analogValue,,,,,,,,,,0.2781092,,,,
2026-04-13 12:28:00+00:00,presentValue,analogValue_13,analogValue,,,,,,,,,,0.27766517,,,,
2026-04-13 12:31:00+00:00,presentValue,analogValue_13,analogValue,,,,,,,,,,0.2779316,,,,
2026-04-13 12:34:00+00:00,presentValue,analogValue_13,analogValue,,,,,,,,,,0.27766517,,,,
2026-04-13 12:37:00+00:00,presentValue,analogValue_13,analogValue,,,,,,,,,,0.27766517,,,,
2026-04-13 12:40:00+00:00,presentValue,analogValue_13,analogValue,,,,,,,,,,0.27762076,,,,
2026-04-13 12:43:00+00:00,presentValue,analogValue_13,analogValue,,,,,,,,,,0.27779838,,,,
2026-04-13 12:46:00+00:00,presentValue,analogValue_13,analogValue,,,,,,,,,,0.27730995,,,,
2026-04-13 12:49:00+00:00,presentValue,analogValue_13,analogValue,,,,,,,,,,0.27704352,,,,
2026-04-13 12:52:00+00:00,presentValue,analogValue_13,analogValue,,,,,,,,,,0.27722114,,,,
2026-04-13 12:55:00+00:00,presentValue,analogValue_13,analogValue,,,,,,,,,,0.2763329,,,,
2026-04-13 12:58:00+00:00,presentValue,analogValue_13,analogValue,,,,,,,,,,0.27722114,,,,
2026-04-13 13:01:00+00:00,presentValue,analogValue_13,analogValue,,,,,,,,,,0.27677712,,,,
2026-04-13 13:04:00+00:00,presentValue,analogValue_13,analogValue,,,,,,,,,,0.27713233,,,,
2026-04-13 13:07:00+00:00,presentValue,analogValue_13,analogValue,,,,,,,,,,0.27704352,,,,
2026-04-13 13:10:00+00:00,presentValue,analogValue_13,analogValue,,,,,,,,,,0.27642187,,,,
2026-04-13 13:13:00+00:00,presentValue,analogValue_13,analogValue,,,,,,,,,,0.27619988,,,,
2026-04-13 13:16:00+00:00,presentValue,analogValue_13,analogValue,,,,,,,,,,0.2767327,,,,
2026-04-13 13:19:00+00:00,presentValue,analogValue_13,analogValue,,,,,,,,,,0.27580008,,,,
2026-04-13 13:22:00+00:00,presentValue,analogValue_13,analogValue,,,,,,,,,,0.27624428,,,,
2026-04-13 13:25:00+00:00,presentValue,analogValue_13,analogValue,,,,,,,,,,0.2766883,,,,
2026-04-13 13:28:00+00:00,presentValue,analogValue_13,analogValue,,,,,,,,,,0.2760221,,,,
2026-04-13 13:31:00+00:00,presentValue,analogValue_13,analogValue,,,,,,,,,,0.27557823,,,,
2026-04-13 13:34:00+00:00,presentValue,analogValue_13,analogValue,,,,,,,,,,0.27606666,,,,
2026-04-13 13:37:00+00:00,presentValue,analogValue_13,analogValue,,,,,,,,,,0.27642187,,,,
2026-04-13 13:40:00+00:00,presentValue,analogValue_13,analogValue,,,,,,,,,,0.27642187,,,,
2026-04-13 13:43:00+00:00,presentValue,analogValue_13,analogValue,,,,,,,,,,0.27588904,,,,
2026-04-13 13:46:00+00:00,presentValue,analogValue_13,analogValue,,,,,,,,,,0.5436085,,,,
2026-04-13 13:49:00+00:00,presentValue,analogValue_13,analogValue,,,,,,,,,,0.5436527,,,,
2026-04-13 13:52:00+00:00,presentValue,analogValue_13,analogValue,,,,,,,,,,0.54311985,,,,
2026-04-13 13:55:00+00:00,presentValue,analogValue_13,analogValue,,,,,,,,,,0.54249823,,,,
2026-04-13 13:58:00+00:00,presentValue,analogValue_13,analogValue,,,,,,,,,,0.5412548,,,,
2026-04-13 14:01:00+00:00,presentValue,analogValue_13,analogValue,,,,,,,,,,0.5455622,,,,
2026-04-13 14:04:00+00:00,presentValue,analogValue_13,analogValue,,,,,,,,,,0.5433863,,,,
2026-04-13 14:07:00+00:00,presentValue,analogValue_13,analogValue,,,,,,,,,,0.5411661,,,,
2026-04-13 14:10:00+00:00,presentValue,analogValue_13,analogValue,,,,,,,,,,0.5367257,,,,
2026-04-13 14:13:00+00:00,presentValue,analogValue_13,analogValue,,,,,,,,,,0.5411661,,,,
2026-04-13 14:16:00+00:00,presentValue,analogValue_13,analogValue,,,,,,,,,,0.53685874,,,,
2026-04-13 14:19:00+00:00,presentValue,analogValue_13,analogValue,,,,,,,,,,0.5346386,,,,
2026-04-13 14:22:00+00:00,presentValue,analogValue_13,analogValue,,,,,,,,,,0.5347716,,,,
2026-04-13 14:25:00+00:00,presentValue,analogValue_13,analogValue,,,,,,,,,,0.5334396,,,,
2026-04-13 14:28:00+00:00,presentValue,analogValue_13,analogValue,,,,,,,,,,0.5326847,,,,
2026-04-13 14:31:00+00:00,presentValue,analogValue_13,analogValue,,,,,,,,,,0.5347716,,,,
2026-04-13 14:34:00+00:00,presentValue,analogValue_13,analogValue,,,,,,,,,,0.52740043,,,,
2026-04-13 14:37:00+00:00,presentValue,analogValue_13,analogValue,,,,,,,,,,0.5269564,,,,
2026-04-13 14:40:00+00:00,presentValue,analogValue_13,analogValue,,,,,,,,,,0.52819985,,,,
2026-04-13 14:43:00+00:00,presentValue,analogValue_13,analogValue,,,,,,,,,,0.5278002,,,,
2026-04-13 14:46:00+00:00,presentValue,analogValue_13,analogValue,,,,,,,,,,0.5271786,,,,
2026-04-13 14:49:00+00:00,presentValue,analogValue_13,analogValue,,,,,,,,,,0.5280222,,,,
2026-04-13 14:52:00+00:00,presentValue,analogValue_13,analogValue,,,,,,,,,,0.52633476,,,,
2026-04-13 14:55:00+00:00,presentValue,analogValue_13,analogValue,,,,,,,,,,0.5257131,,,,
2026-04-13 14:58:00+00:00,presentValue,analogValue_13,analogValue,,,,,,,,,,0.5247362,,,,
2026-04-13 15:01:00+00:00,presentValue,analogValue_13,analogValue,,,,,,,,,,0.5269564,,,,
2026-04-13 15:04:00+00:00,presentValue,analogValue_13,analogValue,,,,,,,,,,0.5245585,,,,
2026-04-13 15:07:00+00:00,presentValue,analogValue_13,analogValue,,,,,,,,,,0.52411443,,,,
2026-04-13 15:10:00+00:00,presentValue,analogValue_13,analogValue,,,,,,,,,,0.5201624,,,,
2026-04-13 15:13:00+00:00,presentValue,analogValue_13,analogValue,,,,,,,,,,0.53388375,,,,
2026-04-13 15:16:00+00:00,presentValue,analogValue_13,analogValue,,,,,,,,,,0.5802428,,,,
2026-04-13 15:19:00+00:00,presentValue,analogValue_13,analogValue,,,,,,,,,,0.6265131,,,,
2026-04-13 15:22:00+00:00,presentValue,analogValue_13,analogValue,,,,,,,,,,0.787349,,,,
2026-04-13 15:25:00+00:00,presentValue,analogValue_13,analogValue,,,,,,,,,,0.91408175,,,,
2026-04-13 15:28:00+00:00,presentValue,analogValue_13,analogValue,,,,,,,,,,1.0735854,,,,
2026-04-13 15:31:00+00:00,presentValue,analogValue_13,analogValue,,,,,,,,,,1.2363307,,,,
2026-04-13 15:34:00+00:00,presentValue,analogValue_13,analogValue,,,,,,,,,,1.4236767,,,,
2026-04-13 15:37:00+00:00,presentValue,analogValue_13,analogValue,,,,,,,,,,1.6180829,,,,
2026-04-13 15:40:00+00:00,presentValue,analogValue_13,analogValue,,,,,,,,,,1.8285196,,,,
2026-04-13 15:43:00+00:00,presentValue,analogValue_13,analogValue,,,,,,,,,,2.0511234,,,,
2026-04-13 15:46:00+00:00,presentValue,analogValue_13,analogValue,,,,,,,,,,2.20703,,,,
2026-04-13 15:49:00+00:00,presentValue,analogValue_13,analogValue,,,,,,,,,,2.2304316,,,,
2026-04-13 15:52:00+00:00,presentValue,analogValue_13,analogValue,,,,,,,,,,2.2197745,,,,
2026-04-13 15:55:00+00:00,presentValue,analogValue_13,analogValue,,,,,,,,,,2.227412,,,,
2026-04-13 15:58:00+00:00,presentValue,analogValue_13,analogValue,,,,,,,,,,2.2246146,,,,
2026-04-13 16:01:00+00:00,presentValue,analogValue_13,analogValue,,,,,,,,,,2.2224832,,,,
2026-04-13 16:04:00+00:00,presentValue,analogValue_13,analogValue,,,,,,,,,,2.2179096,,,,
2026-04-13 16:07:00+00:00,presentValue,analogValue_13,analogValue,,,,,,,,,,2.1921542,,,,
2026-04-13 16:10:00+00:00,presentValue,analogValue_13,analogValue,,,,,,,,,,2.2159557,,,,
2026-04-13 16:13:00+00:00,presentValue,analogValue_13,analogValue,,,,,,,,,,2.217776,,,,
2026-04-13 16:16:00+00:00,presentValue,analogValue_13,analogValue,,,,,,,,,,2.2341173,,,,
2026-04-13 16:19:00+00:00,presentValue,analogValue_13,analogValue,,,,,,,,,,2.2229714,,,,
2026-04-13 16:22:00+00:00,presentValue,analogValue_13,analogValue,,,,,,,,,,2.223016,,,,
2026-04-13 16:25:00+00:00,presentValue,analogValue_13,analogValue,,,,,,,,,,2.2070742,,,,
2026-04-13 16:28:00+00:00,presentValue,analogValue_13,analogValue,,,,,,,,,,2.2343395,,,,
2026-04-13 16:31:00+00:00,presentValue,analogValue_13,analogValue,,,,,,,,,,2.2427318,,,,
2026-04-13 16:34:00+00:00,presentValue,analogValue_13,analogValue,,,,,,,,,,2.248194,,,,
2026-04-13 16:37:00+00:00,presentValue,analogValue_13,analogValue,,,,,,,,,,2.2523236,,,,
2026-04-13 16:40:00+00:00,presentValue,analogValue_13,analogValue,,,,,,,,,,2.2529898,,,,
2026-04-13 16:43:00+00:00,presentValue,analogValue_13,analogValue,,,,,,,,,,2.247128,,,,
2026-04-13 16:46:00+00:00,presentValue,analogValue_13,analogValue,,,,,,,,,,2.2296767,,,,
2026-04-13 16:49:00+00:00,presentValue,analogValue_13,analogValue,,,,,,,,,,2.2559204,,,,
2026-04-13 16:52:00+00:00,presentValue,analogValue_13,analogValue,,,,,,,,,,2.2700415,,,,
2026-04-13 16:55:00+00:00,presentValue,analogValue_13,analogValue,,,,,,,,,,2.232519,,,,
2026-04-13 16:58:00+00:00,presentValue,analogValue_13,analogValue,,,,,,,,,,2.2519238,,,,
2026-04-13 17:01:00+00:00,presentValue,analogValue_13,analogValue,,,,,,,,,,2.2417996,,,,
2026-04-13 17:04:00+00:00,presentValue,analogValue_13,analogValue,,,,,,,,,,2.2524567,,,,
2026-04-13 17:07:00+00:00,presentValue,analogValue_13,analogValue,,,,,,,,,,2.2493484,,,,
2026-04-13 17:10:00+00:00,presentValue,analogValue_13,analogValue,,,,,,,,,,2.2595618,,,,
2026-04-13 17:13:00+00:00,presentValue,analogValue_13,analogValue,,,,,,,,,,2.2108045,,,,
2026-04-13 17:16:00+00:00,presentValue,analogValue_13,analogValue,,,,,,,,,,2.249526,,,,
2026-04-13 17:19:00+00:00,presentValue,analogValue_13,analogValue,,,,,,,,,,2.2376254,,,,
2026-04-13 17:22:00+00:00,presentValue,analogValue_13,analogValue,,,,,,,,,,2.2318528,,,,
2026-04-13 17:25:00+00:00,presentValue,analogValue_13,analogValue,,,,,,,,,,2.2366483,,,,
2026-04-13 17:28:00+00:00,presentValue,analogValue_13,analogValue,,,,,,,,,,2.256098,,,,
2026-04-13 17:31:00+00:00,presentValue,analogValue_13,analogValue,,,,,,,,,,2.24513,,,,
2026-04-13 17:34:00+00:00,presentValue,analogValue_13,analogValue,,,,,,,,,,2.2376254,,,,
2026-04-13 17:37:00+00:00,presentValue,analogValue_13,analogValue,,,,,,,,,,2.2263465,,,,
2026-04-13 17:40:00+00:00,presentValue,analogValue_13,analogValue,,,,,,,,,,2.2640908,,,,
2026-04-13 17:43:00+00:00,presentValue,analogValue_13,analogValue,,,,,,,,,,2.2460625,,,,
2026-04-13 17:46:00+00:00,presentValue,analogValue_13,analogValue,,,,,,,,,,2.235139,,,,
2026-04-13 17:49:00+00:00,presentValue,analogValue_13,analogValue,,,,,,,,,,2.2538774,,,,
2026-04-13 17:52:00+00:00,presentValue,analogValue_13,analogValue,,,,,,,,,,2.2223945,,,,
2026-04-13 17:55:00+00:00,presentValue,analogValue_13,analogValue,,,,,,,,,,2.2432206,,,,
2026-04-13 17:58:00+00:00,presentValue,analogValue_13,analogValue,,,,,,,,,,2.2161777,,,,
2026-04-13 18:01:00+00:00,presentValue,analogValue_13,analogValue,,,,,,,,,,2.220618,,,,
2026-04-13 18:05:00+00:00,presentValue,analogValue_13,analogValue,,,,,,,,,,2.2131135,,,,
2026-04-13 18:07:00+00:00,presentValue,analogValue_13,analogValue,,,,,,,,,,2.2299879,,,,
2026-04-13 18:10:00+00:00,presentValue,analogValue_13,analogValue,,,,,,,,,,2.186115,,,,
2026-04-13 18:13:00+00:00,presentValue,analogValue_13,analogValue,,,,,,,,,,2.2178206,,,,
2026-04-13 18:16:00+00:00,presentValue,analogValue_13,analogValue,,,,,,,,,,2.224215,,,,
2026-04-13 18:19:00+00:00,presentValue,analogValue_13,analogValue,,,,,,,,,,2.215778,,,,
2026-04-13 18:22:00+00:00,presentValue,analogValue_13,analogValue,,,,,,,,,,2.2019234,,,,
2026-04-13 18:25:00+00:00,presentValue,analogValue_13,analogValue,,,,,,,,,,2.1907332,,,,
2026-04-13 18:28:00+00:00,presentValue,analogValue_13,analogValue,,,,,,,,,,2.2050762,,,,
2026-04-13 18:31:00+00:00,presentValue,analogValue_13,analogValue,,,,,,,,,,2.2005026,,,,
2026-04-13 18:34:00+00:00,presentValue,analogValue_13,analogValue,,,,,,,,,,2.2084954,,,,
2026-04-13 18:37:00+00:00,presentValue,analogValue_13,analogValue,,,,,,,,,,2.0822513,,,,
2026-04-13 18:40:00+00:00,presentValue,analogValue_13,analogValue,,,,,,,,,,2.2013018,,,,
2026-04-13 18:43:00+00:00,presentValue,analogValue_13,analogValue,,,,,,,,,,2.1873584,,,,
2026-04-13 18:46:00+00:00,presentValue,analogValue_13,analogValue,,,,,,,,,,2.1985488,,,,
2026-04-13 18:49:00+00:00,presentValue,analogValue_13,analogValue,,,,,,,,,,2.2146237,,,,
2026-04-13 18:52:00+00:00,presentValue,analogValue_13,analogValue,,,,,,,,,,2.1639123,,,,
2026-04-13 18:55:00+00:00,presentValue,analogValue_13,analogValue,,,,,,,,,,2.1808755,,,,
2026-04-13 18:58:00+00:00,presentValue,analogValue_13,analogValue,,,,,,,,,,2.1899343,,,,
2026-04-13 19:01:00+00:00,presentValue,analogValue_13,analogValue,,,,,,,,,,2.192421,,,,
2026-04-13 19:04:00+00:00,presentValue,analogValue_13,analogValue,,,,,,,,,,2.1902893,,,,
2026-04-13 19:07:00+00:00,presentValue,analogValue_13,analogValue,,,,,,,,,,2.1931314,,,,
2026-04-13 19:10:00+00:00,presentValue,analogValue_13,analogValue,,,,,,,,,,2.1995256,,,,
2026-04-13 19:13:00+00:00,presentValue,analogValue_13,analogValue,,,,,,,,,,2.0164871,,,,
2026-04-13 19:16:00+00:00,presentValue,analogValue_13,analogValue,,,,,,,,,,2.1379797,,,,
2026-04-13 19:19:00+00:00,presentValue,analogValue_13,analogValue,,,,,,,,,,2.1215498,,,,
2026-04-13 19:22:00+00:00,presentValue,analogValue_13,analogValue,,,,,,,,,,2.1324291,,,,
2026-04-13 19:25:00+00:00,presentValue,analogValue_13,analogValue,,,,,,,,,,2.1293652,,,,
2026-04-13 19:28:00+00:00,presentValue,analogValue_13,analogValue,,,,,,,,,,2.1289215,,,,
2026-04-13 19:31:00+00:00,presentValue,analogValue_13,analogValue,,,,,,,,,,2.1277225,,,,
2026-04-13 19:34:00+00:00,presentValue,analogValue_13,analogValue,,,,,,,,,,2.1056528,,,,
2026-04-13 19:37:00+00:00,presentValue,analogValue_13,analogValue,,,,,,,,,,2.0898888,,,,
2026-04-13 19:40:00+00:00,presentValue,analogValue_13,analogValue,,,,,,,,,,2.0588498,,,,
2026-04-13 19:43:00+00:00,presentValue,analogValue_13,analogValue,,,,,,,,,,2.0433078,,,,
2026-04-13 19:46:00+00:00,presentValue,analogValue_13,analogValue,,,,,,,,,,2.0107586,,,,
2026-04-13 19:49:00+00:00,presentValue,analogValue_13,analogValue,,,,,,,,,,1.9068948,,,,
2026-04-13 19:52:00+00:00,presentValue,analogValue_13,analogValue,,,,,,,,,,1.913023,,,,
2026-04-13 19:55:00+00:00,presentValue,analogValue_13,analogValue,,,,,,,,,,1.9148879,,,,
2026-04-13 19:58:00+00:00,presentValue,analogValue_13,analogValue,,,,,,,,,,1.8973477,,,,
2026-04-13 20:01:00+00:00,presentValue,analogValue_13,analogValue,,,,,,,,,,1.887001,,,,
2026-04-13 20:04:00+00:00,presentValue,analogValue_13,analogValue,,,,,,,,,,1.8595145,,,,
2026-04-13 20:07:00+00:00,presentValue,analogValue_13,analogValue,,,,,,,,,,1.8379337,,,,
2026-04-13 20:10:00+00:00,presentValue,analogValue_13,analogValue,,,,,,,,,,1.7965035,,,,
2026-04-13 20:13:00+00:00,presentValue,analogValue_13,analogValue,,,,,,,,,,1.7653308,,,,
2026-04-13 20:16:00+00:00,presentValue,analogValue_13,analogValue,,,,,,,,,,1.7267871,,,,
2026-04-13 20:19:00+00:00,presentValue,analogValue_13,analogValue,,,,,,,,,,1.680339,,,,
2026-04-13 20:22:00+00:00,presentValue,analogValue_13,analogValue,,,,,,,,,,1.6413512,,,,
2026-04-13 20:25:00+00:00,presentValue,analogValue_13,analogValue,,,,,,,,,,1.5988553,,,,
2026-04-13 20:28:00+00:00,presentValue,analogValue_13,analogValue,,,,,,,,,,1.5477005,,,,
2026-04-13 20:31:00+00:00,presentValue,analogValue_13,analogValue,,,,,,,,,,1.4992545,,,,
2026-04-13 20:34:00+00:00,presentValue,analogValue_13,analogValue,,,,,,,,,,1.4476111,,,,
2026-04-13 20:37:00+00:00,presentValue,analogValue_13,analogValue,,,,,,,,,,1.3996979,,,,
2026-04-13 20:40:00+00:00,presentValue,analogValue_13,analogValue,,,,,,,,,,1.344724,,,,
2026-04-13 20:43:00+00:00,presentValue,analogValue_13,analogValue,,,,,,,,,,1.299031,,,,
2026-04-13 20:46:00+00:00,presentValue,analogValue_13,analogValue,,,,,,,,,,1.2434357,,,,
2026-04-13 20:49:00+00:00,presentValue,analogValue_13,analogValue,,,,,,,,,,1.1901937,,,,
2026-04-13 20:52:00+00:00,presentValue,analogValue_13,analogValue,,,,,,,,,,1.1403264,,,,
2026-04-13 20:55:00+00:00,presentValue,analogValue_13,analogValue,,,,,,,,,,1.0701218,,,,
2026-04-13 20:58:00+00:00,presentValue,analogValue_13,analogValue,,,,,,,,,,0.9488065,,,,
2026-04-13 21:01:00+00:00,presentValue,analogValue_13,analogValue,,,,,,,,,,0.85546666,,,,
2026-04-13 21:04:00+00:00,presentValue,analogValue_13,analogValue,,,,,,,,,,0.67793447,,,,
2026-04-13 21:07:00+00:00,presentValue,analogValue_13,analogValue,,,,,,,,,,0.6567974,,,,
2026-04-13 21:10:00+00:00,presentValue,analogValue_13,analogValue,,,,,,,,,,0.5758468,,,,
2026-04-13 21:13:00+00:00,presentValue,analogValue_13,analogValue,,,,,,,,,,0.535349,,,,
2026-04-13 21:16:00+00:00,presentValue,analogValue_13,analogValue,,,,,,,,,,0.49533987,,,,
2026-04-13 21:19:00+00:00,presentValue,analogValue_13,analogValue,,,,,,,,,,0.4547979,,,,
2026-04-13 21:22:00+00:00,presentValue,analogValue_13,analogValue,,,,,,,,,,0.41834113,,,,
2026-04-13 21:25:00+00:00,presentValue,analogValue_13,analogValue,,,,,,,,,,0.3781098,,,,
2026-04-13 21:28:00+00:00,presentValue,analogValue_13,analogValue,,,,,,,,,,0.33934408,,,,
2026-04-13 21:31:00+00:00,presentValue,analogValue_13,analogValue,,,,,,,,,,0.30550727,,,,
2026-04-13 21:34:00+00:00,presentValue,analogValue_13,analogValue,,,,,,,,,,0.27429038,,,,
2026-04-13 21:37:00+00:00,presentValue,analogValue_13,analogValue,,,,,,,,,,0.26807365,,,,
2026-04-13 21:40:00+00:00,presentValue,analogValue_13,analogValue,,,,,,,,,,0.2668746,,,,
2026-04-13 21:43:00+00:00,presentValue,analogValue_13,analogValue,,,,,,,,,,0.26265618,,,,
2026-04-13 21:46:00+00:00,presentValue,analogValue_13,analogValue,,,,,,,,,,0.25870416,,,,
2026-04-13 21:49:00+00:00,presentValue,analogValue_13,analogValue,,,,,,,,,,0.26265618,,,,
2026-04-13 21:52:00+00:00,presentValue,analogValue_13,analogValue,,,,,,,,,,0.26318902,,,,
2026-04-13 21:55:00+00:00,presentValue,analogValue_13,analogValue,,,,,,,,,,0.2631446,,,,
2026-04-13 21:58:00+00:00,presentValue,analogValue_13,analogValue,,,,,,,,,,0.26345542,,,,
2026-04-13 22:01:00+00:00,presentValue,analogValue_13,analogValue,,,,,,,,,,0.26318902,,,,
2026-04-13 22:04:00+00:00,presentValue,analogValue_13,analogValue,,,,,,,,,,0.26398826,,,,
2026-04-13 22:07:00+00:00,presentValue,analogValue_13,analogValue,,,,,,,,,,0.263722,,,,
2026-04-13 22:10:00+00:00,presentValue,analogValue_13,analogValue,,,,,,,,,,0.26421043,,,,
2026-04-13 22:13:00+00:00,presentValue,analogValue_13,analogValue,,,,,,,,,,0.26416603,,,,
2026-04-13 22:16:00+00:00,presentValue,analogValue_13,analogValue,,,,,,,,,,0.26452124,,,,
2026-04-13 22:19:00+00:00,presentValue,analogValue_13,analogValue,,,,,,,,,,0.26496527,,,,
2026-04-13 22:22:00+00:00,presentValue,analogValue_13,analogValue,,,,,,,,,,0.2651429,,,,
2026-04-13 22:25:00+00:00,presentValue,analogValue_13,analogValue,,,,,,,,,,0.2653205,,,,
2026-04-13 22:28:00+00:00,presentValue,analogValue_13,analogValue,,,,,,,,,,0.2653205,,,,
2026-04-13 22:31:00+00:00,presentValue,analogValue_13,analogValue,,,,,,,,,,0.26567572,,,,
2026-04-13 22:34:00+00:00,presentValue,analogValue_13,analogValue,,,,,,,,,,0.26585335,,,,
2026-04-13 22:37:00+00:00,presentValue,analogValue_13,analogValue,,,,,,,,,,0.26567572,,,,
2026-04-13 22:40:00+00:00,presentValue,analogValue_13,analogValue,,,,,,,,,,0.26620856,,,,
2026-04-13 22:43:00+00:00,presentValue,analogValue_13,analogValue,,,,,,,,,,0.26647514,,,,
2026-04-13 22:46:00+00:00,presentValue,analogValue_13,analogValue,,,,,,,,,,0.2667414,,,,
2026-04-13 22:49:00+00:00,presentValue,analogValue_13,analogValue,,,,,,,,,,0.2661643,,,,
2026-04-13 22:52:00+00:00,presentValue,analogValue_13,analogValue,,,,,,,,,,0.26683035,,,,
2026-04-13 22:55:00+00:00,presentValue,analogValue_13,analogValue,,,,,,,,,,0.26683035,,,,
2026-04-13 22:58:00+00:00,presentValue,analogValue_13,analogValue,,,,,,,,,,0.26700798,,,,
2026-04-13 23:01:00+00:00,presentValue,analogValue_13,analogValue,,,,,,,,,,0.2670968,,,,
2026-04-13 23:04:00+00:00,presentValue,analogValue_13,analogValue,,,,,,,,,,0.2668746,,,,
2026-04-13 23:07:00+00:00,presentValue,analogValue_13,analogValue,,,,,,,,,,0.2668746,,,,
2026-04-13 23:10:00+00:00,presentValue,analogValue_13,analogValue,,,,,,,,,,0.267452,,,,
2026-04-13 23:13:00+00:00,presentValue,analogValue_13,analogValue,,,,,,,,,,0.26727438,,,,
2026-04-13 23:16:00+00:00,presentValue,analogValue_13,analogValue,,,,,,,,,,0.2675408,,,,
2026-04-13 23:19:00+00:00,presentValue,analogValue_13,analogValue,,,,,,,,,,0.26762962,,,,
2026-04-13 23:22:00+00:00,presentValue,analogValue_13,analogValue,,,,,,,,,,0.26771843,,,,
2026-04-13 23:25:00+00:00,presentValue,analogValue_13,analogValue,,,,,,,,,,0.26771843,,,,
2026-04-13 23:28:00+00:00,presentValue,analogValue_13,analogValue,,,,,,,,,,0.26789603,,,,
2026-04-13 23:31:00+00:00,presentValue,analogValue_13,analogValue,,,,,,,,,,0.26798484,,,,
2026-04-13 23:34:00+00:00,presentValue,analogValue_13,analogValue,,,,,,,,,,0.26816246,,,,
2026-04-13 23:37:00+00:00,presentValue,analogValue_13,analogValue,,,,,,,,,,0.26762962,,,,
2026-04-13 23:40:00+00:00,presentValue,analogValue_13,analogValue,,,,,,,,,,0.26798484,,,,
2026-04-13 23:43:00+00:00,presentValue,analogValue_13,analogValue,,,,,,,,,,0.26820686,,,,
2026-04-13 23:46:00+00:00,presentValue,analogValue_13,analogValue,,,,,,,,,,0.26842886,,,,
2026-04-13 23:49:00+00:00,presentValue,analogValue_13,analogValue,,,,,,,,,,0.26829568,,,,
2026-04-13 23:52:00+00:00,presentValue,analogValue_13,analogValue,,,,,,,,,,0.26816246,,,,
2026-04-13 23:55:00+00:00,presentValue,analogValue_13,analogValue,,,,,,,,,,0.26842886,,,,
2026-04-13 23:58:00+00:00,presentValue,analogValue_13,analogValue,,,,,,,,,,0.26856208,,,,
2026-04-13 11:01:00+00:00,presentValue,analogValue_15,analogValue,,,,,,,,,,,0.0,,,
2026-04-13 11:04:00+00:00,presentValue,analogValue_15,analogValue,,,,,,,,,,,0.0,,,
2026-04-13 11:07:00+00:00,presentValue,analogValue_15,analogValue,,,,,,,,,,,0.0,,,
2026-04-13 11:10:00+00:00,presentValue,analogValue_15,analogValue,,,,,,,,,,,0.0,,,
2026-04-13 11:13:00+00:00,presentValue,analogValue_15,analogValue,,,,,,,,,,,0.0,,,
2026-04-13 11:16:00+00:00,presentValue,analogValue_15,analogValue,,,,,,,,,,,0.0,,,
2026-04-13 11:19:00+00:00,presentValue,analogValue_15,analogValue,,,,,,,,,,,0.0,,,
2026-04-13 11:22:00+00:00,presentValue,analogValue_15,analogValue,,,,,,,,,,,0.0,,,
2026-04-13 11:25:00+00:00,presentValue,analogValue_15,analogValue,,,,,,,,,,,0.0,,,
2026-04-13 11:28:00+00:00,presentValue,analogValue_15,analogValue,,,,,,,,,,,0.0,,,
2026-04-13 11:31:00+00:00,presentValue,analogValue_15,analogValue,,,,,,,,,,,0.0,,,
2026-04-13 11:34:00+00:00,presentValue,analogValue_15,analogValue,,,,,,,,,,,0.0,,,
2026-04-13 11:37:00+00:00,presentValue,analogValue_15,analogValue,,,,,,,,,,,0.0,,,
2026-04-13 11:40:00+00:00,presentValue,analogValue_15,analogValue,,,,,,,,,,,0.0,,,
2026-04-13 11:43:00+00:00,presentValue,analogValue_15,analogValue,,,,,,,,,,,0.0,,,
2026-04-13 11:46:00+00:00,presentValue,analogValue_15,analogValue,,,,,,,,,,,0.0,,,
2026-04-13 11:49:00+00:00,presentValue,analogValue_15,analogValue,,,,,,,,,,,0.0,,,
2026-04-13 11:52:00+00:00,presentValue,analogValue_15,analogValue,,,,,,,,,,,0.0,,,
2026-04-13 11:55:00+00:00,presentValue,analogValue_15,analogValue,,,,,,,,,,,0.0,,,
2026-04-13 11:58:00+00:00,presentValue,analogValue_15,analogValue,,,,,,,,,,,0.0,,,
2026-04-13 12:01:00+00:00,presentValue,analogValue_15,analogValue,,,,,,,,,,,0.0,,,
2026-04-13 12:04:00+00:00,presentValue,analogValue_15,analogValue,,,,,,,,,,,0.0,,,
2026-04-13 12:07:00+00:00,presentValue,analogValue_15,analogValue,,,,,,,,,,,0.0,,,
2026-04-13 12:10:00+00:00,presentValue,analogValue_15,analogValue,,,,,,,,,,,0.0,,,
2026-04-13 12:13:00+00:00,presentValue,analogValue_15,analogValue,,,,,,,,,,,0.0,,,
2026-04-13 12:16:00+00:00,presentValue,analogValue_15,analogValue,,,,,,,,,,,0.0,,,
2026-04-13 12:19:00+00:00,presentValue,analogValue_15,analogValue,,,,,,,,,,,0.0,,,
2026-04-13 12:22:00+00:00,presentValue,analogValue_15,analogValue,,,,,,,,,,,0.0,,,
2026-04-13 12:25:00+00:00,presentValue,analogValue_15,analogValue,,,,,,,,,,,0.0,,,
2026-04-13 12:28:00+00:00,presentValue,analogValue_15,analogValue,,,,,,,,,,,0.0,,,
2026-04-13 12:31:00+00:00,presentValue,analogValue_15,analogValue,,,,,,,,,,,0.0,,,
2026-04-13 12:34:00+00:00,presentValue,analogValue_15,analogValue,,,,,,,,,,,0.0,,,
2026-04-13 12:37:00+00:00,presentValue,analogValue_15,analogValue,,,,,,,,,,,0.0,,,
2026-04-13 12:40:00+00:00,presentValue,analogValue_15,analogValue,,,,,,,,,,,0.0,,,
2026-04-13 12:43:00+00:00,presentValue,analogValue_15,analogValue,,,,,,,,,,,0.0,,,
2026-04-13 12:46:00+00:00,presentValue,analogValue_15,analogValue,,,,,,,,,,,0.0,,,
2026-04-13 12:49:00+00:00,presentValue,analogValue_15,analogValue,,,,,,,,,,,0.0,,,
2026-04-13 12:52:00+00:00,presentValue,analogValue_15,analogValue,,,,,,,,,,,0.0,,,
2026-04-13 12:55:00+00:00,presentValue,analogValue_15,analogValue,,,,,,,,,,,0.0,,,
2026-04-13 12:58:00+00:00,presentValue,analogValue_15,analogValue,,,,,,,,,,,0.0,,,
2026-04-13 13:01:00+00:00,presentValue,analogValue_15,analogValue,,,,,,,,,,,0.0,,,
2026-04-13 13:04:00+00:00,presentValue,analogValue_15,analogValue,,,,,,,,,,,0.0,,,
2026-04-13 13:07:00+00:00,presentValue,analogValue_15,analogValue,,,,,,,,,,,0.0,,,
2026-04-13 13:10:00+00:00,presentValue,analogValue_15,analogValue,,,,,,,,,,,0.0,,,
2026-04-13 13:13:00+00:00,presentValue,analogValue_15,analogValue,,,,,,,,,,,0.0,,,
2026-04-13 13:16:00+00:00,presentValue,analogValue_15,analogValue,,,,,,,,,,,0.0,,,
2026-04-13 13:19:00+00:00,presentValue,analogValue_15,analogValue,,,,,,,,,,,0.0,,,
2026-04-13 13:22:00+00:00,presentValue,analogValue_15,analogValue,,,,,,,,,,,0.0,,,
2026-04-13 13:25:00+00:00,presentValue,analogValue_15,analogValue,,,,,,,,,,,0.0,,,
2026-04-13 13:28:00+00:00,presentValue,analogValue_15,analogValue,,,,,,,,,,,0.0,,,
2026-04-13 13:31:00+00:00,presentValue,analogValue_15,analogValue,,,,,,,,,,,0.0,,,
2026-04-13 13:34:00+00:00,presentValue,analogValue_15,analogValue,,,,,,,,,,,0.0,,,
2026-04-13 13:37:00+00:00,presentValue,analogValue_15,analogValue,,,,,,,,,,,0.0,,,
2026-04-13 13:40:00+00:00,presentValue,analogValue_15,analogValue,,,,,,,,,,,0.0,,,
2026-04-13 13:43:00+00:00,presentValue,analogValue_15,analogValue,,,,,,,,,,,0.0,,,
2026-04-13 13:46:00+00:00,presentValue,analogValue_15,analogValue,,,,,,,,,,,0.0,,,
2026-04-13 13:49:00+00:00,presentValue,analogValue_15,analogValue,,,,,,,,,,,0.0,,,
2026-04-13 13:52:00+00:00,presentValue,analogValue_15,analogValue,,,,,,,,,,,0.0,,,
2026-04-13 13:55:00+00:00,presentValue,analogValue_15,analogValue,,,,,,,,,,,0.0,,,
2026-04-13 13:58:00+00:00,presentValue,analogValue_15,analogValue,,,,,,,,,,,0.0,,,
2026-04-13 14:01:00+00:00,presentValue,analogValue_15,analogValue,,,,,,,,,,,0.0,,,
2026-04-13 14:04:00+00:00,presentValue,analogValue_15,analogValue,,,,,,,,,,,0.0,,,
2026-04-13 14:07:00+00:00,presentValue,analogValue_15,analogValue,,,,,,,,,,,0.0,,,
2026-04-13 14:10:00+00:00,presentValue,analogValue_15,analogValue,,,,,,,,,,,0.0,,,
2026-04-13 14:13:00+00:00,presentValue,analogValue_15,analogValue,,,,,,,,,,,0.0,,,
2026-04-13 14:16:00+00:00,presentValue,analogValue_15,analogValue,,,,,,,,,,,0.0,,,
2026-04-13 14:19:00+00:00,presentValue,analogValue_15,analogValue,,,,,,,,,,,0.0,,,
2026-04-13 14:22:00+00:00,presentValue,analogValue_15,analogValue,,,,,,,,,,,0.0,,,
2026-04-13 14:25:00+00:00,presentValue,analogValue_15,analogValue,,,,,,,,,,,0.0,,,
2026-04-13 14:28:00+00:00,presentValue,analogValue_15,analogValue,,,,,,,,,,,0.0,,,
2026-04-13 14:31:00+00:00,presentValue,analogValue_15,analogValue,,,,,,,,,,,0.0,,,
2026-04-13 14:34:00+00:00,presentValue,analogValue_15,analogValue,,,,,,,,,,,0.0,,,
2026-04-13 14:37:00+00:00,presentValue,analogValue_15,analogValue,,,,,,,,,,,0.0,,,
2026-04-13 14:40:00+00:00,presentValue,analogValue_15,analogValue,,,,,,,,,,,0.0,,,
2026-04-13 14:43:00+00:00,presentValue,analogValue_15,analogValue,,,,,,,,,,,0.0,,,
2026-04-13 14:46:00+00:00,presentValue,analogValue_15,analogValue,,,,,,,,,,,0.0,,,
2026-04-13 14:49:00+00:00,presentValue,analogValue_15,analogValue,,,,,,,,,,,0.0,,,
2026-04-13 14:52:00+00:00,presentValue,analogValue_15,analogValue,,,,,,,,,,,0.0,,,
2026-04-13 14:55:00+00:00,presentValue,analogValue_15,analogValue,,,,,,,,,,,0.0,,,
2026-04-13 14:58:00+00:00,presentValue,analogValue_15,analogValue,,,,,,,,,,,0.0,,,
2026-04-13 15:01:00+00:00,presentValue,analogValue_15,analogValue,,,,,,,,,,,0.0,,,
2026-04-13 15:04:00+00:00,presentValue,analogValue_15,analogValue,,,,,,,,,,,0.0,,,
2026-04-13 15:07:00+00:00,presentValue,analogValue_15,analogValue,,,,,,,,,,,0.0,,,
2026-04-13 15:10:00+00:00,presentValue,analogValue_15,analogValue,,,,,,,,,,,0.0,,,
2026-04-13 15:13:00+00:00,presentValue,analogValue_15,analogValue,,,,,,,,,,,0.0,,,
2026-04-13 15:16:00+00:00,presentValue,analogValue_15,analogValue,,,,,,,,,,,0.0,,,
2026-04-13 15:19:00+00:00,presentValue,analogValue_15,analogValue,,,,,,,,,,,0.0,,,
2026-04-13 15:22:00+00:00,presentValue,analogValue_15,analogValue,,,,,,,,,,,0.0,,,
2026-04-13 15:25:00+00:00,presentValue,analogValue_15,analogValue,,,,,,,,,,,0.0,,,
2026-04-13 15:28:00+00:00,presentValue,analogValue_15,analogValue,,,,,,,,,,,0.0,,,
2026-04-13 15:31:00+00:00,presentValue,analogValue_15,analogValue,,,,,,,,,,,0.0,,,
2026-04-13 15:34:00+00:00,presentValue,analogValue_15,analogValue,,,,,,,,,,,0.0,,,
2026-04-13 15:37:00+00:00,presentValue,analogValue_15,analogValue,,,,,,,,,,,0.0,,,
2026-04-13 15:40:00+00:00,presentValue,analogValue_15,analogValue,,,,,,,,,,,0.0,,,
2026-04-13 15:43:00+00:00,presentValue,analogValue_15,analogValue,,,,,,,,,,,0.0,,,
2026-04-13 15:46:00+00:00,presentValue,analogValue_15,analogValue,,,,,,,,,,,7.8101797,,,
2026-04-13 15:49:00+00:00,presentValue,analogValue_15,analogValue,,,,,,,,,,,15.6748705,,,
2026-04-13 15:52:00+00:00,presentValue,analogValue_15,analogValue,,,,,,,,,,,23.650414,,,
2026-04-13 15:55:00+00:00,presentValue,analogValue_15,analogValue,,,,,,,,,,,22.881992,,,
2026-04-13 15:58:00+00:00,presentValue,analogValue_15,analogValue,,,,,,,,,,,23.697638,,,
2026-04-13 16:01:00+00:00,presentValue,analogValue_15,analogValue,,,,,,,,,,,25.516384,,,
2026-04-13 16:04:00+00:00,presentValue,analogValue_15,analogValue,,,,,,,,,,,24.239162,,,
2026-04-13 16:07:00+00:00,presentValue,analogValue_15,analogValue,,,,,,,,,,,22.208054,,,
2026-04-13 16:10:00+00:00,presentValue,analogValue_15,analogValue,,,,,,,,,,,21.179361,,,
2026-04-13 16:13:00+00:00,presentValue,analogValue_15,analogValue,,,,,,,,,,,27.243704,,,
2026-04-13 16:16:00+00:00,presentValue,analogValue_15,analogValue,,,,,,,,,,,24.85557,,,
2026-04-13 16:19:00+00:00,presentValue,analogValue_15,analogValue,,,,,,,,,,,30.662773,,,
2026-04-13 16:22:00+00:00,presentValue,analogValue_15,analogValue,,,,,,,,,,,16.007544,,,
2026-04-13 16:25:00+00:00,presentValue,analogValue_15,analogValue,,,,,,,,,,,6.3933797,,,
2026-04-13 16:28:00+00:00,presentValue,analogValue_15,analogValue,,,,,,,,,,,25.595203,,,
2026-04-13 16:31:00+00:00,presentValue,analogValue_15,analogValue,,,,,,,,,,,27.805431,,,
2026-04-13 16:34:00+00:00,presentValue,analogValue_15,analogValue,,,,,,,,,,,19.509108,,,
2026-04-13 16:37:00+00:00,presentValue,analogValue_15,analogValue,,,,,,,,,,,17.72743,,,
2026-04-13 16:40:00+00:00,presentValue,analogValue_15,analogValue,,,,,,,,,,,32.27546,,,
2026-04-13 16:43:00+00:00,presentValue,analogValue_15,analogValue,,,,,,,,,,,32.53522,,,
2026-04-13 16:46:00+00:00,presentValue,analogValue_15,analogValue,,,,,,,,,,,28.721731,,,
2026-04-13 16:49:00+00:00,presentValue,analogValue_15,analogValue,,,,,,,,,,,30.296053,,,
2026-04-13 16:52:00+00:00,presentValue,analogValue_15,analogValue,,,,,,,,,,,30.95937,,,
2026-04-13 16:55:00+00:00,presentValue,analogValue_15,analogValue,,,,,,,,,,,26.345324,,,
2026-04-13 16:58:00+00:00,presentValue,analogValue_15,analogValue,,,,,,,,,,,31.497091,,,
2026-04-13 17:01:00+00:00,presentValue,analogValue_15,analogValue,,,,,,,,,,,31.26762,,,
2026-04-13 17:04:00+00:00,presentValue,analogValue_15,analogValue,,,,,,,,,,,27.59614,,,
2026-04-13 17:07:00+00:00,presentValue,analogValue_15,analogValue,,,,,,,,,,,25.135387,,,
2026-04-13 17:10:00+00:00,presentValue,analogValue_15,analogValue,,,,,,,,,,,28.437864,,,
2026-04-13 17:13:00+00:00,presentValue,analogValue_15,analogValue,,,,,,,,,,,9.109731,,,
2026-04-13 17:16:00+00:00,presentValue,analogValue_15,analogValue,,,,,,,,,,,32.261112,,,
2026-04-13 17:19:00+00:00,presentValue,analogValue_15,analogValue,,,,,,,,,,,23.212137,,,
2026-04-13 17:22:00+00:00,presentValue,analogValue_15,analogValue,,,,,,,,,,,27.672783,,,
2026-04-13 17:25:00+00:00,presentValue,analogValue_15,analogValue,,,,,,,,,,,23.764904,,,
2026-04-13 17:28:00+00:00,presentValue,analogValue_15,analogValue,,,,,,,,,,,29.570932,,,
2026-04-13 17:31:00+00:00,presentValue,analogValue_15,analogValue,,,,,,,,,,,28.828516,,,
2026-04-13 17:34:00+00:00,presentValue,analogValue_15,analogValue,,,,,,,,,,,25.53709,,,
2026-04-13 17:37:00+00:00,presentValue,analogValue_15,analogValue,,,,,,,,,,,28.10906,,,
2026-04-13 17:40:00+00:00,presentValue,analogValue_15,analogValue,,,,,,,,,,,28.345884,,,
2026-04-13 17:43:00+00:00,presentValue,analogValue_15,analogValue,,,,,,,,,,,27.292328,,,
2026-04-13 17:46:00+00:00,presentValue,analogValue_15,analogValue,,,,,,,,,,,27.22965,,,
2026-04-13 17:49:00+00:00,presentValue,analogValue_15,analogValue,,,,,,,,,,,28.184326,,,
2026-04-13 17:52:00+00:00,presentValue,analogValue_15,analogValue,,,,,,,,,,,16.145214,,,
2026-04-13 17:55:00+00:00,presentValue,analogValue_15,analogValue,,,,,,,,,,,23.025291,,,
2026-04-13 17:58:00+00:00,presentValue,analogValue_15,analogValue,,,,,,,,,,,23.118656,,,
2026-04-13 18:01:00+00:00,presentValue,analogValue_15,analogValue,,,,,,,,,,,23.76537,,,
2026-04-13 18:05:00+00:00,presentValue,analogValue_15,analogValue,,,,,,,,,,,23.32254,,,
2026-04-13 18:07:00+00:00,presentValue,analogValue_15,analogValue,,,,,,,,,,,22.301323,,,
2026-04-13 18:10:00+00:00,presentValue,analogValue_15,analogValue,,,,,,,,,,,13.997306,,,
2026-04-13 18:13:00+00:00,presentValue,analogValue_15,analogValue,,,,,,,,,,,18.40976,,,
2026-04-13 18:16:00+00:00,presentValue,analogValue_15,analogValue,,,,,,,,,,,18.918627,,,
2026-04-13 18:19:00+00:00,presentValue,analogValue_15,analogValue,,,,,,,,,,,19.348679,,,
2026-04-13 18:22:00+00:00,presentValue,analogValue_15,analogValue,,,,,,,,,,,9.728457,,,
2026-04-13 18:25:00+00:00,presentValue,analogValue_15,analogValue,,,,,,,,,,,14.431613,,,
2026-04-13 18:28:00+00:00,presentValue,analogValue_15,analogValue,,,,,,,,,,,18.968035,,,
2026-04-13 18:31:00+00:00,presentValue,analogValue_15,analogValue,,,,,,,,,,,19.076813,,,
2026-04-13 18:34:00+00:00,presentValue,analogValue_15,analogValue,,,,,,,,,,,16.251757,,,
2026-04-13 18:37:00+00:00,presentValue,analogValue_15,analogValue,,,,,,,,,,,4.702419,,,
2026-04-13 18:40:00+00:00,presentValue,analogValue_15,analogValue,,,,,,,,,,,13.71358,,,
2026-04-13 18:43:00+00:00,presentValue,analogValue_15,analogValue,,,,,,,,,,,16.109081,,,
2026-04-13 18:46:00+00:00,presentValue,analogValue_15,analogValue,,,,,,,,,,,14.566905,,,
2026-04-13 18:49:00+00:00,presentValue,analogValue_15,analogValue,,,,,,,,,,,12.309298,,,
2026-04-13 18:52:00+00:00,presentValue,analogValue_15,analogValue,,,,,,,,,,,8.206369,,,
2026-04-13 18:55:00+00:00,presentValue,analogValue_15,analogValue,,,,,,,,,,,6.6926436,,,
2026-04-13 18:58:00+00:00,presentValue,analogValue_15,analogValue,,,,,,,,,,,9.252,,,
2026-04-13 19:01:00+00:00,presentValue,analogValue_15,analogValue,,,,,,,,,,,10.372564,,,
2026-04-13 19:04:00+00:00,presentValue,analogValue_15,analogValue,,,,,,,,,,,10.472457,,,
2026-04-13 19:07:00+00:00,presentValue,analogValue_15,analogValue,,,,,,,,,,,10.505208,,,
2026-04-13 19:10:00+00:00,presentValue,analogValue_15,analogValue,,,,,,,,,,,9.522837,,,
2026-04-13 19:13:00+00:00,presentValue,analogValue_15,analogValue,,,,,,,,,,,0.0,,,
2026-04-13 19:16:00+00:00,presentValue,analogValue_15,analogValue,,,,,,,,,,,5.592155,,,
2026-04-13 19:19:00+00:00,presentValue,analogValue_15,analogValue,,,,,,,,,,,5.800758,,,
2026-04-13 19:22:00+00:00,presentValue,analogValue_15,analogValue,,,,,,,,,,,5.8200965,,,
2026-04-13 19:25:00+00:00,presentValue,analogValue_15,analogValue,,,,,,,,,,,5.847337,,,
2026-04-13 19:28:00+00:00,presentValue,analogValue_15,analogValue,,,,,,,,,,,5.854567,,,
2026-04-13 19:31:00+00:00,presentValue,analogValue_15,analogValue,,,,,,,,,,,5.8116517,,,
2026-04-13 19:34:00+00:00,presentValue,analogValue_15,analogValue,,,,,,,,,,,5.1261735,,,
2026-04-13 19:37:00+00:00,presentValue,analogValue_15,analogValue,,,,,,,,,,,4.6330724,,,
2026-04-13 19:40:00+00:00,presentValue,analogValue_15,analogValue,,,,,,,,,,,4.671431,,,
2026-04-13 19:43:00+00:00,presentValue,analogValue_15,analogValue,,,,,,,,,,,4.750981,,,
2026-04-13 19:46:00+00:00,presentValue,analogValue_15,analogValue,,,,,,,,,,,0.0,,,
2026-04-13 19:49:00+00:00,presentValue,analogValue_15,analogValue,,,,,,,,,,,0.0,,,
2026-04-13 19:52:00+00:00,presentValue,analogValue_15,analogValue,,,,,,,,,,,0.0,,,
2026-04-13 19:55:00+00:00,presentValue,analogValue_15,analogValue,,,,,,,,,,,0.0,,,
2026-04-13 19:58:00+00:00,presentValue,analogValue_15,analogValue,,,,,,,,,,,0.0,,,
2026-04-13 20:01:00+00:00,presentValue,analogValue_15,analogValue,,,,,,,,,,,0.0,,,
2026-04-13 20:04:00+00:00,presentValue,analogValue_15,analogValue,,,,,,,,,,,0.0,,,
2026-04-13 20:07:00+00:00,presentValue,analogValue_15,analogValue,,,,,,,,,,,0.0,,,
2026-04-13 20:10:00+00:00,presentValue,analogValue_15,analogValue,,,,,,,,,,,0.0,,,
2026-04-13 20:13:00+00:00,presentValue,analogValue_15,analogValue,,,,,,,,,,,0.0,,,
2026-04-13 20:16:00+00:00,presentValue,analogValue_15,analogValue,,,,,,,,,,,0.0,,,
2026-04-13 20:19:00+00:00,presentValue,analogValue_15,analogValue,,,,,,,,,,,0.0,,,
2026-04-13 20:22:00+00:00,presentValue,analogValue_15,analogValue,,,,,,,,,,,0.0,,,
2026-04-13 20:25:00+00:00,presentValue,analogValue_15,analogValue,,,,,,,,,,,0.0,,,
2026-04-13 20:28:00+00:00,presentValue,analogValue_15,analogValue,,,,,,,,,,,0.0,,,
2026-04-13 20:31:00+00:00,presentValue,analogValue_15,analogValue,,,,,,,,,,,0.0,,,
2026-04-13 20:34:00+00:00,presentValue,analogValue_15,analogValue,,,,,,,,,,,0.0,,,
2026-04-13 20:37:00+00:00,presentValue,analogValue_15,analogValue,,,,,,,,,,,0.0,,,
2026-04-13 20:40:00+00:00,presentValue,analogValue_15,analogValue,,,,,,,,,,,0.0,,,
2026-04-13 20:43:00+00:00,presentValue,analogValue_15,analogValue,,,,,,,,,,,0.0,,,
2026-04-13 20:46:00+00:00,presentValue,analogValue_15,analogValue,,,,,,,,,,,0.0,,,
2026-04-13 20:49:00+00:00,presentValue,analogValue_15,analogValue,,,,,,,,,,,0.0,,,
2026-04-13 20:52:00+00:00,presentValue,analogValue_15,analogValue,,,,,,,,,,,0.0,,,
2026-04-13 20:55:00+00:00,presentValue,analogValue_15,analogValue,,,,,,,,,,,0.0,,,
2026-04-13 20:58:00+00:00,presentValue,analogValue_15,analogValue,,,,,,,,,,,0.0,,,
2026-04-13 21:01:00+00:00,presentValue,analogValue_15,analogValue,,,,,,,,,,,0.0,,,
2026-04-13 21:04:00+00:00,presentValue,analogValue_15,analogValue,,,,,,,,,,,0.0,,,
2026-04-13 21:07:00+00:00,presentValue,analogValue_15,analogValue,,,,,,,,,,,0.0,,,
2026-04-13 21:10:00+00:00,presentValue,analogValue_15,analogValue,,,,,,,,,,,0.0,,,
2026-04-13 21:13:00+00:00,presentValue,analogValue_15,analogValue,,,,,,,,,,,0.0,,,
2026-04-13 21:16:00+00:00,presentValue,analogValue_15,analogValue,,,,,,,,,,,0.0,,,
2026-04-13 21:19:00+00:00,presentValue,analogValue_15,analogValue,,,,,,,,,,,0.0,,,
2026-04-13 21:22:00+00:00,presentValue,analogValue_15,analogValue,,,,,,,,,,,0.0,,,
2026-04-13 21:25:00+00:00,presentValue,analogValue_15,analogValue,,,,,,,,,,,0.0,,,
2026-04-13 21:28:00+00:00,presentValue,analogValue_15,analogValue,,,,,,,,,,,0.0,,,
2026-04-13 21:31:00+00:00,presentValue,analogValue_15,analogValue,,,,,,,,,,,0.0,,,
2026-04-13 21:34:00+00:00,presentValue,analogValue_15,analogValue,,,,,,,,,,,0.0,,,
2026-04-13 21:37:00+00:00,presentValue,analogValue_15,analogValue,,,,,,,,,,,0.0,,,
2026-04-13 21:40:00+00:00,presentValue,analogValue_15,analogValue,,,,,,,,,,,0.0,,,
2026-04-13 21:43:00+00:00,presentValue,analogValue_15,analogValue,,,,,,,,,,,0.0,,,
2026-04-13 21:46:00+00:00,presentValue,analogValue_15,analogValue,,,,,,,,,,,0.0,,,
2026-04-13 21:49:00+00:00,presentValue,analogValue_15,analogValue,,,,,,,,,,,0.0,,,
2026-04-13 21:52:00+00:00,presentValue,analogValue_15,analogValue,,,,,,,,,,,0.0,,,
2026-04-13 21:55:00+00:00,presentValue,analogValue_15,analogValue,,,,,,,,,,,0.0,,,
2026-04-13 21:58:00+00:00,presentValue,analogValue_15,analogValue,,,,,,,,,,,0.0,,,
2026-04-13 22:01:00+00:00,presentValue,analogValue_15,analogValue,,,,,,,,,,,0.0,,,
2026-04-13 22:04:00+00:00,presentValue,analogValue_15,analogValue,,,,,,,,,,,0.0,,,
2026-04-13 22:07:00+00:00,presentValue,analogValue_15,analogValue,,,,,,,,,,,0.0,,,
2026-04-13 22:10:00+00:00,presentValue,analogValue_15,analogValue,,,,,,,,,,,0.0,,,
2026-04-13 22:13:00+00:00,presentValue,analogValue_15,analogValue,,,,,,,,,,,0.0,,,
2026-04-13 22:16:00+00:00,presentValue,analogValue_15,analogValue,,,,,,,,,,,0.0,,,
2026-04-13 22:19:00+00:00,presentValue,analogValue_15,analogValue,,,,,,,,,,,0.0,,,
2026-04-13 22:22:00+00:00,presentValue,analogValue_15,analogValue,,,,,,,,,,,0.0,,,
2026-04-13 22:25:00+00:00,presentValue,analogValue_15,analogValue,,,,,,,,,,,0.0,,,
2026-04-13 22:28:00+00:00,presentValue,analogValue_15,analogValue,,,,,,,,,,,0.0,,,
2026-04-13 22:31:00+00:00,presentValue,analogValue_15,analogValue,,,,,,,,,,,0.0,,,
2026-04-13 22:34:00+00:00,presentValue,analogValue_15,analogValue,,,,,,,,,,,0.0,,,
2026-04-13 22:37:00+00:00,presentValue,analogValue_15,analogValue,,,,,,,,,,,0.0,,,
2026-04-13 22:40:00+00:00,presentValue,analogValue_15,analogValue,,,,,,,,,,,0.0,,,
2026-04-13 22:43:00+00:00,presentValue,analogValue_15,analogValue,,,,,,,,,,,0.0,,,
2026-04-13 22:46:00+00:00,presentValue,analogValue_15,analogValue,,,,,,,,,,,0.0,,,
2026-04-13 22:49:00+00:00,presentValue,analogValue_15,analogValue,,,,,,,,,,,0.0,,,
2026-04-13 22:52:00+00:00,presentValue,analogValue_15,analogValue,,,,,,,,,,,0.0,,,
2026-04-13 22:55:00+00:00,presentValue,analogValue_15,analogValue,,,,,,,,,,,0.0,,,
2026-04-13 22:58:00+00:00,presentValue,analogValue_15,analogValue,,,,,,,,,,,0.0,,,
2026-04-13 23:01:00+00:00,presentValue,analogValue_15,analogValue,,,,,,,,,,,0.0,,,
2026-04-13 23:04:00+00:00,presentValue,analogValue_15,analogValue,,,,,,,,,,,0.0,,,
2026-04-13 23:07:00+00:00,presentValue,analogValue_15,analogValue,,,,,,,,,,,0.0,,,
2026-04-13 23:10:00+00:00,presentValue,analogValue_15,analogValue,,,,,,,,,,,0.0,,,
2026-04-13 23:13:00+00:00,presentValue,analogValue_15,analogValue,,,,,,,,,,,0.0,,,
2026-04-13 23:16:00+00:00,presentValue,analogValue_15,analogValue,,,,,,,,,,,0.0,,,
2026-04-13 23:19:00+00:00,presentValue,analogValue_15,analogValue,,,,,,,,,,,0.0,,,
2026-04-13 23:22:00+00:00,presentValue,analogValue_15,analogValue,,,,,,,,,,,0.0,,,
2026-04-13 23:25:00+00:00,presentValue,analogValue_15,analogValue,,,,,,,,,,,0.0,,,
2026-04-13 23:28:00+00:00,presentValue,analogValue_15,analogValue,,,,,,,,,,,0.0,,,
2026-04-13 23:31:00+00:00,presentValue,analogValue_15,analogValue,,,,,,,,,,,0.0,,,
2026-04-13 23:34:00+00:00,presentValue,analogValue_15,analogValue,,,,,,,,,,,0.0,,,
2026-04-13 23:37:00+00:00,presentValue,analogValue_15,analogValue,,,,,,,,,,,0.0,,,
2026-04-13 23:40:00+00:00,presentValue,analogValue_15,analogValue,,,,,,,,,,,0.0,,,
2026-04-13 23:43:00+00:00,presentValue,analogValue_15,analogValue,,,,,,,,,,,0.0,,,
2026-04-13 23:46:00+00:00,presentValue,analogValue_15,analogValue,,,,,,,,,,,0.0,,,
2026-04-13 23:49:00+00:00,presentValue,analogValue_15,analogValue,,,,,,,,,,,0.0,,,
2026-04-13 23:52:00+00:00,presentValue,analogValue_15,analogValue,,,,,,,,,,,0.0,,,
2026-04-13 23:55:00+00:00,presentValue,analogValue_15,analogValue,,,,,,,,,,,0.0,,,
2026-04-13 23:58:00+00:00,presentValue,analogValue_15,analogValue,,,,,,,,,,,0.0,,,
2026-04-13 11:01:00+00:00,presentValue,analogValue_20,analogValue,,,,,,,,,,,,9.371002,,
2026-04-13 11:04:00+00:00,presentValue,analogValue_20,analogValue,,,,,,,,,,,,9.335281,,
2026-04-13 11:07:00+00:00,presentValue,analogValue_20,analogValue,,,,,,,,,,,,9.305018,,
2026-04-13 11:10:00+00:00,presentValue,analogValue_20,analogValue,,,,,,,,,,,,9.261028,,
2026-04-13 11:13:00+00:00,presentValue,analogValue_20,analogValue,,,,,,,,,,,,9.218442,,
2026-04-13 11:16:00+00:00,presentValue,analogValue_20,analogValue,,,,,,,,,,,,9.189553,,
2026-04-13 11:19:00+00:00,presentValue,analogValue_20,analogValue,,,,,,,,,,,,9.151054,,
2026-04-13 11:22:00+00:00,presentValue,analogValue_20,analogValue,,,,,,,,,,,,9.107065,,
2026-04-13 11:25:00+00:00,presentValue,analogValue_20,analogValue,,,,,,,,,,,,9.063106,,
2026-04-13 11:28:00+00:00,presentValue,analogValue_20,analogValue,,,,,,,,,,,,9.04108,,
2026-04-13 11:31:00+00:00,presentValue,analogValue_20,analogValue,,,,,,,,,,,,9.002582,,
2026-04-13 11:34:00+00:00,presentValue,analogValue_20,analogValue,,,,,,,,,,,,8.975126,,
2026-04-13 11:37:00+00:00,presentValue,analogValue_20,analogValue,,,,,,,,,,,,8.931136,,
2026-04-13 11:40:00+00:00,presentValue,analogValue_20,analogValue,,,,,,,,,,,,8.903651,,
2026-04-13 11:43:00+00:00,presentValue,analogValue_20,analogValue,,,,,,,,,,,,8.880282,,
2026-04-13 11:46:00+00:00,presentValue,analogValue_20,analogValue,,,,,,,,,,,,8.850021,,
2026-04-13 11:49:00+00:00,presentValue,analogValue_20,analogValue,,,,,,,,,,,,8.826654,,
2026-04-13 11:52:00+00:00,presentValue,analogValue_20,analogValue,,,,,,,,,,,,8.815672,,
2026-04-13 11:55:00+00:00,presentValue,analogValue_20,analogValue,,,,,,,,,,,,8.799169,,
2026-04-13 11:58:00+00:00,presentValue,analogValue_20,analogValue,,,,,,,,,,,,8.777142,,
2026-04-13 12:01:00+00:00,presentValue,analogValue_20,analogValue,,,,,,,,,,,,8.777142,,
2026-04-13 12:04:00+00:00,presentValue,analogValue_20,analogValue,,,,,,,,,,,,8.771683,,
2026-04-13 12:07:00+00:00,presentValue,analogValue_20,analogValue,,,,,,,,,,,,8.767564,,
2026-04-13 12:10:00+00:00,presentValue,analogValue_20,analogValue,,,,,,,,,,,,8.763446,,
2026-04-13 12:13:00+00:00,presentValue,analogValue_20,analogValue,,,,,,,,,,,,8.771683,,
2026-04-13 12:16:00+00:00,presentValue,analogValue_20,analogValue,,,,,,,,,,,,8.777142,,
2026-04-13 12:19:00+00:00,presentValue,analogValue_20,analogValue,,,,,,,,,,,,8.789558,,
2026-04-13 12:22:00+00:00,presentValue,analogValue_20,analogValue,,,,,,,,,,,,8.799169,,
2026-04-13 12:25:00+00:00,presentValue,analogValue_20,analogValue,,,,,,,,,,,,8.821163,,
2026-04-13 12:28:00+00:00,presentValue,analogValue_20,analogValue,,,,,,,,,,,,8.843158,,
2026-04-13 12:31:00+00:00,presentValue,analogValue_20,analogValue,,,,,,,,,,,,8.8788805,,
2026-04-13 12:34:00+00:00,presentValue,analogValue_20,analogValue,,,,,,,,,,,,8.909111,,
2026-04-13 12:37:00+00:00,presentValue,analogValue_20,analogValue,,,,,,,,,,,,8.953132,,
2026-04-13 12:40:00+00:00,presentValue,analogValue_20,analogValue,,,,,,,,,,,,8.99709,,
2026-04-13 12:43:00+00:00,presentValue,analogValue_20,analogValue,,,,,,,,,,,,9.05487,,
2026-04-13 12:46:00+00:00,presentValue,analogValue_20,analogValue,,,,,,,,,,,,9.107065,,
2026-04-13 12:49:00+00:00,presentValue,analogValue_20,analogValue,,,,,,,,,,,,9.167588,,
2026-04-13 12:52:00+00:00,presentValue,analogValue_20,analogValue,,,,,,,,,,,,9.221189,,
2026-04-13 12:55:00+00:00,presentValue,analogValue_20,analogValue,,,,,,,,,,,,9.283023,,
2026-04-13 12:58:00+00:00,presentValue,analogValue_20,analogValue,,,,,,,,,,,,9.354561,,
2026-04-13 13:01:00+00:00,presentValue,analogValue_20,analogValue,,,,,,,,,,,,9.425975,,
2026-04-13 13:04:00+00:00,presentValue,analogValue_20,analogValue,,,,,,,,,,,,9.503002,,
2026-04-13 13:07:00+00:00,presentValue,analogValue_20,analogValue,,,,,,,,,,,,9.568956,,
2026-04-13 13:10:00+00:00,presentValue,analogValue_20,analogValue,,,,,,,,,,,,9.656998,,
2026-04-13 13:13:00+00:00,presentValue,analogValue_20,analogValue,,,,,,,,,,,,9.722983,,
2026-04-13 13:16:00+00:00,presentValue,analogValue_20,analogValue,,,,,,,,,,,,9.810962,,
2026-04-13 13:19:00+00:00,presentValue,analogValue_20,analogValue,,,,,,,,,,,,9.882469,,
2026-04-13 13:22:00+00:00,presentValue,analogValue_20,analogValue,,,,,,,,,,,,9.974567,,
2026-04-13 13:25:00+00:00,presentValue,analogValue_20,analogValue,,,,,,,,,,,,10.052938,,
2026-04-13 13:28:00+00:00,presentValue,analogValue_20,analogValue,,,,,,,,,,,,10.140949,,
2026-04-13 13:31:00+00:00,presentValue,analogValue_20,analogValue,,,,,,,,,,,,10.229021,,
2026-04-13 13:34:00+00:00,presentValue,analogValue_20,analogValue,,,,,,,,,,,,10.316971,,
2026-04-13 13:37:00+00:00,presentValue,analogValue_20,analogValue,,,,,,,,,,,,10.388509,,
2026-04-13 13:40:00+00:00,presentValue,analogValue_20,analogValue,,,,,,,,,,,,10.475117,,
2026-04-13 13:43:00+00:00,presentValue,analogValue_20,analogValue,,,,,,,,,,,,10.559039,,
2026-04-13 13:46:00+00:00,presentValue,analogValue_20,analogValue,,,,,,,,,,,,22.191711,,
2026-04-13 13:49:00+00:00,presentValue,analogValue_20,analogValue,,,,,,,,,,,,18.55044,,
2026-04-13 13:52:00+00:00,presentValue,analogValue_20,analogValue,,,,,,,,,,,,20.028555,,
2026-04-13 13:55:00+00:00,presentValue,analogValue_20,analogValue,,,,,,,,,,,,21.071287,,
2026-04-13 13:58:00+00:00,presentValue,analogValue_20,analogValue,,,,,,,,,,,,21.954372,,
2026-04-13 14:01:00+00:00,presentValue,analogValue_20,analogValue,,,,,,,,,,,,24.198896,,
2026-04-13 14:04:00+00:00,presentValue,analogValue_20,analogValue,,,,,,,,,,,,26.632813,,
2026-04-13 14:07:00+00:00,presentValue,analogValue_20,analogValue,,,,,,,,,,,,28.978659,,
2026-04-13 14:10:00+00:00,presentValue,analogValue_20,analogValue,,,,,,,,,,,,31.407764,,
2026-04-13 14:13:00+00:00,presentValue,analogValue_20,analogValue,,,,,,,,,,,,34.03672,,
2026-04-13 14:16:00+00:00,presentValue,analogValue_20,analogValue,,,,,,,,,,,,36.65247,,
2026-04-13 14:19:00+00:00,presentValue,analogValue_20,analogValue,,,,,,,,,,,,39.235588,,
2026-04-13 14:22:00+00:00,presentValue,analogValue_20,analogValue,,,,,,,,,,,,42.134518,,
2026-04-13 14:25:00+00:00,presentValue,analogValue_20,analogValue,,,,,,,,,,,,44.86505,,
2026-04-13 14:28:00+00:00,presentValue,analogValue_20,analogValue,,,,,,,,,,,,47.70622,,
2026-04-13 14:31:00+00:00,presentValue,analogValue_20,analogValue,,,,,,,,,,,,50.542927,,
2026-04-13 14:34:00+00:00,presentValue,analogValue_20,analogValue,,,,,,,,,,,,53.448944,,
2026-04-13 14:37:00+00:00,presentValue,analogValue_20,analogValue,,,,,,,,,,,,56.44394,,
2026-04-13 14:40:00+00:00,presentValue,analogValue_20,analogValue,,,,,,,,,,,,59.583958,,
2026-04-13 14:43:00+00:00,presentValue,analogValue_20,analogValue,,,,,,,,,,,,62.574707,,
2026-04-13 14:46:00+00:00,presentValue,analogValue_20,analogValue,,,,,,,,,,,,65.8031,,
2026-04-13 14:49:00+00:00,presentValue,analogValue_20,analogValue,,,,,,,,,,,,68.891846,,
2026-04-13 14:52:00+00:00,presentValue,analogValue_20,analogValue,,,,,,,,,,,,72.07318,,
2026-04-13 14:55:00+00:00,presentValue,analogValue_20,analogValue,,,,,,,,,,,,75.30385,,
2026-04-13 14:58:00+00:00,presentValue,analogValue_20,analogValue,,,,,,,,,,,,78.551704,,
2026-04-13 15:01:00+00:00,presentValue,analogValue_20,analogValue,,,,,,,,,,,,81.96014,,
2026-04-13 15:04:00+00:00,presentValue,analogValue_20,analogValue,,,,,,,,,,,,84.611275,,
2026-04-13 15:07:00+00:00,presentValue,analogValue_20,analogValue,,,,,,,,,,,,88.48776,,
2026-04-13 15:10:00+00:00,presentValue,analogValue_20,analogValue,,,,,,,,,,,,91.68524,,
2026-04-13 15:13:00+00:00,presentValue,analogValue_20,analogValue,,,,,,,,,,,,94.99314,,
2026-04-13 15:16:00+00:00,presentValue,analogValue_20,analogValue,,,,,,,,,,,,97.26793,,
2026-04-13 15:19:00+00:00,presentValue,analogValue_20,analogValue,,,,,,,,,,,,99.99791,,
2026-04-13 15:22:00+00:00,presentValue,analogValue_20,analogValue,,,,,,,,,,,,102.73859,,
2026-04-13 15:25:00+00:00,presentValue,analogValue_20,analogValue,,,,,,,,,,,,105.84103,,
2026-04-13 15:28:00+00:00,presentValue,analogValue_20,analogValue,,,,,,,,,,,,108.946495,,
2026-04-13 15:31:00+00:00,presentValue,analogValue_20,analogValue,,,,,,,,,,,,112.061935,,
2026-04-13 15:34:00+00:00,presentValue,analogValue_20,analogValue,,,,,,,,,,,,115.25138,,
2026-04-13 15:37:00+00:00,presentValue,analogValue_20,analogValue,,,,,,,,,,,,118.31886,,
2026-04-13 15:40:00+00:00,presentValue,analogValue_20,analogValue,,,,,,,,,,,,121.486,,
2026-04-13 15:43:00+00:00,presentValue,analogValue_20,analogValue,,,,,,,,,,,,124.55375,,
2026-04-13 15:46:00+00:00,presentValue,analogValue_20,analogValue,,,,,,,,,,,,126.90629,,
2026-04-13 15:49:00+00:00,presentValue,analogValue_20,analogValue,,,,,,,,,,,,127.704124,,
2026-04-13 15:52:00+00:00,presentValue,analogValue_20,analogValue,,,,,,,,,,,,127.97914,,
2026-04-13 15:55:00+00:00,presentValue,analogValue_20,analogValue,,,,,,,,,,,,128.09175,,
2026-04-13 15:58:00+00:00,presentValue,analogValue_20,analogValue,,,,,,,,,,,,128.09175,,
2026-04-13 16:01:00+00:00,presentValue,analogValue_20,analogValue,,,,,,,,,,,,128.11737,,
2026-04-13 16:04:00+00:00,presentValue,analogValue_20,analogValue,,,,,,,,,,,,128.16867,,
2026-04-13 16:07:00+00:00,presentValue,analogValue_20,analogValue,,,,,,,,,,,,127.73258,,
2026-04-13 16:10:00+00:00,presentValue,analogValue_20,analogValue,,,,,,,,,,,,127.91213,,
2026-04-13 16:13:00+00:00,presentValue,analogValue_20,analogValue,,,,,,,,,,,,128.11737,,
2026-04-13 16:16:00+00:00,presentValue,analogValue_20,analogValue,,,,,,,,,,,,127.481834,,
2026-04-13 16:19:00+00:00,presentValue,analogValue_20,analogValue,,,,,,,,,,,,126.262474,,
2026-04-13 16:22:00+00:00,presentValue,analogValue_20,analogValue,,,,,,,,,,,,127.93211,,
2026-04-13 16:25:00+00:00,presentValue,analogValue_20,analogValue,,,,,,,,,,,,126.711075,,
2026-04-13 16:28:00+00:00,presentValue,analogValue_20,analogValue,,,,,,,,,,,,128.04611,,
2026-04-13 16:31:00+00:00,presentValue,analogValue_20,analogValue,,,,,,,,,,,,125.69561,,
2026-04-13 16:34:00+00:00,presentValue,analogValue_20,analogValue,,,,,,,,,,,,127.95494,,
2026-04-13 16:37:00+00:00,presentValue,analogValue_20,analogValue,,,,,,,,,,,,126.78949,,
2026-04-13 16:40:00+00:00,presentValue,analogValue_20,analogValue,,,,,,,,,,,,128.12021,,
2026-04-13 16:43:00+00:00,presentValue,analogValue_20,analogValue,,,,,,,,,,,,128.17723,,
2026-04-13 16:46:00+00:00,presentValue,analogValue_20,analogValue,,,,,,,,,,,,127.946335,,
2026-04-13 16:49:00+00:00,presentValue,analogValue_20,analogValue,,,,,,,,,,,,128.12021,,
2026-04-13 16:52:00+00:00,presentValue,analogValue_20,analogValue,,,,,,,,,,,,122.9953,,
2026-04-13 16:55:00+00:00,presentValue,analogValue_20,analogValue,,,,,,,,,,,,128.00049,,
2026-04-13 16:58:00+00:00,presentValue,analogValue_20,analogValue,,,,,,,,,,,,128.15869,,
2026-04-13 17:01:00+00:00,presentValue,analogValue_20,analogValue,,,,,,,,,,,,128.21,,
2026-04-13 17:04:00+00:00,presentValue,analogValue_20,analogValue,,,,,,,,,,,,127.70266,,
2026-04-13 17:07:00+00:00,presentValue,analogValue_20,analogValue,,,,,,,,,,,,128.13159,,
2026-04-13 17:10:00+00:00,presentValue,analogValue_20,analogValue,,,,,,,,,,,,128.26703,,
2026-04-13 17:13:00+00:00,presentValue,analogValue_20,analogValue,,,,,,,,,,,,126.96323,,
2026-04-13 17:16:00+00:00,presentValue,analogValue_20,analogValue,,,,,,,,,,,,127.05445,,
2026-04-13 17:19:00+00:00,presentValue,analogValue_20,analogValue,,,,,,,,,,,,127.9193,,
2026-04-13 17:22:00+00:00,presentValue,analogValue_20,analogValue,,,,,,,,,,,,127.56591,,
2026-04-13 17:25:00+00:00,presentValue,analogValue_20,analogValue,,,,,,,,,,,,127.86943,,
2026-04-13 17:28:00+00:00,presentValue,analogValue_20,analogValue,,,,,,,,,,,,128.16298,,
2026-04-13 17:31:00+00:00,presentValue,analogValue_20,analogValue,,,,,,,,,,,,128.22566,,
2026-04-13 17:34:00+00:00,presentValue,analogValue_20,analogValue,,,,,,,,,,,,127.37069,,
2026-04-13 17:37:00+00:00,presentValue,analogValue_20,analogValue,,,,,,,,,,,,128.02332,,
2026-04-13 17:40:00+00:00,presentValue,analogValue_20,analogValue,,,,,,,,,,,,128.09175,,
2026-04-13 17:43:00+00:00,presentValue,analogValue_20,analogValue,,,,,,,,,,,,128.17723,,
2026-04-13 17:46:00+00:00,presentValue,analogValue_20,analogValue,,,,,,,,,,,,128.1844,,
2026-04-13 17:49:00+00:00,presentValue,analogValue_20,analogValue,,,,,,,,,,,,125.77537,,
2026-04-13 17:52:00+00:00,presentValue,analogValue_20,analogValue,,,,,,,,,,,,127.88941,,
2026-04-13 17:55:00+00:00,presentValue,analogValue_20,analogValue,,,,,,,,,,,,128.11737,,
2026-04-13 17:58:00+00:00,presentValue,analogValue_20,analogValue,,,,,,,,,,,,128.13159,,
2026-04-13 18:01:00+00:00,presentValue,analogValue_20,analogValue,,,,,,,,,,,,128.09741,,
2026-04-13 18:05:00+00:00,presentValue,analogValue_20,analogValue,,,,,,,,,,,,128.08604,,
2026-04-13 18:07:00+00:00,presentValue,analogValue_20,analogValue,,,,,,,,,,,,125.003586,,
2026-04-13 18:10:00+00:00,presentValue,analogValue_20,analogValue,,,,,,,,,,,,127.64141,,
2026-04-13 18:13:00+00:00,presentValue,analogValue_20,analogValue,,,,,,,,,,,,127.94778,,
2026-04-13 18:16:00+00:00,presentValue,analogValue_20,analogValue,,,,,,,,,,,,128.09175,,
2026-04-13 18:19:00+00:00,presentValue,analogValue_20,analogValue,,,,,,,,,,,,128.15585,,
2026-04-13 18:22:00+00:00,presentValue,analogValue_20,analogValue,,,,,,,,,,,,126.8265,,
2026-04-13 18:25:00+00:00,presentValue,analogValue_20,analogValue,,,,,,,,,,,,127.744026,,
2026-04-13 18:28:00+00:00,presentValue,analogValue_20,analogValue,,,,,,,,,,,,127.90076,,
2026-04-13 18:31:00+00:00,presentValue,analogValue_20,analogValue,,,,,,,,,,,,127.89791,,
2026-04-13 18:34:00+00:00,presentValue,analogValue_20,analogValue,,,,,,,,,,,,123.768,,
2026-04-13 18:37:00+00:00,presentValue,analogValue_20,analogValue,,,,,,,,,,,,127.0316,,
2026-04-13 18:40:00+00:00,presentValue,analogValue_20,analogValue,,,,,,,,,,,,127.77391,,
2026-04-13 18:43:00+00:00,presentValue,analogValue_20,analogValue,,,,,,,,,,,,127.81809,,
2026-04-13 18:46:00+00:00,presentValue,analogValue_20,analogValue,,,,,,,,,,,,127.852325,,
2026-04-13 18:49:00+00:00,presentValue,analogValue_20,analogValue,,,,,,,,,,,,127.21399,,
2026-04-13 18:52:00+00:00,presentValue,analogValue_20,analogValue,,,,,,,,,,,,127.16269,,
2026-04-13 18:55:00+00:00,presentValue,analogValue_20,analogValue,,,,,,,,,,,,127.104256,,
2026-04-13 18:58:00+00:00,presentValue,analogValue_20,analogValue,,,,,,,,,,,,127.715515,,
2026-04-13 19:01:00+00:00,presentValue,analogValue_20,analogValue,,,,,,,,,,,,127.744026,,
2026-04-13 19:04:00+00:00,presentValue,analogValue_20,analogValue,,,,,,,,,,,,127.795296,,
2026-04-13 19:07:00+00:00,presentValue,analogValue_20,analogValue,,,,,,,,,,,,127.77254,,
2026-04-13 19:10:00+00:00,presentValue,analogValue_20,analogValue,,,,,,,,,,,,122.4305,,
2026-04-13 19:13:00+00:00,presentValue,analogValue_20,analogValue,,,,,,,,,,,,126.892006,,
2026-04-13 19:16:00+00:00,presentValue,analogValue_20,analogValue,,,,,,,,,,,,126.621346,,
2026-04-13 19:19:00+00:00,presentValue,analogValue_20,analogValue,,,,,,,,,,,,126.94615,,
2026-04-13 19:22:00+00:00,presentValue,analogValue_20,analogValue,,,,,,,,,,,,127.08862,,
2026-04-13 19:25:00+00:00,presentValue,analogValue_20,analogValue,,,,,,,,,,,,127.0316,,
2026-04-13 19:28:00+00:00,presentValue,analogValue_20,analogValue,,,,,,,,,,,,127.065834,,
2026-04-13 19:31:00+00:00,presentValue,analogValue_20,analogValue,,,,,,,,,,,,126.97463,,
2026-04-13 19:34:00+00:00,presentValue,analogValue_20,analogValue,,,,,,,,,,,,126.76663,,
2026-04-13 19:37:00+00:00,presentValue,analogValue_20,analogValue,,,,,,,,,,,,126.57577,,
2026-04-13 19:40:00+00:00,presentValue,analogValue_20,analogValue,,,,,,,,,,,,126.233894,,
2026-04-13 19:43:00+00:00,presentValue,analogValue_20,analogValue,,,,,,,,,,,,125.94478,,
2026-04-13 19:46:00+00:00,presentValue,analogValue_20,analogValue,,,,,,,,,,,,124.65476,,
2026-04-13 19:49:00+00:00,presentValue,analogValue_20,analogValue,,,,,,,,,,,,123.86197,,
2026-04-13 19:52:00+00:00,presentValue,analogValue_20,analogValue,,,,,,,,,,,,124.24623,,
2026-04-13 19:55:00+00:00,presentValue,analogValue_20,analogValue,,,,,,,,,,,,124.00143,,
2026-04-13 19:58:00+00:00,presentValue,analogValue_20,analogValue,,,,,,,,,,,,123.89898,,
2026-04-13 20:01:00+00:00,presentValue,analogValue_20,analogValue,,,,,,,,,,,,123.73389,,
2026-04-13 20:04:00+00:00,presentValue,analogValue_20,analogValue,,,,,,,,,,,,123.44067,,
2026-04-13 20:07:00+00:00,presentValue,analogValue_20,analogValue,,,,,,,,,,,,123.113434,,
2026-04-13 20:10:00+00:00,presentValue,analogValue_20,analogValue,,,,,,,,,,,,122.70367,,
2026-04-13 20:13:00+00:00,presentValue,analogValue_20,analogValue,,,,,,,,,,,,122.25553,,
2026-04-13 20:16:00+00:00,presentValue,analogValue_20,analogValue,,,,,,,,,,,,121.7548,,
2026-04-13 20:19:00+00:00,presentValue,analogValue_20,analogValue,,,,,,,,,,,,121.14469,,
2026-04-13 20:22:00+00:00,presentValue,analogValue_20,analogValue,,,,,,,,,,,,120.53468,,
2026-04-13 20:25:00+00:00,presentValue,analogValue_20,analogValue,,,,,,,,,,,,119.85233,,
2026-04-13 20:28:00+00:00,presentValue,analogValue_20,analogValue,,,,,,,,,,,,119.16581,,
2026-04-13 20:31:00+00:00,presentValue,analogValue_20,analogValue,,,,,,,,,,,,118.407,,
2026-04-13 20:34:00+00:00,presentValue,analogValue_20,analogValue,,,,,,,,,,,,117.61424,,
2026-04-13 20:37:00+00:00,presentValue,analogValue_20,analogValue,,,,,,,,,,,,116.843,,
2026-04-13 20:40:00+00:00,presentValue,analogValue_20,analogValue,,,,,,,,,,,,115.979645,,
2026-04-13 20:43:00+00:00,presentValue,analogValue_20,analogValue,,,,,,,,,,,,115.12928,,
2026-04-13 20:46:00+00:00,presentValue,analogValue_20,analogValue,,,,,,,,,,,,114.294754,,
2026-04-13 20:49:00+00:00,presentValue,analogValue_20,analogValue,,,,,,,,,,,,113.42784,,
2026-04-13 20:52:00+00:00,presentValue,analogValue_20,analogValue,,,,,,,,,,,,112.56969,,
2026-04-13 20:55:00+00:00,presentValue,analogValue_20,analogValue,,,,,,,,,,,,111.63657,,
2026-04-13 20:58:00+00:00,presentValue,analogValue_20,analogValue,,,,,,,,,,,,110.60166,,
2026-04-13 21:01:00+00:00,presentValue,analogValue_20,analogValue,,,,,,,,,,,,109.578415,,
2026-04-13 21:04:00+00:00,presentValue,analogValue_20,analogValue,,,,,,,,,,,,108.10365,,
2026-04-13 21:07:00+00:00,presentValue,analogValue_20,analogValue,,,,,,,,,,,,107.14206,,
2026-04-13 21:10:00+00:00,presentValue,analogValue_20,analogValue,,,,,,,,,,,,105.12069,,
2026-04-13 21:13:00+00:00,presentValue,analogValue_20,analogValue,,,,,,,,,,,,103.85024,,
2026-04-13 21:16:00+00:00,presentValue,analogValue_20,analogValue,,,,,,,,,,,,102.50102,,
2026-04-13 21:19:00+00:00,presentValue,analogValue_20,analogValue,,,,,,,,,,,,101.20328,,
2026-04-13 21:22:00+00:00,presentValue,analogValue_20,analogValue,,,,,,,,,,,,99.91169,,
2026-04-13 21:25:00+00:00,presentValue,analogValue_20,analogValue,,,,,,,,,,,,98.71949,,
2026-04-13 21:28:00+00:00,presentValue,analogValue_20,analogValue,,,,,,,,,,,,97.38369,,
2026-04-13 21:31:00+00:00,presentValue,analogValue_20,analogValue,,,,,,,,,,,,96.064026,,
2026-04-13 21:34:00+00:00,presentValue,analogValue_20,analogValue,,,,,,,,,,,,94.682785,,
2026-04-13 21:37:00+00:00,presentValue,analogValue_20,analogValue,,,,,,,,,,,,93.226,,
2026-04-13 21:40:00+00:00,presentValue,analogValue_20,analogValue,,,,,,,,,,,,92.29975,,
2026-04-13 21:43:00+00:00,presentValue,analogValue_20,analogValue,,,,,,,,,,,,91.23718,,
2026-04-13 21:46:00+00:00,presentValue,analogValue_20,analogValue,,,,,,,,,,,,90.17206,,
2026-04-13 21:49:00+00:00,presentValue,analogValue_20,analogValue,,,,,,,,,,,,88.97212,,
2026-04-13 21:52:00+00:00,presentValue,analogValue_20,analogValue,,,,,,,,,,,,87.9472,,
2026-04-13 21:55:00+00:00,presentValue,analogValue_20,analogValue,,,,,,,,,,,,86.85078,,
2026-04-13 21:58:00+00:00,presentValue,analogValue_20,analogValue,,,,,,,,,,,,85.71394,,
2026-04-13 22:01:00+00:00,presentValue,analogValue_20,analogValue,,,,,,,,,,,,84.660515,,
2026-04-13 22:04:00+00:00,presentValue,analogValue_20,analogValue,,,,,,,,,,,,83.55394,,
2026-04-13 22:07:00+00:00,presentValue,analogValue_20,analogValue,,,,,,,,,,,,82.411224,,
2026-04-13 22:10:00+00:00,presentValue,analogValue_20,analogValue,,,,,,,,,,,,81.34339,,
2026-04-13 22:13:00+00:00,presentValue,analogValue_20,analogValue,,,,,,,,,,,,80.3236,,
2026-04-13 22:16:00+00:00,presentValue,analogValue_20,analogValue,,,,,,,,,,,,79.29294,,
2026-04-13 22:19:00+00:00,presentValue,analogValue_20,analogValue,,,,,,,,,,,,78.25558,,
2026-04-13 22:22:00+00:00,presentValue,analogValue_20,analogValue,,,,,,,,,,,,77.23252,,
2026-04-13 22:25:00+00:00,presentValue,analogValue_20,analogValue,,,,,,,,,,,,76.205635,,
2026-04-13 22:28:00+00:00,presentValue,analogValue_20,analogValue,,,,,,,,,,,,75.20706,,
2026-04-13 22:31:00+00:00,presentValue,analogValue_20,analogValue,,,,,,,,,,,,74.21447,,
2026-04-13 22:34:00+00:00,presentValue,analogValue_20,analogValue,,,,,,,,,,,,73.27815,,
2026-04-13 22:37:00+00:00,presentValue,analogValue_20,analogValue,,,,,,,,,,,,72.33796,,
2026-04-13 22:40:00+00:00,presentValue,analogValue_20,analogValue,,,,,,,,,,,,71.43306,,
2026-04-13 22:43:00+00:00,presentValue,analogValue_20,analogValue,,,,,,,,,,,,70.54096,,
2026-04-13 22:46:00+00:00,presentValue,analogValue_20,analogValue,,,,,,,,,,,,69.69812,,
2026-04-13 22:49:00+00:00,presentValue,analogValue_20,analogValue,,,,,,,,,,,,68.85267,,
2026-04-13 22:52:00+00:00,presentValue,analogValue_20,analogValue,,,,,,,,,,,,68.06202,,
2026-04-13 22:55:00+00:00,presentValue,analogValue_20,analogValue,,,,,,,,,,,,67.249214,,
2026-04-13 22:58:00+00:00,presentValue,analogValue_20,analogValue,,,,,,,,,,,,66.44915,,
2026-04-13 23:01:00+00:00,presentValue,analogValue_20,analogValue,,,,,,,,,,,,65.65211,,
2026-04-13 23:04:00+00:00,presentValue,analogValue_20,analogValue,,,,,,,,,,,,64.86918,,
2026-04-13 23:07:00+00:00,presentValue,analogValue_20,analogValue,,,,,,,,,,,,64.052956,,
2026-04-13 23:10:00+00:00,presentValue,analogValue_20,analogValue,,,,,,,,,,,,63.331947,,
2026-04-13 23:13:00+00:00,presentValue,analogValue_20,analogValue,,,,,,,,,,,,62.57752,,
2026-04-13 23:16:00+00:00,presentValue,analogValue_20,analogValue,,,,,,,,,,,,61.84145,,
2026-04-13 23:19:00+00:00,presentValue,analogValue_20,analogValue,,,,,,,,,,,,61.14045,,
2026-04-13 23:22:00+00:00,presentValue,analogValue_20,analogValue,,,,,,,,,,,,60.45075,,
2026-04-13 23:25:00+00:00,presentValue,analogValue_20,analogValue,,,,,,,,,,,,59.772358,,
2026-04-13 23:28:00+00:00,presentValue,analogValue_20,analogValue,,,,,,,,,,,,59.08995,,
2026-04-13 23:31:00+00:00,presentValue,analogValue_20,analogValue,,,,,,,,,,,,58.392284,,
2026-04-13 23:34:00+00:00,presentValue,analogValue_20,analogValue,,,,,,,,,,,,57.708767,,
2026-04-13 23:37:00+00:00,presentValue,analogValue_20,analogValue,,,,,,,,,,,,57.035183,,
2026-04-13 23:40:00+00:00,presentValue,analogValue_20,analogValue,,,,,,,,,,,,56.372807,,
2026-04-13 23:43:00+00:00,presentValue,analogValue_20,analogValue,,,,,,,,,,,,55.737095,,
2026-04-13 23:46:00+00:00,presentValue,analogValue_20,analogValue,,,,,,,,,,,,55.10844,,
2026-04-13 23:49:00+00:00,presentValue,analogValue_20,analogValue,,,,,,,,,,,,54.499424,,
2026-04-13 23:52:00+00:00,presentValue,analogValue_20,analogValue,,,,,,,,,,,,53.890568,,
2026-04-13 23:55:00+00:00,presentValue,analogValue_20,analogValue,,,,,,,,,,,,53.29433,,
2026-04-13 23:58:00+00:00,presentValue,analogValue_20,analogValue,,,,,,,,,,,,52.70237,,
2026-04-13 11:01:00+00:00,presentValue,analogValue_315,analogValue,,,,,,,,,,,,,0.0,
2026-04-13 11:04:00+00:00,presentValue,analogValue_315,analogValue,,,,,,,,,,,,,0.0,
2026-04-13 11:07:00+00:00,presentValue,analogValue_315,analogValue,,,,,,,,,,,,,0.0,
2026-04-13 11:10:00+00:00,presentValue,analogValue_315,analogValue,,,,,,,,,,,,,0.0,
2026-04-13 11:13:00+00:00,presentValue,analogValue_315,analogValue,,,,,,,,,,,,,0.0,
2026-04-13 11:16:00+00:00,presentValue,analogValue_315,analogValue,,,,,,,,,,,,,0.0,
2026-04-13 11:19:00+00:00,presentValue,analogValue_315,analogValue,,,,,,,,,,,,,0.0,
2026-04-13 11:22:00+00:00,presentValue,analogValue_315,analogValue,,,,,,,,,,,,,0.0,
2026-04-13 11:25:00+00:00,presentValue,analogValue_315,analogValue,,,,,,,,,,,,,0.0,
2026-04-13 11:28:00+00:00,presentValue,analogValue_315,analogValue,,,,,,,,,,,,,0.0,
2026-04-13 11:31:00+00:00,presentValue,analogValue_315,analogValue,,,,,,,,,,,,,0.0,
2026-04-13 11:34:00+00:00,presentValue,analogValue_315,analogValue,,,,,,,,,,,,,0.0,
2026-04-13 11:37:00+00:00,presentValue,analogValue_315,analogValue,,,,,,,,,,,,,0.0,
2026-04-13 11:40:00+00:00,presentValue,analogValue_315,analogValue,,,,,,,,,,,,,0.0,
2026-04-13 11:43:00+00:00,presentValue,analogValue_315,analogValue,,,,,,,,,,,,,0.0,
2026-04-13 11:46:00+00:00,presentValue,analogValue_315,analogValue,,,,,,,,,,,,,0.0,
2026-04-13 11:49:00+00:00,presentValue,analogValue_315,analogValue,,,,,,,,,,,,,0.0,
2026-04-13 11:52:00+00:00,presentValue,analogValue_315,analogValue,,,,,,,,,,,,,0.0,
2026-04-13 11:55:00+00:00,presentValue,analogValue_315,analogValue,,,,,,,,,,,,,0.0,
2026-04-13 11:58:00+00:00,presentValue,analogValue_315,analogValue,,,,,,,,,,,,,0.0,
2026-04-13 12:01:00+00:00,presentValue,analogValue_315,analogValue,,,,,,,,,,,,,0.0,
2026-04-13 12:04:00+00:00,presentValue,analogValue_315,analogValue,,,,,,,,,,,,,0.0,
2026-04-13 12:07:00+00:00,presentValue,analogValue_315,analogValue,,,,,,,,,,,,,0.0,
2026-04-13 12:10:00+00:00,presentValue,analogValue_315,analogValue,,,,,,,,,,,,,0.0,
2026-04-13 12:13:00+00:00,presentValue,analogValue_315,analogValue,,,,,,,,,,,,,0.0,
2026-04-13 12:16:00+00:00,presentValue,analogValue_315,analogValue,,,,,,,,,,,,,0.0,
2026-04-13 12:19:00+00:00,presentValue,analogValue_315,analogValue,,,,,,,,,,,,,0.0,
2026-04-13 12:22:00+00:00,presentValue,analogValue_315,analogValue,,,,,,,,,,,,,0.0,
2026-04-13 12:25:00+00:00,presentValue,analogValue_315,analogValue,,,,,,,,,,,,,0.0,
2026-04-13 12:28:00+00:00,presentValue,analogValue_315,analogValue,,,,,,,,,,,,,0.0,
2026-04-13 12:31:00+00:00,presentValue,analogValue_315,analogValue,,,,,,,,,,,,,0.0,
2026-04-13 12:34:00+00:00,presentValue,analogValue_315,analogValue,,,,,,,,,,,,,0.0,
2026-04-13 12:37:00+00:00,presentValue,analogValue_315,analogValue,,,,,,,,,,,,,0.0,
2026-04-13 12:40:00+00:00,presentValue,analogValue_315,analogValue,,,,,,,,,,,,,0.0,
2026-04-13 12:43:00+00:00,presentValue,analogValue_315,analogValue,,,,,,,,,,,,,0.0,
2026-04-13 12:46:00+00:00,presentValue,analogValue_315,analogValue,,,,,,,,,,,,,0.0,
2026-04-13 12:49:00+00:00,presentValue,analogValue_315,analogValue,,,,,,,,,,,,,0.0,
2026-04-13 12:52:00+00:00,presentValue,analogValue_315,analogValue,,,,,,,,,,,,,0.0,
2026-04-13 12:55:00+00:00,presentValue,analogValue_315,analogValue,,,,,,,,,,,,,0.0,
2026-04-13 12:58:00+00:00,presentValue,analogValue_315,analogValue,,,,,,,,,,,,,0.0,
2026-04-13 13:01:00+00:00,presentValue,analogValue_315,analogValue,,,,,,,,,,,,,0.0,
2026-04-13 13:04:00+00:00,presentValue,analogValue_315,analogValue,,,,,,,,,,,,,0.0,
2026-04-13 13:07:00+00:00,presentValue,analogValue_315,analogValue,,,,,,,,,,,,,0.0,
2026-04-13 13:10:00+00:00,presentValue,analogValue_315,analogValue,,,,,,,,,,,,,0.0,
2026-04-13 13:13:00+00:00,presentValue,analogValue_315,analogValue,,,,,,,,,,,,,0.0,
2026-04-13 13:16:00+00:00,presentValue,analogValue_315,analogValue,,,,,,,,,,,,,0.0,
2026-04-13 13:19:00+00:00,presentValue,analogValue_315,analogValue,,,,,,,,,,,,,0.0,
2026-04-13 13:22:00+00:00,presentValue,analogValue_315,analogValue,,,,,,,,,,,,,0.0,
2026-04-13 13:25:00+00:00,presentValue,analogValue_315,analogValue,,,,,,,,,,,,,0.0,
2026-04-13 13:28:00+00:00,presentValue,analogValue_315,analogValue,,,,,,,,,,,,,0.0,
2026-04-13 13:31:00+00:00,presentValue,analogValue_315,analogValue,,,,,,,,,,,,,0.0,
2026-04-13 13:34:00+00:00,presentValue,analogValue_315,analogValue,,,,,,,,,,,,,0.0,
2026-04-13 13:37:00+00:00,presentValue,analogValue_315,analogValue,,,,,,,,,,,,,0.0,
2026-04-13 13:40:00+00:00,presentValue,analogValue_315,analogValue,,,,,,,,,,,,,0.0,
2026-04-13 13:43:00+00:00,presentValue,analogValue_315,analogValue,,,,,,,,,,,,,0.0,
2026-04-13 13:46:00+00:00,presentValue,analogValue_315,analogValue,,,,,,,,,,,,,99.84837,
2026-04-13 13:49:00+00:00,presentValue,analogValue_315,analogValue,,,,,,,,,,,,,99.76884,
2026-04-13 13:52:00+00:00,presentValue,analogValue_315,analogValue,,,,,,,,,,,,,99.61058,
2026-04-13 13:55:00+00:00,presentValue,analogValue_315,analogValue,,,,,,,,,,,,,99.77439,
2026-04-13 13:58:00+00:00,presentValue,analogValue_315,analogValue,,,,,,,,,,,,,99.513535,
2026-04-13 14:01:00+00:00,presentValue,analogValue_315,analogValue,,,,,,,,,,,,,99.79122,
2026-04-13 14:04:00+00:00,presentValue,analogValue_315,analogValue,,,,,,,,,,,,,99.954155,
2026-04-13 14:07:00+00:00,presentValue,analogValue_315,analogValue,,,,,,,,,,,,,99.811646,
2026-04-13 14:10:00+00:00,presentValue,analogValue_315,analogValue,,,,,,,,,,,,,100.14909,
2026-04-13 14:13:00+00:00,presentValue,analogValue_315,analogValue,,,,,,,,,,,,,100.43434,
2026-04-13 14:16:00+00:00,presentValue,analogValue_315,analogValue,,,,,,,,,,,,,100.21341,
2026-04-13 14:19:00+00:00,presentValue,analogValue_315,analogValue,,,,,,,,,,,,,100.05641,
2026-04-13 14:22:00+00:00,presentValue,analogValue_315,analogValue,,,,,,,,,,,,,100.24465,
2026-04-13 14:25:00+00:00,presentValue,analogValue_315,analogValue,,,,,,,,,,,,,100.2101,
2026-04-13 14:28:00+00:00,presentValue,analogValue_315,analogValue,,,,,,,,,,,,,100.21923,
2026-04-13 14:31:00+00:00,presentValue,analogValue_315,analogValue,,,,,,,,,,,,,100.273735,
2026-04-13 14:34:00+00:00,presentValue,analogValue_315,analogValue,,,,,,,,,,,,,100.14934,
2026-04-13 14:37:00+00:00,presentValue,analogValue_315,analogValue,,,,,,,,,,,,,100.13026,
2026-04-13 14:40:00+00:00,presentValue,analogValue_315,analogValue,,,,,,,,,,,,,100.3472,
2026-04-13 14:43:00+00:00,presentValue,analogValue_315,analogValue,,,,,,,,,,,,,100.407684,
2026-04-13 14:46:00+00:00,presentValue,analogValue_315,analogValue,,,,,,,,,,,,,100.49245,
2026-04-13 14:49:00+00:00,presentValue,analogValue_315,analogValue,,,,,,,,,,,,,100.36551,
2026-04-13 14:52:00+00:00,presentValue,analogValue_315,analogValue,,,,,,,,,,,,,100.175385,
2026-04-13 14:55:00+00:00,presentValue,analogValue_315,analogValue,,,,,,,,,,,,,100.135155,
2026-04-13 14:58:00+00:00,presentValue,analogValue_315,analogValue,,,,,,,,,,,,,100.270386,
2026-04-13 15:01:00+00:00,presentValue,analogValue_315,analogValue,,,,,,,,,,,,,100.278496,
2026-04-13 15:04:00+00:00,presentValue,analogValue_315,analogValue,,,,,,,,,,,,,100.14622,
2026-04-13 15:07:00+00:00,presentValue,analogValue_315,analogValue,,,,,,,,,,,,,100.51968,
2026-04-13 15:10:00+00:00,presentValue,analogValue_315,analogValue,,,,,,,,,,,,,100.24399,
2026-04-13 15:13:00+00:00,presentValue,analogValue_315,analogValue,,,,,,,,,,,,,98.1077,
2026-04-13 15:16:00+00:00,presentValue,analogValue_315,analogValue,,,,,,,,,,,,,94.4693,
2026-04-13 15:19:00+00:00,presentValue,analogValue_315,analogValue,,,,,,,,,,,,,87.71361,
2026-04-13 15:22:00+00:00,presentValue,analogValue_315,analogValue,,,,,,,,,,,,,94.81789,
2026-04-13 15:25:00+00:00,presentValue,analogValue_315,analogValue,,,,,,,,,,,,,94.30216,
2026-04-13 15:28:00+00:00,presentValue,analogValue_315,analogValue,,,,,,,,,,,,,95.28747,
2026-04-13 15:31:00+00:00,presentValue,analogValue_315,analogValue,,,,,,,,,,,,,96.09124,
2026-04-13 15:34:00+00:00,presentValue,analogValue_315,analogValue,,,,,,,,,,,,,96.705696,
2026-04-13 15:37:00+00:00,presentValue,analogValue_315,analogValue,,,,,,,,,,,,,97.1122,
2026-04-13 15:40:00+00:00,presentValue,analogValue_315,analogValue,,,,,,,,,,,,,97.310196,
2026-04-13 15:43:00+00:00,presentValue,analogValue_315,analogValue,,,,,,,,,,,,,97.168976,
2026-04-13 15:46:00+00:00,presentValue,analogValue_315,analogValue,,,,,,,,,,,,,96.7897,
2026-04-13 15:49:00+00:00,presentValue,analogValue_315,analogValue,,,,,,,,,,,,,96.627914,
2026-04-13 15:52:00+00:00,presentValue,analogValue_315,analogValue,,,,,,,,,,,,,96.079094,
2026-04-13 15:55:00+00:00,presentValue,analogValue_315,analogValue,,,,,,,,,,,,,95.69756,
2026-04-13 15:58:00+00:00,presentValue,analogValue_315,analogValue,,,,,,,,,,,,,95.598694,
2026-04-13 16:01:00+00:00,presentValue,analogValue_315,analogValue,,,,,,,,,,,,,94.83202,
2026-04-13 16:04:00+00:00,presentValue,analogValue_315,analogValue,,,,,,,,,,,,,94.86681,
2026-04-13 16:07:00+00:00,presentValue,analogValue_315,analogValue,,,,,,,,,,,,,96.43656,
2026-04-13 16:10:00+00:00,presentValue,analogValue_315,analogValue,,,,,,,,,,,,,94.88671,
2026-04-13 16:13:00+00:00,presentValue,analogValue_315,analogValue,,,,,,,,,,,,,93.52906,
2026-04-13 16:16:00+00:00,presentValue,analogValue_315,analogValue,,,,,,,,,,,,,96.78671,
2026-04-13 16:19:00+00:00,presentValue,analogValue_315,analogValue,,,,,,,,,,,,,94.36513,
2026-04-13 16:22:00+00:00,presentValue,analogValue_315,analogValue,,,,,,,,,,,,,94.80725,
2026-04-13 16:25:00+00:00,presentValue,analogValue_315,analogValue,,,,,,,,,,,,,95.15935,
2026-04-13 16:28:00+00:00,presentValue,analogValue_315,analogValue,,,,,,,,,,,,,95.65798,
2026-04-13 16:31:00+00:00,presentValue,analogValue_315,analogValue,,,,,,,,,,,,,96.246254,
2026-04-13 16:34:00+00:00,presentValue,analogValue_315,analogValue,,,,,,,,,,,,,95.43101,
2026-04-13 16:37:00+00:00,presentValue,analogValue_315,analogValue,,,,,,,,,,,,,96.756134,
2026-04-13 16:40:00+00:00,presentValue,analogValue_315,analogValue,,,,,,,,,,,,,95.947754,
2026-04-13 16:43:00+00:00,presentValue,analogValue_315,analogValue,,,,,,,,,,,,,95.68313,
2026-04-13 16:46:00+00:00,presentValue,analogValue_315,analogValue,,,,,,,,,,,,,97.97713,
2026-04-13 16:49:00+00:00,presentValue,analogValue_315,analogValue,,,,,,,,,,,,,95.359,
2026-04-13 16:52:00+00:00,presentValue,analogValue_315,analogValue,,,,,,,,,,,,,97.32979,
2026-04-13 16:55:00+00:00,presentValue,analogValue_315,analogValue,,,,,,,,,,,,,97.716286,
2026-04-13 16:58:00+00:00,presentValue,analogValue_315,analogValue,,,,,,,,,,,,,95.04783,
2026-04-13 17:01:00+00:00,presentValue,analogValue_315,analogValue,,,,,,,,,,,,,95.453735,
2026-04-13 17:04:00+00:00,presentValue,analogValue_315,analogValue,,,,,,,,,,,,,96.77027,
2026-04-13 17:07:00+00:00,presentValue,analogValue_315,analogValue,,,,,,,,,,,,,95.73189,
2026-04-13 17:10:00+00:00,presentValue,analogValue_315,analogValue,,,,,,,,,,,,,96.05961,
2026-04-13 17:13:00+00:00,presentValue,analogValue_315,analogValue,,,,,,,,,,,,,95.757706,
2026-04-13 17:16:00+00:00,presentValue,analogValue_315,analogValue,,,,,,,,,,,,,95.03797,
2026-04-13 17:19:00+00:00,presentValue,analogValue_315,analogValue,,,,,,,,,,,,,94.33509,
2026-04-13 17:22:00+00:00,presentValue,analogValue_315,analogValue,,,,,,,,,,,,,96.095245,
2026-04-13 17:25:00+00:00,presentValue,analogValue_315,analogValue,,,,,,,,,,,,,96.41327,
2026-04-13 17:28:00+00:00,presentValue,analogValue_315,analogValue,,,,,,,,,,,,,95.30184,
2026-04-13 17:31:00+00:00,presentValue,analogValue_315,analogValue,,,,,,,,,,,,,96.03268,
2026-04-13 17:34:00+00:00,presentValue,analogValue_315,analogValue,,,,,,,,,,,,,97.50487,
2026-04-13 17:37:00+00:00,presentValue,analogValue_315,analogValue,,,,,,,,,,,,,96.05855,
2026-04-13 17:40:00+00:00,presentValue,analogValue_315,analogValue,,,,,,,,,,,,,95.22574,
2026-04-13 17:43:00+00:00,presentValue,analogValue_315,analogValue,,,,,,,,,,,,,94.358925,
2026-04-13 17:46:00+00:00,presentValue,analogValue_315,analogValue,,,,,,,,,,,,,95.73736,
2026-04-13 17:49:00+00:00,presentValue,analogValue_315,analogValue,,,,,,,,,,,,,95.95855,
2026-04-13 17:52:00+00:00,presentValue,analogValue_315,analogValue,,,,,,,,,,,,,94.123474,
2026-04-13 17:55:00+00:00,presentValue,analogValue_315,analogValue,,,,,,,,,,,,,95.4793,
2026-04-13 17:58:00+00:00,presentValue,analogValue_315,analogValue,,,,,,,,,,,,,94.27524,
2026-04-13 18:01:00+00:00,presentValue,analogValue_315,analogValue,,,,,,,,,,,,,94.89146,
2026-04-13 18:05:00+00:00,presentValue,analogValue_315,analogValue,,,,,,,,,,,,,94.831604,
2026-04-13 18:07:00+00:00,presentValue,analogValue_315,analogValue,,,,,,,,,,,,,95.550095,
2026-04-13 18:10:00+00:00,presentValue,analogValue_315,analogValue,,,,,,,,,,,,,96.09518,
2026-04-13 18:13:00+00:00,presentValue,analogValue_315,analogValue,,,,,,,,,,,,,94.98275,
2026-04-13 18:16:00+00:00,presentValue,analogValue_315,analogValue,,,,,,,,,,,,,95.278854,
2026-04-13 18:19:00+00:00,presentValue,analogValue_315,analogValue,,,,,,,,,,,,,94.93865,
2026-04-13 18:22:00+00:00,presentValue,analogValue_315,analogValue,,,,,,,,,,,,,98.14172,
2026-04-13 18:25:00+00:00,presentValue,analogValue_315,analogValue,,,,,,,,,,,,,93.10515,
2026-04-13 18:28:00+00:00,presentValue,analogValue_315,analogValue,,,,,,,,,,,,,93.57996,
2026-04-13 18:31:00+00:00,presentValue,analogValue_315,analogValue,,,,,,,,,,,,,95.31951,
2026-04-13 18:34:00+00:00,presentValue,analogValue_315,analogValue,,,,,,,,,,,,,95.69911,
2026-04-13 18:37:00+00:00,presentValue,analogValue_315,analogValue,,,,,,,,,,,,,94.22849,
2026-04-13 18:40:00+00:00,presentValue,analogValue_315,analogValue,,,,,,,,,,,,,93.90961,
2026-04-13 18:43:00+00:00,presentValue,analogValue_315,analogValue,,,,,,,,,,,,,93.88562,
2026-04-13 18:46:00+00:00,presentValue,analogValue_315,analogValue,,,,,,,,,,,,,94.764565,
2026-04-13 18:49:00+00:00,presentValue,analogValue_315,analogValue,,,,,,,,,,,,,96.75867,
2026-04-13 18:52:00+00:00,presentValue,analogValue_315,analogValue,,,,,,,,,,,,,94.44789,
2026-04-13 18:55:00+00:00,presentValue,analogValue_315,analogValue,,,,,,,,,,,,,96.19911,
2026-04-13 18:58:00+00:00,presentValue,analogValue_315,analogValue,,,,,,,,,,,,,94.27831,
2026-04-13 19:01:00+00:00,presentValue,analogValue_315,analogValue,,,,,,,,,,,,,94.09861,
2026-04-13 19:04:00+00:00,presentValue,analogValue_315,analogValue,,,,,,,,,,,,,94.84295,
2026-04-13 19:07:00+00:00,presentValue,analogValue_315,analogValue,,,,,,,,,,,,,95.645294,
2026-04-13 19:10:00+00:00,presentValue,analogValue_315,analogValue,,,,,,,,,,,,,96.50175,
2026-04-13 19:13:00+00:00,presentValue,analogValue_315,analogValue,,,,,,,,,,,,,91.479836,
2026-04-13 19:16:00+00:00,presentValue,analogValue_315,analogValue,,,,,,,,,,,,,95.69475,
2026-04-13 19:19:00+00:00,presentValue,analogValue_315,analogValue,,,,,,,,,,,,,94.94977,
2026-04-13 19:22:00+00:00,presentValue,analogValue_315,analogValue,,,,,,,,,,,,,94.38264,
2026-04-13 19:25:00+00:00,presentValue,analogValue_315,analogValue,,,,,,,,,,,,,94.91986,
2026-04-13 19:28:00+00:00,presentValue,analogValue_315,analogValue,,,,,,,,,,,,,94.281456,
2026-04-13 19:31:00+00:00,presentValue,analogValue_315,analogValue,,,,,,,,,,,,,95.29317,
2026-04-13 19:34:00+00:00,presentValue,analogValue_315,analogValue,,,,,,,,,,,,,95.208435,
2026-04-13 19:37:00+00:00,presentValue,analogValue_315,analogValue,,,,,,,,,,,,,95.164,
2026-04-13 19:40:00+00:00,presentValue,analogValue_315,analogValue,,,,,,,,,,,,,95.04942,
2026-04-13 19:43:00+00:00,presentValue,analogValue_315,analogValue,,,,,,,,,,,,,95.26058,
2026-04-13 19:46:00+00:00,presentValue,analogValue_315,analogValue,,,,,,,,,,,,,96.55929,
2026-04-13 19:49:00+00:00,presentValue,analogValue_315,analogValue,,,,,,,,,,,,,96.42061,
2026-04-13 19:52:00+00:00,presentValue,analogValue_315,analogValue,,,,,,,,,,,,,95.26705,
2026-04-13 19:55:00+00:00,presentValue,analogValue_315,analogValue,,,,,,,,,,,,,95.99463,
2026-04-13 19:58:00+00:00,presentValue,analogValue_315,analogValue,,,,,,,,,,,,,95.55009,
2026-04-13 20:01:00+00:00,presentValue,analogValue_315,analogValue,,,,,,,,,,,,,95.932556,
2026-04-13 20:04:00+00:00,presentValue,analogValue_315,analogValue,,,,,,,,,,,,,95.79748,
2026-04-13 20:07:00+00:00,presentValue,analogValue_315,analogValue,,,,,,,,,,,,,96.063255,
2026-04-13 20:10:00+00:00,presentValue,analogValue_315,analogValue,,,,,,,,,,,,,94.40792,
2026-04-13 20:13:00+00:00,presentValue,analogValue_315,analogValue,,,,,,,,,,,,,94.384315,
2026-04-13 20:16:00+00:00,presentValue,analogValue_315,analogValue,,,,,,,,,,,,,94.31425,
2026-04-13 20:19:00+00:00,presentValue,analogValue_315,analogValue,,,,,,,,,,,,,93.76025,
2026-04-13 20:22:00+00:00,presentValue,analogValue_315,analogValue,,,,,,,,,,,,,93.94959,
2026-04-13 20:25:00+00:00,presentValue,analogValue_315,analogValue,,,,,,,,,,,,,93.54023,
2026-04-13 20:28:00+00:00,presentValue,analogValue_315,analogValue,,,,,,,,,,,,,92.61846,
2026-04-13 20:31:00+00:00,presentValue,analogValue_315,analogValue,,,,,,,,,,,,,93.57282,
2026-04-13 20:34:00+00:00,presentValue,analogValue_315,analogValue,,,,,,,,,,,,,92.97537,
2026-04-13 20:37:00+00:00,presentValue,analogValue_315,analogValue,,,,,,,,,,,,,92.51234,
2026-04-13 20:40:00+00:00,presentValue,analogValue_315,analogValue,,,,,,,,,,,,,92.18784,
2026-04-13 20:43:00+00:00,presentValue,analogValue_315,analogValue,,,,,,,,,,,,,92.935074,
2026-04-13 20:46:00+00:00,presentValue,analogValue_315,analogValue,,,,,,,,,,,,,91.50976,
2026-04-13 20:49:00+00:00,presentValue,analogValue_315,analogValue,,,,,,,,,,,,,91.223366,
2026-04-13 20:52:00+00:00,presentValue,analogValue_315,analogValue,,,,,,,,,,,,,89.41297,
2026-04-13 20:55:00+00:00,presentValue,analogValue_315,analogValue,,,,,,,,,,,,,86.30483,
2026-04-13 20:58:00+00:00,presentValue,analogValue_315,analogValue,,,,,,,,,,,,,65.78864,
2026-04-13 21:01:00+00:00,presentValue,analogValue_315,analogValue,,,,,,,,,,,,,55.477,
2026-04-13 21:04:00+00:00,presentValue,analogValue_315,analogValue,,,,,,,,,,,,,0.0,
2026-04-13 21:07:00+00:00,presentValue,analogValue_315,analogValue,,,,,,,,,,,,,36.229202,
2026-04-13 21:10:00+00:00,presentValue,analogValue_315,analogValue,,,,,,,,,,,,,0.0,
2026-04-13 21:13:00+00:00,presentValue,analogValue_315,analogValue,,,,,,,,,,,,,0.0,
2026-04-13 21:16:00+00:00,presentValue,analogValue_315,analogValue,,,,,,,,,,,,,0.0,
2026-04-13 21:19:00+00:00,presentValue,analogValue_315,analogValue,,,,,,,,,,,,,0.0,
2026-04-13 21:22:00+00:00,presentValue,analogValue_315,analogValue,,,,,,,,,,,,,0.0,
2026-04-13 21:25:00+00:00,presentValue,analogValue_315,analogValue,,,,,,,,,,,,,0.0,
2026-04-13 21:28:00+00:00,presentValue,analogValue_315,analogValue,,,,,,,,,,,,,0.0,
2026-04-13 21:31:00+00:00,presentValue,analogValue_315,analogValue,,,,,,,,,,,,,0.0,
2026-04-13 21:34:00+00:00,presentValue,analogValue_315,analogValue,,,,,,,,,,,,,0.0,
2026-04-13 21:37:00+00:00,presentValue,analogValue_315,analogValue,,,,,,,,,,,,,0.0,
2026-04-13 21:40:00+00:00,presentValue,analogValue_315,analogValue,,,,,,,,,,,,,0.0,
2026-04-13 21:43:00+00:00,presentValue,analogValue_315,analogValue,,,,,,,,,,,,,0.0,
2026-04-13 21:46:00+00:00,presentValue,analogValue_315,analogValue,,,,,,,,,,,,,0.0,
2026-04-13 21:49:00+00:00,presentValue,analogValue_315,analogValue,,,,,,,,,,,,,0.0,
2026-04-13 21:52:00+00:00,presentValue,analogValue_315,analogValue,,,,,,,,,,,,,0.0,
2026-04-13 21:55:00+00:00,presentValue,analogValue_315,analogValue,,,,,,,,,,,,,0.0,
2026-04-13 21:58:00+00:00,presentValue,analogValue_315,analogValue,,,,,,,,,,,,,0.0,
2026-04-13 22:01:00+00:00,presentValue,analogValue_315,analogValue,,,,,,,,,,,,,0.0,
2026-04-13 22:04:00+00:00,presentValue,analogValue_315,analogValue,,,,,,,,,,,,,0.0,
2026-04-13 22:07:00+00:00,presentValue,analogValue_315,analogValue,,,,,,,,,,,,,0.0,
2026-04-13 22:10:00+00:00,presentValue,analogValue_315,analogValue,,,,,,,,,,,,,0.0,
2026-04-13 22:13:00+00:00,presentValue,analogValue_315,analogValue,,,,,,,,,,,,,0.0,
2026-04-13 22:16:00+00:00,presentValue,analogValue_315,analogValue,,,,,,,,,,,,,0.0,
2026-04-13 22:19:00+00:00,presentValue,analogValue_315,analogValue,,,,,,,,,,,,,0.0,
2026-04-13 22:22:00+00:00,presentValue,analogValue_315,analogValue,,,,,,,,,,,,,0.0,
2026-04-13 22:25:00+00:00,presentValue,analogValue_315,analogValue,,,,,,,,,,,,,0.0,
2026-04-13 22:28:00+00:00,presentValue,analogValue_315,analogValue,,,,,,,,,,,,,0.0,
2026-04-13 22:31:00+00:00,presentValue,analogValue_315,analogValue,,,,,,,,,,,,,0.0,
2026-04-13 22:34:00+00:00,presentValue,analogValue_315,analogValue,,,,,,,,,,,,,0.0,
2026-04-13 22:37:00+00:00,presentValue,analogValue_315,analogValue,,,,,,,,,,,,,0.0,
2026-04-13 22:40:00+00:00,presentValue,analogValue_315,analogValue,,,,,,,,,,,,,0.0,
2026-04-13 22:43:00+00:00,presentValue,analogValue_315,analogValue,,,,,,,,,,,,,0.0,
2026-04-13 22:46:00+00:00,presentValue,analogValue_315,analogValue,,,,,,,,,,,,,0.0,
2026-04-13 22:49:00+00:00,presentValue,analogValue_315,analogValue,,,,,,,,,,,,,0.0,
2026-04-13 22:52:00+00:00,presentValue,analogValue_315,analogValue,,,,,,,,,,,,,0.0,
2026-04-13 22:55:00+00:00,presentValue,analogValue_315,analogValue,,,,,,,,,,,,,0.0,
2026-04-13 22:58:00+00:00,presentValue,analogValue_315,analogValue,,,,,,,,,,,,,0.0,
2026-04-13 23:01:00+00:00,presentValue,analogValue_315,analogValue,,,,,,,,,,,,,0.0,
2026-04-13 23:04:00+00:00,presentValue,analogValue_315,analogValue,,,,,,,,,,,,,0.0,
2026-04-13 23:07:00+00:00,presentValue,analogValue_315,analogValue,,,,,,,,,,,,,0.0,
2026-04-13 23:10:00+00:00,presentValue,analogValue_315,analogValue,,,,,,,,,,,,,0.0,
2026-04-13 23:13:00+00:00,presentValue,analogValue_315,analogValue,,,,,,,,,,,,,0.0,
2026-04-13 23:16:00+00:00,presentValue,analogValue_315,analogValue,,,,,,,,,,,,,0.0,
2026-04-13 23:19:00+00:00,presentValue,analogValue_315,analogValue,,,,,,,,,,,,,0.0,
2026-04-13 23:22:00+00:00,presentValue,analogValue_315,analogValue,,,,,,,,,,,,,0.0,
2026-04-13 23:25:00+00:00,presentValue,analogValue_315,analogValue,,,,,,,,,,,,,0.0,
2026-04-13 23:28:00+00:00,presentValue,analogValue_315,analogValue,,,,,,,,,,,,,0.0,
2026-04-13 23:31:00+00:00,presentValue,analogValue_315,analogValue,,,,,,,,,,,,,0.0,
2026-04-13 23:34:00+00:00,presentValue,analogValue_315,analogValue,,,,,,,,,,,,,0.0,
2026-04-13 23:37:00+00:00,presentValue,analogValue_315,analogValue,,,,,,,,,,,,,0.0,
2026-04-13 23:40:00+00:00,presentValue,analogValue_315,analogValue,,,,,,,,,,,,,0.0,
2026-04-13 23:43:00+00:00,presentValue,analogValue_315,analogValue,,,,,,,,,,,,,0.0,
2026-04-13 23:46:00+00:00,presentValue,analogValue_315,analogValue,,,,,,,,,,,,,0.0,
2026-04-13 23:49:00+00:00,presentValue,analogValue_315,analogValue,,,,,,,,,,,,,0.0,
2026-04-13 23:52:00+00:00,presentValue,analogValue_315,analogValue,,,,,,,,,,,,,0.0,
2026-04-13 23:55:00+00:00,presentValue,analogValue_315,analogValue,,,,,,,,,,,,,0.0,
2026-04-13 23:58:00+00:00,presentValue,analogValue_315,analogValue,,,,,,,,,,,,,0.0,
2026-04-13 11:01:00+00:00,presentValue,analogValue_33,analogValue,,,,,,,,,,,,,,9.573869
2026-04-13 11:04:00+00:00,presentValue,analogValue_33,analogValue,,,,,,,,,,,,,,9.531557
2026-04-13 11:07:00+00:00,presentValue,analogValue_33,analogValue,,,,,,,,,,,,,,9.50288
2026-04-13 11:10:00+00:00,presentValue,analogValue_33,analogValue,,,,,,,,,,,,,,9.464687
2026-04-13 11:13:00+00:00,presentValue,analogValue_33,analogValue,,,,,,,,,,,,,,9.421002
2026-04-13 11:16:00+00:00,presentValue,analogValue_33,analogValue,,,,,,,,,,,,,,9.377349
2026-04-13 11:19:00+00:00,presentValue,analogValue_33,analogValue,,,,,,,,,,,,,,9.336379
2026-04-13 11:22:00+00:00,presentValue,analogValue_33,analogValue,,,,,,,,,,,,,,9.311822
2026-04-13 11:25:00+00:00,presentValue,analogValue_33,analogValue,,,,,,,,,,,,,,9.2681675
2026-04-13 11:28:00+00:00,presentValue,analogValue_33,analogValue,,,,,,,,,,,,,,9.239461
2026-04-13 11:31:00+00:00,presentValue,analogValue_33,analogValue,,,,,,,,,,,,,,9.202641
2026-04-13 11:34:00+00:00,presentValue,analogValue_33,analogValue,,,,,,,,,,,,,,9.158955
2026-04-13 11:37:00+00:00,presentValue,analogValue_33,analogValue,,,,,,,,,,,,,,9.128938
2026-04-13 11:40:00+00:00,presentValue,analogValue_33,analogValue,,,,,,,,,,,,,,9.107065
2026-04-13 11:43:00+00:00,presentValue,analogValue_33,analogValue,,,,,,,,,,,,,,9.071555
2026-04-13 11:46:00+00:00,presentValue,analogValue_33,analogValue,,,,,,,,,,,,,,9.040196
2026-04-13 11:49:00+00:00,presentValue,analogValue_33,analogValue,,,,,,,,,,,,,,9.018415
2026-04-13 11:52:00+00:00,presentValue,analogValue_33,analogValue,,,,,,,,,,,,,,9.004717
2026-04-13 11:55:00+00:00,presentValue,analogValue_33,analogValue,,,,,,,,,,,,,,8.984279
2026-04-13 11:58:00+00:00,presentValue,analogValue_33,analogValue,,,,,,,,,,,,,,8.962435
2026-04-13 12:01:00+00:00,presentValue,analogValue_33,analogValue,,,,,,,,,,,,,,8.940594
2026-04-13 12:04:00+00:00,presentValue,analogValue_33,analogValue,,,,,,,,,,,,,,8.921497
2026-04-13 12:07:00+00:00,presentValue,analogValue_33,analogValue,,,,,,,,,,,,,,8.916005
2026-04-13 12:10:00+00:00,presentValue,analogValue_33,analogValue,,,,,,,,,,,,,,8.896909
2026-04-13 12:13:00+00:00,presentValue,analogValue_33,analogValue,,,,,,,,,,,,,,8.896909
2026-04-13 12:16:00+00:00,presentValue,analogValue_33,analogValue,,,,,,,,,,,,,,8.896909
2026-04-13 12:19:00+00:00,presentValue,analogValue_33,analogValue,,,,,,,,,,,,,,8.896909
2026-04-13 12:22:00+00:00,presentValue,analogValue_33,analogValue,,,,,,,,,,,,,,8.896909
2026-04-13 12:25:00+00:00,presentValue,analogValue_33,analogValue,,,,,,,,,,,,,,8.918752
2026-04-13 12:28:00+00:00,presentValue,analogValue_33,analogValue,,,,,,,,,,,,,,8.924243
2026-04-13 12:31:00+00:00,presentValue,analogValue_33,analogValue,,,,,,,,,,,,,,8.940594
2026-04-13 12:34:00+00:00,presentValue,analogValue_33,analogValue,,,,,,,,,,,,,,8.952888
2026-04-13 12:37:00+00:00,presentValue,analogValue_33,analogValue,,,,,,,,,,,,,,8.984279
2026-04-13 12:40:00+00:00,presentValue,analogValue_33,analogValue,,,,,,,,,,,,,,9.00609
2026-04-13 12:43:00+00:00,presentValue,analogValue_33,analogValue,,,,,,,,,,,,,,9.038854
2026-04-13 12:46:00+00:00,presentValue,analogValue_33,analogValue,,,,,,,,,,,,,,9.071555
2026-04-13 12:49:00+00:00,presentValue,analogValue_33,analogValue,,,,,,,,,,,,,,9.115271
2026-04-13 12:52:00+00:00,presentValue,analogValue_33,analogValue,,,,,,,,,,,,,,9.16713
2026-04-13 12:55:00+00:00,presentValue,analogValue_33,analogValue,,,,,,,,,,,,,,9.224452
2026-04-13 12:58:00+00:00,presentValue,analogValue_33,analogValue,,,,,,,,,,,,,,9.2804
2026-04-13 13:01:00+00:00,presentValue,analogValue_33,analogValue,,,,,,,,,,,,,,9.333664
2026-04-13 13:04:00+00:00,presentValue,analogValue_33,analogValue,,,,,,,,,,,,,,9.399191
2026-04-13 13:07:00+00:00,presentValue,analogValue_33,analogValue,,,,,,,,,,,,,,9.464687
2026-04-13 13:10:00+00:00,presentValue,analogValue_33,analogValue,,,,,,,,,,,,,,9.530214
2026-04-13 13:13:00+00:00,presentValue,analogValue_33,analogValue,,,,,,,,,,,,,,9.595711
2026-04-13 13:16:00+00:00,presentValue,analogValue_33,analogValue,,,,,,,,,,,,,,9.676216
2026-04-13 13:19:00+00:00,presentValue,analogValue_33,analogValue,,,,,,,,,,,,,,9.748578
2026-04-13 13:22:00+00:00,presentValue,analogValue_33,analogValue,,,,,,,,,,,,,,9.814105
2026-04-13 13:25:00+00:00,presentValue,analogValue_33,analogValue,,,,,,,,,,,,,,9.901474
2026-04-13 13:28:00+00:00,presentValue,analogValue_33,analogValue,,,,,,,,,,,,,,9.973866
2026-04-13 13:31:00+00:00,presentValue,analogValue_33,analogValue,,,,,,,,,,,,,,10.054373
2026-04-13 13:34:00+00:00,presentValue,analogValue_33,analogValue,,,,,,,,,,,,,,10.134909
2026-04-13 13:37:00+00:00,presentValue,analogValue_33,analogValue,,,,,,,,,,,,,,10.215445
2026-04-13 13:40:00+00:00,presentValue,analogValue_33,analogValue,,,,,,,,,,,,,,10.29467
2026-04-13 13:43:00+00:00,presentValue,analogValue_33,analogValue,,,,,,,,,,,,,,10.387502
2026-04-13 13:46:00+00:00,presentValue,analogValue_33,analogValue,,,,,,,,,,,,,,10.469411
2026-04-13 13:49:00+00:00,presentValue,analogValue_33,analogValue,,,,,,,,,,,,,,10.556812
2026-04-13 13:52:00+00:00,presentValue,analogValue_33,analogValue,,,,,,,,,,,,,,10.66328
2026-04-13 13:55:00+00:00,presentValue,analogValue_33,analogValue,,,,,,,,,,,,,,10.753426
2026-04-13 13:58:00+00:00,presentValue,analogValue_33,analogValue,,,,,,,,,,,,,,10.858551
2026-04-13 14:01:00+00:00,presentValue,analogValue_33,analogValue,,,,,,,,,,,,,,10.950041
2026-04-13 14:04:00+00:00,presentValue,analogValue_33,analogValue,,,,,,,,,,,,,,11.053824
2026-04-13 14:07:00+00:00,presentValue,analogValue_33,analogValue,,,,,,,,,,,,,,11.168529
2026-04-13 14:10:00+00:00,presentValue,analogValue_33,analogValue,,,,,,,,,,,,,,11.255962
2026-04-13 14:13:00+00:00,presentValue,analogValue_33,analogValue,,,,,,,,,,,,,,11.363802
2026-04-13 14:16:00+00:00,presentValue,analogValue_33,analogValue,,,,,,,,,,,,,,11.458068
2026-04-13 14:19:00+00:00,presentValue,analogValue_33,analogValue,,,,,,,,,,,,,,11.56182
2026-04-13 14:22:00+00:00,presentValue,analogValue_33,analogValue,,,,,,,,,,,,,,11.671126
2026-04-13 14:25:00+00:00,presentValue,analogValue_33,analogValue,,,,,,,,,,,,,,11.780402
2026-04-13 14:28:00+00:00,presentValue,analogValue_33,analogValue,,,,,,,,,,,,,,11.889677
2026-04-13 14:31:00+00:00,presentValue,analogValue_33,analogValue,,,,,,,,,,,,,,11.998953
2026-04-13 14:34:00+00:00,presentValue,analogValue_33,analogValue,,,,,,,,,,,,,,12.108229
2026-04-13 14:37:00+00:00,presentValue,analogValue_33,analogValue,,,,,,,,,,,,,,12.217474
2026-04-13 14:40:00+00:00,presentValue,analogValue_33,analogValue,,,,,,,,,,,,,,12.34725
2026-04-13 14:43:00+00:00,presentValue,analogValue_33,analogValue,,,,,,,,,,,,,,12.452469
2026-04-13 14:46:00+00:00,presentValue,analogValue_33,analogValue,,,,,,,,,,,,,,12.567237
2026-04-13 14:49:00+00:00,presentValue,analogValue_33,analogValue,,,,,,,,,,,,,,12.695641
2026-04-13 14:52:00+00:00,presentValue,analogValue_33,analogValue,,,,,,,,,,,,,,12.807662
2026-04-13 14:55:00+00:00,presentValue,analogValue_33,analogValue,,,,,,,,,,,,,,12.921058
2026-04-13 14:58:00+00:00,presentValue,analogValue_33,analogValue,,,,,,,,,,,,,,13.048121
2026-04-13 15:01:00+00:00,presentValue,analogValue_33,analogValue,,,,,,,,,,,,,,13.179332
2026-04-13 15:04:00+00:00,presentValue,analogValue_33,analogValue,,,,,,,,,,,,,,13.288639
2026-04-13 15:07:00+00:00,presentValue,analogValue_33,analogValue,,,,,,,,,,,,,,13.419821
2026-04-13 15:10:00+00:00,presentValue,analogValue_33,analogValue,,,,,,,,,,,,,,13.5510025
2026-04-13 15:13:00+00:00,presentValue,analogValue_33,analogValue,,,,,,,,,,,,,,13.676753
2026-04-13 15:16:00+00:00,presentValue,analogValue_33,analogValue,,,,,,,,,,,,,,13.813396
2026-04-13 15:19:00+00:00,presentValue,analogValue_33,analogValue,,,,,,,,,,,,,,13.961023
2026-04-13 15:22:00+00:00,presentValue,analogValue_33,analogValue,,,,,,,,,,,,,,14.086743
2026-04-13 15:25:00+00:00,presentValue,analogValue_33,analogValue,,,,,,,,,,,,,,14.228909
2026-04-13 15:28:00+00:00,presentValue,analogValue_33,analogValue,,,,,,,,,,,,,,14.365582
2026-04-13 15:31:00+00:00,presentValue,analogValue_33,analogValue,,,,,,,,,,,,,,14.510463
2026-04-13 15:34:00+00:00,presentValue,analogValue_33,analogValue,,,,,,,,,,,,,,14.644422
2026-04-13 15:37:00+00:00,presentValue,analogValue_33,analogValue,,,,,,,,,,,,,,14.789366
2026-04-13 15:40:00+00:00,presentValue,analogValue_33,analogValue,,,,,,,,,,,,,,14.928816
2026-04-13 15:43:00+00:00,presentValue,analogValue_33,analogValue,,,,,,,,,,,,,,15.060061
2026-04-13 15:46:00+00:00,presentValue,analogValue_33,analogValue,,,,,,,,,,,,,,15.213148
2026-04-13 15:49:00+00:00,presentValue,analogValue_33,analogValue,,,,,,,,,,,,,,15.36633
2026-04-13 15:52:00+00:00,presentValue,analogValue_33,analogValue,,,,,,,,,,,,,,15.516703
2026-04-13 15:55:00+00:00,presentValue,analogValue_33,analogValue,,,,,,,,,,,,,,15.661677
2026-04-13 15:58:00+00:00,presentValue,analogValue_33,analogValue,,,,,,,,,,,,,,15.8107395
2026-04-13 16:01:00+00:00,presentValue,analogValue_33,analogValue,,,,,,,,,,,,,,15.978961
2026-04-13 16:04:00+00:00,presentValue,analogValue_33,analogValue,,,,,,,,,,,,,,16.132143
2026-04-13 16:07:00+00:00,presentValue,analogValue_33,analogValue,,,,,,,,,,,,,,19.55706
2026-04-13 16:10:00+00:00,presentValue,analogValue_33,analogValue,,,,,,,,,,,,,,18.998526
2026-04-13 16:13:00+00:00,presentValue,analogValue_33,analogValue,,,,,,,,,,,,,,19.153208
2026-04-13 16:16:00+00:00,presentValue,analogValue_33,analogValue,,,,,,,,,,,,,,20.56757
2026-04-13 16:19:00+00:00,presentValue,analogValue_33,analogValue,,,,,,,,,,,,,,21.798923
2026-04-13 16:22:00+00:00,presentValue,analogValue_33,analogValue,,,,,,,,,,,,,,21.355091
2026-04-13 16:25:00+00:00,presentValue,analogValue_33,analogValue,,,,,,,,,,,,,,21.941376
2026-04-13 16:28:00+00:00,presentValue,analogValue_33,analogValue,,,,,,,,,,,,,,21.935915
2026-04-13 16:31:00+00:00,presentValue,analogValue_33,analogValue,,,,,,,,,,,,,,23.082773
2026-04-13 16:34:00+00:00,presentValue,analogValue_33,analogValue,,,,,,,,,,,,,,22.662123
2026-04-13 16:37:00+00:00,presentValue,analogValue_33,analogValue,,,,,,,,,,,,,,23.023888
2026-04-13 16:40:00+00:00,presentValue,analogValue_33,analogValue,,,,,,,,,,,,,,23.067732
2026-04-13 16:43:00+00:00,presentValue,analogValue_33,analogValue,,,,,,,,,,,,,,23.139006
2026-04-13 16:46:00+00:00,presentValue,analogValue_33,analogValue,,,,,,,,,,,,,,23.62419
2026-04-13 16:49:00+00:00,presentValue,analogValue_33,analogValue,,,,,,,,,,,,,,23.685852
2026-04-13 16:52:00+00:00,presentValue,analogValue_33,analogValue,,,,,,,,,,,,,,24.763449
2026-04-13 16:55:00+00:00,presentValue,analogValue_33,analogValue,,,,,,,,,,,,,,24.21638
2026-04-13 16:58:00+00:00,presentValue,analogValue_33,analogValue,,,,,,,,,,,,,,24.28219
2026-04-13 17:01:00+00:00,presentValue,analogValue_33,analogValue,,,,,,,,,,,,,,24.358957
2026-04-13 17:04:00+00:00,presentValue,analogValue_33,analogValue,,,,,,,,,,,,,,24.808695
2026-04-13 17:07:00+00:00,presentValue,analogValue_33,analogValue,,,,,,,,,,,,,,24.869047
2026-04-13 17:10:00+00:00,presentValue,analogValue_33,analogValue,,,,,,,,,,,,,,24.96226
2026-04-13 17:13:00+00:00,presentValue,analogValue_33,analogValue,,,,,,,,,,,,,,25.357203
2026-04-13 17:16:00+00:00,presentValue,analogValue_33,analogValue,,,,,,,,,,,,,,25.26948
2026-04-13 17:19:00+00:00,presentValue,analogValue_33,analogValue,,,,,,,,,,,,,,25.37917
2026-04-13 17:22:00+00:00,presentValue,analogValue_33,analogValue,,,,,,,,,,,,,,25.401075
2026-04-13 17:25:00+00:00,presentValue,analogValue_33,analogValue,,,,,,,,,,,,,,25.487516
2026-04-13 17:28:00+00:00,presentValue,analogValue_33,analogValue,,,,,,,,,,,,,,25.554672
2026-04-13 17:31:00+00:00,presentValue,analogValue_33,analogValue,,,,,,,,,,,,,,25.620518
2026-04-13 17:34:00+00:00,presentValue,analogValue_33,analogValue,,,,,,,,,,,,,,25.92777
2026-04-13 17:37:00+00:00,presentValue,analogValue_33,analogValue,,,,,,,,,,,,,,25.97302
2026-04-13 17:40:00+00:00,presentValue,analogValue_33,analogValue,,,,,,,,,,,,,,26.05943
2026-04-13 17:43:00+00:00,presentValue,analogValue_33,analogValue,,,,,,,,,,,,,,26.141752
2026-04-13 17:46:00+00:00,presentValue,analogValue_33,analogValue,,,,,,,,,,,,,,26.221296
2026-04-13 17:49:00+00:00,presentValue,analogValue_33,analogValue,,,,,,,,,,,,,,27.165255
2026-04-13 17:52:00+00:00,presentValue,analogValue_33,analogValue,,,,,,,,,,,,,,26.805725
2026-04-13 17:55:00+00:00,presentValue,analogValue_33,analogValue,,,,,,,,,,,,,,26.871601
2026-04-13 17:58:00+00:00,presentValue,analogValue_33,analogValue,,,,,,,,,,,,,,26.948433
2026-04-13 18:01:00+00:00,presentValue,analogValue_33,analogValue,,,,,,,,,,,,,,27.036217
2026-04-13 18:05:00+00:00,presentValue,analogValue_33,analogValue,,,,,,,,,,,,,,27.156984
2026-04-13 18:07:00+00:00,presentValue,analogValue_33,analogValue,,,,,,,,,,,,,,27.97765
2026-04-13 18:10:00+00:00,presentValue,analogValue_33,analogValue,,,,,,,,,,,,,,27.513735
2026-04-13 18:13:00+00:00,presentValue,analogValue_33,analogValue,,,,,,,,,,,,,,27.552212
2026-04-13 18:16:00+00:00,presentValue,analogValue_33,analogValue,,,,,,,,,,,,,,27.596088
2026-04-13 18:19:00+00:00,presentValue,analogValue_33,analogValue,,,,,,,,,,,,,,27.651012
2026-04-13 18:22:00+00:00,presentValue,analogValue_33,analogValue,,,,,,,,,,,,,,27.57412
2026-04-13 18:25:00+00:00,presentValue,analogValue_33,analogValue,,,,,,,,,,,,,,27.596088
2026-04-13 18:28:00+00:00,presentValue,analogValue_33,analogValue,,,,,,,,,,,,,,27.61806
2026-04-13 18:31:00+00:00,presentValue,analogValue_33,analogValue,,,,,,,,,,,,,,27.661997
2026-04-13 18:34:00+00:00,presentValue,analogValue_33,analogValue,,,,,,,,,,,,,,27.421833
2026-04-13 18:37:00+00:00,presentValue,analogValue_33,analogValue,,,,,,,,,,,,,,27.604328
2026-04-13 18:40:00+00:00,presentValue,analogValue_33,analogValue,,,,,,,,,,,,,,27.64003
2026-04-13 18:43:00+00:00,presentValue,analogValue_33,analogValue,,,,,,,,,,,,,,27.66334
2026-04-13 18:46:00+00:00,presentValue,analogValue_33,analogValue,,,,,,,,,,,,,,27.727842
2026-04-13 18:49:00+00:00,presentValue,analogValue_33,analogValue,,,,,,,,,,,,,,27.911743
2026-04-13 18:52:00+00:00,presentValue,analogValue_33,analogValue,,,,,,,,,,,,,,27.859596
2026-04-13 18:55:00+00:00,presentValue,analogValue_33,analogValue,,,,,,,,,,,,,,27.903505
2026-04-13 18:58:00+00:00,presentValue,analogValue_33,analogValue,,,,,,,,,,,,,,27.94195
2026-04-13 19:01:00+00:00,presentValue,analogValue_33,analogValue,,,,,,,,,,,,,,27.99135
2026-04-13 19:04:00+00:00,presentValue,analogValue_33,analogValue,,,,,,,,,,,,,,28.046274
2026-04-13 19:07:00+00:00,presentValue,analogValue_33,analogValue,,,,,,,,,,,,,,28.117613
2026-04-13 19:10:00+00:00,presentValue,analogValue_33,analogValue,,,,,,,,,,,,,,28.901463
2026-04-13 19:13:00+00:00,presentValue,analogValue_33,analogValue,,,,,,,,,,,,,,28.2988
2026-04-13 19:16:00+00:00,presentValue,analogValue_33,analogValue,,,,,,,,,,,,,,28.342737
2026-04-13 19:19:00+00:00,presentValue,analogValue_33,analogValue,,,,,,,,,,,,,,28.381153
2026-04-13 19:22:00+00:00,presentValue,analogValue_33,analogValue,,,,,,,,,,,,,,28.430582
2026-04-13 19:25:00+00:00,presentValue,analogValue_33,analogValue,,,,,,,,,,,,,,28.474491
2026-04-13 19:28:00+00:00,presentValue,analogValue_33,analogValue,,,,,,,,,,,,,,28.51843
2026-04-13 19:31:00+00:00,presentValue,analogValue_33,analogValue,,,,,,,,,,,,,,28.562338
2026-04-13 19:34:00+00:00,presentValue,analogValue_33,analogValue,,,,,,,,,,,,,,28.628246
2026-04-13 19:37:00+00:00,presentValue,analogValue_33,analogValue,,,,,,,,,,,,,,28.666693
2026-04-13 19:40:00+00:00,presentValue,analogValue_33,analogValue,,,,,,,,,,,,,,28.716093
2026-04-13 19:43:00+00:00,presentValue,analogValue_33,analogValue,,,,,,,,,,,,,,28.760033
2026-04-13 19:46:00+00:00,presentValue,analogValue_33,analogValue,,,,,,,,,,,,,,28.825941
2026-04-13 19:49:00+00:00,presentValue,analogValue_33,analogValue,,,,,,,,,,,,,,28.825941
2026-04-13 19:52:00+00:00,presentValue,analogValue_33,analogValue,,,,,,,,,,,,,,28.825941
2026-04-13 19:55:00+00:00,presentValue,analogValue_33,analogValue,,,,,,,,,,,,,,28.832808
2026-04-13 19:58:00+00:00,presentValue,analogValue_33,analogValue,,,,,,,,,,,,,,28.84791
2026-04-13 20:01:00+00:00,presentValue,analogValue_33,analogValue,,,,,,,,,,,,,,28.86988
2026-04-13 20:04:00+00:00,presentValue,analogValue_33,analogValue,,,,,,,,,,,,,,28.88907
2026-04-13 20:07:00+00:00,presentValue,analogValue_33,analogValue,,,,,,,,,,,,,,28.908295
2026-04-13 20:10:00+00:00,presentValue,analogValue_33,analogValue,,,,,,,,,,,,,,28.91379
2026-04-13 20:13:00+00:00,presentValue,analogValue_33,analogValue,,,,,,,,,,,,,,28.94128
2026-04-13 20:16:00+00:00,presentValue,analogValue_33,analogValue,,,,,,,,,,,,,,28.961815
2026-04-13 20:19:00+00:00,presentValue,analogValue_33,analogValue,,,,,,,,,,,,,,28.979696
2026-04-13 20:22:00+00:00,presentValue,analogValue_33,analogValue,,,,,,,,,,,,,,29.001635
2026-04-13 20:25:00+00:00,presentValue,analogValue_33,analogValue,,,,,,,,,,,,,,29.023636
2026-04-13 20:28:00+00:00,presentValue,analogValue_33,analogValue,,,,,,,,,,,,,,29.027756
2026-04-13 20:31:00+00:00,presentValue,analogValue_33,analogValue,,,,,,,,,,,,,,29.045576
2026-04-13 20:34:00+00:00,presentValue,analogValue_33,analogValue,,,,,,,,,,,,,,29.049726
2026-04-13 20:37:00+00:00,presentValue,analogValue_33,analogValue,,,,,,,,,,,,,,29.067543
2026-04-13 20:40:00+00:00,presentValue,analogValue_33,analogValue,,,,,,,,,,,,,,29.067543
2026-04-13 20:43:00+00:00,presentValue,analogValue_33,analogValue,,,,,,,,,,,,,,29.081274
2026-04-13 20:46:00+00:00,presentValue,analogValue_33,analogValue,,,,,,,,,,,,,,29.089544
2026-04-13 20:49:00+00:00,presentValue,analogValue_33,analogValue,,,,,,,,,,,,,,29.089544
2026-04-13 20:52:00+00:00,presentValue,analogValue_33,analogValue,,,,,,,,,,,,,,29.089544
2026-04-13 20:55:00+00:00,presentValue,analogValue_33,analogValue,,,,,,,,,,,,,,29.089544
2026-04-13 20:58:00+00:00,presentValue,analogValue_33,analogValue,,,,,,,,,,,,,,29.089544
2026-04-13 21:01:00+00:00,presentValue,analogValue_33,analogValue,,,,,,,,,,,,,,29.089544
2026-04-13 21:04:00+00:00,presentValue,analogValue_33,analogValue,,,,,,,,,,,,,,29.095037
2026-04-13 21:07:00+00:00,presentValue,analogValue_33,analogValue,,,,,,,,,,,,,,29.089544
2026-04-13 21:10:00+00:00,presentValue,analogValue_33,analogValue,,,,,,,,,,,,,,29.089544
2026-04-13 21:13:00+00:00,presentValue,analogValue_33,analogValue,,,,,,,,,,,,,,29.089544
2026-04-13 21:16:00+00:00,presentValue,analogValue_33,analogValue,,,,,,,,,,,,,,29.067543
2026-04-13 21:19:00+00:00,presentValue,analogValue_33,analogValue,,,,,,,,,,,,,,29.045576
2026-04-13 21:22:00+00:00,presentValue,analogValue_33,analogValue,,,,,,,,,,,,,,29.045576
2026-04-13 21:25:00+00:00,presentValue,analogValue_33,analogValue,,,,,,,,,,,,,,29.008532
2026-04-13 21:28:00+00:00,presentValue,analogValue_33,analogValue,,,,,,,,,,,,,,28.979696
2026-04-13 21:31:00+00:00,presentValue,analogValue_33,analogValue,,,,,,,,,,,,,,28.957727
2026-04-13 21:34:00+00:00,presentValue,analogValue_33,analogValue,,,,,,,,,,,,,,28.91379
2026-04-13 21:37:00+00:00,presentValue,analogValue_33,analogValue,,,,,,,,,,,,,,28.875341
2026-04-13 21:40:00+00:00,presentValue,analogValue_33,analogValue,,,,,,,,,,,,,,28.828657
2026-04-13 21:43:00+00:00,presentValue,analogValue_33,analogValue,,,,,,,,,,,,,,28.781971
2026-04-13 21:46:00+00:00,presentValue,analogValue_33,analogValue,,,,,,,,,,,,,,28.738062
2026-04-13 21:49:00+00:00,presentValue,analogValue_33,analogValue,,,,,,,,,,,,,,27.705872
2026-04-13 21:52:00+00:00,presentValue,analogValue_33,analogValue,,,,,,,,,,,,,,27.771751
2026-04-13 21:55:00+00:00,presentValue,analogValue_33,analogValue,,,,,,,,,,,,,,27.683903
2026-04-13 21:58:00+00:00,presentValue,analogValue_33,analogValue,,,,,,,,,,,,,,27.596088
2026-04-13 22:01:00+00:00,presentValue,analogValue_33,analogValue,,,,,,,,,,,,,,27.49183
2026-04-13 22:04:00+00:00,presentValue,analogValue_33,analogValue,,,,,,,,,,,,,,27.39849
2026-04-13 22:07:00+00:00,presentValue,analogValue_33,analogValue,,,,,,,,,,,,,,27.318913
2026-04-13 22:10:00+00:00,presentValue,analogValue_33,analogValue,,,,,,,,,,,,,,27.228321
2026-04-13 22:13:00+00:00,presentValue,analogValue_33,analogValue,,,,,,,,,,,,,,27.135046
2026-04-13 22:16:00+00:00,presentValue,analogValue_33,analogValue,,,,,,,,,,,,,,27.052723
2026-04-13 22:19:00+00:00,presentValue,analogValue_33,analogValue,,,,,,,,,,,,,,26.964878
2026-04-13 22:22:00+00:00,presentValue,analogValue_33,analogValue,,,,,,,,,,,,,,26.872974
2026-04-13 22:25:00+00:00,presentValue,analogValue_33,analogValue,,,,,,,,,,,,,,26.783787
2026-04-13 22:28:00+00:00,presentValue,analogValue_33,analogValue,,,,,,,,,,,,,,26.695972
2026-04-13 22:31:00+00:00,presentValue,analogValue_33,analogValue,,,,,,,,,,,,,,26.602667
2026-04-13 22:34:00+00:00,presentValue,analogValue_33,analogValue,,,,,,,,,,,,,,26.50939
2026-04-13 22:37:00+00:00,presentValue,analogValue_33,analogValue,,,,,,,,,,,,,,26.410624
2026-04-13 22:40:00+00:00,presentValue,analogValue_33,analogValue,,,,,,,,,,,,,,26.322811
2026-04-13 22:43:00+00:00,presentValue,analogValue_33,analogValue,,,,,,,,,,,,,,26.235027
2026-04-13 22:46:00+00:00,presentValue,analogValue_33,analogValue,,,,,,,,,,,,,,26.147245
2026-04-13 22:49:00+00:00,presentValue,analogValue_33,analogValue,,,,,,,,,,,,,,26.053936
2026-04-13 22:52:00+00:00,presentValue,analogValue_33,analogValue,,,,,,,,,,,,,,25.963442
2026-04-13 22:55:00+00:00,presentValue,analogValue_33,analogValue,,,,,,,,,,,,,,25.861897
2026-04-13 22:58:00+00:00,presentValue,analogValue_33,analogValue,,,,,,,,,,,,,,25.774174
2026-04-13 23:01:00+00:00,presentValue,analogValue_33,analogValue,,,,,,,,,,,,,,25.683617
2026-04-13 23:04:00+00:00,presentValue,analogValue_33,analogValue,,,,,,,,,,,,,,25.594492
2026-04-13 23:07:00+00:00,presentValue,analogValue_33,analogValue,,,,,,,,,,,,,,25.49298
2026-04-13 23:10:00+00:00,presentValue,analogValue_33,analogValue,,,,,,,,,,,,,,25.401075
2026-04-13 23:13:00+00:00,presentValue,analogValue_33,analogValue,,,,,,,,,,,,,,25.313324
2026-04-13 23:16:00+00:00,presentValue,analogValue_33,analogValue,,,,,,,,,,,,,,25.225544
2026-04-13 23:19:00+00:00,presentValue,analogValue_33,analogValue,,,,,,,,,,,,,,25.14603
2026-04-13 23:22:00+00:00,presentValue,analogValue_33,analogValue,,,,,,,,,,,,,,25.071978
2026-04-13 23:25:00+00:00,presentValue,analogValue_33,analogValue,,,,,,,,,,,,,,24.984228
2026-04-13 23:28:00+00:00,presentValue,analogValue_33,analogValue,,,,,,,,,,,,,,24.90743
2026-04-13 23:31:00+00:00,presentValue,analogValue_33,analogValue,,,,,,,,,,,,,,24.816902
2026-04-13 23:34:00+00:00,presentValue,analogValue_33,analogValue,,,,,,,,,,,,,,24.742882
2026-04-13 23:37:00+00:00,presentValue,analogValue_33,analogValue,,,,,,,,,,,,,,24.65513
2026-04-13 23:40:00+00:00,presentValue,analogValue_33,analogValue,,,,,,,,,,,,,,24.567348
2026-04-13 23:43:00+00:00,presentValue,analogValue_33,analogValue,,,,,,,,,,,,,,24.47963
2026-04-13 23:46:00+00:00,presentValue,analogValue_33,analogValue,,,,,,,,,,,,,,24.39734
2026-04-13 23:49:00+00:00,presentValue,analogValue_33,analogValue,,,,,,,,,,,,,,24.324661
2026-04-13 23:52:00+00:00,presentValue,analogValue_33,analogValue,,,,,,,,,,,,,,24.238348
2026-04-13 23:55:00+00:00,presentValue,analogValue_33,analogValue,,,,,,,,,,,,,,24.150534
2026-04-13 23:58:00+00:00,presentValue,analogValue_33,analogValue,,,,,,,,,,,,,,24.071054
